sample_id,nbs_exists,nbs_deal,nbs_same,nbs_hamming_count,nbs_product,infeasibility_gap
0,True,"A3,B2,C3,D2,E1,F2",False,1.0,1501558.9710692794,-12.024896555712111
1,True,"A3,B2,C3,D2,E1,F3",False,2.0,3660689.863770872,-13.504235874085552
2,True,"A4,B2,C3,D2,E3,F2",False,3.0,2690777.0851680017,-13.695095635714743
3,True,"A3,B2,C3,D2,E1,F2",False,1.0,3092984.4497550633,-13.874534899277243
4,True,"A3,B2,C3,D2,E1,F3",False,2.0,331807.7044653186,-7.126245860174308
5,True,"A4,B2,C3,D2,E3,F2",False,3.0,1713971.5284372114,-13.820718143296261
6,True,"A4,B2,C3,D2,E3,F1",False,4.0,205014.16718318735,-8.571974838003143
7,True,"A3,B2,C3,D2,E1,F3",False,2.0,28214.15373439327,-5.377445526803939
8,True,"A4,B2,C3,D2,E3,F2",False,3.0,625118.6428466833,-10.66458817546635
9,True,"A3,B2,C3,D1,E1,F2",True,0.0,2045873.5073676375,-13.889494896645736
10,True,"A3,B2,C3,D2,E1,F1",False,2.0,440151.4453906348,-10.175746103133264
11,True,"A3,B2,C3,D1,E1,F2",True,0.0,2762748.260168562,-14.98550806142827
12,True,"A4,B2,C3,D2,E1,F2",False,2.0,61822.87254136498,-6.53193131348543
13,True,"A3,B2,C3,D1,E1,F2",True,0.0,256189.10087662903,-7.307970551164303
14,True,"A4,B2,C3,D2,E2,F1",False,4.0,14973.569359350762,-3.2035862956306573
15,True,"A3,B2,C3,D2,E1,F2",False,1.0,1000275.4639323056,-11.544133846927977
16,True,"A3,B2,C3,D1,E1,F2",True,0.0,1172587.0924701472,-11.059747166804293
17,True,"A3,B2,C3,D2,E1,F2",False,1.0,4738620.989578549,-16.56890469066525
18,True,"A4,B2,C3,D2,E2,F1",False,4.0,736684.4094867291,-10.32737631482955
19,True,"A3,B2,C3,D2,E1,F1",False,2.0,962379.6859320579,-10.832881222046481
20,True,"A3,B2,C3,D1,E1,F2",True,0.0,298666.1233652403,-7.215821596695321
21,True,"A4,B2,C3,D2,E3,F1",False,4.0,18421.54908386566,-3.9864349610817698
22,True,"A4,B2,C3,D2,E3,F2",False,3.0,109426.89648150507,-7.075376249430164
23,True,"A3,B2,C3,D1,E1,F2",True,0.0,228478.66324587792,-7.858177745296871
24,True,"A3,B2,C3,D1,E1,F1",False,1.0,11013.505891257277,-2.9723545450365947
25,True,"A3,B2,C3,D1,E1,F2",True,0.0,1176127.2288191332,-12.31377286636674
26,True,"A3,B2,C3,D2,E1,F1",False,2.0,1010834.1213903003,-10.979665862100589
27,True,"A3,B2,C3,D1,E1,F2",True,0.0,648248.6124283156,-9.390344288886872
28,True,"A4,B2,C3,D2,E3,F1",False,4.0,2053245.6610471234,-13.227749242284531
29,True,"A4,B2,C3,D2,E3,F2",False,3.0,85177.02334923008,-5.498641733627338
30,True,"A4,B2,C3,D2,E2,F1",False,4.0,1261827.7310366654,-12.204860888847634
31,True,"A3,B2,C3,D2,E1,F3",False,2.0,1235050.923796565,-11.687379976901852
32,True,"A3,B2,C3,D2,E1,F2",False,1.0,1484574.6878610977,-12.328584628170667
33,True,"A3,B2,C3,D2,E1,F3",False,2.0,307091.37388772133,-8.355127269678462
34,True,"A4,B2,C3,D2,E3,F2",False,3.0,64332.317747956564,-6.814673248965974
35,True,"A3,B2,C3,D2,E1,F3",False,2.0,1302681.4848742106,-12.384845053013905
36,True,"A3,B2,C3,D2,E1,F2",False,1.0,584057.5733135848,-8.825898485840483
37,True,"A3,B2,C3,D1,E1,F2",True,0.0,325776.1890780325,-7.153973030098001
38,True,"A4,B2,C3,D2,E2,F1",False,4.0,661110.5879708035,-10.398804327910284
39,True,"A4,B2,C3,D2,E3,F2",False,3.0,1165344.045231114,-10.947190304224591
40,True,"A3,B2,C3,D1,E1,F2",True,0.0,2396441.132739733,-15.00929916908828
41,True,"A4,B2,C3,D2,E3,F2",False,3.0,1259470.7237037441,-13.650403131201713
42,True,"A4,B2,C3,D2,E3,F2",False,3.0,2554782.2257752446,-13.360192937252044
43,True,"A4,B2,C3,D2,E3,F1",False,4.0,1095831.3520107146,-12.503425550441499
44,True,"A4,B2,C3,D2,E3,F2",False,3.0,1335874.5986696729,-11.880156631476574
45,True,"A3,B2,C3,D2,E1,F3",False,2.0,3126788.327230401,-16.055232436953553
46,True,"A3,B2,C3,D2,E1,F2",False,1.0,3536813.9912831835,-13.83114086510109
47,True,"A3,B2,C3,D1,E1,F2",True,0.0,120743.25317223095,-6.3055878972108275
48,True,"A3,B2,C3,D2,E1,F2",False,1.0,2776783.2410740154,-13.615264126319424
49,True,"A4,B2,C3,D2,E3,F1",False,4.0,43217.534367006825,-5.68705836595538
50,True,"A3,B2,C3,D1,E1,F2",True,0.0,305091.96646914486,-9.22356932864001
51,True,"A3,B2,C3,D1,E1,F2",True,0.0,200878.40321793815,-7.156856984583712
52,True,"A3,B2,C3,D2,E1,F1",False,2.0,325622.3146814586,-8.719027268236829
53,True,"A3,B2,C3,D2,E1,F3",False,2.0,319653.46654139773,-7.229668084310873
54,True,"A3,B2,C3,D2,E1,F3",False,2.0,427813.5210955401,-9.520057931269093
55,True,"A3,B2,C3,D2,E1,F3",False,2.0,1531988.9110237106,-12.523026913900658
56,True,"A3,B2,C3,D1,E1,F1",False,1.0,891427.7605082481,-10.859114841836949
57,True,"A3,B2,C3,D2,E1,F1",False,2.0,110981.31644617097,-5.949818137372958
58,True,"A3,B2,C3,D2,E1,F1",False,2.0,565626.7714711151,-10.92971890401634
59,True,"A3,B2,C3,D2,E1,F3",False,2.0,96156.41411472116,-5.292722394774572
60,True,"A3,B2,C3,D1,E1,F2",True,0.0,103898.6622833074,-5.278772487875031
61,True,"A4,B2,C3,D2,E3,F2",False,3.0,2153024.0572537766,-14.105713706299028
62,True,"A3,B2,C3,D1,E1,F2",True,0.0,383249.7851316695,-7.399508303026153
63,True,"A4,B2,C3,D2,E3,F2",False,3.0,435828.3170332994,-10.791544804129728
64,True,"A3,B2,C3,D2,E1,F2",False,1.0,2926679.4629523205,-13.352310537562943
65,True,"A3,B2,C3,D1,E1,F1",False,1.0,131593.6790865465,-7.130166548778874
66,True,"A4,B2,C3,D2,E3,F2",False,3.0,51160.06242586789,-4.560909800495935
67,True,"A4,B2,C3,D2,E3,F2",False,3.0,2016020.722100557,-13.826583312887003
68,True,"A3,B2,C3,D2,E1,F3",False,2.0,250672.06770091603,-6.5367250440861255
69,True,"A3,B2,C3,D1,E1,F2",True,0.0,258325.99484378472,-6.087503508826956
70,True,"A4,B2,C3,D2,E3,F1",False,4.0,56420.901183531576,-6.625367517992643
71,True,"A3,B2,C3,D2,E1,F3",False,2.0,256948.50228633487,-8.059382584432484
72,True,"A4,B2,C3,D2,E3,F2",False,3.0,123802.9975903138,-7.576201033361272
73,True,"A3,B2,C3,D1,E1,F2",True,0.0,12436.512551805341,-3.598408450468284
74,True,"A3,B2,C3,D1,E1,F2",True,0.0,546679.1049007188,-11.010738064861464
75,True,"A3,B2,C3,D2,E1,F2",False,1.0,4467228.696417764,-15.29300486606553
76,True,"A4,B2,C3,D2,E3,F2",False,3.0,488007.1230054041,-9.499425099333493
77,True,"A4,B2,C3,D2,E3,F2",False,3.0,2987122.651540541,-15.184355482133732
78,True,"A3,B2,C3,D2,E1,F1",False,2.0,72213.34487968874,-5.3170684104778445
79,True,"A3,B2,C3,D2,E1,F2",False,1.0,3453597.9556704205,-15.37710464847791
80,True,"A3,B2,C3,D1,E1,F1",False,1.0,49792.864211200955,-5.860336860983537
81,True,"A4,B2,C3,D2,E3,F2",False,3.0,1528977.9221744728,-12.828876536739394
82,True,"A3,B2,C3,D1,E1,F2",True,0.0,196464.41815699547,-5.800336899373008
83,True,"A3,B2,C3,D2,E1,F1",False,2.0,1945448.364155862,-14.963217688314813
84,True,"A4,B2,C3,D2,E3,F2",False,3.0,1587145.9376042404,-13.523637281876262
85,True,"A3,B2,C3,D1,E1,F2",True,0.0,8153.907900651895,-2.9984128895995923
86,True,"A4,B2,C3,D2,E3,F2",False,3.0,246698.5072601177,-8.666082762504487
87,True,"A4,B2,C3,D2,E3,F2",False,3.0,1379513.9705205413,-12.114321881806198
88,True,"A4,B2,C3,D2,E3,F1",False,4.0,139471.6324836613,-6.3519046867509985
89,True,"A3,B2,C3,D2,E1,F2",False,1.0,788729.3920852107,-9.440713400480945
90,True,"A3,B2,C3,D1,E1,F2",True,0.0,1201266.6653214423,-11.118339326838274
91,True,"A3,B2,C3,D2,E1,F2",False,1.0,862542.5170444086,-8.991030726517955
92,True,"A3,B2,C3,D1,E1,F1",False,1.0,26167.145048961804,-4.464047324538626
93,True,"A3,B2,C3,D1,E1,F2",True,0.0,1494475.7000558642,-11.169896056940217
94,True,"A3,B2,C3,D1,E1,F2",True,0.0,47874.67689437791,-4.291363009235127
95,True,"A3,B2,C3,D2,E1,F2",False,1.0,3189057.8566789716,-13.547450444831647
96,True,"A4,B2,C3,D2,E3,F2",False,3.0,125702.99893056408,-6.43443497339149
97,True,"A3,B2,C3,D2,E1,F1",False,2.0,271110.5377348536,-7.100799633101786
98,True,"A4,B2,C3,D2,E3,F1",False,4.0,5122.908911362859,-2.88706434274971
99,True,"A3,B2,C3,D1,E1,F2",True,0.0,982853.8382438067,-11.049322610802534
100,True,"A3,B2,C3,D2,E1,F2",False,1.0,1928294.699310067,-12.408050956403805
101,True,"A4,B2,C3,D2,E3,F2",False,3.0,1288623.8273588421,-12.15274977406419
102,True,"A3,B2,C3,D1,E1,F2",True,0.0,156340.5721878832,-6.546655430374457
103,True,"A4,B2,C3,D2,E3,F2",False,3.0,2838710.5574158086,-14.726969921862626
104,True,"A3,B2,C3,D2,E1,F3",False,2.0,734579.336347564,-10.40901576939558
105,True,"A3,B2,C3,D2,E1,F1",False,2.0,507110.54898599535,-9.899104037923507
106,True,"A3,B2,C3,D2,E1,F3",False,2.0,84349.49903339503,-3.9958705876921954
107,True,"A3,B2,C3,D1,E1,F2",True,0.0,184693.99620822934,-7.649315849048932
108,True,"A3,B2,C3,D2,E1,F3",False,2.0,439237.4778542559,-9.261424491514646
109,True,"A3,B2,C3,D2,E1,F2",False,1.0,3008689.1844232995,-14.839317338790089
110,True,"A3,B2,C3,D1,E1,F2",True,0.0,1435963.870312956,-11.558490068441301
111,True,"A3,B2,C3,D2,E1,F1",False,2.0,3442144.4066985776,-16.03118475015428
112,True,"A4,B2,C3,D2,E3,F2",False,3.0,24939.959945592804,-4.40080207117235
113,True,"A4,B2,C3,D2,E3,F2",False,3.0,2310308.1794057535,-14.569483515609889
114,True,"A3,B2,C3,D2,E1,F3",False,2.0,119107.5436714517,-6.101303015091602
115,True,"A4,B2,C3,D2,E3,F1",False,4.0,65376.72444808825,-7.154557407305319
116,True,"A4,B2,C3,D2,E3,F2",False,3.0,457356.20448740287,-8.318554808776469
117,True,"A4,B2,C3,D2,E3,F2",False,3.0,2507945.4912898308,-15.038451634091082
118,True,"A3,B2,C3,D1,E1,F2",True,0.0,486684.80738763337,-9.961437547981703
119,True,"A3,B2,C3,D2,E1,F2",False,1.0,1184051.4970784695,-10.695195237915996
120,True,"A4,B2,C3,D2,E3,F1",False,4.0,50192.95845751287,-4.946355034445546
121,True,"A3,B2,C3,D2,E1,F2",False,1.0,4002729.3476214577,-15.201004922525755
122,True,"A3,B2,C3,D2,E1,F3",False,2.0,80922.94113810017,-5.638453705689884
123,True,"A3,B2,C3,D1,E1,F1",False,1.0,66258.45049882938,-5.827663995110171
124,True,"A3,B2,C3,D1,E1,F1",False,1.0,148573.03972157923,-7.371509154481686
125,True,"A4,B2,C3,D2,E3,F2",False,3.0,155181.84032996243,-5.634536967195984
126,True,"A4,B2,C3,D2,E3,F2",False,3.0,215858.04203111643,-8.397113577047051
127,True,"A3,B2,C3,D2,E2,F3",False,3.0,3089126.799742156,-14.745811903260346
128,True,"A3,B2,C3,D1,E1,F2",True,0.0,716085.0341480015,-9.837320907683619
129,True,"A3,B2,C3,D2,E1,F3",False,2.0,3916489.945839997,-14.9283972008608
130,True,"A3,B2,C3,D1,E1,F2",True,0.0,35294.91693517576,-3.6821462636030446
131,True,"A3,B2,C3,D1,E1,F2",True,0.0,1600962.7684669069,-12.440936680420144
132,True,"A4,B2,C3,D2,E5,F2",False,3.0,29571.702270317528,-5.373343868702477
133,True,"A4,B2,C3,D2,E3,F1",False,4.0,84973.6857107729,-7.159855500505174
134,True,"A3,B2,C3,D1,E1,F2",True,0.0,39272.356033207674,-4.822367890012444
135,True,"A3,B2,C3,D2,E1,F2",False,1.0,2049934.074555481,-12.864732670738967
136,True,"A3,B2,C3,D2,E1,F3",False,2.0,445701.92992787756,-8.361931825947494
137,True,"A4,B2,C3,D2,E3,F2",False,3.0,572295.7122077503,-10.426883760261845
138,True,"A3,B2,C3,D2,E1,F3",False,2.0,290326.7272323755,-8.340893121736158
139,True,"A3,B2,C3,D1,E1,F2",True,0.0,1547567.4768168184,-11.779690833974826
140,True,"A3,B2,C3,D1,E1,F2",True,0.0,174497.1516025761,-6.370880597272503
141,True,"A3,B2,C3,D1,E1,F2",True,0.0,67176.52675525022,-5.209044291195184
142,True,"A3,B2,C3,D1,E1,F1",False,1.0,315548.58746033785,-8.89940146803535
143,True,"A4,B2,C3,D2,E3,F2",False,3.0,261074.47972508427,-7.176733964540517
144,True,"A3,B2,C3,D1,E1,F2",True,0.0,30754.373602670566,-3.2800796531647336
145,True,"A3,B2,C3,D2,E1,F3",False,2.0,1164368.3947861895,-11.988720738584682
146,True,"A3,B2,C3,D1,E1,F2",True,0.0,974610.1605139017,-11.395521970916349
147,True,"A3,B2,C3,D2,E1,F3",False,2.0,2227944.6156701557,-14.557185073311146
148,True,"A3,B2,C3,D2,E1,F3",False,2.0,218646.8466557097,-8.023520781420189
149,True,"A3,B2,C3,D2,E1,F2",False,1.0,2184198.0475163497,-12.807276337290347
150,True,"A3,B2,C3,D2,E1,F3",False,2.0,965632.6655816679,-12.082337609674113
151,True,"A3,B2,C3,D1,E1,F2",True,0.0,577521.2325930928,-8.14909090755549
152,True,"A3,B2,C3,D2,E1,F3",False,2.0,65368.82437523447,-5.331927360537023
153,True,"A4,B2,C3,D2,E2,F1",False,4.0,72291.66020132898,-5.7574079929405
154,True,"A4,B2,C3,D2,E3,F2",False,3.0,196796.34594992764,-6.3030873803580505
155,True,"A4,B2,C3,D2,E3,F2",False,3.0,87789.06483306961,-7.0478203059479085
156,True,"A3,B2,C3,D1,E1,F2",True,0.0,2749863.1747673065,-15.114545140082576
157,True,"A4,B2,C3,D2,E1,F2",False,2.0,3653246.560786418,-15.886260108008884
158,True,"A3,B2,C3,D2,E1,F1",False,2.0,1038755.948025163,-10.364821675475227
159,True,"A3,B2,C3,D2,E1,F3",False,2.0,68750.7641400798,-5.254540508432655
160,True,"A3,B2,C3,D2,E1,F2",False,1.0,3359246.4807712035,-16.21341772047723
161,True,"A4,B2,C3,D2,E3,F2",False,3.0,86323.61871379566,-5.934538887275181
162,True,"A3,B2,C3,D1,E1,F2",True,0.0,217558.26111048157,-5.292240337953075
163,True,"A4,B2,C3,D2,E3,F2",False,3.0,2608676.215119896,-14.383376714077308
164,True,"A3,B2,C3,D1,E1,F2",True,0.0,402787.73026227404,-7.398546884160055
165,True,"A3,B2,C3,D1,E1,F2",True,0.0,301202.937710212,-7.354010342751366
166,True,"A3,B2,C3,D2,E1,F3",False,2.0,315885.63746267825,-7.6727313853719465
167,True,"A3,B2,C3,D1,E1,F2",True,0.0,323866.67913616134,-7.957212159743776
168,True,"A3,B2,C3,D2,E1,F1",False,2.0,411286.62829000497,-8.50075756217673
169,True,"A3,B2,C3,D2,E1,F1",False,2.0,47568.00697540747,-3.252225998594497
170,True,"A3,B2,C3,D1,E1,F2",True,0.0,903114.8671309891,-9.879146299898807
171,True,"A4,B2,C3,D2,E3,F1",False,4.0,1321136.9678794662,-11.983950384717588
172,True,"A4,B2,C3,D2,E3,F1",False,4.0,3012.9498815815564,-2.6294929438954284
173,True,"A3,B2,C3,D2,E1,F1",False,2.0,3836748.6424424113,-16.21737377105719
174,True,"A3,B2,C3,D2,E1,F2",False,1.0,2776594.234480825,-15.187470510980752
175,True,"A3,B2,C3,D1,E1,F1",False,1.0,97524.45662168103,-5.987357317951421
176,True,"A4,B2,C3,D2,E3,F2",False,3.0,210245.8005055345,-7.002209675387533
177,True,"A4,B2,C3,D2,E5,F2",False,3.0,16860.103761327337,-5.282168035154484
178,True,"A4,B2,C3,D2,E3,F2",False,3.0,2632499.3067003647,-15.899931290038644
179,True,"A3,B2,C3,D2,E1,F3",False,2.0,202820.8898206063,-7.484623332448066
180,True,"A4,B2,C3,D2,E3,F1",False,4.0,17166.62835823985,-3.898845155950042
181,True,"A3,B2,C3,D2,E1,F1",False,2.0,1308317.807039074,-12.41995309440587
182,True,"A3,B2,C3,D1,E1,F2",True,0.0,1450848.0295338703,-10.821254864839851
183,True,"A3,B2,C3,D1,E1,F2",True,0.0,42294.16362097302,-3.9190543765622294
184,True,"A3,B2,C3,D1,E1,F2",True,0.0,368322.84019957675,-7.9577974754132015
185,True,"A4,B2,C3,D2,E1,F2",False,2.0,1827945.7021504615,-13.974366405350253
186,True,"A3,B2,C3,D1,E1,F1",False,1.0,90456.73337034449,-6.750539973035856
187,True,"A3,B2,C3,D1,E1,F2",True,0.0,314054.6743597524,-7.7607262054791875
188,True,"A3,B2,C3,D1,E1,F2",True,0.0,35087.58325103018,-3.256575160232657
189,True,"A3,B2,C3,D2,E1,F1",False,2.0,1870437.4943972272,-12.614361775671888
190,True,"A4,B2,C3,D2,E3,F2",False,3.0,1653803.5637021617,-12.764588096587701
191,True,"A3,B2,C3,D1,E1,F2",True,0.0,21043.577947711838,-4.3679977148161555
192,True,"A4,B2,C3,D2,E3,F2",False,3.0,483983.5398869784,-9.168656817431923
193,True,"A3,B2,C3,D2,E1,F3",False,2.0,52616.40163508167,-5.06179989818537
194,True,"A3,B2,C3,D1,E1,F2",True,0.0,86635.5133564908,-5.954704044654662
195,True,"A3,B2,C3,D1,E1,F2",True,0.0,46672.72921099943,-4.61244410314265
196,True,"A3,B2,C3,D1,E1,F1",False,1.0,88366.87388103025,-6.383991945195191
197,True,"A3,B2,C3,D1,E1,F2",True,0.0,824607.4620880499,-10.78368933607856
198,True,"A3,B2,C3,D1,E1,F2",True,0.0,84720.699318472,-5.403385766006949
199,True,"A3,B2,C3,D1,E1,F2",True,0.0,316405.232167788,-7.507284784980371
200,True,"A3,B2,C3,D1,E1,F2",True,0.0,1899054.8374102104,-11.642613719942325
201,True,"A3,B2,C3,D2,E1,F1",False,2.0,310832.84307522734,-8.970894520971754
202,True,"A3,B2,C3,D2,E1,F2",False,1.0,3605200.449325485,-14.574898598241695
203,True,"A3,B2,C3,D2,E1,F2",False,1.0,2202282.34399301,-14.304480966372218
204,True,"A3,B2,C3,D2,E1,F1",False,2.0,284137.7340102493,-7.72984537410494
205,True,"A3,B2,C3,D2,E1,F3",False,2.0,1475002.683752497,-12.076090584567744
206,True,"A3,B2,C3,D2,E1,F3",False,2.0,3932898.6768500544,-15.238571998330777
207,True,"A3,B2,C3,D2,E1,F2",False,1.0,863012.3150148294,-9.904253860709844
208,True,"A4,B2,C3,D2,E3,F1",False,4.0,15797.524255733691,-3.454179338619994
209,True,"A3,B2,C3,D1,E1,F1",False,1.0,3998.2539656396557,-1.6579652685448707
210,True,"A4,B2,C3,D2,E3,F1",False,4.0,520286.7590742444,-11.78827688154233
211,True,"A3,B2,C3,D2,E1,F3",False,2.0,38366.221638944975,-4.419787462051772
212,True,"A3,B2,C3,D1,E1,F2",True,0.0,501899.33089843136,-8.570326786583465
213,True,"A4,B2,C3,D2,E2,F1",False,4.0,1027814.0623026632,-11.837778389727283
214,True,"A4,B2,C3,D2,E3,F2",False,3.0,1262802.4898435776,-11.116225300943995
215,True,"A3,B2,C3,D1,E1,F1",False,1.0,59706.68210758357,-5.452139812841864
216,True,"A3,B2,C3,D2,E1,F1",False,2.0,280457.16298695555,-8.972324545084703
217,True,"A3,B2,C3,D2,E1,F1",False,2.0,2877967.1512604826,-15.572574106196463
218,True,"A3,B2,C3,D1,E1,F2",True,0.0,793298.2796934372,-9.860673149140354
219,True,"A3,B2,C3,D2,E1,F3",False,2.0,680191.4961486267,-10.054915853641106
220,True,"A4,B2,C3,D2,E2,F1",False,4.0,2376512.7185821063,-14.882602842606644
221,True,"A3,B2,C3,D1,E1,F1",False,1.0,17788.769610738596,-3.8392493961117395
222,True,"A3,B2,C3,D2,E1,F2",False,1.0,2633520.1815742985,-13.585434254948659
223,True,"A4,B2,C3,D2,E2,F1",False,4.0,57145.46712844965,-6.188010205138795
224,True,"A4,B2,C3,D2,E3,F1",False,4.0,96870.05120006377,-6.1839371000743455
225,True,"A4,B2,C3,D2,E3,F2",False,3.0,197852.2673909361,-6.202605468210223
226,True,"A4,B2,C3,D2,E3,F2",False,3.0,1172381.3307667123,-12.693932589356287
227,True,"A3,B2,C3,D1,E1,F2",True,0.0,178532.7986852845,-8.341021179983628
228,True,"A4,B2,C3,D2,E3,F2",False,3.0,1634766.5509383709,-13.101746770286908
229,True,"A3,B2,C3,D2,E1,F1",False,2.0,355447.83611997275,-8.377229482529174
230,True,"A3,B2,C3,D1,E1,F1",False,1.0,13362.633655522077,-3.357048767016977
231,True,"A4,B2,C3,D2,E3,F2",False,3.0,1150596.650119488,-11.831657998262358
232,True,"A3,B2,C3,D1,E1,F2",True,0.0,166509.89456510972,-5.70276533872881
233,True,"A3,B2,C3,D2,E1,F2",False,1.0,2356585.900958529,-14.27902047059407
234,True,"A4,B2,C3,D2,E3,F2",False,3.0,587700.6452371095,-10.687279460721804
235,True,"A3,B2,C3,D1,E1,F2",True,0.0,856851.5976868928,-9.851487388128163
236,True,"A3,B2,C3,D2,E1,F3",False,2.0,84751.67445663465,-5.601058037935019
237,True,"A4,B2,C3,D2,E3,F1",False,4.0,354583.67981349665,-8.821313966619712
238,True,"A3,B2,C3,D1,E1,F2",True,0.0,335984.6999156139,-8.124607134016443
239,True,"A3,B2,C3,D1,E1,F2",True,0.0,681310.3072392019,-10.149805918988882
240,True,"A4,B2,C3,D2,E3,F1",False,4.0,8707.574910265894,-2.949958199746604
241,True,"A4,B2,C3,D2,E3,F2",False,3.0,1175384.248896224,-12.074318479688039
242,True,"A3,B2,C3,D1,E1,F2",True,0.0,234718.83560760354,-6.237124344643135
243,True,"A3,B2,C3,D2,E1,F3",False,2.0,1504860.3846299283,-13.01781131434958
244,True,"A3,B2,C3,D2,E1,F3",False,2.0,364840.81023823144,-9.531000514029941
245,True,"A3,B2,C3,D2,E1,F3",False,2.0,33117.90922605731,-3.637447368617913
246,True,"A3,B2,C3,D1,E1,F2",True,0.0,989834.2906440115,-11.85674960160425
247,True,"A3,B2,C3,D2,E1,F1",False,2.0,87749.3552034951,-3.925407455114268
248,True,"A4,B2,C3,D2,E3,F1",False,4.0,133759.4749331496,-7.597917870557339
249,True,"A3,B2,C3,D2,E1,F1",False,2.0,787207.0505053293,-8.414439739392051
250,True,"A3,B2,C3,D1,E1,F1",False,1.0,182308.1921227364,-7.28782525618233
251,True,"A3,B2,C3,D1,E1,F2",True,0.0,1163829.521462217,-10.583142859469376
252,True,"A4,B2,C3,D2,E3,F1",False,4.0,69874.4738206059,-6.718609161082085
253,True,"A4,B2,C3,D2,E3,F1",False,4.0,67571.83740960163,-7.175144236605547
254,True,"A3,B2,C3,D2,E1,F3",False,2.0,374550.1879903585,-7.933616297342368
255,True,"A3,B2,C3,D1,E1,F2",True,0.0,731443.735229517,-10.419342244166643
256,True,"A3,B2,C3,D2,E1,F3",False,2.0,28275.389843413697,-2.27448094617435
257,True,"A3,B2,C3,D2,E1,F2",False,1.0,1024417.4122857519,-8.655339820409566
258,True,"A4,B2,C3,D2,E3,F2",False,3.0,1886981.207497811,-13.831783725262355
259,True,"A4,B2,C3,D2,E3,F2",False,3.0,332613.6223486406,-8.891444020725785
260,True,"A3,B2,C3,D2,E1,F2",False,1.0,3534115.8688166235,-16.01223893234293
261,True,"A3,B2,C3,D2,E1,F3",False,2.0,257634.8733412563,-8.543589384272877
262,True,"A3,B2,C3,D1,E1,F2",True,0.0,52441.82540830193,-4.4902697036494175
263,True,"A3,B2,C3,D1,E1,F2",True,0.0,33379.82154723146,-3.5494920359832207
264,True,"A3,B2,C3,D2,E1,F3",False,2.0,118869.80678714803,-6.343370747354882
265,True,"A3,B2,C3,D1,E1,F1",False,1.0,107175.85457857244,-5.965549289097268
266,True,"A3,B2,C3,D1,E1,F2",True,0.0,3028290.577510753,-14.226535490521734
267,True,"A4,B2,C3,D2,E3,F2",False,3.0,440509.0938966722,-7.903326685184709
268,True,"A3,B2,C3,D1,E1,F2",True,0.0,31476.30355107853,-3.3464658220127177
269,True,"A3,B2,C3,D2,E1,F3",False,2.0,654387.2541146447,-8.380133065569211
270,True,"A3,B2,C3,D2,E1,F3",False,2.0,309610.1913493965,-7.681656074700669
271,True,"A4,B2,C3,D2,E3,F2",False,3.0,1237186.518122402,-13.353004799182798
272,True,"A3,B2,C3,D1,E1,F1",False,1.0,131937.832371296,-6.931410372264324
273,True,"A3,B2,C3,D2,E1,F3",False,2.0,1806362.5249394462,-13.30242472693228
274,True,"A3,B2,C3,D1,E1,F2",True,0.0,111407.3569357692,-4.352642408608574
275,True,"A4,B2,C3,D2,E3,F2",False,3.0,904030.197982904,-10.464416831004215
276,True,"A4,B2,C3,D2,E3,F2",False,3.0,1239289.1018969694,-10.816002030919293
277,True,"A3,B2,C3,D1,E1,F2",True,0.0,467685.1049433657,-7.146583369305901
278,True,"A3,B2,C3,D1,E1,F2",True,0.0,1230345.1337781718,-13.351671712236282
279,True,"A3,B2,C3,D2,E1,F2",False,1.0,1598858.3173762632,-11.888476457879932
280,True,"A4,B2,C3,D2,E3,F2",False,3.0,184115.31306990152,-7.284430037423846
281,True,"A3,B2,C3,D2,E1,F2",False,1.0,2238962.399367178,-12.29396136713558
282,True,"A3,B2,C3,D2,E1,F1",False,2.0,820098.9796963142,-10.663637171610915
283,True,"A3,B2,C3,D2,E1,F3",False,2.0,15448.930530142805,-3.180493981270132
284,True,"A3,B2,C3,D2,E1,F3",False,2.0,437532.86025502754,-7.119045467130476
285,True,"A3,B2,C3,D2,E1,F3",False,2.0,4704176.707269597,-15.938291575716597
286,True,"A4,B2,C3,D2,E3,F2",False,3.0,2508948.0328834467,-15.159704448311388
287,True,"A3,B2,C3,D1,E1,F2",True,0.0,188842.65024983717,-5.990333630612213
288,True,"A3,B2,C3,D2,E1,F1",False,2.0,400574.4993733491,-9.52124701233582
289,True,"A3,B2,C3,D2,E1,F1",False,2.0,248498.42477577445,-9.464733645771432
290,True,"A4,B2,C3,D2,E3,F2",False,3.0,1019396.8112920589,-12.036941760801277
291,True,"A3,B2,C3,D2,E1,F2",False,1.0,4329178.511190232,-14.845352598159167
292,True,"A4,B2,C3,D2,E2,F1",False,4.0,1719000.0456978024,-12.983808032659418
293,True,"A4,B2,C3,D2,E3,F2",False,3.0,643462.4928632821,-10.397295793311969
294,True,"A3,B2,C3,D1,E1,F2",True,0.0,52806.71901032112,-3.0458745004712426
295,True,"A3,B2,C3,D2,E1,F2",False,1.0,3713119.9429542366,-13.901463610923187
296,True,"A3,B2,C3,D2,E1,F2",False,1.0,2186028.4379293923,-13.420818446761878
297,True,"A3,B2,C3,D1,E1,F2",True,0.0,525512.1865434637,-9.265542270660262
298,True,"A4,B2,C3,D2,E3,F1",False,4.0,27180.981985830378,-4.782638524513629
299,True,"A3,B2,C3,D1,E1,F1",False,1.0,182495.74992138668,-7.263245686027346
300,True,"A3,B2,C3,D1,E1,F2",True,0.0,877939.6238617686,-9.241566509077757
301,True,"A3,B2,C3,D2,E1,F1",False,2.0,117836.20363822462,-6.6916781194715895
302,True,"A3,B2,C3,D1,E1,F2",True,0.0,32671.446269136635,-3.979497284153368
303,True,"A3,B2,C3,D2,E1,F2",False,1.0,3998853.1973564867,-14.0770509641333
304,True,"A4,B2,C3,D2,E3,F1",False,4.0,18491.449426308936,-3.871018827264237
305,True,"A4,B2,C3,D2,E3,F2",False,3.0,725085.583173867,-10.632138310763843
306,True,"A3,B2,C3,D2,E1,F3",False,2.0,292491.68583944533,-7.6406644470670955
307,True,"A4,B2,C3,D2,E3,F2",False,3.0,13682.318367330241,-2.640804956420155
308,True,"A3,B2,C3,D2,E2,F3",False,3.0,2378851.5131286867,-14.826963340806607
309,True,"A3,B2,C3,D2,E1,F1",False,2.0,1114427.1037371792,-11.143467254984458
310,True,"A3,B2,C3,D2,E1,F3",False,2.0,246111.06825886582,-7.971316276289571
311,True,"A3,B2,C3,D2,E1,F2",False,1.0,3141097.717470362,-14.404671447830282
312,True,"A4,B2,C3,D2,E3,F2",False,3.0,3169440.3165314947,-15.267404130517193
313,True,"A3,B2,C3,D1,E1,F2",True,0.0,239465.3064770857,-7.22011097636198
314,True,"A3,B2,C3,D1,E1,F2",True,0.0,2820052.5572727057,-14.28061053086207
315,True,"A3,B2,C3,D1,E1,F1",False,1.0,50581.16298550787,-6.050771102602496
316,True,"A3,B2,C3,D2,E1,F3",False,2.0,300660.6469506889,-6.786453432175833
317,True,"A4,B2,C3,D2,E3,F2",False,3.0,833417.3274312315,-9.875643958398513
318,True,"A4,B2,C3,D2,E3,F2",False,3.0,1440727.5126383097,-12.603610343940325
319,True,"A4,B2,C3,D2,E3,F1",False,4.0,73731.39143334664,-5.834678278450411
320,True,"A3,B2,C3,D2,E1,F1",False,2.0,289577.91972883255,-7.085186482594892
321,True,"A3,B2,C3,D2,E1,F3",False,2.0,148240.03489032964,-6.903861779467832
322,True,"A4,B2,C3,D2,E3,F2",False,3.0,210769.8002067153,-7.290743768497165
323,True,"A3,B2,C3,D1,E1,F2",True,0.0,915808.8998283321,-11.942005926290086
324,True,"A3,B2,C3,D2,E1,F1",False,2.0,1963861.018450893,-13.330913106958072
325,True,"A4,B2,C3,D2,E3,F2",False,3.0,1231423.6858551628,-13.553968670381884
326,True,"A4,B2,C3,D2,E2,F1",False,4.0,1283568.909469745,-12.70829979060337
327,True,"A3,B2,C3,D1,E1,F2",True,0.0,29945.330866338303,-2.354926589192999
328,True,"A3,B2,C3,D2,E5,F3",False,3.0,20366.551605945675,-3.622328759570024
329,True,"A3,B2,C3,D1,E1,F2",True,0.0,152168.618043043,-6.850752993133568
330,True,"A3,B2,C3,D1,E1,F2",True,0.0,3432453.0510802967,-14.912630402076871
331,True,"A3,B2,C3,D1,E1,F2",True,0.0,1241926.4502587428,-10.721509491050242
332,True,"A4,B2,C3,D2,E3,F1",False,4.0,106633.25956424388,-6.643798970315757
333,True,"A3,B2,C3,D1,E1,F2",True,0.0,24392.4386795782,-3.3132580323926675
334,True,"A3,B2,C3,D2,E1,F3",False,2.0,14157.522146183328,-2.9906888506750278
335,True,"A3,B2,C3,D1,E1,F2",True,0.0,1826674.2680040163,-13.45893830576754
336,True,"A3,B2,C3,D2,E1,F2",False,1.0,2685566.3134892266,-14.015065058814265
337,True,"A4,B2,C3,D2,E2,F1",False,4.0,494716.61507261044,-10.004734609574811
338,True,"A4,B2,C3,D2,E3,F1",False,4.0,30069.980920301914,-4.154811538963841
339,True,"A3,B2,C3,D1,E1,F2",True,0.0,42200.27362196834,-4.2856056667237254
340,True,"A4,B2,C3,D2,E3,F1",False,4.0,35500.74837289992,-5.385504287840433
341,True,"A3,B2,C3,D2,E1,F2",False,1.0,3109421.9001751477,-13.296376815487719
342,True,"A3,B2,C3,D2,E1,F2",False,1.0,3174053.8008447224,-14.203364698099556
343,True,"A4,B2,C3,D2,E1,F2",False,2.0,120166.72631155499,-8.766557456574702
344,True,"A3,B2,C3,D1,E1,F1",False,1.0,14413.937183982078,-3.0120886500564126
345,True,"A4,B2,C3,D2,E2,F1",False,4.0,434101.2006626678,-9.955736963180598
346,True,"A3,B2,C3,D1,E1,F1",False,1.0,19100.58998237902,-3.475651127950627
347,True,"A3,B2,C3,D2,E1,F2",False,1.0,816961.7460282112,-9.003338006564888
348,True,"A3,B2,C3,D1,E1,F2",True,0.0,183218.3828430369,-7.221503210781151
349,True,"A3,B2,C3,D2,E1,F2",False,1.0,519538.558828888,-8.736781694693292
350,True,"A3,B2,C3,D2,E1,F3",False,2.0,14121.688158440262,-2.329459276375715
351,True,"A4,B2,C3,D2,E3,F2",False,3.0,17763.861165020382,-3.671797522823283
352,True,"A4,B2,C3,D2,E3,F1",False,4.0,240261.20659276535,-8.628879901927519
353,True,"A4,B2,C3,D2,E3,F2",False,3.0,52065.14889209064,-4.157769712199155
354,True,"A4,B2,C3,D2,E3,F2",False,3.0,58005.22519142108,-5.012199485276895
355,True,"A3,B2,C3,D1,E1,F2",True,0.0,36771.19160741638,-3.1259746906882953
356,True,"A4,B2,C3,D2,E3,F2",False,3.0,29591.90321152114,-4.047161916241919
357,True,"A3,B2,C3,D1,E1,F2",True,0.0,1535976.7902623035,-10.815660563443487
358,True,"A4,B2,C3,D2,E3,F2",False,3.0,20483.442179227794,-3.88247416235653
359,True,"A3,B2,C3,D2,E1,F3",False,2.0,2260589.0005850256,-14.639305414915448
360,True,"A3,B2,C3,D2,E1,F3",False,2.0,17937.467910152627,-3.3590163797843218
361,True,"A3,B2,C3,D2,E1,F3",False,2.0,117962.60721137494,-6.152499961239599
362,True,"A4,B2,C3,D2,E3,F2",False,3.0,11391.09872636295,-1.5743660702736975
363,True,"A3,B2,C3,D1,E1,F2",True,0.0,3373532.2545578335,-14.349876036352704
364,True,"A4,B2,C3,D2,E2,F1",False,4.0,1657116.8284633255,-14.337988507396354
365,True,"A4,B2,C3,D2,E2,F1",False,4.0,51605.86744751488,-5.6657531953367055
366,True,"A3,B2,C3,D2,E1,F1",False,2.0,745069.2390632005,-10.92646404434953
367,True,"A4,B2,C3,D2,E3,F1",False,4.0,113067.01587756794,-7.915893780027602
368,True,"A3,B2,C3,D1,E1,F2",True,0.0,1736039.865043898,-11.790253255808963
369,True,"A4,B2,C3,D2,E3,F2",False,3.0,19855.185116104505,-3.7658435616196755
370,True,"A3,B2,C3,D2,E1,F2",False,1.0,244007.9083020089,-7.977920246176922
371,True,"A4,B2,C3,D2,E3,F2",False,3.0,96925.75366541067,-6.000316021833058
372,True,"A4,B2,C3,D2,E3,F2",False,3.0,6797.342451263435,-2.487827803711596
373,True,"A4,B2,C3,D2,E2,F1",False,4.0,2391969.653339503,-14.778643150213696
374,True,"A3,B2,C3,D2,E1,F3",False,2.0,992194.7710007295,-11.816042028749187
375,True,"A4,B2,C3,D2,E3,F2",False,3.0,226258.36666086732,-7.708527821863811
376,True,"A3,B2,C3,D1,E1,F2",True,0.0,1536579.0605513426,-11.044003688213337
377,True,"A4,B2,C3,D2,E3,F2",False,3.0,1458350.0140137381,-13.101688387344709
378,True,"A4,B2,C3,D2,E3,F1",False,4.0,173868.25245793472,-7.113078092559562
379,True,"A3,B2,C3,D1,E1,F2",True,0.0,71860.35043921362,-4.303036285032277
380,True,"A3,B2,C3,D1,E1,F2",True,0.0,201842.72691115155,-5.891103026838152
381,True,"A3,B2,C3,D1,E1,F2",True,0.0,1329071.0483502245,-12.839612849040492
382,True,"A3,B2,C3,D2,E1,F3",False,2.0,953622.1387680691,-10.84526863230338
383,True,"A3,B2,C3,D2,E1,F3",False,2.0,42830.75129665765,-3.6083850301340306
384,True,"A4,B2,C3,D2,E2,F1",False,4.0,443149.8245368497,-8.951559240218671
385,True,"A4,B2,C3,D2,E2,F1",False,4.0,331698.1237560637,-7.865175390943847
386,True,"A3,B2,C3,D1,E1,F2",True,0.0,192738.81299571838,-6.932683023232627
387,True,"A3,B2,C3,D2,E1,F2",False,1.0,2974635.5726702586,-14.638663710028332
388,True,"A3,B2,C3,D2,E1,F3",False,2.0,1760405.0197904112,-13.99006002087767
389,True,"A3,B2,C3,D1,E1,F2",True,0.0,3336590.286747617,-16.36765808627853
390,True,"A4,B2,C3,D2,E3,F2",False,3.0,39116.828237426096,-6.014056610591936
391,True,"A3,B2,C3,D2,E1,F2",False,1.0,3208047.999927327,-16.14471189096249
392,True,"A3,B2,C3,D1,E1,F2",True,0.0,2089984.9294274985,-14.99790434164629
393,True,"A3,B2,C3,D1,E1,F2",True,0.0,59704.35663635297,-5.541028036351591
394,True,"A4,B2,C3,D2,E3,F2",False,3.0,315719.7777896818,-8.433507503124446
395,True,"A3,B2,C3,D2,E1,F3",False,2.0,38928.3741375976,-4.045848448592267
396,True,"A4,B2,C3,D2,E3,F2",False,3.0,307644.97866298794,-7.635906651981884
397,True,"A4,B2,C3,D2,E3,F2",False,3.0,81838.47039060194,-5.041192028171167
398,True,"A3,B2,C3,D2,E1,F3",False,2.0,2854493.448683357,-13.049444099830076
399,True,"A4,B2,C3,D2,E3,F2",False,3.0,1782155.8009671252,-13.570216244014148
400,True,"A3,B2,C3,D1,E1,F2",True,0.0,370422.4491793124,-7.938564044231725
401,True,"A4,B2,C3,D2,E3,F1",False,4.0,38002.259364955426,-5.583768872543516
402,True,"A3,B2,C3,D1,E1,F2",True,0.0,7396.788916860946,-1.3913247566121498
403,True,"A4,B2,C3,D2,E3,F2",False,3.0,1280858.4875136325,-12.053694268213583
404,True,"A3,B2,C3,D2,E1,F3",False,2.0,2431594.160705172,-13.304175253909492
405,True,"A3,B2,C3,D2,E3,F3",False,3.0,2049674.3471551456,-14.508748630406686
406,True,"A4,B2,C3,D2,E2,F1",False,4.0,370388.9167770418,-8.265506585396736
407,True,"A4,B2,C3,D2,E3,F2",False,3.0,21268.450275237497,-3.479053002854002
408,True,"A3,B2,C3,D1,E1,F2",True,0.0,463084.05020420754,-8.163468719310217
409,True,"A4,B2,C3,D2,E3,F2",False,3.0,1435192.3780784688,-12.813331628835819
410,True,"A3,B2,C3,D1,E1,F1",False,1.0,33562.712239011154,-5.854247599946774
411,True,"A3,B2,C3,D2,E1,F1",False,2.0,1891483.5493104318,-12.982595476776737
412,True,"A3,B2,C3,D2,E1,F3",False,2.0,25501.685472804205,-3.700556780931066
413,True,"A3,B2,C3,D1,E1,F2",True,0.0,2568984.159259323,-13.742872791124867
414,True,"A4,B2,C3,D2,E3,F2",False,3.0,3091639.8739184504,-13.4361285291751
415,True,"A3,B2,C3,D1,E1,F2",True,0.0,612655.117121302,-9.432232701609564
416,True,"A3,B2,C3,D2,E1,F1",False,2.0,355541.0651649966,-8.865437463589899
417,True,"A3,B2,C3,D2,E1,F2",False,1.0,1349371.6847919328,-10.780546131817694
418,True,"A4,B2,C3,D2,E2,F1",False,4.0,10316.814993835542,-3.200033086416852
419,True,"A4,B2,C3,D2,E3,F2",False,3.0,1115801.2615835438,-11.850398528456594
420,True,"A3,B2,C3,D1,E1,F2",True,0.0,1102704.6869615824,-10.165831654368823
421,True,"A3,B2,C3,D2,E1,F2",False,1.0,2080282.0601877256,-12.36803027060298
422,True,"A4,B2,C3,D2,E3,F1",False,4.0,15713.95496261256,-3.941805622836611
423,True,"A3,B2,C3,D2,E1,F1",False,2.0,25125.185866605774,-3.593337725964915
424,True,"A3,B2,C3,D1,E1,F1",False,1.0,11936.650765714765,-3.3252242338556925
425,True,"A3,B2,C3,D2,E1,F1",False,2.0,2437118.6356559456,-14.374837945802184
426,True,"A3,B2,C3,D2,E1,F3",False,2.0,342391.19659962587,-8.623421642724978
427,True,"A4,B2,C3,D2,E3,F1",False,4.0,244584.87883356944,-9.133416550201801
428,True,"A3,B2,C3,D1,E1,F2",True,0.0,626639.689325689,-9.245978035933206
429,True,"A4,B2,C3,D2,E3,F2",False,3.0,174667.40876702394,-5.488507517795512
430,True,"A3,B2,C3,D1,E1,F1",False,1.0,31927.53752509481,-4.414591335226731
431,True,"A4,B2,C3,D2,E3,F2",False,3.0,604066.1320182052,-10.77196040572781
432,True,"A4,B2,C3,D2,E3,F2",False,3.0,1076044.1867901487,-10.040550366391017
433,True,"A3,B2,C3,D2,E1,F2",False,1.0,2624189.782015641,-14.946798130109535
434,True,"A3,B2,C3,D1,E1,F2",True,0.0,72135.73266634178,-5.687746783985915
435,True,"A3,B2,C3,D2,E1,F2",False,1.0,2109764.7872215924,-12.869805402684726
436,True,"A4,B2,C3,D2,E2,F1",False,4.0,517910.2687603818,-9.066121873226834
437,True,"A4,B2,C3,D2,E3,F2",False,3.0,3446781.88010779,-14.811170804671818
438,True,"A4,B2,C3,D2,E3,F1",False,4.0,12043.88535522708,-2.837715510738036
439,True,"A4,B2,C3,D2,E2,F1",False,4.0,71179.3701219044,-4.870795260392555
440,True,"A3,B2,C3,D2,E1,F1",False,2.0,492783.4150034624,-9.325426670807971
441,True,"A4,B2,C3,D2,E3,F2",False,3.0,1696573.7010294953,-10.19911151706686
442,True,"A4,B2,C3,D2,E3,F2",False,3.0,827745.1934878434,-10.75184222468112
443,True,"A3,B2,C3,D2,E1,F3",False,2.0,368711.23256416246,-7.178616164141104
444,True,"A3,B2,C3,D2,E1,F2",False,1.0,805682.4689262611,-11.427504035129068
445,True,"A4,B2,C3,D2,E3,F2",False,3.0,4389331.620060666,-17.8319706831846
446,True,"A4,B2,C3,D2,E2,F1",False,4.0,977143.8805481987,-12.101339954500673
447,True,"A3,B2,C3,D2,E1,F3",False,2.0,122179.63383831453,-6.285661824831379
448,True,"A3,B2,C3,D2,E1,F2",False,1.0,2419493.0550541473,-14.788245931614583
449,True,"A3,B2,C3,D1,E1,F2",True,0.0,64237.04137348363,-5.8422578292945815
450,True,"A3,B2,C3,D2,E1,F3",False,2.0,309253.3497252668,-7.641108927527867
451,True,"A3,B2,C3,D2,E1,F2",False,1.0,1732666.8671732103,-13.610926737060915
452,True,"A3,B2,C3,D1,E1,F2",True,0.0,184821.59759124013,-6.378186538096401
453,True,"A4,B2,C3,D2,E3,F2",False,3.0,1545223.9935811155,-13.957409999977145
454,True,"A4,B2,C3,D2,E3,F2",False,3.0,1496607.7545471615,-13.940105389404792
455,True,"A3,B2,C3,D2,E1,F3",False,2.0,4103.453136596562,-1.4803397224949464
456,True,"A3,B2,C3,D1,E1,F2",True,0.0,2547348.085225013,-15.083045614380133
457,True,"A4,B2,C3,D2,E3,F1",False,4.0,27213.847808734554,-3.887485013331627
458,True,"A4,B2,C3,D2,E3,F2",False,3.0,2010641.8953131384,-13.640466984255298
459,True,"A3,B2,C3,D2,E1,F3",False,2.0,72581.64394858335,-6.105373898267516
460,True,"A3,B2,C3,D1,E1,F2",True,0.0,583975.7990398235,-9.677703946340529
461,True,"A3,B2,C3,D1,E1,F2",True,0.0,17320.396607205847,-4.8861703392924625
462,True,"A4,B2,C3,D2,E3,F2",False,3.0,3607972.055303616,-14.801661469852093
463,True,"A3,B2,C3,D2,E1,F3",False,2.0,91814.63654635116,-4.507523637781475
464,True,"A3,B2,C3,D2,E1,F2",False,1.0,3268001.483139383,-14.12624215586198
465,True,"A4,B2,C3,D2,E3,F2",False,3.0,233769.7871687938,-8.718054443225697
466,True,"A3,B2,C3,D2,E1,F3",False,2.0,105464.15898963931,-6.239344693708219
467,True,"A4,B2,C3,D2,E3,F2",False,3.0,119633.99541067187,-5.433021111721928
468,True,"A3,B2,C3,D1,E1,F2",True,0.0,1404077.6533419052,-13.125962072227914
469,True,"A4,B2,C3,D2,E3,F2",False,3.0,91154.50246756779,-5.93062898427128
470,True,"A3,B2,C3,D1,E1,F1",False,1.0,3108.30883540442,-1.972539869025141
471,True,"A3,B2,C3,D2,E1,F3",False,2.0,47941.65213318047,-4.135469020319093
472,True,"A3,B2,C3,D1,E1,F2",True,0.0,2217982.9977264027,-13.045153722345773
473,True,"A3,B2,C3,D1,E1,F2",True,0.0,495026.639382582,-10.658419052041722
474,True,"A3,B2,C3,D1,E1,F1",False,1.0,6364.786546272757,-2.3852335196539087
475,True,"A3,B2,C3,D1,E1,F1",False,1.0,596152.7205928413,-10.103346895920637
476,True,"A3,B2,C3,D1,E1,F2",True,0.0,732665.9763480264,-11.939490054795499
477,True,"A3,B2,C3,D1,E1,F2",True,0.0,58326.94517446397,-4.211577624382997
478,True,"A4,B2,C3,D2,E3,F2",False,3.0,1511132.2726812377,-12.34861715699266
479,True,"A4,B2,C3,D2,E3,F1",False,4.0,9775.970791930746,-1.9056638662016496
480,True,"A4,B2,C3,D2,E3,F2",False,3.0,83567.20097298537,-5.930096302097738
481,True,"A3,B2,C3,D2,E5,F3",False,3.0,4446.179261905133,-2.5900547446408098
482,True,"A4,B2,C3,D2,E2,F1",False,4.0,727231.5165090105,-10.57521604740716
483,True,"A3,B2,C3,D2,E1,F2",False,1.0,3338791.2302450757,-15.101850340856167
484,True,"A3,B2,C3,D1,E1,F2",True,0.0,129512.3531672053,-6.113351908088347
485,True,"A3,B2,C3,D2,E1,F2",False,1.0,3999820.8839024273,-15.180946305958997
486,True,"A3,B2,C3,D1,E1,F2",True,0.0,885578.4286716018,-10.128251056194038
487,True,"A3,B2,C3,D1,E1,F2",True,0.0,400533.77616800246,-7.567797852199192
488,True,"A3,B2,C3,D1,E1,F2",True,0.0,542580.6349176695,-7.587004563976606
489,True,"A4,B2,C3,D2,E2,F1",False,4.0,1727574.6037999627,-13.134048519726022
490,True,"A4,B2,C3,D2,E3,F1",False,4.0,60264.94929210994,-5.491432104741804
491,True,"A3,B2,C3,D2,E1,F3",False,2.0,74829.44341852597,-5.4753544478659535
492,True,"A3,B2,C3,D2,E1,F2",False,1.0,1142584.319763952,-11.556993372337182
493,True,"A3,B2,C3,D2,E1,F1",False,2.0,533102.1393953543,-8.648538848395376
494,True,"A4,B2,C3,D2,E3,F1",False,4.0,132530.6700877018,-6.966634939962276
495,True,"A4,B2,C3,D2,E3,F2",False,3.0,1037680.3839516833,-11.771979556672392
496,True,"A3,B2,C3,D2,E1,F2",False,1.0,1931694.835676104,-12.251123617425208
497,True,"A3,B2,C3,D1,E1,F2",True,0.0,310371.338885334,-9.05161216597466
498,True,"A4,B2,C3,D2,E3,F2",False,3.0,2259123.0232072575,-13.492029515015538
499,True,"A3,B2,C3,D1,E1,F2",True,0.0,105063.73309992289,-4.782056981464478
500,True,"A3,B2,C3,D2,E1,F3",False,2.0,165558.43685991247,-6.6773136737413665
501,True,"A3,B2,C3,D1,E1,F2",True,0.0,1046436.6489756616,-11.0461278770034
502,True,"A3,B2,C3,D2,E1,F2",False,1.0,3010084.777052634,-13.900917986732686
503,True,"A3,B2,C3,D1,E1,F1",False,1.0,45158.7410472505,-5.335731878874469
504,True,"A3,B2,C3,D1,E1,F2",True,0.0,269028.31955780875,-6.528799007780677
505,True,"A3,B2,C3,D1,E1,F1",False,1.0,37509.417977144854,-4.469671299959884
506,True,"A3,B2,C3,D1,E1,F2",True,0.0,201737.484760241,-7.373219863542587
507,True,"A3,B2,C3,D2,E1,F3",False,2.0,145511.13025090957,-5.039908523523522
508,True,"A4,B2,C3,D2,E3,F1",False,4.0,435239.97187100945,-9.288797743029761
509,True,"A4,B2,C3,D2,E2,F1",False,4.0,912534.3359397855,-11.390881108645189
510,True,"A4,B2,C3,D2,E3,F2",False,3.0,1785956.383293688,-13.157756955770104
511,True,"A3,B2,C3,D2,E1,F3",False,2.0,167860.73698196243,-8.095145629491881
512,True,"A3,B2,C3,D1,E1,F2",True,0.0,19008.06230848183,-2.7346854717467863
513,True,"A4,B2,C3,D2,E3,F2",False,3.0,2512911.7466037315,-14.883596757969414
514,True,"A3,B2,C3,D2,E5,F3",False,3.0,8559.349145274424,-2.3241497338789827
515,True,"A3,B2,C3,D2,E1,F3",False,2.0,731085.0636309634,-9.941000814011524
516,True,"A3,B2,C3,D2,E1,F3",False,2.0,98325.8190409795,-5.315184849518957
517,True,"A4,B2,C3,D2,E3,F1",False,4.0,47476.78794566786,-6.143394651947489
518,True,"A3,B2,C3,D2,E1,F1",False,2.0,1630724.8383931587,-12.443518277899798
519,True,"A3,B2,C3,D1,E1,F2",True,0.0,801663.5117332112,-9.826189143638913
520,True,"A4,B2,C3,D2,E3,F2",False,3.0,2537321.4248428247,-14.47924921616842
521,True,"A3,B2,C3,D2,E1,F2",False,1.0,3170359.4588672314,-14.073790884853963
522,True,"A3,B2,C3,D2,E1,F2",False,1.0,1262372.3197101182,-12.358676201616483
523,True,"A4,B2,C3,D2,E3,F2",False,3.0,2343958.7521190313,-13.275303777654237
524,True,"A3,B2,C3,D2,E1,F1",False,2.0,4747040.034285068,-15.587665830187483
525,True,"A4,B2,C3,D2,E3,F2",False,3.0,2630100.6286419304,-15.754728887354446
526,True,"A4,B2,C3,D2,E3,F2",False,3.0,135796.67257179038,-5.887147796018681
527,True,"A3,B2,C3,D2,E1,F2",False,1.0,2221635.4289363218,-12.54163104911003
528,True,"A3,B2,C3,D2,E1,F3",False,2.0,159705.12627311156,-7.776079862936896
529,True,"A3,B2,C3,D2,E1,F1",False,2.0,560693.7605608946,-9.984923676746618
530,True,"A4,B2,C3,D2,E2,F1",False,4.0,498471.58128910785,-9.185572092882964
531,True,"A4,B2,C3,D2,E3,F2",False,3.0,2732116.529726611,-14.667322036610102
532,True,"A4,B2,C3,D2,E3,F2",False,3.0,82761.79536415671,-6.581718338900558
533,True,"A3,B2,C3,D2,E1,F3",False,2.0,561216.6144533998,-9.54388873818072
534,True,"A3,B2,C3,D1,E1,F1",False,1.0,93553.7102061001,-6.468918058533276
535,True,"A3,B2,C3,D2,E1,F2",False,1.0,3188889.5159839173,-14.815370193983618
536,True,"A3,B2,C3,D1,E1,F2",True,0.0,101467.99677572868,-5.441781348557797
537,True,"A3,B2,C3,D2,E1,F3",False,2.0,1116901.6110905043,-10.59290587401005
538,True,"A3,B2,C3,D1,E1,F2",True,0.0,1387302.5547164932,-12.416475679521774
539,True,"A4,B2,C3,D2,E3,F2",False,3.0,2016801.418396808,-14.883966937782091
540,True,"A4,B2,C3,D2,E2,F1",False,4.0,2156444.021705263,-13.26412829522598
541,True,"A4,B2,C3,D2,E3,F1",False,4.0,16694.498552918216,-3.328118380227849
542,True,"A3,B2,C3,D1,E1,F1",False,1.0,11283.882691618086,-3.5285410038443104
543,True,"A3,B2,C3,D2,E1,F2",False,1.0,4599643.816743437,-16.149402027538407
544,True,"A4,B2,C3,D2,E3,F1",False,4.0,18468.18191188625,-2.6057779628317945
545,True,"A3,B2,C3,D2,E1,F3",False,2.0,597266.1856789732,-10.512358086605474
546,True,"A4,B2,C3,D2,E3,F1",False,4.0,8996.345709673074,-3.185871584727707
547,True,"A3,B2,C3,D2,E1,F2",False,1.0,3505396.216344006,-13.639006225347131
548,True,"A4,B2,C3,D2,E3,F1",False,4.0,11143.97154229314,-3.3796618213761462
549,True,"A3,B2,C3,D1,E1,F2",True,0.0,1059138.4864875674,-10.137677226624369
550,True,"A3,B2,C3,D1,E1,F2",True,0.0,1350350.2243510264,-12.07008136011543
551,True,"A4,B2,C3,D2,E3,F1",False,4.0,256325.4615349358,-9.732115416193778
552,True,"A4,B2,C3,D2,E3,F1",False,4.0,9996.66243914975,-2.6965136154523037
553,True,"A4,B2,C3,D2,E3,F2",False,3.0,19719.957323785384,-3.206084339014268
554,True,"A4,B2,C3,D2,E3,F2",False,3.0,1303147.784805037,-11.234720535030249
555,True,"A3,B2,C3,D2,E1,F3",False,2.0,145688.33789772633,-7.3969282997427825
556,True,"A3,B2,C3,D2,E1,F2",False,1.0,892165.8435535723,-9.382317447937588
557,True,"A3,B2,C3,D2,E1,F3",False,2.0,63089.00095536276,-3.626712995705617
558,True,"A4,B2,C3,D2,E3,F1",False,4.0,4420.672592806027,-3.1767534112767493
559,True,"A3,B2,C3,D1,E1,F2",True,0.0,128481.13053746475,-6.604497234345274
560,True,"A3,B2,C3,D1,E1,F2",True,0.0,295969.89500304224,-6.351338896345297
561,True,"A4,B2,C3,D2,E3,F2",False,3.0,38058.42563995942,-3.9543564198983745
562,True,"A3,B2,C3,D2,E1,F2",False,1.0,3646548.2215479035,-14.346626974105838
563,True,"A3,B2,C3,D2,E1,F3",False,2.0,2964318.8779987134,-14.857179057567983
564,True,"A3,B2,C3,D1,E1,F2",True,0.0,2961585.981994504,-14.812387242485961
565,True,"A3,B2,C3,D2,E1,F1",False,2.0,117088.75086874439,-5.893394158809045
566,True,"A3,B2,C3,D1,E1,F2",True,0.0,324945.13898035703,-6.92277299121541
567,True,"A4,B2,C3,D2,E3,F2",False,3.0,2835546.6754998323,-14.35857957191515
568,True,"A3,B2,C3,D2,E1,F2",False,1.0,4166578.748357957,-14.154339283532373
569,True,"A3,B2,C3,D2,E1,F1",False,2.0,51520.35317065885,-5.274867839368099
570,True,"A4,B2,C3,D2,E3,F1",False,4.0,12086.350006491088,-3.888077752800868
571,True,"A4,B2,C3,D2,E3,F2",False,3.0,905498.1107597125,-10.113014536738682
572,True,"A3,B2,C3,D1,E1,F1",False,1.0,55088.8354092692,-4.482443156476208
573,True,"A3,B2,C3,D1,E1,F2",True,0.0,124842.4285593234,-4.936300555960372
574,True,"A4,B2,C3,D2,E3,F1",False,4.0,95922.18178290282,-6.961158852847717
575,True,"A3,B2,C3,D1,E1,F1",False,1.0,35535.33411410181,-5.584214075912101
576,True,"A3,B2,C3,D2,E1,F2",False,1.0,689768.1826479943,-8.676724115769943
577,True,"A4,B2,C3,D2,E2,F1",False,4.0,22195.208050533238,-3.647688830199968
578,True,"A4,B2,C3,D2,E3,F1",False,4.0,701532.2174758513,-12.064861904179594
579,True,"A3,B2,C3,D1,E1,F2",True,0.0,313587.75815665664,-8.597128809643152
580,True,"A3,B2,C3,D2,E1,F2",False,1.0,4212961.500955448,-15.71825800721885
581,True,"A3,B2,C3,D2,E1,F2",False,1.0,3150296.8583496786,-15.6224546201205
582,True,"A4,B2,C3,D2,E3,F2",False,3.0,3493107.6754498016,-16.610112871715593
583,True,"A4,B2,C3,D2,E3,F2",False,3.0,405083.71139090223,-9.972976621141385
584,True,"A3,B2,C3,D1,E1,F2",True,0.0,270356.28001066425,-7.35589557110147
585,True,"A4,B2,C3,D2,E3,F2",False,3.0,965958.2908906589,-9.810061337386514
586,True,"A3,B2,C3,D1,E1,F1",False,1.0,80436.06130448752,-6.440958983490901
587,True,"A3,B2,C3,D2,E3,F3",False,3.0,506822.73068609176,-10.430525140385456
588,True,"A4,B2,C3,D2,E2,F1",False,4.0,33883.929325006335,-4.169131924278759
589,True,"A3,B2,C3,D1,E1,F2",True,0.0,463615.7593630387,-8.836226992998107
590,True,"A3,B2,C3,D1,E1,F2",True,0.0,109510.9917119744,-6.666328029736604
591,True,"A3,B2,C3,D1,E1,F2",True,0.0,255959.1922943519,-6.711096828858558
592,True,"A3,B2,C3,D1,E1,F2",True,0.0,91741.3709537197,-7.179386021090011
593,True,"A3,B2,C3,D2,E1,F1",False,2.0,683226.5346228232,-10.400618573829213
594,True,"A3,B2,C3,D1,E1,F2",True,0.0,3549180.4561232314,-15.829181269776903
595,True,"A3,B2,C3,D1,E1,F2",True,0.0,579773.9875422007,-8.648943786689529
596,True,"A4,B2,C3,D2,E3,F2",False,3.0,1197519.2539179442,-12.03221968920569
597,True,"A3,B2,C3,D1,E1,F1",False,1.0,30342.741661434247,-3.676086444379507
598,True,"A3,B2,C3,D2,E1,F3",False,2.0,1290616.3998153883,-10.511351478532355
599,True,"A3,B2,C3,D2,E1,F2",False,1.0,1776861.7941048227,-12.437762545295826
600,True,"A4,B2,C3,D2,E2,F1",False,4.0,90436.41144803842,-4.743539354676642
601,True,"A4,B2,C3,D2,E3,F1",False,4.0,101921.0434615178,-6.283881548522558
602,True,"A4,B2,C3,D2,E2,F1",False,4.0,392261.57351076265,-8.338067603051527
603,True,"A3,B2,C3,D1,E1,F2",True,0.0,10981.216833866516,-2.3872177065061777
604,True,"A4,B2,C3,D2,E3,F2",False,3.0,2473734.706642107,-15.454084088183222
605,True,"A4,B2,C3,D2,E3,F2",False,3.0,375905.4175799784,-8.528032817408402
606,True,"A3,B2,C3,D1,E1,F2",True,0.0,610891.0672687214,-9.011817626460541
607,True,"A3,B2,C3,D2,E1,F3",False,2.0,703270.2675098219,-10.207475878362715
608,True,"A3,B2,C3,D2,E1,F2",False,1.0,2445151.9979068767,-13.31122250612804
609,True,"A4,B2,C3,D2,E3,F1",False,4.0,84778.0401601998,-5.674004506347487
610,True,"A3,B2,C3,D2,E1,F1",False,2.0,1267456.9878969807,-12.117001296485384
611,True,"A3,B2,C3,D2,E1,F1",False,2.0,232234.57029949827,-6.812001092047922
612,True,"A4,B2,C3,D2,E3,F2",False,3.0,1134021.8644051934,-12.190186315455122
613,True,"A4,B2,C3,D2,E3,F1",False,4.0,208344.05404319838,-7.811622973439896
614,True,"A3,B2,C3,D2,E1,F3",False,2.0,17811.461251755747,-3.700873140472879
615,True,"A4,B2,C3,D2,E3,F2",False,3.0,2270712.2616415117,-15.123844315540275
616,True,"A3,B2,C3,D2,E1,F2",False,1.0,2660371.3018311663,-14.452859138100386
617,True,"A3,B2,C3,D2,E1,F2",False,1.0,2589883.1677458324,-14.496840870156873
618,True,"A3,B2,C3,D2,E1,F2",False,1.0,2214705.1200717264,-13.175694322205246
619,True,"A3,B2,C3,D2,E1,F2",False,1.0,1208650.2200051832,-10.494524688160539
620,True,"A3,B2,C3,D1,E1,F2",True,0.0,837191.5805190277,-11.798969864158693
621,True,"A3,B2,C3,D1,E1,F2",True,0.0,49234.11685857694,-3.732415457275124
622,True,"A4,B2,C3,D2,E1,F2",False,2.0,2281150.7364805327,-15.84465754058074
623,True,"A4,B2,C3,D2,E3,F2",False,3.0,1053489.7561379261,-10.218649704066216
624,True,"A3,B2,C3,D1,E1,F2",True,0.0,120183.5096390728,-7.095979097115389
625,True,"A4,B2,C3,D2,E3,F2",False,3.0,2013985.016035154,-13.024377994220451
626,True,"A3,B2,C3,D1,E1,F2",True,0.0,408760.0734334743,-7.922763445261737
627,True,"A3,B2,C3,D2,E1,F3",False,2.0,268262.0988010413,-7.357377114994534
628,True,"A4,B2,C3,D2,E3,F1",False,4.0,133894.90177415422,-7.950844790207668
629,True,"A4,B2,C3,D2,E2,F1",False,4.0,313531.0301918786,-8.453150972859916
630,True,"A3,B2,C3,D2,E1,F3",False,2.0,110877.20062890479,-5.661952029836996
631,True,"A3,B2,C3,D1,E1,F2",True,0.0,140154.11005722653,-6.457288985389951
632,True,"A3,B2,C3,D2,E5,F3",False,3.0,10086.317725061237,-3.1318660487539347
633,True,"A3,B2,C3,D1,E1,F2",True,0.0,638142.9491977241,-9.138167542134106
634,True,"A3,B2,C3,D2,E1,F3",False,2.0,916684.7940310612,-11.92561435966924
635,True,"A4,B2,C3,D2,E3,F2",False,3.0,150939.21075775012,-6.723026887156664
636,True,"A3,B2,C3,D1,E1,F2",True,0.0,746629.5415808798,-9.765838774199182
637,True,"A3,B2,C3,D1,E1,F2",True,0.0,3023614.823843306,-14.805207820586403
638,True,"A3,B2,C3,D1,E1,F2",True,0.0,2165007.410761082,-14.127950179394674
639,True,"A3,B2,C3,D2,E1,F3",False,2.0,24728.13046303715,-3.4865070670268494
640,True,"A3,B2,C3,D1,E1,F2",True,0.0,36954.5877877937,-3.5258206233535674
641,True,"A4,B2,C3,D2,E2,F1",False,4.0,101223.69080319384,-6.5234378351347715
642,True,"A3,B2,C3,D2,E1,F3",False,2.0,2445155.8996341373,-11.999391397026528
643,True,"A3,B2,C3,D2,E1,F1",False,2.0,2013922.647840561,-14.299950470641008
644,True,"A3,B2,C3,D2,E1,F1",False,2.0,898180.8097641333,-12.546492210936464
645,True,"A3,B2,C3,D2,E1,F2",False,1.0,1709444.7164682052,-11.663030297812952
646,True,"A4,B2,C3,D2,E3,F2",False,3.0,729298.9418948343,-9.471345546764546
647,True,"A3,B2,C3,D2,E1,F2",False,1.0,2960167.052569202,-13.774894483873915
648,True,"A3,B2,C3,D2,E1,F3",False,2.0,74442.84807056721,-4.728939419985508
649,True,"A4,B2,C3,D2,E3,F2",False,3.0,882242.0843297236,-11.966596142227864
650,True,"A4,B2,C3,D2,E3,F2",False,3.0,912600.5443108316,-11.70317994643117
651,True,"A3,B2,C3,D1,E1,F2",True,0.0,115762.67506165427,-5.7339618414529525
652,True,"A3,B2,C3,D2,E1,F2",False,1.0,3440743.289566614,-14.803506994060015
653,True,"A3,B2,C3,D1,E1,F1",False,1.0,176265.56369977116,-6.919057030098642
654,True,"A4,B2,C3,D2,E3,F2",False,3.0,166531.97329182128,-7.838444448158043
655,True,"A3,B2,C3,D1,E1,F2",True,0.0,977435.8555567708,-9.907316727693868
656,True,"A4,B2,C3,D2,E3,F2",False,3.0,2835857.550688925,-14.089930922438512
657,True,"A4,B2,C3,D2,E3,F2",False,3.0,809774.6063748476,-9.835258392099021
658,True,"A3,B2,C3,D1,E1,F2",True,0.0,45492.30051945806,-4.6839134669396
659,True,"A3,B2,C3,D2,E1,F1",False,2.0,582599.7965369996,-10.552733263730204
660,True,"A4,B2,C3,D2,E3,F2",False,3.0,142333.75684725525,-7.136602715174064
661,True,"A3,B2,C3,D1,E1,F2",True,0.0,103665.61633483354,-3.875601329447349
662,True,"A3,B2,C3,D2,E1,F2",False,1.0,2053956.1669467345,-12.978685207571104
663,True,"A3,B2,C3,D2,E1,F3",False,2.0,17604.77167715696,-3.045411128217083
664,True,"A3,B2,C3,D2,E1,F1",False,2.0,2355.9035781048087,-1.0654495534146093
665,True,"A3,B2,C3,D2,E1,F1",False,2.0,1425184.541540047,-12.104093224243456
666,True,"A3,B2,C3,D2,E1,F2",False,1.0,1797510.8805961853,-11.797299026663026
667,True,"A3,B2,C3,D1,E1,F1",False,1.0,163641.30057493868,-7.505459631941449
668,True,"A3,B2,C3,D2,E2,F3",False,3.0,886529.7678491145,-12.250445364812691
669,True,"A3,B2,C3,D2,E1,F1",False,2.0,2153562.9450276727,-13.882444738557787
670,True,"A4,B2,C3,D2,E3,F1",False,4.0,643287.4595762559,-10.457284402616452
671,True,"A4,B2,C3,D2,E2,F1",False,4.0,198992.922780059,-7.404102129372973
672,True,"A3,B2,C3,D2,E5,F3",False,3.0,8941.445165492374,-2.5858554637078157
673,True,"A3,B2,C3,D1,E1,F2",True,0.0,2341712.2890396942,-14.65760900158999
674,True,"A4,B2,C3,D2,E3,F1",False,4.0,100621.2661217251,-7.65516668754519
675,True,"A3,B2,C3,D1,E1,F2",True,0.0,1007252.9797424335,-11.510984778848318
676,True,"A3,B2,C3,D2,E1,F1",False,2.0,2183029.821304805,-13.772912109283489
677,True,"A4,B2,C3,D2,E3,F2",False,3.0,2717178.5182550596,-15.386694375382305
678,True,"A3,B2,C3,D2,E1,F2",False,1.0,1745271.8649218688,-13.246163126986474
679,True,"A3,B2,C3,D1,E1,F2",True,0.0,826326.3566918278,-10.625845869644841
680,True,"A4,B2,C3,D2,E3,F2",False,3.0,2516034.7339254734,-15.492318555301317
681,True,"A3,B2,C3,D1,E1,F2",True,0.0,1371171.757931198,-12.115889933725676
682,True,"A4,B2,C3,D2,E3,F2",False,3.0,180883.68223175564,-6.202660730935634
683,True,"A3,B2,C3,D2,E1,F3",False,2.0,842601.223216809,-10.748913189927343
684,True,"A3,B2,C3,D1,E1,F2",True,0.0,889979.6624817674,-10.893337720288194
685,True,"A3,B2,C3,D2,E1,F1",False,2.0,1151734.9530314915,-11.4997466266095
686,True,"A3,B2,C3,D2,E1,F2",False,1.0,3595146.6387169873,-14.218764680448594
687,True,"A4,B2,C3,D2,E2,F1",False,4.0,80010.301882226,-5.445168354970775
688,True,"A3,B2,C3,D2,E1,F3",False,2.0,17720.644146880033,-2.201424239258216
689,True,"A4,B2,C3,D2,E3,F2",False,3.0,175805.12029956607,-7.289337147855022
690,True,"A3,B2,C3,D2,E1,F2",False,1.0,1632231.808510038,-10.176953734611715
691,True,"A3,B2,C3,D2,E1,F3",False,2.0,14624.51750015696,-2.600892788468755
692,True,"A4,B2,C3,D2,E3,F2",False,3.0,113523.3580149307,-5.303545343590628
693,True,"A4,B2,C3,D2,E3,F2",False,3.0,1395065.146156507,-12.038614266296307
694,True,"A3,B2,C3,D1,E1,F2",True,0.0,872919.335304704,-11.771107823033411
695,True,"A3,B2,C3,D2,E1,F1",False,2.0,1086193.295902737,-11.057718600701484
696,True,"A3,B2,C3,D2,E1,F2",False,1.0,1592210.461721125,-11.844542555030635
697,True,"A3,B2,C3,D2,E1,F2",False,1.0,3370344.023098221,-14.6071582478543
698,True,"A3,B2,C3,D2,E1,F1",False,2.0,2352995.216227131,-14.244711672524602
699,True,"A3,B2,C3,D2,E1,F3",False,2.0,303895.0879793754,-7.192074235930306
700,True,"A3,B2,C3,D2,E1,F2",False,1.0,2744050.51279208,-13.460497793246446
701,True,"A3,B2,C3,D1,E1,F2",True,0.0,64708.64690253001,-3.782358870814008
702,True,"A4,B2,C3,D2,E2,F1",False,4.0,751900.7450029025,-11.5655251788246
703,True,"A3,B2,C3,D1,E1,F2",True,0.0,388066.41714447597,-8.890377716182684
704,True,"A3,B2,C3,D2,E1,F3",False,2.0,311271.64658063283,-6.752126863961934
705,True,"A3,B2,C3,D1,E1,F2",True,0.0,249618.71061484353,-6.776228923410315
706,True,"A4,B2,C3,D2,E3,F2",False,3.0,1378029.0425688056,-12.376225756947179
707,True,"A4,B2,C3,D2,E3,F2",False,3.0,1434446.8831413994,-12.740665778010836
708,True,"A3,B2,C3,D1,E1,F2",True,0.0,317415.422964934,-7.386250043100816
709,True,"A3,B2,C3,D2,E1,F1",False,2.0,525304.3196975808,-9.472103609243803
710,True,"A3,B2,C3,D1,E1,F2",True,0.0,208210.20106317912,-6.902127262700773
711,True,"A4,B2,C3,D2,E2,F1",False,4.0,1582902.694969773,-13.525149407015206
712,True,"A3,B2,C3,D2,E1,F2",False,1.0,2518952.796066174,-13.034617644346334
713,True,"A4,B2,C3,D2,E2,F1",False,4.0,250218.372253686,-8.641207681823886
714,True,"A3,B2,C3,D2,E1,F1",False,2.0,319573.1096357069,-9.75597133512953
715,True,"A3,B2,C3,D1,E1,F2",True,0.0,295282.25550891185,-7.496221654142275
716,True,"A3,B2,C3,D2,E1,F1",False,2.0,972222.2283994531,-11.715771248463177
717,True,"A4,B2,C3,D2,E2,F1",False,4.0,91942.1689339468,-6.04420132699002
718,True,"A3,B2,C3,D2,E1,F3",False,2.0,98317.53712062007,-5.142444252619768
719,True,"A4,B2,C3,D2,E3,F2",False,3.0,1823881.2905670686,-14.104767644053418
720,True,"A3,B2,C3,D2,E1,F2",False,1.0,466121.46553150006,-7.877535209181303
721,True,"A3,B2,C3,D1,E1,F2",True,0.0,1520126.3948377934,-13.294872584281478
722,True,"A4,B2,C3,D2,E3,F2",False,3.0,512864.82643255824,-9.631841766205838
723,True,"A4,B2,C3,D2,E3,F2",False,3.0,727206.1425854474,-10.692126921241098
724,True,"A3,B2,C3,D1,E1,F2",True,0.0,276387.22427906963,-6.180372178383223
725,True,"A3,B2,C3,D1,E1,F2",True,0.0,274721.11224203056,-7.015537248416138
726,True,"A4,B2,C3,D2,E3,F2",False,3.0,1135448.8708690195,-11.224118544945505
727,True,"A3,B2,C3,D2,E1,F3",False,2.0,297693.6878504384,-6.105085396549953
728,True,"A4,B2,C3,D2,E3,F2",False,3.0,2529317.6015203474,-15.236593711556338
729,True,"A3,B2,C3,D2,E1,F1",False,2.0,1678916.5608434288,-12.9012917325879
730,True,"A4,B2,C3,D2,E3,F1",False,4.0,317374.2786559285,-10.052401138250175
731,True,"A4,B2,C3,D2,E3,F1",False,4.0,391892.7271779986,-9.649363266149564
732,True,"A4,B2,C3,D2,E2,F1",False,4.0,103123.42604195052,-7.592975001544104
733,True,"A3,B2,C3,D2,E5,F3",False,3.0,6759.550741355262,-2.532391112980676
734,True,"A4,B2,C3,D2,E3,F2",False,3.0,201123.43512897557,-8.47963948199579
735,True,"A3,B2,C3,D1,E1,F2",True,0.0,108536.21516751609,-5.396303078973347
736,True,"A3,B2,C3,D2,E1,F3",False,2.0,1079535.8377441813,-9.913367026038145
737,True,"A3,B2,C3,D2,E1,F3",False,2.0,487618.5900661155,-9.997211638764384
738,True,"A3,B2,C3,D1,E1,F2",True,0.0,1909265.659260345,-12.52977385785126
739,True,"A3,B2,C3,D2,E1,F3",False,2.0,693903.1655881114,-10.103658666181353
740,True,"A3,B2,C3,D2,E1,F2",False,1.0,625229.6475346732,-8.00565406079346
741,True,"A3,B2,C3,D2,E1,F3",False,2.0,118047.87790313769,-5.050259828968095
742,True,"A3,B2,C3,D1,E1,F2",True,0.0,402494.7613408829,-8.770687016372904
743,True,"A4,B2,C3,D2,E3,F1",False,4.0,6344.8808347991835,-3.1037954776045353
744,True,"A3,B2,C3,D2,E1,F3",False,2.0,4967.848818261778,-1.58472426660137
745,True,"A3,B2,C3,D2,E1,F3",False,2.0,8025.507692756315,-1.2425765279968033
746,True,"A4,B2,C3,D2,E3,F2",False,3.0,605396.0175033611,-10.238663981566077
747,True,"A4,B2,C3,D2,E3,F2",False,3.0,573404.3711914845,-9.86533448086243
748,True,"A4,B2,C3,D2,E3,F2",False,3.0,1639121.721687022,-13.837718019080626
749,True,"A3,B2,C3,D2,E1,F3",False,2.0,1085010.366979015,-11.384074091426257
750,True,"A3,B2,C3,D1,E1,F2",True,0.0,152370.87145051223,-6.677165906569314
751,True,"A3,B2,C3,D2,E1,F3",False,2.0,494472.99632409884,-8.71373157102093
752,True,"A4,B2,C3,D2,E3,F2",False,3.0,787374.402487164,-10.11387146455126
753,True,"A3,B2,C3,D2,E1,F3",False,2.0,929399.9161103424,-9.513165752101436
754,True,"A4,B2,C3,D2,E2,F1",False,4.0,430513.62218638737,-9.202436917811426
755,True,"A3,B2,C3,D1,E1,F2",True,0.0,680551.9391220014,-11.00054340720034
756,True,"A3,B2,C3,D2,E1,F1",False,2.0,1114887.5630421776,-10.28698527965868
757,True,"A3,B2,C3,D1,E1,F2",True,0.0,536704.6519665775,-9.832292232419022
758,True,"A3,B2,C3,D2,E1,F3",False,2.0,26847.06420330102,-3.5731338638318135
759,True,"A3,B2,C3,D1,E1,F2",True,0.0,16037.570326872794,-3.621862609709382
760,True,"A3,B2,C3,D1,E1,F2",True,0.0,54236.00586024337,-3.3478253417673045
761,True,"A3,B2,C3,D1,E1,F2",True,0.0,1859978.424563661,-12.650273836994813
762,True,"A3,B2,C3,D1,E1,F2",True,0.0,165413.73088011207,-5.324641080078621
763,True,"A4,B2,C3,D2,E2,F1",False,4.0,99623.47063927854,-6.049913095840708
764,True,"A4,B2,C3,D2,E3,F2",False,3.0,2801732.962686696,-14.253590463909205
765,True,"A3,B2,C3,D2,E1,F3",False,2.0,1982908.1632256748,-13.658661210692948
766,True,"A4,B2,C3,D2,E3,F2",False,3.0,2144914.233466916,-14.450556167306239
767,True,"A4,B2,C3,D2,E3,F2",False,3.0,1796121.166325697,-12.093321486713926
768,True,"A3,B2,C3,D2,E1,F2",False,1.0,1310630.214951429,-10.780803001562496
769,True,"A4,B2,C3,D2,E3,F2",False,3.0,2046328.6193972023,-13.400781692549039
770,True,"A4,B2,C3,D2,E1,F2",False,2.0,1302379.7161458966,-13.960978501354404
771,True,"A4,B2,C3,D2,E3,F2",False,3.0,2752359.7201839434,-14.410287134324712
772,True,"A3,B2,C3,D2,E1,F1",False,2.0,648192.9668468193,-11.139316271235899
773,True,"A3,B2,C3,D2,E1,F3",False,2.0,31613.50725402214,-3.6951882920273817
774,True,"A3,B2,C3,D2,E1,F3",False,2.0,1853653.248353046,-12.206562447516653
775,True,"A3,B2,C3,D1,E1,F2",True,0.0,458804.79110363196,-9.716508995265755
776,True,"A3,B2,C3,D1,E1,F2",True,0.0,13482.604941383417,-3.5639669252461488
777,True,"A4,B2,C3,D2,E3,F2",False,3.0,49438.04212158038,-5.5045388401372435
778,True,"A4,B2,C3,D2,E3,F2",False,3.0,2251177.2980124913,-14.409864148066752
779,True,"A3,B2,C3,D1,E1,F1",False,1.0,51924.21786598705,-4.831796994065385
780,True,"A4,B2,C3,D2,E3,F1",False,4.0,169873.48506156573,-7.539780448047281
781,True,"A3,B2,C3,D1,E1,F2",True,0.0,132127.06611087787,-5.708134683506145
782,True,"A3,B2,C3,D1,E1,F1",False,1.0,11315.530311058295,-3.4421026771522065
783,True,"A3,B2,C3,D1,E1,F2",True,0.0,89941.43804819408,-4.9990076362471
784,True,"A3,B2,C3,D1,E1,F2",True,0.0,390722.47034235654,-9.557355682838221
785,True,"A3,B2,C3,D2,E1,F2",False,1.0,1838704.8416989988,-11.471537657568199
786,True,"A3,B2,C3,D2,E1,F1",False,2.0,844038.2454956411,-12.091540766114015
787,True,"A3,B2,C3,D1,E1,F2",True,0.0,82325.26972033204,-5.071957429807213
788,True,"A3,B2,C3,D2,E1,F1",False,2.0,2032606.5008701459,-13.90831449725227
789,True,"A3,B2,C3,D1,E1,F1",False,1.0,62214.92461476996,-5.953844450729889
790,True,"A4,B2,C3,D2,E3,F1",False,4.0,26923.272279526704,-5.483085446323386
791,True,"A3,B2,C3,D2,E1,F2",False,1.0,4582989.985623625,-16.62348272281784
792,True,"A4,B2,C3,D2,E3,F2",False,3.0,199539.24184228355,-7.4380148469271745
793,True,"A3,B2,C3,D2,E1,F1",False,2.0,1111658.9876931114,-12.873115174966834
794,True,"A3,B2,C3,D1,E1,F2",True,0.0,359970.430037389,-7.483549166926835
795,True,"A3,B2,C3,D1,E1,F2",True,0.0,2037268.599726062,-13.166387936772495
796,True,"A3,B2,C3,D1,E1,F2",True,0.0,80397.38992183817,-5.563059841527547
797,True,"A4,B2,C3,D2,E3,F1",False,4.0,2531.0758333704894,-2.2353182309691135
798,True,"A3,B2,C3,D2,E1,F2",False,1.0,4569723.623872952,-14.663702045193752
799,True,"A3,B2,C3,D2,E1,F2",False,1.0,1363781.893479558,-11.864543864731623
800,True,"A3,B2,C3,D1,E1,F1",False,1.0,126400.36425982072,-6.763555930563143
801,True,"A4,B2,C3,D2,E3,F2",False,3.0,168247.2186911178,-7.416262424493624
802,True,"A3,B2,C3,D1,E1,F2",True,0.0,2489203.1897915737,-15.440678391130895
803,True,"A3,B2,C3,D2,E1,F3",False,2.0,280086.80983087566,-8.994315718124128
804,True,"A3,B2,C3,D2,E1,F2",False,1.0,3226334.4666891606,-16.588690058739317
805,True,"A4,B2,C3,D2,E1,F2",False,2.0,144740.2702238465,-7.129873708103261
806,True,"A3,B2,C3,D2,E1,F2",False,1.0,3911518.1371834325,-14.990369662566025
807,True,"A4,B2,C3,D2,E2,F1",False,4.0,245844.8794001554,-8.094373151892327
808,True,"A4,B2,C3,D2,E3,F2",False,3.0,327385.3159991658,-8.999345512940337
809,True,"A3,B2,C3,D1,E1,F2",True,0.0,97839.7391693331,-5.755681029168301
810,True,"A4,B2,C3,D2,E3,F1",False,4.0,291358.80253270676,-8.52081918897153
811,True,"A3,B2,C3,D1,E1,F2",True,0.0,2650998.809897621,-14.55007661239906
812,True,"A4,B2,C3,D2,E1,F2",False,2.0,33077.425565454585,-4.7224250085782415
813,True,"A4,B2,C3,D2,E2,F1",False,4.0,571377.1259544161,-10.673077518187995
814,True,"A3,B2,C3,D2,E1,F2",False,1.0,2858967.3650470064,-15.25777705244402
815,True,"A3,B2,C3,D2,E1,F1",False,2.0,2800307.5006728913,-14.487644495024647
816,True,"A3,B2,C3,D1,E1,F2",True,0.0,126806.97908444749,-7.064694272777075
817,True,"A4,B2,C3,D2,E3,F2",False,3.0,631992.8652900077,-9.835734932650567
818,True,"A3,B2,C3,D2,E1,F3",False,2.0,2824746.327899202,-14.40627185225636
819,True,"A4,B2,C3,D2,E3,F1",False,4.0,59685.79238292901,-7.126356382889341
820,True,"A3,B2,C3,D2,E1,F3",False,2.0,99917.09956996312,-5.36567652120263
821,True,"A4,B2,C3,D2,E3,F1",False,4.0,3952.2539835162,-2.1408454849441227
822,True,"A3,B2,C3,D2,E1,F1",False,2.0,651197.6034723498,-9.825892629778977
823,True,"A3,B2,C3,D1,E1,F1",False,1.0,66025.71323710632,-5.386900110486366
824,True,"A3,B2,C3,D1,E1,F2",True,0.0,43855.10143036849,-3.95452529784869
825,True,"A3,B2,C3,D1,E1,F2",True,0.0,117200.66604799882,-5.61706732997304
826,True,"A4,B2,C3,D2,E3,F1",False,4.0,146953.90619478232,-6.712360130048069
827,True,"A3,B2,C3,D1,E1,F1",False,1.0,94826.76892270932,-6.429905964262105
828,True,"A3,B2,C3,D1,E1,F2",True,0.0,1980668.7626449538,-12.274180045489445
829,True,"A3,B2,C3,D1,E1,F2",True,0.0,250093.64263478643,-7.11370656696792
830,True,"A4,B2,C3,D2,E1,F2",False,2.0,937165.3577063038,-11.15449944970306
831,True,"A4,B2,C3,D2,E3,F1",False,4.0,145657.90137435374,-7.820747543328437
832,True,"A4,B2,C3,D2,E3,F1",False,4.0,16030.563877516188,-4.668950294287981
833,True,"A3,B2,C3,D1,E1,F2",True,0.0,3225175.0554216993,-14.419566768832588
834,True,"A3,B2,C3,D2,E1,F1",False,2.0,1075082.687831149,-12.225938538593738
835,True,"A4,B2,C3,D2,E2,F1",False,4.0,15719.457648619553,-2.6913105108521904
836,True,"A4,B2,C3,D2,E3,F2",False,3.0,176708.671590079,-8.066056655924783
837,True,"A3,B2,C3,D2,E1,F2",False,1.0,1604153.7683135346,-11.98403730440144
838,True,"A3,B2,C3,D2,E2,F3",False,3.0,2411838.240766784,-14.55146454131092
839,True,"A3,B2,C3,D2,E1,F2",False,1.0,3675671.627510788,-13.433713655922688
840,True,"A4,B2,C3,D2,E3,F1",False,4.0,11684.149307968848,-3.23966253528819
841,True,"A3,B2,C3,D2,E1,F3",False,2.0,203772.12223399704,-7.944778590092412
842,True,"A3,B2,C3,D2,E1,F3",False,2.0,2238683.029528256,-13.075653039715604
843,True,"A3,B2,C3,D2,E1,F1",False,2.0,892515.8746842121,-10.359880547052974
844,True,"A3,B2,C3,D1,E1,F2",True,0.0,43554.818509382545,-5.109840624701945
845,True,"A4,B2,C3,D2,E3,F2",False,3.0,88625.81004755302,-5.916346007052553
846,True,"A4,B2,C3,D2,E3,F2",False,3.0,2158803.531127252,-13.381525472505764
847,True,"A3,B2,C3,D1,E1,F2",True,0.0,2490166.4488083497,-12.778789121565083
848,True,"A4,B2,C3,D2,E3,F2",False,3.0,4115399.7226805147,-17.751546904654482
849,True,"A3,B2,C3,D1,E1,F2",True,0.0,831389.1150209267,-11.184715571222974
850,True,"A3,B2,C3,D1,E1,F2",True,0.0,775616.8933324775,-10.69701538166916
851,True,"A4,B2,C3,D2,E2,F1",False,4.0,62341.73023231093,-4.771838261901706
852,True,"A4,B2,C3,D2,E2,F1",False,4.0,29743.142410737448,-3.7096855460874565
853,True,"A3,B2,C3,D2,E1,F3",False,2.0,28965.903285814842,-2.7068070872525
854,True,"A4,B2,C3,D2,E3,F2",False,3.0,2556948.856793884,-14.98409359543762
855,True,"A3,B2,C3,D2,E1,F3",False,2.0,2613106.313434807,-14.524642054838594
856,True,"A3,B2,C3,D1,E1,F2",True,0.0,920002.6636801369,-10.88008493038059
857,True,"A3,B2,C3,D2,E1,F3",False,2.0,54752.62106664282,-4.878892568932912
858,True,"A4,B2,C3,D2,E2,F1",False,4.0,19361.655776011085,-3.2863053893261878
859,True,"A3,B2,C3,D1,E1,F2",True,0.0,3943404.4957010373,-16.62174571513603
860,True,"A4,B2,C3,D2,E3,F2",False,3.0,308964.8874298333,-7.758565612955451
861,True,"A3,B2,C3,D1,E1,F1",False,1.0,10629.109454755087,-3.992232978856947
862,True,"A4,B2,C3,D2,E3,F2",False,3.0,952530.8977030319,-10.796424406676238
863,True,"A3,B2,C3,D2,E1,F3",False,2.0,290158.9358100553,-8.506494840232278
864,True,"A3,B2,C3,D2,E1,F2",False,1.0,675547.659995131,-10.194180749452528
865,True,"A4,B2,C3,D2,E3,F1",False,4.0,17831.884022596765,-4.075837020877884
866,True,"A3,B2,C3,D2,E1,F2",False,1.0,5539060.710870323,-15.558860503739176
867,True,"A3,B2,C3,D1,E1,F2",True,0.0,197046.4599898272,-5.788580849277878
868,True,"A4,B2,C3,D2,E2,F1",False,4.0,394924.19920440635,-9.641627607321212
869,True,"A4,B2,C3,D2,E3,F1",False,4.0,422189.11951376253,-9.912722948578775
870,True,"A4,B2,C3,D2,E3,F2",False,3.0,866424.5077346249,-10.811835587423438
871,True,"A3,B2,C3,D2,E1,F3",False,2.0,67130.89828141515,-5.31289778061516
872,True,"A3,B2,C3,D2,E1,F2",False,1.0,2983762.6933300053,-14.418023020827825
873,True,"A3,B2,C3,D2,E1,F2",False,1.0,1681718.2098814747,-13.360297000326845
874,True,"A4,B2,C3,D2,E3,F1",False,4.0,15519.169124385822,-3.7689347373681557
875,True,"A3,B2,C3,D2,E1,F3",False,2.0,618711.8217597994,-11.090059632496612
876,True,"A4,B2,C3,D2,E3,F2",False,3.0,189243.23921906317,-6.950102338814105
877,True,"A3,B2,C3,D2,E1,F3",False,2.0,31021.105272775043,-3.2575067575317007
878,True,"A3,B2,C3,D2,E1,F1",False,2.0,1161728.4077187022,-10.715286972632846
879,True,"A3,B2,C3,D1,E1,F1",False,1.0,21904.666327050887,-3.966882359156415
880,True,"A4,B2,C3,D2,E3,F1",False,4.0,6950.425594518807,-2.7065944208708004
881,True,"A3,B2,C3,D1,E1,F2",True,0.0,2177695.0018300023,-11.312340771810383
882,True,"A3,B2,C3,D1,E1,F1",False,1.0,777920.2617340897,-10.679327009209324
883,True,"A3,B2,C3,D1,E1,F2",True,0.0,1110858.4318841095,-11.68482080320004
884,True,"A4,B2,C3,D2,E3,F2",False,3.0,568338.401652482,-10.657588057825976
885,True,"A4,B2,C3,D2,E3,F2",False,3.0,215715.03712333168,-7.498413698208907
886,True,"A4,B2,C3,D2,E3,F2",False,3.0,808320.6616553543,-10.319647260456613
887,True,"A4,B2,C3,D2,E2,F1",False,4.0,2435902.1731568566,-14.245099471787832
888,True,"A3,B2,C3,D1,E1,F2",True,0.0,3022093.9689448266,-13.255036091258887
889,True,"A3,B2,C3,D2,E1,F2",False,1.0,3384044.5008777576,-14.679463261126067
890,True,"A3,B2,C3,D2,E1,F2",False,1.0,1415060.8233898224,-11.281515634175804
891,True,"A3,B2,C3,D2,E1,F1",False,2.0,3222533.609211876,-15.064976626849038
892,True,"A4,B2,C3,D2,E3,F1",False,4.0,27819.962646749365,-5.106271880664451
893,True,"A3,B2,C3,D1,E1,F2",True,0.0,424346.2384464953,-9.745123698078999
894,True,"A3,B2,C3,D1,E1,F2",True,0.0,140558.335847376,-6.990039898082841
895,True,"A4,B2,C3,D2,E3,F1",False,4.0,365441.01468351216,-8.498104485453439
896,True,"A4,B2,C3,D2,E3,F1",False,4.0,1936.6869951903504,-2.3692918344169414
897,True,"A4,B2,C3,D2,E3,F2",False,3.0,1791841.3537521043,-12.448228318554676
898,True,"A4,B2,C3,D2,E3,F1",False,4.0,395666.45339506655,-9.916714273661697
899,True,"A4,B2,C3,D2,E3,F2",False,3.0,443303.76776114857,-10.251937162157262
900,True,"A3,B2,C3,D2,E1,F1",False,2.0,3143646.804996489,-15.263988610854426
901,True,"A3,B2,C3,D1,E1,F2",True,0.0,47520.56875995842,-4.364631286106729
902,True,"A4,B2,C3,D2,E3,F1",False,4.0,126538.85341649131,-5.829220598969087
903,True,"A4,B2,C3,D2,E3,F2",False,3.0,549801.7275484771,-9.91393614857948
904,True,"A4,B2,C3,D2,E3,F1",False,4.0,94567.89246387567,-7.504905326461241
905,True,"A3,B2,C3,D2,E1,F3",False,2.0,21433.667696069824,-4.128681200299866
906,True,"A4,B2,C3,D2,E3,F1",False,4.0,2700361.7991100554,-16.1057544092858
907,True,"A3,B2,C3,D1,E1,F2",True,0.0,16051.552743861688,-3.288347034048371
908,True,"A3,B2,C3,D2,E1,F2",False,1.0,2914987.6143200407,-12.803043098849315
909,True,"A3,B2,C3,D2,E1,F2",False,1.0,2625143.6172826826,-13.53318706718931
910,True,"A4,B2,C3,D2,E3,F2",False,3.0,52132.27452907164,-4.792318925505711
911,True,"A3,B2,C3,D2,E1,F3",False,2.0,8759.507755552677,-2.4598099428060465
912,True,"A3,B2,C3,D1,E1,F2",True,0.0,893907.8491981302,-10.650533849531215
913,True,"A3,B2,C3,D2,E1,F1",False,2.0,3690292.2040249165,-18.05410056636579
914,True,"A3,B2,C3,D1,E1,F2",True,0.0,76922.05071691687,-5.307432809709539
915,True,"A3,B2,C3,D1,E1,F2",True,0.0,2081780.4326808373,-12.880168513878324
916,True,"A3,B2,C3,D2,E1,F2",False,1.0,678875.0935323632,-10.029944991195585
917,True,"A4,B2,C3,D2,E2,F1",False,4.0,62608.87559786627,-4.99834886215379
918,True,"A3,B2,C3,D2,E1,F3",False,2.0,801651.7446928867,-9.758670097178317
919,True,"A3,B2,C3,D2,E1,F3",False,2.0,254985.13885620967,-6.7478078555396195
920,True,"A4,B2,C3,D2,E3,F1",False,4.0,36167.86553808673,-4.78020590063538
921,True,"A3,B2,C3,D1,E1,F2",True,0.0,181386.23013754538,-6.671736560127485
922,True,"A3,B2,C3,D1,E1,F2",True,0.0,123862.05766048998,-6.309790482294503
923,True,"A4,B2,C3,D2,E3,F2",False,3.0,71862.81188956575,-5.215398085208236
924,True,"A4,B2,C3,D2,E3,F2",False,3.0,161821.597437413,-5.77970814652133
925,True,"A4,B2,C3,D2,E3,F2",False,3.0,188970.5755068275,-6.910079190730002
926,True,"A3,B2,C3,D2,E1,F1",False,2.0,2432131.0142554054,-15.705377361534218
927,True,"A3,B2,C3,D2,E1,F1",False,2.0,1852814.4632795295,-12.503184538377418
928,True,"A3,B2,C3,D1,E1,F2",True,0.0,782661.7559080409,-10.726031151700653
929,True,"A3,B2,C3,D2,E1,F1",False,2.0,2650753.9927503276,-15.08168321701509
930,True,"A3,B2,C3,D1,E1,F2",True,0.0,385697.1533218738,-9.203682027236923
931,True,"A3,B2,C3,D2,E1,F3",False,2.0,368632.9547572374,-8.666494452150332
932,True,"A4,B2,C3,D2,E3,F1",False,4.0,67698.83553025077,-6.682674756352824
933,True,"A3,B2,C3,D1,E1,F2",True,0.0,36111.25553871445,-3.8554082423131177
934,True,"A3,B2,C3,D2,E1,F2",False,1.0,3886176.5792348213,-14.652132362648182
935,True,"A4,B2,C3,D2,E3,F1",False,4.0,121140.31576444075,-7.440421535481008
936,True,"A3,B2,C3,D2,E1,F3",False,2.0,137893.62051301706,-6.531724600338023
937,True,"A4,B2,C3,D2,E2,F1",False,4.0,483744.72751923057,-9.97921052743672
938,True,"A4,B2,C3,D2,E3,F2",False,3.0,747397.9371115655,-11.033883736505153
939,True,"A3,B2,C3,D2,E1,F2",False,1.0,1995611.8215140477,-13.065362579565758
940,True,"A3,B2,C3,D2,E1,F3",False,2.0,467483.03103544726,-9.8046519024401
941,True,"A3,B2,C3,D1,E1,F1",False,1.0,53546.57149773041,-5.0174851889625245
942,True,"A3,B2,C3,D2,E1,F2",False,1.0,2870578.8294395083,-13.182190838923901
943,True,"A3,B2,C3,D1,E1,F1",False,1.0,42086.55408748803,-5.778397562344182
944,True,"A3,B2,C3,D2,E1,F3",False,2.0,29199.09661829083,-3.976052656770335
945,True,"A4,B2,C3,D2,E3,F2",False,3.0,1495703.429952457,-13.182808108716657
946,True,"A4,B2,C3,D2,E2,F1",False,4.0,1106595.2711874302,-11.894489346839357
947,True,"A3,B2,C3,D1,E1,F2",True,0.0,729988.8777496796,-12.066433202739958
948,True,"A3,B2,C3,D2,E1,F3",False,2.0,171383.02623385485,-7.4027732859927085
949,True,"A3,B2,C3,D1,E1,F2",True,0.0,301897.71863982524,-7.751956731404462
950,True,"A3,B2,C3,D2,E1,F1",False,2.0,2700541.466684013,-14.73433757105797
951,True,"A3,B2,C3,D1,E1,F2",True,0.0,2820066.1218496175,-13.108275547261997
952,True,"A3,B2,C3,D1,E1,F2",True,0.0,1154740.8982833887,-12.789211687841899
953,True,"A4,B2,C3,D2,E3,F2",False,3.0,194985.30059587772,-8.981214227859184
954,True,"A4,B2,C3,D2,E3,F2",False,3.0,792941.345800351,-10.537776653079504
955,True,"A3,B2,C3,D1,E1,F2",True,0.0,73537.33349676101,-5.680808585765263
956,True,"A3,B2,C3,D2,E1,F2",False,1.0,1248741.7573738303,-10.488535094144616
957,True,"A3,B2,C3,D1,E1,F2",True,0.0,1653984.9113567444,-12.283428137302458
958,True,"A4,B2,C3,D2,E3,F1",False,4.0,2444.405124041626,-1.9896149798347267
959,True,"A3,B2,C3,D2,E1,F3",False,2.0,3434718.934937848,-15.46843693596088
960,True,"A4,B2,C3,D2,E3,F2",False,3.0,1246423.0363058103,-12.551309265068966
961,True,"A3,B2,C3,D2,E1,F3",False,2.0,643074.113094044,-9.388670322707668
962,True,"A4,B2,C3,D2,E2,F1",False,4.0,75375.71178239632,-5.83260530811053
963,True,"A4,B2,C3,D2,E3,F2",False,3.0,555405.5942162191,-10.000197641660918
964,True,"A4,B2,C3,D2,E3,F2",False,3.0,563904.4210051909,-10.504180679780603
965,True,"A3,B2,C3,D2,E1,F3",False,2.0,72901.93557039773,-4.497134754934507
966,True,"A4,B2,C3,D2,E3,F2",False,3.0,867479.6073219604,-10.927066825577484
967,True,"A4,B2,C3,D2,E3,F2",False,3.0,2626430.07717094,-14.163405125073766
968,True,"A3,B2,C3,D2,E1,F2",False,1.0,3797387.058140665,-14.288298941252805
969,True,"A3,B2,C3,D1,E1,F1",False,1.0,35752.529946557515,-4.140126220273004
970,True,"A4,B2,C3,D2,E3,F2",False,3.0,731135.4273638056,-12.303435738934567
971,True,"A3,B2,C3,D2,E1,F3",False,2.0,1543551.3277816284,-13.604881050378303
972,True,"A3,B2,C3,D1,E1,F2",True,0.0,47155.029256813024,-4.914898512479169
973,True,"A3,B2,C3,D2,E1,F1",False,2.0,1024241.4776447228,-11.536751844592999
974,True,"A3,B2,C3,D1,E1,F2",True,0.0,474872.41603334906,-9.909571510888028
975,True,"A4,B2,C3,D2,E3,F2",False,3.0,24286.733299145097,-3.0932243651127465
976,True,"A4,B2,C3,D2,E2,F1",False,4.0,959286.5394738534,-12.065302655233992
977,True,"A3,B2,C3,D2,E1,F3",False,2.0,1147275.5846496029,-11.305239907030106
978,True,"A3,B2,C3,D1,E1,F2",True,0.0,1621144.115359735,-12.321363041876275
979,True,"A3,B2,C3,D2,E1,F1",False,2.0,2976363.231287135,-14.862966426305327
980,True,"A3,B2,C3,D1,E1,F2",True,0.0,627282.5262977007,-9.528726552643647
981,True,"A3,B2,C3,D2,E1,F1",False,2.0,3158213.5197447566,-15.412346072427276
982,True,"A4,B2,C3,D2,E3,F2",False,3.0,864142.3727712515,-10.244575648729999
983,True,"A3,B2,C3,D1,E1,F2",True,0.0,60998.83122350042,-5.740697064738001
984,True,"A3,B2,C3,D1,E1,F2",True,0.0,278156.5387158923,-6.615353742189129
985,True,"A3,B2,C3,D2,E1,F3",False,2.0,663290.9786344956,-10.301635813586515
986,True,"A4,B2,C3,D2,E3,F1",False,4.0,27334.135682716285,-4.45313342175406
987,True,"A3,B2,C3,D1,E1,F2",True,0.0,150902.81358481525,-5.525145234278995
988,True,"A4,B2,C3,D2,E3,F2",False,3.0,69093.8946997068,-4.716186354730354
989,True,"A3,B2,C3,D2,E1,F2",False,1.0,603626.1484335439,-9.260150891857066
990,True,"A4,B2,C3,D2,E2,F1",False,4.0,68509.61514895986,-6.10158884372224
991,True,"A3,B2,C3,D2,E1,F2",False,1.0,2436692.605853015,-14.09790704989505
992,True,"A4,B2,C3,D2,E3,F2",False,3.0,2195881.274589663,-13.966448080549256
993,True,"A3,B2,C3,D1,E1,F2",True,0.0,1390230.447938227,-11.021414027696053
994,True,"A3,B2,C3,D2,E1,F3",False,2.0,237302.61328792578,-6.11404029837793
995,True,"A4,B2,C3,D2,E3,F1",False,4.0,24281.98375935331,-5.574606663351915
996,True,"A3,B2,C3,D1,E1,F2",True,0.0,1038287.6173011159,-11.44467252296613
997,True,"A4,B2,C3,D2,E3,F2",False,3.0,47337.06646712069,-5.090956756554348
998,True,"A3,B2,C3,D1,E1,F2",True,0.0,113742.20787683099,-5.3181235951206105
999,True,"A3,B2,C3,D1,E1,F2",True,0.0,30519.073842881375,-3.8626863568195944
1000,True,"A4,B2,C3,D2,E3,F2",False,3.0,1968798.9560509694,-13.299923007916817
1001,True,"A3,B2,C3,D2,E1,F2",False,1.0,1691166.43826945,-12.394680554238526
1002,True,"A3,B2,C3,D2,E1,F1",False,2.0,1422006.0147310675,-11.678507359370656
1003,True,"A3,B2,C3,D2,E1,F2",False,1.0,4183359.3114829813,-15.282646231467773
1004,True,"A4,B2,C3,D2,E3,F2",False,3.0,1281210.2570215322,-11.25079596708639
1005,True,"A4,B2,C3,D2,E3,F1",False,4.0,320371.44590504706,-8.352680130434152
1006,True,"A3,B2,C3,D1,E1,F2",True,0.0,2028672.371870248,-14.278649439707415
1007,True,"A4,B2,C3,D2,E3,F2",False,3.0,747477.3930321736,-10.335273187542434
1008,True,"A3,B2,C3,D1,E1,F1",False,1.0,61902.78573701661,-6.069227887957737
1009,True,"A3,B2,C3,D1,E1,F2",True,0.0,7118.0652402093865,-1.929591765150903
1010,True,"A4,B2,C3,D2,E3,F1",False,4.0,61882.30718626425,-5.822567982677825
1011,True,"A3,B2,C3,D2,E1,F1",False,2.0,3270372.4125384404,-15.59290635568749
1012,True,"A3,B2,C3,D1,E1,F2",True,0.0,133049.0200641624,-6.3765721366061285
1013,True,"A3,B2,C3,D2,E1,F2",False,1.0,1107823.7892408038,-10.965325411969609
1014,True,"A4,B2,C3,D2,E3,F2",False,3.0,147872.87907078693,-8.30135918152375
1015,True,"A4,B2,C3,D2,E2,F1",False,4.0,50732.733817707696,-5.002242912750276
1016,True,"A4,B2,C3,D2,E3,F2",False,3.0,1219975.2686562855,-12.102274315662214
1017,True,"A4,B2,C3,D2,E3,F2",False,3.0,2625896.1707165176,-14.619620295852187
1018,True,"A3,B2,C3,D1,E1,F2",True,0.0,237759.97299544964,-6.935154659510459
1019,True,"A3,B2,C3,D2,E1,F1",False,2.0,2554816.749541829,-13.01844279725426
1020,True,"A3,B2,C3,D2,E1,F1",False,2.0,354570.9520880571,-7.864139604358911
1021,True,"A3,B2,C3,D2,E1,F1",False,2.0,911008.1466307181,-10.28980988976673
1022,True,"A4,B2,C3,D2,E3,F2",False,3.0,460250.32447663747,-9.912558430783562
1023,True,"A4,B2,C3,D2,E2,F1",False,4.0,169862.44167424313,-5.283722297214865
1024,True,"A4,B2,C3,D2,E3,F2",False,3.0,1461013.9480536522,-12.23792103311802
1025,True,"A4,B2,C3,D2,E2,F1",False,4.0,13437.071384219664,-2.8214952516576517
1026,True,"A3,B2,C3,D1,E1,F2",True,0.0,340841.8091440229,-9.015863345083758
1027,True,"A4,B2,C3,D2,E3,F1",False,4.0,88685.70665174333,-7.467875626958033
1028,True,"A4,B2,C3,D2,E3,F2",False,3.0,468487.5363515221,-11.103630457397514
1029,True,"A4,B2,C3,D2,E3,F2",False,3.0,109356.1350159276,-5.234384970194029
1030,True,"A3,B2,C3,D2,E1,F3",False,2.0,238733.10523441358,-8.062669539506274
1031,True,"A3,B2,C3,D1,E1,F1",False,1.0,19612.66109725701,-3.655431206318454
1032,True,"A3,B2,C3,D2,E1,F1",False,2.0,651139.8372834049,-9.656103675678047
1033,True,"A3,B2,C3,D2,E1,F1",False,2.0,934625.1574773504,-11.848371920513252
1034,True,"A4,B2,C3,D2,E3,F1",False,4.0,559769.4012709878,-10.063999518994322
1035,True,"A3,B2,C3,D1,E1,F2",True,0.0,356193.14445482363,-8.705989289896095
1036,True,"A3,B2,C3,D2,E1,F3",False,2.0,215490.44312621915,-7.798653995453563
1037,True,"A3,B2,C3,D1,E1,F2",True,0.0,483379.8081613423,-8.279227047447563
1038,True,"A3,B2,C3,D2,E1,F1",False,2.0,233209.35286238906,-8.021919588024204
1039,True,"A3,B2,C3,D2,E1,F3",False,2.0,761435.3407732086,-10.766845189760332
1040,True,"A3,B2,C3,D2,E1,F3",False,2.0,45920.7976312575,-4.783053385247783
1041,True,"A3,B2,C3,D2,E1,F3",False,2.0,2280965.4473231477,-13.750473078738636
1042,True,"A3,B2,C3,D1,E1,F2",True,0.0,353211.5824123175,-7.82620826945751
1043,True,"A3,B2,C3,D1,E1,F2",True,0.0,19510.874775495056,-3.491212850370559
1044,True,"A3,B2,C3,D1,E1,F2",True,0.0,859457.4447057848,-10.182196154615632
1045,True,"A4,B2,C3,D2,E3,F1",False,4.0,850224.2502739687,-10.673811342418112
1046,True,"A3,B2,C3,D2,E1,F3",False,2.0,29092.97188318035,-3.492335038946777
1047,True,"A3,B2,C3,D1,E1,F2",True,0.0,136841.87493461903,-5.6345899148125085
1048,True,"A4,B2,C3,D2,E3,F2",False,3.0,135442.37997629336,-6.273551210490211
1049,True,"A3,B2,C3,D2,E1,F3",False,2.0,189604.64616189545,-6.134289126486351
1050,True,"A4,B2,C3,D2,E1,F2",False,2.0,1078158.909360498,-12.975416039279935
1051,True,"A4,B2,C3,D2,E2,F2",False,3.0,1381420.1652649634,-12.141961529561286
1052,True,"A3,B2,C3,D2,E1,F3",False,2.0,2869162.1942741703,-14.069037384670459
1053,True,"A3,B2,C3,D1,E1,F2",True,0.0,25339.651014875977,-3.24731650957294
1054,True,"A3,B2,C3,D2,E1,F3",False,2.0,353329.3745139629,-8.796838501102101
1055,True,"A4,B2,C3,D2,E3,F2",False,3.0,274646.6604298435,-7.521298093737386
1056,True,"A3,B2,C3,D1,E1,F2",True,0.0,65225.445836387116,-5.0795093048956375
1057,True,"A4,B2,C3,D2,E3,F2",False,3.0,1508078.6415504923,-11.6896358426024
1058,True,"A3,B2,C3,D2,E1,F3",False,2.0,299445.8304670703,-8.637184093827116
1059,True,"A4,B2,C3,D2,E3,F2",False,3.0,777454.0438041254,-11.342983255896684
1060,True,"A3,B2,C3,D2,E1,F2",False,1.0,2949850.017836653,-14.2793121138901
1061,True,"A3,B2,C3,D2,E1,F2",False,1.0,2145249.7667422625,-14.973952001483397
1062,True,"A3,B2,C3,D1,E1,F2",True,0.0,275422.858501994,-7.469831160992854
1063,True,"A3,B2,C3,D2,E1,F2",False,1.0,1306141.2572147849,-12.18907030283765
1064,True,"A3,B2,C3,D2,E1,F3",False,2.0,184777.76410265,-7.037399686351748
1065,True,"A3,B2,C3,D1,E1,F2",True,0.0,24924.625345178563,-2.8710360973137767
1066,True,"A3,B2,C3,D2,E1,F1",False,2.0,1422912.6023829465,-12.035363412556848
1067,True,"A4,B2,C3,D2,E3,F1",False,4.0,259667.47134467258,-7.294374484161722
1068,True,"A3,B2,C3,D2,E1,F3",False,2.0,1722012.024182508,-11.97521768054581
1069,True,"A4,B2,C3,D2,E3,F2",False,3.0,960944.142031024,-11.433356042022943
1070,True,"A3,B2,C3,D2,E1,F3",False,2.0,27170.52834782182,-3.0679916842373416
1071,True,"A3,B2,C3,D2,E1,F2",False,1.0,3603815.806072309,-15.851780621913285
1072,True,"A4,B2,C3,D2,E3,F2",False,3.0,183896.31468609217,-8.311901275995396
1073,True,"A3,B2,C3,D1,E1,F2",True,0.0,148162.89628696616,-6.399471387329598
1074,True,"A3,B2,C3,D2,E1,F3",False,2.0,1298698.863459003,-11.81361137339811
1075,True,"A3,B2,C3,D2,E1,F3",False,2.0,101986.52010552521,-5.100085575911734
1076,True,"A3,B2,C3,D2,E1,F3",False,2.0,88753.49197727615,-5.288341210090621
1077,True,"A3,B2,C3,D1,E1,F1",False,1.0,24862.814702257994,-4.1146988133037325
1078,True,"A3,B2,C3,D1,E1,F1",False,1.0,15476.987252088791,-3.835749263452911
1079,True,"A3,B2,C3,D1,E1,F2",True,0.0,1945967.758777069,-12.701294815644964
1080,True,"A3,B2,C3,D2,E1,F3",False,2.0,319817.16800881625,-7.491014040446942
1081,True,"A4,B2,C3,D2,E3,F2",False,3.0,1730250.084738192,-13.411296136055782
1082,True,"A4,B2,C3,D2,E3,F1",False,4.0,65019.95600120562,-5.613740381204607
1083,True,"A4,B2,C3,D2,E2,F1",False,4.0,701733.0903849808,-10.217712357815898
1084,True,"A3,B2,C3,D1,E1,F2",True,0.0,441087.3589317223,-7.732738715104503
1085,True,"A3,B2,C3,D1,E1,F1",False,1.0,3348.124613058414,-2.023673485053621
1086,True,"A4,B2,C3,D2,E2,F1",False,4.0,2060239.8825072576,-13.524800825458406
1087,True,"A3,B2,C3,D2,E1,F2",False,1.0,806445.521669825,-9.248938284994523
1088,True,"A3,B2,C3,D1,E1,F2",True,0.0,5136.60002807038,-1.6269742630913129
1089,True,"A3,B2,C3,D1,E1,F2",True,0.0,395483.8965198366,-8.21810772696307
1090,True,"A4,B2,C3,D2,E3,F2",False,3.0,922939.5034258089,-10.076128589318024
1091,True,"A4,B2,C3,D2,E3,F2",False,3.0,729833.4657907791,-12.150598787115285
1092,True,"A3,B2,C3,D1,E1,F2",True,0.0,180749.13892200615,-5.751530631374834
1093,True,"A4,B2,C3,D2,E2,F1",False,4.0,492663.2516027675,-8.748305203825126
1094,True,"A4,B2,C3,D2,E3,F2",False,3.0,486303.9091083139,-11.058735928990131
1095,True,"A3,B2,C3,D1,E1,F1",False,1.0,25762.08924328293,-4.756302579349324
1096,True,"A4,B2,C3,D2,E3,F2",False,3.0,808255.5855614516,-10.63466413053802
1097,True,"A3,B2,C3,D1,E1,F2",True,0.0,785438.5853166654,-9.689247094759487
1098,True,"A3,B2,C3,D2,E1,F3",False,2.0,46447.25283943354,-4.177706247790638
1099,True,"A3,B2,C3,D1,E1,F2",True,0.0,1346141.7650584043,-12.442849680047061
1100,True,"A4,B2,C3,D2,E2,F1",False,4.0,486762.44919206057,-9.511363714900426
1101,True,"A4,B2,C3,D2,E2,F1",False,4.0,327319.7159075817,-8.735784591954527
1102,True,"A3,B2,C3,D1,E1,F2",True,0.0,366615.11128511676,-9.217636846193457
1103,True,"A3,B2,C3,D1,E1,F2",True,0.0,2803021.8166683894,-14.722010268027844
1104,True,"A3,B2,C3,D1,E1,F1",False,1.0,19675.50176037576,-4.062665325043454
1105,True,"A3,B2,C3,D1,E1,F2",True,0.0,620547.877321555,-7.345287062477723
1106,True,"A3,B2,C3,D2,E1,F3",False,2.0,96200.55388663536,-6.410425696801099
1107,True,"A3,B2,C3,D1,E1,F2",True,0.0,343693.01000235666,-9.037729149148802
1108,True,"A3,B2,C3,D2,E1,F3",False,2.0,252307.2293105379,-6.896314284573776
1109,True,"A4,B2,C3,D2,E3,F2",False,3.0,2148335.956076258,-14.026556026007064
1110,True,"A3,B2,C3,D2,E1,F2",False,1.0,4319293.071606213,-16.339353424283274
1111,True,"A4,B2,C3,D2,E3,F2",False,3.0,985185.0491826535,-10.000206499726488
1112,True,"A3,B2,C3,D1,E1,F2",True,0.0,472137.3917854064,-8.433504890487924
1113,True,"A3,B2,C3,D2,E1,F1",False,2.0,2176005.406321209,-14.650112729608338
1114,True,"A4,B2,C3,D2,E3,F1",False,4.0,99692.85009915999,-5.873954162283624
1115,True,"A3,B2,C3,D2,E1,F3",False,2.0,1133965.6575689444,-11.630167651734574
1116,True,"A3,B2,C3,D2,E1,F2",False,1.0,2928813.229017374,-14.526533915767743
1117,True,"A3,B2,C3,D1,E1,F2",True,0.0,116178.56038707023,-5.661553601672097
1118,True,"A3,B2,C3,D2,E1,F3",False,2.0,100536.17679706441,-5.365978540986745
1119,True,"A3,B2,C3,D2,E1,F2",False,1.0,819243.8926820556,-9.957343177037501
1120,True,"A3,B2,C3,D1,E1,F2",True,0.0,756312.281045207,-9.665988520885286
1121,True,"A3,B2,C3,D1,E1,F2",True,0.0,882341.487549176,-11.916446480792786
1122,True,"A3,B2,C3,D2,E1,F1",False,2.0,442948.83866932266,-7.999474900746435
1123,True,"A3,B2,C3,D1,E1,F2",True,0.0,152587.73601232792,-6.129573071915473
1124,True,"A3,B2,C3,D1,E1,F2",True,0.0,70681.98921748642,-4.939764076483556
1125,True,"A4,B2,C3,D2,E2,F1",False,4.0,2740567.3802654906,-16.554890995643042
1126,True,"A4,B2,C3,D2,E3,F2",False,3.0,1036815.2186709624,-10.783604466796945
1127,True,"A3,B2,C3,D1,E1,F2",True,0.0,172348.635896954,-8.155442177130226
1128,True,"A3,B2,C3,D1,E1,F2",True,0.0,124285.29908483115,-6.7856401931268095
1129,True,"A3,B2,C3,D1,E1,F2",True,0.0,2570722.369613639,-14.766144996378202
1130,True,"A3,B2,C3,D1,E1,F2",True,0.0,923006.0993531749,-10.046372439839345
1131,True,"A3,B2,C3,D1,E1,F2",True,0.0,2796063.5203436236,-12.97175255688893
1132,True,"A4,B2,C3,D2,E3,F2",False,3.0,1192426.6319649718,-11.174844693047284
1133,True,"A3,B2,C3,D2,E1,F3",False,2.0,2072675.2981396874,-14.10543609340997
1134,True,"A3,B2,C3,D1,E1,F2",True,0.0,2108849.102657137,-11.975152692901332
1135,True,"A3,B2,C3,D1,E1,F2",True,0.0,353426.46132381394,-8.537707278100811
1136,True,"A3,B2,C3,D1,E1,F2",True,0.0,2715738.7802222874,-14.912822172843242
1137,True,"A4,B2,C3,D2,E3,F1",False,4.0,1435365.8314162048,-13.977633250467179
1138,True,"A4,B2,C3,D2,E2,F1",False,4.0,146369.9702524135,-5.922914352392496
1139,True,"A3,B2,C3,D2,E1,F1",False,2.0,1253560.6726660677,-10.28990199774774
1140,True,"A3,B2,C3,D1,E1,F2",True,0.0,154110.104812538,-5.873404733261651
1141,True,"A3,B2,C3,D1,E1,F2",True,0.0,2293342.317201446,-13.131275197447096
1142,True,"A3,B2,C3,D1,E1,F2",True,0.0,968655.5458422023,-11.281675829933398
1143,True,"A4,B2,C3,D2,E3,F2",False,3.0,370959.2834063432,-7.207469388272202
1144,True,"A3,B2,C3,D2,E2,F3",False,3.0,2155550.190005542,-14.1665480687357
1145,True,"A4,B2,C3,D2,E3,F2",False,3.0,2926099.950327498,-16.014915229583522
1146,True,"A4,B2,C3,D2,E3,F1",False,4.0,63243.6588047418,-5.342005991380461
1147,True,"A4,B2,C3,D2,E3,F2",False,3.0,687247.4255603653,-10.877033258316672
1148,True,"A3,B2,C3,D1,E1,F2",True,0.0,2125799.2890478587,-13.955029093781683
1149,True,"A3,B2,C3,D2,E1,F3",False,2.0,152837.49358744198,-6.38378090494686
1150,True,"A4,B2,C3,D2,E3,F2",False,3.0,3665193.1893875417,-15.82544448117293
1151,True,"A4,B2,C3,D2,E3,F2",False,3.0,309311.5579324649,-9.141284794939054
1152,True,"A3,B2,C3,D2,E1,F2",False,1.0,3344960.838565407,-14.40585131113346
1153,True,"A3,B2,C3,D2,E1,F1",False,2.0,1667108.4608743687,-11.967321109270983
1154,True,"A4,B2,C3,D2,E3,F2",False,3.0,301583.3633060041,-7.677482866633554
1155,True,"A3,B2,C3,D2,E1,F3",False,2.0,842217.5933046391,-10.120156575496836
1156,True,"A3,B2,C3,D2,E1,F2",False,1.0,4431932.544581195,-15.091453911888884
1157,True,"A4,B2,C3,D2,E3,F2",False,3.0,862232.5017704701,-11.988816971181336
1158,True,"A3,B2,C3,D2,E1,F3",False,2.0,941666.0072067376,-10.22634975984549
1159,True,"A3,B2,C3,D1,E1,F2",True,0.0,1536202.095323098,-11.79115686056619
1160,True,"A4,B2,C3,D2,E3,F1",False,4.0,27856.111262981656,-5.145632477953882
1161,True,"A4,B2,C3,D2,E2,F1",False,4.0,216849.30229739382,-8.527269629138445
1162,True,"A3,B2,C3,D1,E1,F2",True,0.0,36757.14810351783,-3.610991509201881
1163,True,"A4,B2,C3,D2,E3,F1",False,4.0,447497.1753518401,-8.574971048069472
1164,True,"A3,B2,C3,D2,E1,F3",False,2.0,207825.54993563917,-6.837105240081669
1165,True,"A4,B2,C3,D2,E3,F1",False,4.0,6349.748397826283,-3.0636907886933216
1166,True,"A4,B2,C3,D2,E2,F1",False,4.0,1568827.561261734,-13.761305336086657
1167,True,"A3,B2,C3,D2,E1,F1",False,2.0,139618.62915601494,-7.21643529214866
1168,True,"A3,B2,C3,D2,E1,F2",False,1.0,5418230.285520196,-14.70972947970202
1169,True,"A3,B2,C3,D2,E1,F1",False,2.0,2937389.122840337,-15.334864526594359
1170,True,"A3,B2,C3,D1,E1,F2",True,0.0,1165945.059605216,-10.434941225806305
1171,True,"A4,B2,C3,D2,E3,F2",False,3.0,3358541.1504326696,-17.39992369449996
1172,True,"A3,B2,C3,D2,E1,F2",False,1.0,775117.5071832042,-9.642975378705216
1173,True,"A3,B2,C3,D1,E1,F2",True,0.0,27858.518261793157,-3.0007445921684877
1174,True,"A3,B2,C3,D2,E1,F3",False,2.0,356118.6831983547,-8.396171420949472
1175,True,"A3,B2,C3,D1,E1,F2",True,0.0,718895.2441586184,-10.210213913976958
1176,True,"A3,B2,C3,D1,E1,F2",True,0.0,371909.4872152102,-10.30822522869866
1177,True,"A4,B2,C3,D2,E3,F2",False,3.0,1246427.4887948008,-12.328806588519882
1178,True,"A4,B2,C3,D2,E3,F2",False,3.0,1262655.2416577765,-10.40947351893621
1179,True,"A3,B2,C3,D1,E1,F2",True,0.0,180991.1317980053,-6.835312523308161
1180,True,"A4,B2,C3,D2,E2,F1",False,4.0,14711.493028667292,-3.8901462555632946
1181,True,"A3,B2,C3,D1,E1,F2",True,0.0,229650.93129372475,-8.090217394961684
1182,True,"A3,B2,C3,D2,E1,F2",False,1.0,1800680.2627405322,-12.468762966816456
1183,True,"A3,B2,C3,D2,E1,F2",False,1.0,4924453.467168026,-15.189279564508254
1184,True,"A3,B2,C3,D2,E1,F1",False,2.0,1073033.6197145963,-10.290843754553507
1185,True,"A4,B2,C3,D2,E3,F2",False,3.0,262999.61231768026,-8.478974750134881
1186,True,"A3,B2,C3,D2,E1,F3",False,2.0,704677.7191410873,-10.45497688354407
1187,True,"A3,B2,C3,D2,E1,F2",False,1.0,2578466.7561740973,-13.262991209028925
1188,True,"A4,B2,C3,D2,E3,F2",False,3.0,21210.976355781488,-2.3327079027952493
1189,True,"A3,B2,C3,D1,E1,F2",True,0.0,1897343.522851101,-12.980874442500749
1190,True,"A3,B2,C3,D1,E1,F1",False,1.0,31227.460026425833,-4.393166006771622
1191,True,"A3,B2,C3,D2,E1,F3",False,2.0,46223.53657897305,-4.9844176970728284
1192,True,"A3,B2,C3,D1,E1,F2",True,0.0,1107300.4891016595,-12.121866528896497
1193,True,"A4,B2,C3,D2,E3,F1",False,4.0,41573.367015829375,-4.914121963548354
1194,True,"A4,B2,C3,D2,E3,F2",False,3.0,1041900.4011829436,-10.286291876063345
1195,True,"A4,B2,C3,D2,E2,F1",False,4.0,6320.020454469404,-1.8538178464465318
1196,True,"A4,B2,C3,D2,E3,F2",False,3.0,1218381.0600480798,-12.442387139703428
1197,True,"A3,B2,C3,D2,E1,F2",False,1.0,4446668.987360974,-14.741000874399163
1198,True,"A3,B2,C3,D1,E1,F2",True,0.0,95960.21294213217,-5.054753686059428
1199,True,"A3,B2,C3,D2,E1,F2",False,1.0,2592346.80051313,-13.863734982377125
1200,True,"A4,B2,C3,D2,E3,F1",False,4.0,5863.669330010833,-1.8520122159837769
1201,True,"A3,B2,C3,D1,E1,F2",True,0.0,26830.450548336066,-2.8067573166261184
1202,True,"A3,B2,C3,D2,E1,F2",False,1.0,2375113.8787938636,-12.580279140054095
1203,True,"A3,B2,C3,D2,E1,F2",False,1.0,5759071.763935671,-16.175034141163493
1204,True,"A3,B2,C3,D1,E1,F1",False,1.0,23994.148189516498,-4.476637025878517
1205,True,"A3,B2,C3,D2,E1,F2",False,1.0,2669540.5791219105,-13.98331833925458
1206,True,"A3,B2,C3,D2,E1,F3",False,2.0,576159.3946671955,-8.49652803155162
1207,True,"A4,B2,C3,D2,E3,F1",False,4.0,38722.920269619826,-4.087648204155954
1208,True,"A3,B2,C3,D1,E1,F2",True,0.0,230783.286309563,-6.688121119280126
1209,True,"A4,B2,C3,D2,E3,F2",False,3.0,95981.5226516901,-6.415216094893694
1210,True,"A4,B2,C3,D2,E3,F2",False,3.0,23722.678498612662,-4.419737020069704
1211,True,"A4,B2,C3,D2,E3,F2",False,3.0,1098654.7589775294,-11.915902179997921
1212,True,"A3,B2,C3,D1,E1,F2",True,0.0,1581076.3200130863,-12.939252374898317
1213,True,"A3,B2,C3,D1,E1,F2",True,0.0,2895179.08704894,-15.445931591258912
1214,True,"A3,B2,C3,D1,E1,F2",True,0.0,406993.5502734217,-7.786161026634488
1215,True,"A3,B2,C3,D1,E1,F2",True,0.0,203008.9310011233,-7.553207344880079
1216,True,"A3,B2,C3,D2,E1,F3",False,2.0,859034.8911983927,-9.44388248672061
1217,True,"A3,B2,C3,D2,E1,F1",False,2.0,913144.0052848912,-12.280905248661156
1218,True,"A4,B2,C3,D2,E2,F1",False,4.0,1179262.6033155513,-13.171666476603704
1219,True,"A3,B2,C3,D1,E1,F2",True,0.0,84887.39776143586,-6.365025638068701
1220,True,"A3,B2,C3,D2,E1,F2",False,1.0,3336710.70218597,-15.165297094024154
1221,True,"A3,B2,C3,D1,E1,F2",True,0.0,3139179.849388751,-13.60837693270765
1222,True,"A4,B2,C3,D2,E3,F2",False,3.0,881679.1494168828,-12.301702474188943
1223,True,"A3,B2,C3,D1,E1,F1",False,1.0,12728.612875176354,-3.561544824867056
1224,True,"A4,B2,C3,D2,E3,F1",False,4.0,40958.14042750568,-5.414894541293577
1225,True,"A3,B2,C3,D2,E1,F2",False,1.0,1077878.6573778186,-10.839193911527282
1226,True,"A3,B2,C3,D2,E1,F1",False,2.0,164042.8544098728,-7.516072565279785
1227,True,"A3,B2,C3,D1,E1,F2",True,0.0,237396.76516326208,-8.239970295297155
1228,True,"A3,B2,C3,D2,E1,F3",False,2.0,161057.38901260708,-7.310961434517949
1229,True,"A3,B2,C3,D2,E1,F2",False,1.0,3225039.792422502,-13.937623492000704
1230,True,"A3,B2,C3,D2,E1,F2",False,1.0,1244521.512631993,-10.647820541452944
1231,True,"A3,B2,C3,D1,E1,F2",True,0.0,1124195.1309411114,-12.155725805314724
1232,True,"A3,B2,C3,D1,E1,F2",True,0.0,145214.72615491558,-5.209656088616981
1233,True,"A3,B2,C3,D1,E1,F2",True,0.0,904071.872216345,-11.222995391342799
1234,True,"A4,B2,C3,D2,E3,F1",False,4.0,15200.845826880997,-3.3295076943660575
1235,True,"A3,B2,C3,D2,E1,F3",False,2.0,295421.9821850709,-8.308870773386516
1236,True,"A4,B2,C3,D2,E3,F2",False,3.0,236115.97204452788,-8.880222674477054
1237,True,"A4,B2,C3,D2,E3,F1",False,4.0,317507.12163258385,-9.900218653340644
1238,True,"A4,B2,C3,D2,E1,F2",False,2.0,455679.851097295,-9.469555268411625
1239,True,"A3,B2,C3,D2,E1,F3",False,2.0,1869799.9595111513,-13.627080908467569
1240,True,"A4,B2,C3,D2,E3,F2",False,3.0,53235.84408935902,-5.011638494374793
1241,True,"A3,B2,C3,D1,E1,F2",True,0.0,47822.41742167524,-5.72030712682421
1242,True,"A4,B2,C3,D2,E2,F1",False,4.0,727075.1385387706,-11.43953427921494
1243,True,"A4,B2,C3,D2,E3,F2",False,3.0,2773480.887932926,-14.60068464761617
1244,True,"A4,B2,C3,D2,E3,F1",False,4.0,170791.31283898643,-8.126599495354938
1245,True,"A4,B2,C3,D2,E3,F2",False,3.0,191179.9588593882,-5.9600258818900755
1246,True,"A3,B2,C3,D2,E1,F3",False,2.0,3694.723129825765,-1.3898059777844054
1247,True,"A3,B2,C3,D1,E1,F2",True,0.0,397584.2699912358,-8.914424099587933
1248,True,"A3,B2,C3,D1,E1,F2",True,0.0,2405638.092869229,-12.132388223102431
1249,True,"A3,B2,C3,D1,E1,F1",False,1.0,94151.36213909087,-6.922817696930949
1250,True,"A4,B2,C3,D2,E3,F2",False,3.0,2152156.9658383303,-15.358313974753642
1251,True,"A3,B2,C3,D1,E1,F2",True,0.0,16858.505777681956,-4.42835394644726
1252,True,"A4,B2,C3,D2,E3,F1",False,4.0,15410.049668936947,-4.358346880192826
1253,True,"A4,B2,C3,D2,E3,F2",False,3.0,111192.59321429917,-5.286983803628104
1254,True,"A3,B2,C3,D2,E1,F1",False,2.0,861525.7453333567,-10.110104456989525
1255,True,"A3,B2,C3,D2,E1,F3",False,2.0,1419872.8649916376,-12.198007621392115
1256,True,"A3,B2,C3,D2,E1,F1",False,2.0,904305.2057974077,-11.189788096178617
1257,True,"A3,B2,C3,D1,E1,F2",True,0.0,161341.94519875193,-6.911226223071225
1258,True,"A4,B2,C3,D2,E3,F2",False,3.0,135170.70635097803,-7.181749004291262
1259,True,"A3,B2,C3,D1,E1,F2",True,0.0,2894281.715272618,-12.649608622932043
1260,True,"A3,B2,C3,D2,E1,F1",False,2.0,305622.61250834283,-7.199459690571587
1261,True,"A4,B2,C3,D2,E3,F1",False,4.0,36965.861896445116,-5.127713373876844
1262,True,"A3,B2,C3,D2,E1,F3",False,2.0,8918.227517702198,-2.2915836567383536
1263,True,"A4,B2,C3,D2,E3,F1",False,4.0,480618.78485824174,-9.262263073679435
1264,True,"A4,B2,C3,D2,E3,F1",False,4.0,57358.26251564678,-5.819819023378798
1265,True,"A3,B2,C3,D2,E1,F3",False,2.0,3255428.999860765,-14.172454139620989
1266,True,"A4,B2,C3,D2,E3,F2",False,3.0,279881.00400383904,-8.611895669666396
1267,True,"A4,B2,C3,D2,E3,F1",False,4.0,13232.791198317032,-3.6248191234032134
1268,True,"A3,B2,C3,D2,E1,F2",False,1.0,4589810.540664929,-15.022658484869673
1269,True,"A3,B2,C3,D2,E1,F1",False,2.0,73013.31554804307,-5.733981469970445
1270,True,"A4,B2,C3,D2,E3,F2",False,3.0,865711.746620406,-11.729162791185928
1271,True,"A4,B2,C3,D2,E3,F2",False,3.0,287710.3732195534,-8.733510198608869
1272,True,"A4,B2,C3,D2,E3,F1",False,4.0,11650.998137563158,-2.586039248757885
1273,True,"A3,B2,C3,D2,E1,F2",False,1.0,2249560.4201246602,-13.280709223051502
1274,True,"A4,B2,C3,D2,E3,F2",False,3.0,207412.64684922775,-6.348710340736105
1275,True,"A4,B2,C3,D2,E3,F1",False,4.0,350309.3976849435,-9.478202056300205
1276,True,"A3,B2,C3,D2,E1,F3",False,2.0,7916.395393506036,-1.9624272244488026
1277,True,"A3,B2,C3,D2,E1,F2",False,1.0,4992930.608056554,-15.908375772734288
1278,True,"A4,B2,C3,D2,E3,F2",False,3.0,2342284.539385407,-15.039310794858736
1279,True,"A3,B2,C3,D2,E1,F3",False,2.0,1450671.7982247153,-12.175260980787293
1280,True,"A3,B2,C3,D2,E1,F3",False,2.0,163108.60671253514,-6.627024315604984
1281,True,"A4,B2,C3,D2,E3,F2",False,3.0,65586.84439876261,-4.674777569367279
1282,True,"A3,B2,C3,D2,E1,F3",False,2.0,1365861.4534777866,-10.866151654737493
1283,True,"A3,B2,C3,D1,E1,F2",True,0.0,651075.8143442313,-9.804136659651185
1284,True,"A3,B2,C3,D1,E1,F2",True,0.0,1456585.2264896613,-10.842281226126659
1285,True,"A3,B2,C3,D2,E1,F3",False,2.0,1018430.7206748883,-9.367202378631923
1286,True,"A3,B2,C3,D2,E1,F2",False,1.0,3028785.17372564,-14.859610553525044
1287,True,"A3,B2,C3,D2,E1,F2",False,1.0,1997881.5450913634,-13.480808578811292
1288,True,"A3,B2,C3,D1,E1,F1",False,1.0,14966.341576961175,-2.7887505583280046
1289,True,"A3,B2,C3,D1,E1,F2",True,0.0,219249.6512675615,-6.766350747289792
1290,True,"A4,B2,C3,D2,E2,F1",False,4.0,478694.07361572294,-9.53312572446005
1291,True,"A4,B2,C3,D2,E2,F1",False,4.0,578316.1788688045,-10.311980565263909
1292,True,"A3,B2,C3,D2,E1,F2",False,1.0,3683329.79432387,-14.273830916477337
1293,True,"A4,B2,C3,D2,E3,F2",False,3.0,642679.2784354003,-9.480521928392214
1294,True,"A4,B2,C3,D2,E3,F2",False,3.0,457919.81799080793,-9.549342885771608
1295,True,"A3,B2,C3,D1,E1,F2",True,0.0,415938.72055430803,-9.126388530220439
1296,True,"A3,B2,C3,D2,E1,F3",False,2.0,585479.7399230564,-8.742518051336262
1297,True,"A3,B2,C3,D2,E1,F3",False,2.0,2151598.3727549776,-13.272354194087484
1298,True,"A3,B2,C3,D1,E1,F2",True,0.0,403997.185921072,-8.378319785959135
1299,True,"A4,B2,C3,D2,E2,F1",False,4.0,758429.7210311586,-10.07316646291821
1300,True,"A3,B2,C3,D1,E1,F1",False,1.0,14395.240589467554,-3.958831038855209
1301,True,"A4,B2,C3,D2,E3,F1",False,4.0,15733.699941556873,-2.4852898171144346
1302,True,"A3,B2,C3,D1,E1,F2",True,0.0,1197358.8600182545,-11.231497344914551
1303,True,"A3,B2,C3,D1,E1,F2",True,0.0,1852464.1616717197,-12.823946382084067
1304,True,"A3,B2,C3,D1,E1,F2",True,0.0,26253.316036673787,-2.684272573530464
1305,True,"A4,B2,C3,D2,E3,F1",False,4.0,78372.02723364001,-7.318152896345012
1306,True,"A4,B2,C3,D2,E3,F2",False,3.0,32732.919112791435,-4.471250300594988
1307,True,"A3,B2,C3,D1,E1,F1",False,1.0,34684.86053947428,-3.9800037322228263
1308,True,"A4,B2,C3,D2,E3,F2",False,3.0,1555003.2434505015,-12.720047015358261
1309,True,"A3,B2,C3,D1,E1,F2",True,0.0,4711.10851309321,-0.9573719906685199
1310,True,"A3,B2,C3,D1,E1,F2",True,0.0,431167.3141223104,-7.574463525593671
1311,True,"A4,B2,C3,D2,E3,F1",False,4.0,21859.331396046557,-4.273106847638985
1312,True,"A3,B2,C3,D2,E1,F1",False,2.0,1450055.1604823633,-11.008084833306398
1313,True,"A4,B2,C3,D2,E3,F2",False,3.0,921194.7870104077,-11.632613232743765
1314,True,"A3,B2,C3,D1,E1,F2",True,0.0,490914.7293427895,-9.600423598299585
1315,True,"A3,B2,C3,D2,E1,F2",False,1.0,1473977.2842617037,-11.14427590232107
1316,True,"A3,B2,C3,D1,E1,F2",True,0.0,18025.250398614404,-2.098523069710396
1317,True,"A4,B2,C3,D2,E3,F2",False,3.0,88054.02491209979,-5.969425234609361
1318,True,"A4,B2,C3,D2,E3,F1",False,4.0,212207.0312787677,-8.863322586636471
1319,True,"A4,B2,C3,D2,E3,F2",False,3.0,21022.786496740093,-3.544909947091398
1320,True,"A3,B2,C3,D2,E1,F3",False,2.0,27468.359353094165,-4.03989349201359
1321,True,"A4,B2,C3,D2,E3,F2",False,3.0,2568289.665706849,-14.570345939080681
1322,True,"A3,B2,C3,D2,E1,F2",False,1.0,2617388.4820247083,-12.253762364595545
1323,True,"A3,B2,C3,D2,E1,F2",False,1.0,3176641.1161300074,-16.270087016128514
1324,True,"A3,B2,C3,D2,E1,F2",False,1.0,4114263.8067758833,-15.613739171102843
1325,True,"A3,B2,C3,D1,E1,F2",True,0.0,139391.15583396086,-5.725471513285186
1326,True,"A3,B2,C3,D1,E1,F2",True,0.0,1109329.9541176616,-12.037490136201491
1327,True,"A3,B2,C3,D2,E1,F2",False,1.0,4280697.516109291,-15.253280180686644
1328,True,"A3,B2,C3,D1,E1,F2",True,0.0,67821.47793989241,-3.894545050816987
1329,True,"A4,B2,C3,D2,E3,F2",False,3.0,3086307.44958411,-15.364091425670921
1330,True,"A3,B2,C3,D2,E1,F1",False,2.0,1557080.432490672,-13.539395017940663
1331,True,"A3,B2,C3,D2,E1,F3",False,2.0,839623.0282092018,-10.811138895815546
1332,True,"A3,B2,C3,D2,E1,F3",False,2.0,488555.9423303051,-9.06753441147849
1333,True,"A3,B2,C3,D2,E1,F2",False,1.0,227599.16383620657,-6.691441216704163
1334,True,"A3,B2,C3,D2,E1,F1",False,2.0,459492.72273975215,-9.28048939430731
1335,True,"A3,B2,C3,D2,E1,F2",False,1.0,1964995.7879321887,-13.26859509724833
1336,True,"A4,B2,C3,D2,E3,F2",False,3.0,3161996.955469355,-16.04231083767707
1337,True,"A3,B2,C3,D1,E1,F2",True,0.0,214625.31058612108,-7.00055429345511
1338,True,"A3,B2,C3,D1,E1,F2",True,0.0,4042148.778215764,-16.433232433177245
1339,True,"A3,B2,C3,D2,E1,F3",False,2.0,216943.17281223452,-7.152062527253733
1340,True,"A4,B2,C3,D2,E3,F2",False,3.0,1485706.846460005,-13.444208752079575
1341,True,"A3,B2,C3,D2,E1,F2",False,1.0,4383554.690184369,-13.746900520605742
1342,True,"A4,B2,C3,D2,E2,F1",False,4.0,903269.782538292,-10.289243698563403
1343,True,"A4,B2,C3,D2,E3,F2",False,3.0,1481639.8331316537,-11.087776263640201
1344,True,"A3,B2,C3,D1,E1,F2",True,0.0,1755145.9325610453,-11.22064069887277
1345,True,"A3,B2,C3,D1,E1,F2",True,0.0,562393.1967995506,-9.301987857841311
1346,True,"A3,B2,C3,D2,E1,F2",False,1.0,681847.6959621864,-8.068764586389733
1347,True,"A4,B2,C3,D2,E3,F2",False,3.0,357824.0238595445,-8.565930480263376
1348,True,"A3,B2,C3,D2,E1,F2",False,1.0,4298951.6805084115,-16.64745978331775
1349,True,"A3,B2,C3,D2,E1,F3",False,2.0,100833.05795754572,-5.569718827327321
1350,True,"A3,B2,C3,D2,E1,F3",False,2.0,456206.2829250973,-8.158624553738264
1351,True,"A4,B2,C3,D2,E3,F2",False,3.0,268497.24728066474,-7.680867831358071
1352,True,"A3,B2,C3,D2,E1,F1",False,2.0,616706.1814426866,-9.413314401947517
1353,True,"A3,B2,C3,D1,E1,F1",False,1.0,110390.56802312491,-6.673334174544749
1354,True,"A3,B2,C3,D2,E1,F3",False,2.0,109328.69112084636,-6.529808162171761
1355,True,"A4,B2,C3,D2,E3,F2",False,3.0,1351386.3923397802,-11.755990373646469
1356,True,"A3,B2,C3,D1,E1,F2",True,0.0,1033791.088997528,-11.400295725656846
1357,True,"A3,B2,C3,D2,E1,F2",False,1.0,5271208.440793681,-15.20035357388138
1358,True,"A3,B2,C3,D1,E1,F1",False,1.0,46173.09675381863,-4.731262408680934
1359,True,"A4,B2,C3,D2,E2,F1",False,4.0,2285502.157394933,-13.842808874146506
1360,True,"A4,B2,C3,D2,E3,F2",False,3.0,2364856.7756650746,-13.629968009813382
1361,True,"A3,B2,C3,D1,E1,F2",True,0.0,2893291.297111831,-13.261350919117817
1362,True,"A3,B2,C3,D1,E1,F2",True,0.0,280722.3246871632,-7.693233751008449
1363,True,"A4,B2,C3,D2,E3,F2",False,3.0,3042068.66791888,-15.032378483017744
1364,True,"A3,B2,C3,D2,E1,F1",False,2.0,1489497.6055643132,-12.846649566019607
1365,True,"A3,B2,C3,D1,E1,F2",True,0.0,33386.46392496704,-2.4392622277239724
1366,True,"A3,B2,C3,D1,E1,F2",True,0.0,426859.0295575322,-8.821085297458737
1367,True,"A4,B2,C3,D2,E3,F1",False,4.0,560297.193268839,-9.300726021048021
1368,True,"A4,B2,C3,D2,E3,F2",False,3.0,144629.0885781554,-5.705518616397285
1369,True,"A3,B2,C3,D1,E1,F2",True,0.0,102850.47044754133,-5.64035495817879
1370,True,"A4,B2,C3,D2,E2,F1",False,4.0,39528.307017859544,-4.543006084472154
1371,True,"A3,B2,C3,D2,E1,F2",False,1.0,1535045.8926490427,-12.420941214622111
1372,True,"A4,B2,C3,D2,E3,F2",False,3.0,517598.24531695974,-9.25934825441422
1373,True,"A4,B2,C3,D2,E3,F1",False,4.0,14114.87190263409,-3.628508491296415
1374,True,"A3,B2,C3,D2,E1,F1",False,2.0,737110.6738074897,-10.892673944391511
1375,True,"A3,B2,C3,D2,E1,F3",False,2.0,558659.8781973645,-8.955415909837512
1376,True,"A4,B2,C3,D2,E3,F2",False,3.0,759495.2312490005,-10.785556585982683
1377,True,"A3,B2,C3,D1,E1,F1",False,1.0,20120.916518514896,-3.3566297499901907
1378,True,"A3,B2,C3,D2,E1,F2",False,1.0,4015954.11912299,-15.317207866623882
1379,True,"A4,B2,C3,D2,E3,F1",False,4.0,45748.73062571248,-6.103625472381495
1380,True,"A3,B2,C3,D2,E1,F3",False,2.0,1193803.947483855,-11.246226612786316
1381,True,"A4,B2,C3,D2,E2,F1",False,4.0,18055.20601650912,-3.4266027728965014
1382,True,"A3,B2,C3,D2,E1,F1",False,2.0,1630384.2069966295,-12.068608754318902
1383,True,"A4,B2,C3,D2,E3,F1",False,4.0,1323094.8356628693,-13.825165389656
1384,True,"A3,B2,C3,D1,E1,F2",True,0.0,2074185.5885771315,-13.601403551223093
1385,True,"A3,B2,C3,D1,E1,F2",True,0.0,410174.3930141263,-7.724920803714326
1386,True,"A4,B2,C3,D2,E3,F2",False,3.0,1251236.889615989,-13.330211300445335
1387,True,"A4,B2,C3,D2,E3,F2",False,3.0,1963286.144123092,-13.838446726619495
1388,True,"A4,B2,C3,D2,E3,F1",False,4.0,235647.78193576747,-8.123622396339897
1389,True,"A4,B2,C3,D2,E3,F2",False,3.0,2859264.3629082926,-15.759516778571943
1390,True,"A3,B2,C3,D2,E1,F3",False,2.0,4367342.996525686,-15.556783590420316
1391,True,"A3,B2,C3,D1,E1,F1",False,1.0,128479.6389337921,-6.702778781633029
1392,True,"A4,B2,C3,D2,E3,F2",False,3.0,1014393.2251377382,-10.986024449998041
1393,True,"A3,B2,C3,D1,E1,F1",False,1.0,19715.7694641354,-3.969647242764367
1394,True,"A4,B2,C3,D2,E3,F2",False,3.0,2128253.2602905417,-12.640402094198677
1395,True,"A3,B2,C3,D2,E1,F3",False,2.0,270870.59443262656,-7.669679498833759
1396,True,"A3,B2,C3,D2,E1,F3",False,2.0,62234.09529466521,-5.096189076921831
1397,True,"A3,B2,C3,D2,E1,F1",False,2.0,2237252.5026065814,-12.852932113609043
1398,True,"A3,B2,C3,D2,E1,F3",False,2.0,543698.2377213234,-8.555860270371298
1399,True,"A3,B2,C3,D2,E1,F3",False,2.0,239526.95195625685,-5.740527308311343
1400,True,"A4,B2,C3,D2,E3,F1",False,4.0,211987.29303203768,-8.985484400314945
1401,True,"A3,B2,C3,D2,E1,F3",False,2.0,321723.95879222633,-7.666094462104695
1402,True,"A3,B2,C3,D2,E1,F3",False,2.0,201521.66809017846,-5.775014283479138
1403,True,"A3,B2,C3,D1,E1,F1",False,1.0,31151.39949241322,-4.212402315263645
1404,True,"A3,B2,C3,D2,E1,F3",False,2.0,1760305.2347942647,-13.523383115064732
1405,True,"A3,B2,C3,D2,E1,F1",False,2.0,445993.1892726802,-8.877606059943261
1406,True,"A3,B2,C3,D2,E3,F3",False,3.0,3147411.43194075,-14.364583693885152
1407,True,"A3,B2,C3,D2,E1,F3",False,2.0,49566.4188334704,-3.657288159912312
1408,True,"A3,B2,C3,D1,E1,F2",True,0.0,1903790.1051709773,-12.409470663196878
1409,True,"A4,B2,C3,D2,E3,F2",False,3.0,2770004.1468697316,-14.684003029502186
1410,True,"A3,B2,C3,D1,E1,F2",True,0.0,50064.838564434256,-3.748039129098302
1411,True,"A4,B2,C3,D2,E3,F2",False,3.0,3174657.4434084604,-16.077329610821657
1412,True,"A3,B2,C3,D1,E1,F2",True,0.0,48408.424095583505,-4.40378241431867
1413,True,"A4,B2,C3,D2,E3,F1",False,4.0,7033.167482600862,-2.187144770401929
1414,True,"A4,B2,C3,D2,E3,F2",False,3.0,28973.368244895417,-3.3100345991544344
1415,True,"A3,B2,C3,D2,E1,F3",False,2.0,425189.29280780925,-9.294172221455412
1416,True,"A3,B2,C3,D2,E1,F2",False,1.0,1028067.2624984407,-10.46981379796211
1417,True,"A4,B2,C3,D2,E3,F1",False,4.0,206317.46181490525,-6.975677014636602
1418,True,"A3,B2,C3,D2,E1,F1",False,2.0,1983356.1571348517,-13.058679929989353
1419,True,"A3,B2,C3,D2,E1,F3",False,2.0,1383779.8451475985,-11.925205267442017
1420,True,"A3,B2,C3,D1,E1,F2",True,0.0,32133.273399833026,-4.290839462507236
1421,True,"A3,B2,C3,D2,E1,F3",False,2.0,16310.083372214704,-2.5305458407072194
1422,True,"A3,B2,C3,D1,E1,F1",False,1.0,91663.14133442803,-5.310025078802582
1423,True,"A3,B2,C3,D1,E1,F2",True,0.0,96509.62191164155,-5.45099213193491
1424,True,"A3,B2,C3,D1,E1,F2",True,0.0,196234.70338174366,-6.1594564592961945
1425,True,"A3,B2,C3,D2,E1,F2",False,1.0,1747121.5172527824,-13.199443290053956
1426,True,"A3,B2,C3,D1,E1,F2",True,0.0,33945.87518394824,-3.7218158621152497
1427,True,"A3,B2,C3,D1,E1,F2",True,0.0,568307.4689670408,-8.493906620451511
1428,True,"A3,B2,C3,D2,E1,F3",False,2.0,1350357.379833115,-12.386741528095953
1429,True,"A3,B2,C3,D2,E1,F3",False,2.0,110608.18384746117,-5.153600115011898
1430,True,"A3,B2,C3,D1,E1,F1",False,1.0,59712.747905988945,-5.8429630813786275
1431,True,"A4,B2,C3,D2,E3,F2",False,3.0,1974822.6931091459,-13.125747275812707
1432,True,"A3,B2,C3,D1,E1,F2",True,0.0,2189848.7503685383,-12.490093857795046
1433,True,"A3,B2,C3,D2,E1,F2",False,1.0,2270194.0220600264,-13.59066850123775
1434,True,"A3,B2,C3,D2,E1,F1",False,2.0,1163132.1646641388,-11.665584427695933
1435,True,"A3,B2,C3,D2,E1,F3",False,2.0,388733.0909844408,-8.098360997385313
1436,True,"A4,B2,C3,D2,E3,F2",False,3.0,360555.1439896139,-9.374743658316902
1437,True,"A4,B2,C3,D2,E2,F1",False,4.0,658079.865391422,-11.030613657022045
1438,True,"A3,B2,C3,D1,E1,F2",True,0.0,2822674.1497956556,-14.30833152769739
1439,True,"A3,B2,C3,D2,E1,F1",False,2.0,1330219.588258393,-12.241177823079276
1440,True,"A3,B2,C3,D2,E1,F3",False,2.0,2490115.104243034,-14.822663339016934
1441,True,"A4,B2,C3,D2,E3,F1",False,4.0,33095.97440529706,-3.2913208478364595
1442,True,"A3,B2,C3,D1,E1,F1",False,1.0,372544.7363703554,-9.80541914164877
1443,True,"A4,B2,C3,D2,E3,F2",False,3.0,1011380.664889804,-10.620343821047342
1444,True,"A3,B2,C3,D1,E1,F2",True,0.0,17602.93875995458,-2.182542661433274
1445,True,"A4,B2,C3,D2,E3,F2",False,3.0,229077.96437630503,-8.835498268058245
1446,True,"A3,B2,C3,D1,E1,F2",True,0.0,2344682.1153248237,-14.767959598197478
1447,True,"A3,B2,C3,D1,E1,F2",True,0.0,24492.13001956483,-4.124465775959507
1448,True,"A3,B2,C3,D2,E1,F1",False,2.0,5326583.536984757,-17.11646963623201
1449,True,"A3,B2,C3,D1,E1,F2",True,0.0,1614289.8544506328,-11.849835107404218
1450,True,"A3,B2,C3,D1,E1,F2",True,0.0,514348.4979482798,-8.235492291032557
1451,True,"A3,B2,C3,D1,E1,F2",True,0.0,29364.51659948961,-5.474545889125054
1452,True,"A4,B2,C3,D2,E3,F2",False,3.0,270636.035858441,-6.925883262036251
1453,True,"A3,B2,C3,D2,E1,F3",False,2.0,42152.12748808471,-4.175111920916152
1454,True,"A3,B2,C3,D2,E1,F1",False,2.0,3344708.6226472273,-15.686289218082713
1455,True,"A3,B2,C3,D1,E1,F2",True,0.0,320522.42529928713,-7.619338278759798
1456,True,"A3,B2,C3,D2,E1,F3",False,2.0,2553823.000692224,-14.454605733492315
1457,True,"A3,B2,C3,D2,E1,F1",False,2.0,1125596.1853921935,-12.198260009844759
1458,True,"A3,B2,C3,D2,E1,F1",False,2.0,378228.4860883671,-7.634327365124818
1459,True,"A3,B2,C3,D2,E1,F2",False,1.0,4800896.788289408,-15.076788763691603
1460,True,"A3,B2,C3,D2,E1,F1",False,2.0,331916.57529067755,-8.457800765686983
1461,True,"A3,B2,C3,D2,E1,F2",False,1.0,3559422.5032904106,-16.552729711667205
1462,True,"A3,B2,C3,D2,E1,F2",False,1.0,1943202.1351286406,-11.79997862345435
1463,True,"A3,B2,C3,D2,E1,F3",False,2.0,24091.832543384953,-4.5423426755397145
1464,True,"A3,B2,C3,D2,E1,F3",False,2.0,144119.03640572837,-4.9434817200889825
1465,True,"A3,B2,C3,D2,E1,F1",False,2.0,692337.4596342314,-10.140804435506197
1466,True,"A3,B2,C3,D1,E1,F2",True,0.0,2692862.771061919,-13.710833294483471
1467,True,"A3,B2,C3,D1,E1,F2",True,0.0,390291.6493815158,-8.262772844649916
1468,True,"A3,B2,C3,D2,E1,F2",False,1.0,2600191.859075609,-13.35455025506382
1469,True,"A3,B2,C3,D1,E1,F1",False,1.0,61424.47639788578,-5.3992823975966076
1470,True,"A3,B2,C3,D2,E1,F2",False,1.0,2505933.2362012155,-12.990406513049948
1471,True,"A3,B2,C3,D2,E1,F3",False,2.0,1233697.0712196564,-10.68519428863236
1472,True,"A3,B2,C3,D1,E1,F2",True,0.0,253028.5338313184,-7.49247664313917
1473,True,"A3,B2,C3,D1,E1,F2",True,0.0,421763.96603615966,-8.457446261280836
1474,True,"A3,B2,C3,D2,E1,F2",False,1.0,3471016.138591723,-15.769223005012186
1475,True,"A4,B2,C3,D2,E2,F1",False,4.0,3593647.3999765115,-16.50791596695604
1476,True,"A4,B2,C3,D2,E2,F1",False,4.0,423858.0077154508,-9.673220754074805
1477,True,"A3,B2,C3,D1,E1,F2",True,0.0,155691.0636701411,-5.539044742833653
1478,True,"A3,B2,C3,D1,E1,F2",True,0.0,905575.760945621,-9.739385135318592
1479,True,"A3,B2,C3,D2,E1,F2",False,1.0,925968.8506270141,-9.5179524156962
1480,True,"A3,B2,C3,D2,E1,F1",False,2.0,1324671.9643506536,-12.903103295409672
1481,True,"A3,B2,C3,D1,E1,F2",True,0.0,729319.437277685,-9.877596623867028
1482,True,"A3,B2,C3,D2,E1,F2",False,1.0,567380.3920623357,-8.717175999853794
1483,True,"A3,B2,C3,D2,E1,F3",False,2.0,75963.3042711756,-4.667445538503614
1484,True,"A3,B2,C3,D2,E1,F3",False,2.0,363785.851084577,-7.532804424375925
1485,True,"A4,B2,C3,D2,E3,F2",False,3.0,614295.3070744646,-9.363190185515322
1486,True,"A4,B2,C3,D2,E3,F1",False,4.0,439489.83316375647,-10.919985094374226
1487,True,"A3,B2,C3,D2,E1,F3",False,2.0,17624.23264776478,-4.209983174602925
1488,True,"A4,B2,C3,D2,E2,F1",False,4.0,116760.25746569889,-6.571353719478466
1489,True,"A3,B2,C3,D1,E1,F1",False,1.0,3074947.6490457547,-15.260630764055719
1490,True,"A4,B2,C3,D2,E3,F2",False,3.0,1584509.451832047,-13.553862003590737
1491,True,"A4,B2,C3,D2,E3,F1",False,4.0,649385.6156878134,-9.342577049570195
1492,True,"A3,B2,C3,D2,E1,F3",False,2.0,3334017.0058103283,-14.445844153598486
1493,True,"A4,B2,C3,D2,E2,F1",False,4.0,53393.014652962745,-7.014686804962253
1494,True,"A3,B2,C3,D1,E1,F2",True,0.0,861584.1915649388,-9.726890000952999
1495,True,"A3,B2,C3,D2,E1,F2",False,1.0,1043594.6677312611,-11.783616689484191
1496,True,"A4,B2,C3,D2,E3,F2",False,3.0,2915959.082749204,-15.571778524059773
1497,True,"A3,B2,C3,D1,E1,F2",True,0.0,512604.1795661218,-9.0708506557
1498,True,"A3,B2,C3,D1,E1,F2",True,0.0,508627.7850531539,-8.473560552553735
1499,True,"A4,B2,C3,D2,E3,F2",False,3.0,2250241.7493803604,-14.705626243572297
1500,True,"A3,B2,C3,D2,E1,F1",False,2.0,2291456.3554646205,-13.68174579384548
1501,True,"A3,B2,C3,D2,E1,F1",False,2.0,2138444.8677034345,-14.617304414420069
1502,True,"A3,B2,C3,D2,E1,F3",False,2.0,19635.042093178527,-2.902719917049154
1503,True,"A4,B2,C3,D2,E3,F2",False,3.0,29891.365587978697,-3.6267724131680126
1504,True,"A3,B2,C3,D2,E1,F3",False,2.0,648565.1775286861,-9.710201228661916
1505,True,"A3,B2,C3,D2,E1,F2",False,1.0,2659139.9276112956,-13.448497837998936
1506,True,"A3,B2,C3,D2,E1,F2",False,1.0,2151063.856696715,-13.034585214577646
1507,True,"A3,B2,C3,D1,E1,F2",True,0.0,1198071.3704002884,-12.50369509706654
1508,True,"A3,B2,C3,D2,E1,F2",False,1.0,3870836.7710058466,-16.54523260761333
1509,True,"A3,B2,C3,D2,E1,F3",False,2.0,1107015.0565735055,-11.197349285056674
1510,True,"A3,B2,C3,D2,E1,F3",False,2.0,997046.8746436146,-12.714648631130991
1511,True,"A3,B2,C3,D2,E1,F3",False,2.0,497423.1373995708,-9.462354345882758
1512,True,"A3,B2,C3,D2,E1,F3",False,2.0,3196.8056735670843,-1.5911504016995224
1513,True,"A3,B2,C3,D2,E1,F2",False,1.0,4215545.258117008,-15.106386982031438
1514,True,"A4,B2,C3,D2,E3,F2",False,3.0,14785.777425486438,-2.4296062976463304
1515,True,"A3,B2,C3,D2,E1,F1",False,2.0,1771467.8648498235,-14.03797733757159
1516,True,"A4,B2,C3,D2,E3,F2",False,3.0,824432.3932768073,-10.87159307563774
1517,True,"A4,B2,C3,D2,E3,F2",False,3.0,266507.7081374958,-6.96485713318387
1518,True,"A3,B2,C3,D1,E1,F1",False,1.0,83787.67033714133,-5.252351597535579
1519,True,"A4,B2,C3,D2,E3,F1",False,4.0,12659.652475883071,-3.717706295205872
1520,True,"A3,B2,C3,D2,E1,F3",False,2.0,200370.9113138779,-7.19883721074757
1521,True,"A3,B2,C3,D1,E1,F1",False,1.0,723442.7863148277,-10.836453737568135
1522,True,"A3,B2,C3,D2,E1,F2",False,1.0,1951335.8201657985,-12.015163092789123
1523,True,"A3,B2,C3,D1,E1,F2",True,0.0,295689.4795047444,-7.739284185373535
1524,True,"A3,B2,C3,D2,E1,F3",False,2.0,899030.74275784,-10.196648592420374
1525,True,"A3,B2,C3,D1,E1,F2",True,0.0,855389.4528633687,-10.512878954331363
1526,True,"A3,B2,C3,D1,E1,F2",True,0.0,398642.4947122016,-8.52812946536082
1527,True,"A4,B2,C3,D2,E3,F2",False,3.0,27313.567864639503,-2.934191164537509
1528,True,"A3,B2,C3,D1,E1,F2",True,0.0,2596981.511112427,-12.585852038177329
1529,True,"A3,B2,C3,D2,E1,F2",False,1.0,5237396.981847957,-16.39534929188327
1530,True,"A3,B2,C3,D2,E1,F3",False,2.0,996615.3487507412,-11.860485004990274
1531,True,"A4,B2,C3,D2,E3,F2",False,3.0,202503.5394189102,-7.088487199598944
1532,True,"A3,B2,C3,D2,E1,F1",False,2.0,1465303.949334304,-13.38854982760212
1533,True,"A4,B2,C3,D2,E3,F1",False,4.0,97993.67831435814,-6.900668343695855
1534,True,"A3,B2,C3,D1,E1,F2",True,0.0,261717.50046279066,-7.893168116473703
1535,True,"A4,B2,C3,D2,E3,F2",False,3.0,2911841.733013325,-14.567908002511011
1536,True,"A3,B2,C3,D2,E1,F3",False,2.0,471389.0159756694,-8.61196938648608
1537,True,"A3,B2,C3,D1,E1,F2",True,0.0,1966099.030992929,-13.298705431639185
1538,True,"A3,B2,C3,D1,E1,F2",True,0.0,948639.8847001306,-10.38997951909947
1539,True,"A3,B2,C3,D2,E1,F2",False,1.0,3393565.100687137,-14.53482583471402
1540,True,"A3,B2,C3,D2,E1,F3",False,2.0,2257704.612901278,-13.708956105240105
1541,True,"A3,B2,C3,D2,E1,F3",False,2.0,517544.79239222495,-9.369028828132713
1542,True,"A3,B2,C3,D2,E1,F3",False,2.0,648596.6894138646,-10.466810535845852
1543,True,"A3,B2,C3,D1,E1,F1",False,1.0,113026.73830720178,-7.370774543257383
1544,True,"A3,B2,C3,D2,E1,F1",False,2.0,181231.51517834072,-6.341471685935971
1545,True,"A4,B2,C3,D2,E3,F1",False,4.0,2045972.794062388,-13.475180025554174
1546,True,"A3,B2,C3,D2,E1,F3",False,2.0,2056486.2925156064,-11.869218734525873
1547,True,"A4,B2,C3,D2,E3,F1",False,4.0,80393.28439193478,-4.895225655653277
1548,True,"A3,B2,C3,D1,E1,F2",True,0.0,2850927.1439847844,-14.476366392416516
1549,True,"A3,B2,C3,D2,E1,F3",False,2.0,2323930.3009765064,-12.203257518452048
1550,True,"A4,B2,C3,D2,E2,F1",False,4.0,899091.5069102529,-10.905188183666837
1551,True,"A3,B2,C3,D2,E1,F1",False,2.0,279509.3279261517,-7.388744072081579
1552,True,"A3,B2,C3,D2,E1,F3",False,2.0,172625.12485347746,-5.41542813348407
1553,True,"A4,B2,C3,D2,E3,F2",False,3.0,2665464.324039392,-13.652438973498967
1554,True,"A3,B2,C3,D1,E1,F2",True,0.0,1123753.2567312524,-12.600699879881084
1555,True,"A4,B2,C3,D2,E3,F1",False,4.0,2266121.5998742515,-13.913235343980304
1556,True,"A4,B2,C3,D2,E3,F2",False,3.0,2840818.933602604,-16.1548021636225
1557,True,"A3,B2,C3,D2,E1,F1",False,2.0,2801166.3180760224,-15.720023553817754
1558,True,"A3,B2,C3,D1,E1,F2",True,0.0,309591.72723901045,-9.029477555956532
1559,True,"A3,B2,C3,D1,E1,F2",True,0.0,166620.92822314368,-5.828325217171184
1560,True,"A4,B2,C3,D2,E3,F1",False,4.0,9963.364443824212,-2.9173862604819476
1561,True,"A3,B2,C3,D2,E1,F3",False,2.0,675575.2258070817,-8.210665090602276
1562,True,"A3,B2,C3,D2,E1,F2",False,1.0,3904135.2459655763,-15.502910512320675
1563,True,"A4,B2,C3,D2,E3,F2",False,3.0,577403.9589031074,-9.31077668405021
1564,True,"A3,B2,C3,D1,E1,F1",False,1.0,14632.129272283024,-3.369673892848027
1565,True,"A3,B2,C3,D1,E1,F2",True,0.0,464284.1325643203,-8.802200983825855
1566,True,"A3,B2,C3,D1,E1,F2",True,0.0,1278093.683225682,-11.239968188294284
1567,True,"A4,B2,C3,D2,E3,F2",False,3.0,3291529.233719132,-15.959207513888927
1568,True,"A4,B2,C3,D2,E3,F2",False,3.0,3585854.8407699247,-14.490963052080978
1569,True,"A3,B2,C3,D1,E1,F1",False,1.0,8546.40958224828,-1.8461338552565536
1570,True,"A3,B2,C3,D1,E1,F2",True,0.0,435522.9093859867,-7.918788287040684
1571,True,"A3,B2,C3,D2,E1,F2",False,1.0,1802537.6521794912,-12.8635061237323
1572,True,"A4,B2,C3,D2,E3,F1",False,4.0,21616.93385427931,-4.647211394563342
1573,True,"A4,B2,C3,D2,E2,F1",False,4.0,67652.68592877605,-6.128843719462907
1574,True,"A4,B2,C3,D2,E3,F2",False,3.0,1940752.124022679,-12.857090514604067
1575,True,"A3,B2,C3,D2,E1,F3",False,2.0,1841297.7584006907,-12.023205090957347
1576,True,"A3,B2,C3,D2,E1,F3",False,2.0,318070.7045869483,-8.256195474923175
1577,True,"A4,B2,C3,D2,E3,F2",False,3.0,2243676.209844578,-13.687487394505162
1578,True,"A3,B2,C3,D1,E1,F2",True,0.0,173081.17708715107,-6.175369672506932
1579,True,"A3,B2,C3,D2,E1,F3",False,2.0,1050352.0237299514,-11.200782100945332
1580,True,"A4,B2,C3,D2,E3,F2",False,3.0,3033224.331983176,-14.782857527186167
1581,True,"A3,B2,C3,D2,E1,F2",False,1.0,3799403.2082348494,-15.540556589425009
1582,True,"A4,B2,C3,D2,E3,F2",False,3.0,467440.3159199826,-9.92171152215279
1583,True,"A4,B2,C3,D2,E3,F1",False,4.0,5519.214138576469,-3.1040356573057437
1584,True,"A3,B2,C3,D2,E1,F1",False,2.0,278651.8627714098,-8.118227037847063
1585,True,"A3,B2,C3,D1,E1,F1",False,1.0,81890.40474076176,-5.290330894974218
1586,True,"A3,B2,C3,D1,E1,F2",True,0.0,2384742.5078153913,-14.175720172534142
1587,True,"A3,B2,C3,D2,E1,F3",False,2.0,4207770.304900547,-15.12283904676687
1588,True,"A3,B2,C3,D2,E1,F3",False,2.0,110365.52282074018,-6.031853741948666
1589,True,"A3,B2,C3,D2,E1,F3",False,2.0,68171.93173579653,-5.14631285067756
1590,True,"A3,B2,C3,D2,E1,F3",False,2.0,632550.4655579701,-9.584690258644997
1591,True,"A3,B2,C3,D2,E1,F3",False,2.0,60158.27194495822,-4.385272010146025
1592,True,"A3,B2,C3,D2,E1,F1",False,2.0,1350571.9829739132,-11.927865180272413
1593,True,"A3,B2,C3,D1,E1,F2",True,0.0,108336.15148918517,-5.523083141534443
1594,True,"A3,B2,C3,D2,E1,F1",False,2.0,1226779.5042512838,-13.451993184475988
1595,True,"A3,B2,C3,D2,E1,F2",False,1.0,3850516.2905963976,-13.796509295873882
1596,True,"A3,B2,C3,D2,E1,F3",False,2.0,426704.74108291575,-10.39301592960507
1597,True,"A3,B2,C3,D2,E1,F3",False,2.0,24328.237118024408,-2.451353139975396
1598,True,"A4,B2,C3,D2,E1,F2",False,2.0,104432.46809724071,-6.597817346563758
1599,True,"A3,B2,C3,D2,E1,F3",False,2.0,118626.19032034063,-5.755130977229356
1600,True,"A3,B2,C3,D2,E1,F2",False,1.0,2089156.5879112151,-12.908781725030366
1601,True,"A3,B2,C3,D2,E1,F1",False,2.0,929443.3837656729,-11.650316366828143
1602,True,"A3,B2,C3,D2,E1,F2",False,1.0,783816.6342748792,-9.621051695930014
1603,True,"A4,B2,C3,D2,E3,F2",False,3.0,762190.5118881083,-10.137068986011371
1604,True,"A4,B2,C3,D2,E3,F2",False,3.0,257324.47639166482,-7.716850720699028
1605,True,"A3,B2,C3,D1,E1,F2",True,0.0,106935.35893521516,-7.129499205763977
1606,True,"A4,B2,C3,D2,E3,F1",False,4.0,2246958.1375733986,-14.767470313791414
1607,True,"A3,B2,C3,D2,E1,F3",False,2.0,77808.33813380955,-6.155195626982604
1608,True,"A3,B2,C3,D1,E1,F2",True,0.0,199958.69176975137,-7.919562514615151
1609,True,"A3,B2,C3,D1,E1,F1",False,1.0,7059.042780989002,-2.4567245940233704
1610,True,"A4,B2,C3,D2,E3,F2",False,3.0,2488906.3664445505,-14.446091353628518
1611,True,"A3,B2,C3,D1,E1,F1",False,1.0,16582.835321122166,-3.734081747612109
1612,True,"A3,B2,C3,D1,E1,F1",False,1.0,29805.05994115635,-3.7720126948529895
1613,True,"A4,B2,C3,D2,E3,F2",False,3.0,2014896.9168524693,-14.037866366386794
1614,True,"A3,B2,C3,D1,E1,F2",True,0.0,332920.5525653351,-8.738173294750766
1615,True,"A3,B2,C3,D1,E1,F2",True,0.0,48610.07405662897,-3.2421409523664693
1616,True,"A3,B2,C3,D1,E1,F2",True,0.0,77274.88116465436,-5.5552332307059515
1617,True,"A4,B2,C3,D2,E2,F1",False,4.0,94683.61738520273,-5.040788776028933
1618,True,"A3,B2,C3,D1,E1,F2",True,0.0,312388.0866434027,-6.721047237829723
1619,True,"A3,B2,C3,D2,E1,F2",False,1.0,1469469.404617387,-11.837205405928216
1620,True,"A3,B2,C3,D1,E1,F2",True,0.0,1977813.441024806,-14.647449657527687
1621,True,"A3,B2,C3,D1,E1,F2",True,0.0,24238.974991612846,-2.882446368641311
1622,True,"A4,B2,C3,D2,E3,F2",False,3.0,1527658.8436639097,-11.795097212334326
1623,True,"A3,B2,C3,D2,E1,F1",False,2.0,3718055.6336158477,-16.250720415252452
1624,True,"A4,B2,C3,D2,E3,F2",False,3.0,118516.5705690902,-7.697419399397589
1625,True,"A3,B2,C3,D2,E1,F1",False,2.0,817053.3819944746,-10.54877698679055
1626,True,"A3,B2,C3,D1,E1,F2",True,0.0,2147181.2247065143,-13.957863719072492
1627,True,"A3,B2,C3,D2,E1,F1",False,2.0,679805.460547553,-10.60755056011952
1628,True,"A4,B2,C3,D2,E2,F1",False,4.0,2286700.338511013,-14.274822714145749
1629,True,"A3,B2,C3,D2,E1,F1",False,2.0,2113771.9349504444,-13.570118113440998
1630,True,"A4,B2,C3,D2,E2,F1",False,4.0,189321.71521369298,-6.9699753006545535
1631,True,"A3,B2,C3,D1,E1,F2",True,0.0,1863838.6180189482,-12.470350418155782
1632,True,"A3,B2,C3,D2,E1,F3",False,2.0,479231.18142437976,-8.508623704018419
1633,True,"A3,B2,C3,D2,E1,F3",False,2.0,455238.6656809324,-8.878963855150644
1634,True,"A4,B2,C3,D2,E3,F2",False,3.0,3676602.8129787403,-15.795403650973078
1635,True,"A4,B2,C3,D2,E2,F1",False,4.0,256271.73756541943,-8.226618655608704
1636,True,"A3,B2,C3,D1,E1,F2",True,0.0,232475.90312508124,-5.557193828204461
1637,True,"A3,B2,C3,D2,E1,F3",False,2.0,34129.93609387311,-4.35427186796457
1638,True,"A3,B2,C3,D1,E1,F2",True,0.0,886837.8449437005,-11.142794496764814
1639,True,"A3,B2,C3,D2,E1,F3",False,2.0,26994.958748644945,-3.760713112708771
1640,True,"A3,B2,C3,D1,E1,F2",True,0.0,111827.70978574753,-5.80413890287349
1641,True,"A3,B2,C3,D2,E1,F3",False,2.0,1246057.4088216715,-11.231144633012107
1642,True,"A4,B2,C3,D2,E3,F2",False,3.0,365140.8806136464,-8.042601231623678
1643,True,"A4,B2,C3,D2,E2,F1",False,4.0,2962619.6084062112,-15.739533536372448
1644,True,"A3,B2,C3,D2,E1,F3",False,2.0,21247.95997782506,-2.738514662799375
1645,True,"A3,B2,C3,D2,E1,F1",False,2.0,3069236.9125276343,-14.17326687725972
1646,True,"A3,B2,C3,D1,E1,F2",True,0.0,2749060.4146464104,-14.03111561066666
1647,True,"A4,B2,C3,D2,E3,F2",False,3.0,441703.6009939681,-9.678451297422427
1648,True,"A3,B2,C3,D2,E1,F3",False,2.0,356859.8381454144,-9.034252694444092
1649,True,"A3,B2,C3,D1,E1,F2",True,0.0,166972.2460094418,-6.862897530227698
1650,True,"A3,B2,C3,D2,E1,F1",False,2.0,600368.9953601017,-9.398782235798862
1651,True,"A3,B2,C3,D2,E1,F1",False,2.0,1683678.1585759756,-12.12362227429113
1652,True,"A3,B2,C3,D1,E1,F2",True,0.0,121182.11616931506,-5.068213432267328
1653,True,"A3,B2,C3,D1,E1,F2",True,0.0,795721.8132278322,-10.127229277686041
1654,True,"A4,B2,C3,D2,E3,F2",False,3.0,2209641.6765392683,-14.883403694779304
1655,True,"A3,B2,C3,D2,E1,F1",False,2.0,187808.67832179728,-5.959002119057658
1656,True,"A4,B2,C3,D2,E3,F1",False,4.0,33557.6861854981,-4.637379453264316
1657,True,"A3,B2,C3,D1,E1,F2",True,0.0,71563.88231622483,-4.835178239221477
1658,True,"A3,B2,C3,D2,E1,F1",False,2.0,2315453.424677154,-16.70014568794292
1659,True,"A3,B2,C3,D2,E1,F3",False,2.0,691534.262233735,-10.227159203696345
1660,True,"A4,B2,C3,D2,E3,F1",False,4.0,656405.7190566793,-10.39199051505534
1661,True,"A4,B2,C3,D2,E3,F2",False,3.0,1810857.8028053972,-13.057480033900923
1662,True,"A4,B2,C3,D2,E2,F1",False,4.0,742393.4115586369,-10.758434370056719
1663,True,"A4,B2,C3,D2,E3,F2",False,3.0,1300756.294679628,-12.254184336725267
1664,True,"A3,B2,C3,D2,E1,F2",False,1.0,1507414.942934715,-11.35091733306119
1665,True,"A3,B2,C3,D2,E1,F3",False,2.0,2448395.053000882,-13.980653343380169
1666,True,"A3,B2,C3,D1,E1,F2",True,0.0,939753.4987585107,-11.06246929521329
1667,True,"A4,B2,C3,D2,E2,F1",False,4.0,376114.23164347187,-9.549672740751618
1668,True,"A4,B2,C3,D2,E3,F2",False,3.0,4039282.019467326,-16.49274664704093
1669,True,"A3,B2,C3,D2,E1,F3",False,2.0,368566.0144392438,-7.178282537382344
1670,True,"A4,B2,C3,D2,E2,F1",False,4.0,197651.25539347442,-7.785675979997848
1671,True,"A3,B2,C3,D1,E1,F2",True,0.0,178751.3668850244,-6.559887892464033
1672,True,"A3,B2,C3,D1,E1,F2",True,0.0,179763.1943822113,-6.06976432999528
1673,True,"A3,B2,C3,D2,E1,F3",False,2.0,1498801.5429994778,-11.010435654884269
1674,True,"A3,B2,C3,D1,E1,F2",True,0.0,906944.8221164981,-10.540055453534329
1675,True,"A3,B2,C3,D2,E1,F2",False,1.0,1453035.5404063275,-11.597120674835324
1676,True,"A3,B2,C3,D2,E1,F3",False,2.0,769074.2757842962,-9.620729415956106
1677,True,"A3,B2,C3,D1,E1,F1",False,1.0,25626.240100539173,-5.1278648517483845
1678,True,"A3,B2,C3,D1,E1,F1",False,1.0,2590538.228861976,-16.09968087571842
1679,True,"A3,B2,C3,D2,E1,F2",False,1.0,4020963.198996222,-16.748719578296623
1680,True,"A3,B2,C3,D2,E1,F3",False,2.0,1176088.7735500073,-10.282105273455159
1681,True,"A3,B2,C3,D2,E1,F2",False,1.0,3081415.051023703,-14.130706027314439
1682,True,"A4,B2,C3,D2,E3,F2",False,3.0,1268807.625699782,-11.425381827767431
1683,True,"A4,B2,C3,D2,E3,F2",False,3.0,36638.45677573176,-3.874023609240183
1684,True,"A3,B2,C3,D2,E1,F2",False,1.0,3531638.78262066,-14.092211738791534
1685,True,"A4,B2,C3,D2,E3,F2",False,3.0,3104840.026421274,-15.049962659408571
1686,True,"A3,B2,C3,D2,E1,F2",False,1.0,2779755.9172581783,-13.991943081338825
1687,True,"A3,B2,C3,D2,E1,F2",False,1.0,4073496.907108714,-16.22640344400193
1688,True,"A4,B2,C3,D2,E3,F2",False,3.0,950460.5135979482,-11.973461925483697
1689,True,"A3,B2,C3,D2,E1,F3",False,2.0,1495324.613677676,-11.759901902889098
1690,True,"A4,B2,C3,D2,E3,F2",False,3.0,412049.1811773193,-9.145062195127451
1691,True,"A3,B2,C3,D2,E1,F2",False,1.0,2625183.6989531643,-14.29279283524209
1692,True,"A3,B2,C3,D2,E1,F2",False,1.0,2475908.4349893196,-13.903553592349681
1693,True,"A4,B2,C3,D2,E3,F2",False,3.0,158710.42494144084,-7.022941062003142
1694,True,"A4,B2,C3,D2,E3,F2",False,3.0,543375.9701606397,-8.285796140766749
1695,True,"A3,B2,C3,D2,E1,F1",False,2.0,1244791.6640355855,-9.69472012238532
1696,True,"A4,B2,C3,D2,E3,F2",False,3.0,399403.52516770473,-8.394566916446493
1697,True,"A3,B2,C3,D2,E1,F2",False,1.0,1858236.5082663728,-12.784351463766363
1698,True,"A4,B2,C3,D2,E3,F1",False,4.0,28355.31302547307,-4.968135203743174
1699,True,"A3,B2,C3,D1,E1,F2",True,0.0,1192975.3406425146,-11.356024982953876
1700,True,"A4,B2,C3,D2,E3,F1",False,4.0,26501.198539855934,-5.093956758736098
1701,True,"A3,B2,C3,D1,E1,F2",True,0.0,151347.09559564482,-5.024824841827481
1702,True,"A4,B2,C3,D2,E3,F2",False,3.0,477109.47989172395,-8.952718148232918
1703,True,"A3,B2,C3,D2,E1,F1",False,2.0,2086445.307598937,-12.83657078543267
1704,True,"A3,B2,C3,D2,E1,F3",False,2.0,2669301.0034074234,-14.931766464069867
1705,True,"A4,B2,C3,D2,E2,F1",False,4.0,2740318.8695113207,-15.262870380464037
1706,True,"A3,B2,C3,D1,E1,F2",True,0.0,604365.8310990174,-9.742119661161027
1707,True,"A3,B2,C3,D2,E1,F3",False,2.0,1252415.6076094224,-11.931313565690893
1708,True,"A4,B2,C3,D2,E2,F1",False,4.0,24318.601694761368,-4.4189650775746685
1709,True,"A4,B2,C3,D2,E3,F2",False,3.0,825860.4875860473,-9.533618915470399
1710,True,"A3,B2,C3,D2,E1,F1",False,2.0,1093328.478814094,-11.854142228184642
1711,True,"A3,B2,C3,D1,E1,F1",False,1.0,8540.552718976667,-2.3591184088660384
1712,True,"A3,B2,C3,D1,E1,F2",True,0.0,1215865.965772635,-11.39644730313529
1713,True,"A3,B2,C3,D2,E1,F1",False,2.0,1377766.6263166314,-12.68038391388012
1714,True,"A3,B2,C3,D1,E1,F2",True,0.0,2252660.58115037,-13.465042980439648
1715,True,"A3,B2,C3,D1,E1,F1",False,1.0,91818.81621405741,-6.659733566448054
1716,True,"A3,B2,C3,D2,E1,F2",False,1.0,4310246.641781746,-16.411840323834994
1717,True,"A3,B2,C3,D1,E1,F1",False,1.0,113224.5985656701,-6.7797419085287345
1718,True,"A4,B2,C3,D2,E3,F2",False,3.0,194100.3270666411,-7.079809860199703
1719,True,"A3,B2,C3,D2,E1,F1",False,2.0,221947.86150414887,-7.386855205029548
1720,True,"A3,B2,C3,D1,E1,F2",True,0.0,272749.9718112954,-7.36342701591316
1721,True,"A3,B2,C3,D2,E1,F2",False,1.0,3252918.9227959565,-15.192972504001688
1722,True,"A3,B2,C3,D2,E1,F2",False,1.0,3461679.315454944,-15.122114177156362
1723,True,"A3,B2,C3,D2,E1,F3",False,2.0,16218.674461314902,-2.6112486815990934
1724,True,"A3,B2,C3,D1,E1,F1",False,1.0,59021.93169257247,-5.469566384450232
1725,True,"A3,B2,C3,D2,E1,F1",False,2.0,363901.80116008944,-10.480957033061486
1726,True,"A3,B2,C3,D1,E1,F2",True,0.0,22361.195985936152,-3.363612930181631
1727,True,"A3,B2,C3,D2,E1,F3",False,2.0,389095.0772347013,-8.996694997656732
1728,True,"A3,B2,C3,D2,E1,F3",False,2.0,72275.49239645126,-5.169496627424124
1729,True,"A3,B2,C3,D1,E1,F2",True,0.0,123994.2927902776,-7.904530372839304
1730,True,"A3,B2,C3,D2,E1,F3",False,2.0,3221655.3904970856,-14.758367193328866
1731,True,"A4,B2,C3,D2,E3,F2",False,3.0,1437162.5900712505,-12.073662903607037
1732,True,"A3,B2,C3,D1,E1,F2",True,0.0,314715.4381088349,-9.276703978322729
1733,True,"A4,B2,C3,D2,E3,F1",False,4.0,59954.81668526578,-6.925653134466259
1734,True,"A3,B2,C3,D2,E1,F3",False,2.0,5715.391202555968,-2.5650400389114196
1735,True,"A3,B2,C3,D1,E1,F2",True,0.0,2205403.082337573,-13.579919548753658
1736,True,"A3,B2,C3,D1,E1,F2",True,0.0,1157809.2329800315,-9.993833968788088
1737,True,"A4,B2,C3,D2,E3,F1",False,4.0,30595.36899523225,-5.965691889024171
1738,True,"A4,B2,C3,D2,E3,F2",False,3.0,31416.75393793579,-5.425957838428374
1739,True,"A4,B2,C3,D2,E3,F2",False,3.0,14450.17149475131,-2.5336439428287605
1740,True,"A3,B2,C3,D1,E1,F1",False,1.0,31847.76869847601,-5.276395874778004
1741,True,"A3,B2,C3,D1,E1,F2",True,0.0,401267.6916486271,-9.146897419137048
1742,True,"A3,B2,C3,D2,E1,F3",False,2.0,16929.92014794131,-4.775746870899397
1743,True,"A4,B2,C3,D2,E3,F2",False,3.0,1562478.6585345531,-14.005470838363358
1744,True,"A3,B2,C3,D2,E1,F2",False,1.0,4565215.317990127,-16.2695431333685
1745,True,"A3,B2,C3,D1,E1,F2",True,0.0,256193.82637177638,-7.752130794050089
1746,True,"A3,B2,C3,D2,E1,F3",False,2.0,2936697.1651768,-14.065293174973966
1747,True,"A4,B2,C3,D2,E3,F2",False,3.0,1023373.7167304436,-13.325967882397038
1748,True,"A3,B2,C3,D2,E1,F3",False,2.0,34662.11563197472,-4.388692717210972
1749,True,"A4,B2,C3,D2,E3,F2",False,3.0,3000188.969178861,-15.28276445860783
1750,True,"A3,B2,C3,D1,E1,F1",False,1.0,13230.956028595978,-2.3558560435832447
1751,True,"A4,B2,C3,D2,E3,F1",False,4.0,1332419.1794751454,-13.56721698466442
1752,True,"A3,B2,C3,D1,E1,F2",True,0.0,17479.186019615663,-2.428828421676002
1753,True,"A3,B2,C3,D1,E1,F2",True,0.0,29667.083830254644,-3.1475353116182845
1754,True,"A4,B2,C3,D2,E2,F1",False,4.0,47066.008202595345,-5.529514608671562
1755,True,"A3,B2,C3,D1,E1,F1",False,1.0,38036.953985773456,-5.655994344381099
1756,True,"A4,B2,C3,D2,E2,F1",False,4.0,105815.88239836151,-6.793483822765367
1757,True,"A4,B2,C3,D2,E3,F2",False,3.0,1616755.1312973273,-12.433433516389783
1758,True,"A3,B2,C3,D1,E1,F2",True,0.0,202093.0427317522,-7.674989776828895
1759,True,"A4,B2,C3,D2,E2,F1",False,4.0,1949143.5137720057,-14.354059098622535
1760,True,"A4,B2,C3,D2,E3,F2",False,3.0,392762.92355616647,-7.892540786078783
1761,True,"A4,B2,C3,D2,E3,F1",False,4.0,138294.98264872818,-7.257422767615282
1762,True,"A3,B2,C3,D1,E1,F2",True,0.0,161064.955416677,-7.366295021734629
1763,True,"A4,B2,C3,D2,E3,F2",False,3.0,1303544.8203793315,-10.552419861681464
1764,True,"A3,B2,C3,D2,E1,F3",False,2.0,792175.9937854933,-10.755514716853753
1765,True,"A3,B2,C3,D1,E1,F2",True,0.0,710865.0145548676,-8.877327714835133
1766,True,"A3,B2,C3,D2,E1,F1",False,2.0,437761.2399790074,-9.270903596620983
1767,True,"A3,B2,C3,D2,E1,F2",False,1.0,257544.98186296545,-7.490976177939729
1768,True,"A4,B2,C3,D2,E3,F2",False,3.0,2236275.1357011744,-13.842790200565858
1769,True,"A3,B2,C3,D2,E1,F2",False,1.0,1012835.9143222745,-9.629974022775407
1770,True,"A3,B2,C3,D1,E1,F2",True,0.0,1873985.6102266335,-13.342755284946996
1771,True,"A3,B2,C3,D1,E1,F2",True,0.0,118804.05774606159,-6.620961247949765
1772,True,"A4,B2,C3,D2,E3,F1",False,4.0,21909.959777097083,-4.237486820384973
1773,True,"A4,B2,C3,D2,E3,F1",False,4.0,124299.96280679893,-7.820888713711213
1774,True,"A3,B2,C3,D1,E1,F2",True,0.0,3001570.832743625,-13.910528008404995
1775,True,"A4,B2,C3,D2,E3,F1",False,4.0,921963.273110237,-10.69010194451785
1776,True,"A3,B2,C3,D1,E1,F2",True,0.0,22715.49921351229,-2.845796659263698
1777,True,"A3,B2,C3,D1,E1,F1",False,1.0,98453.9438121361,-6.5511543869822475
1778,True,"A3,B2,C3,D1,E1,F2",True,0.0,1896933.4771749813,-13.88607720969776
1779,True,"A3,B2,C3,D1,E1,F2",True,0.0,64526.98046700801,-5.937032123167455
1780,True,"A3,B2,C3,D1,E1,F2",True,0.0,592289.0727755512,-11.379439986155191
1781,True,"A3,B2,C3,D2,E1,F3",False,2.0,35730.097058398016,-3.688537833876282
1782,True,"A4,B2,C3,D2,E3,F1",False,4.0,44595.677591913045,-5.480063458483215
1783,True,"A3,B2,C3,D2,E1,F1",False,2.0,1012863.6004975454,-11.871206510393243
1784,True,"A4,B2,C3,D2,E3,F2",False,3.0,503267.06051836413,-10.17555973264777
1785,True,"A3,B2,C3,D2,E1,F2",False,1.0,1360348.0326085768,-10.834912078427536
1786,True,"A4,B2,C3,D2,E3,F1",False,4.0,45221.343529868434,-4.855960578252905
1787,True,"A3,B2,C3,D1,E1,F1",False,1.0,14974.718725439774,-2.8106920267536992
1788,True,"A4,B2,C3,D2,E3,F1",False,4.0,324222.852251244,-9.949078489588757
1789,True,"A3,B2,C3,D1,E1,F2",True,0.0,208620.07021953753,-6.83083991279635
1790,True,"A3,B2,C3,D2,E1,F2",False,1.0,3646567.383591285,-14.372000775331273
1791,True,"A3,B2,C3,D1,E1,F2",True,0.0,1694698.6178234126,-13.572955473972314
1792,True,"A3,B2,C3,D1,E1,F2",True,0.0,4146942.6273491937,-18.029913504865846
1793,True,"A3,B2,C3,D2,E1,F2",False,1.0,2561577.989232558,-14.566104444667957
1794,True,"A3,B2,C3,D1,E1,F2",True,0.0,1794949.7874507345,-14.554213439806091
1795,True,"A3,B2,C3,D1,E1,F1",False,1.0,46714.15356383173,-4.249713299530626
1796,True,"A3,B2,C3,D2,E1,F2",False,1.0,946585.6809618535,-10.924883822840151
1797,True,"A3,B2,C3,D1,E1,F2",True,0.0,1530754.6643003116,-12.000701305263362
1798,True,"A3,B2,C3,D2,E1,F3",False,2.0,281220.1857217647,-6.234617473879624
1799,True,"A4,B2,C3,D2,E3,F1",False,4.0,115746.95410995663,-6.396762715713919
1800,True,"A3,B2,C3,D1,E1,F2",True,0.0,668764.66616355,-12.2806686153545
1801,True,"A4,B2,C3,D2,E3,F2",False,3.0,2623840.9467291986,-14.929593749395345
1802,True,"A3,B2,C3,D2,E1,F1",False,2.0,251236.3057883751,-7.996756192416385
1803,True,"A3,B2,C3,D1,E1,F1",False,1.0,599680.3797050307,-9.44299391073455
1804,True,"A3,B2,C3,D2,E1,F3",False,2.0,39062.038604097426,-3.6631798080942275
1805,True,"A3,B2,C3,D2,E1,F3",False,2.0,25315.1649766572,-3.2652998903712387
1806,True,"A3,B2,C3,D2,E1,F1",False,2.0,1085304.6842143864,-10.753408302904568
1807,True,"A3,B2,C3,D1,E1,F2",True,0.0,677107.0791609491,-9.902090201975021
1808,True,"A4,B2,C3,D2,E3,F2",False,3.0,662214.9942527409,-11.605919763128277
1809,True,"A3,B2,C3,D2,E1,F3",False,2.0,2129125.4507098035,-13.232357989611018
1810,True,"A3,B2,C3,D2,E1,F3",False,2.0,828846.8767914155,-9.897123691602616
1811,True,"A4,B2,C3,D2,E3,F2",False,3.0,123645.34587128188,-5.443905673974385
1812,True,"A3,B2,C3,D2,E1,F2",False,1.0,963438.3413941812,-9.544508181269691
1813,True,"A3,B2,C3,D2,E2,F3",False,3.0,1242067.662915026,-11.344662119253627
1814,True,"A3,B2,C3,D1,E1,F2",True,0.0,407221.19859647646,-10.183856284165273
1815,True,"A3,B2,C3,D2,E1,F2",False,1.0,2119093.0928542153,-10.764948946230056
1816,True,"A3,B2,C3,D2,E1,F1",False,2.0,3893325.771354983,-15.67595020569265
1817,True,"A3,B2,C3,D1,E1,F2",True,0.0,715109.7642549796,-10.170187187491521
1818,True,"A3,B2,C3,D1,E1,F2",True,0.0,1417254.7264898566,-12.181036420975325
1819,True,"A3,B2,C3,D1,E1,F2",True,0.0,83562.41501206375,-5.078173581899961
1820,True,"A4,B2,C3,D2,E3,F1",False,4.0,16251.547247013013,-4.279787205413626
1821,True,"A4,B2,C3,D2,E2,F1",False,4.0,149079.76026866573,-7.346287961687963
1822,True,"A3,B2,C3,D1,E1,F2",True,0.0,1065016.3875373774,-10.58325529885468
1823,True,"A3,B2,C3,D2,E1,F2",False,1.0,2911941.0679478045,-13.534356096813895
1824,True,"A3,B2,C3,D1,E1,F2",True,0.0,704358.1997314139,-8.909490198550941
1825,True,"A3,B2,C3,D2,E1,F2",False,1.0,1736253.2679354122,-11.805964747669535
1826,True,"A3,B2,C3,D2,E1,F2",False,1.0,1234260.8357585506,-10.114305645210806
1827,True,"A3,B2,C3,D1,E1,F2",True,0.0,135572.64729420978,-7.212717618561328
1828,True,"A3,B2,C3,D1,E1,F2",True,0.0,74288.83727030866,-6.135382538834634
1829,True,"A3,B2,C3,D1,E1,F2",True,0.0,556033.941348414,-8.523618673464114
1830,True,"A3,B2,C3,D2,E2,F3",False,3.0,727820.8205286145,-11.614419409335937
1831,True,"A3,B2,C3,D2,E1,F2",False,1.0,3480496.2798175626,-12.791099510217691
1832,True,"A3,B2,C3,D2,E1,F3",False,2.0,2527919.194190123,-14.11079142057568
1833,True,"A3,B2,C3,D1,E1,F2",True,0.0,167351.0666459396,-8.87209061622724
1834,True,"A3,B2,C3,D2,E1,F3",False,2.0,70119.64297030868,-6.098548132582991
1835,True,"A3,B2,C3,D2,E1,F1",False,2.0,35584.64483230506,-4.144833655469796
1836,True,"A3,B2,C3,D2,E1,F2",False,1.0,1600990.5774923414,-10.601489656237597
1837,True,"A3,B2,C3,D1,E1,F2",True,0.0,1687414.4180886722,-12.69435095677376
1838,True,"A3,B2,C3,D1,E1,F1",False,1.0,13407.808766404616,-3.5375672581831594
1839,True,"A3,B2,C3,D1,E1,F1",False,1.0,369121.68117709144,-9.045706656820059
1840,True,"A3,B2,C3,D1,E1,F2",True,0.0,32664.23025757725,-3.6250277727848754
1841,True,"A4,B2,C3,D2,E3,F1",False,4.0,188217.2811230225,-7.686087382675396
1842,True,"A3,B2,C3,D2,E1,F1",False,2.0,2331999.325072863,-14.304962428404124
1843,True,"A3,B2,C3,D1,E1,F2",True,0.0,428446.6030641427,-7.858094882149032
1844,True,"A3,B2,C3,D1,E1,F2",True,0.0,21503.07507783805,-2.9745342484553845
1845,True,"A3,B2,C3,D2,E1,F2",False,1.0,1457111.3986652454,-11.420151231917494
1846,True,"A4,B2,C3,D2,E3,F1",False,4.0,48148.16372391783,-6.2523503614249165
1847,True,"A4,B2,C3,D2,E3,F2",False,3.0,914434.9295890835,-9.49110203278088
1848,True,"A4,B2,C3,D2,E3,F2",False,3.0,4855002.508583862,-17.380725014333635
1849,True,"A3,B2,C3,D1,E1,F2",True,0.0,4225962.956855279,-16.389440199294768
1850,True,"A3,B2,C3,D2,E1,F2",False,1.0,681663.1240886466,-10.752104542072132
1851,True,"A4,B2,C3,D2,E3,F1",False,4.0,51207.67600064515,-4.818330740453149
1852,True,"A3,B2,C3,D2,E1,F3",False,2.0,78225.89542956531,-3.864001719097786
1853,True,"A3,B2,C3,D2,E1,F1",False,2.0,387940.6980395257,-9.724763085120983
1854,True,"A4,B2,C3,D2,E2,F1",False,4.0,89748.18758057103,-6.6275288787867055
1855,True,"A3,B2,C3,D1,E1,F2",True,0.0,177049.08809443313,-6.083982186493714
1856,True,"A4,B2,C3,D2,E3,F2",False,3.0,154409.8889570203,-5.78460017492533
1857,True,"A3,B2,C3,D2,E1,F3",False,2.0,68592.07092694017,-5.11201563429961
1858,True,"A3,B2,C3,D2,E1,F3",False,2.0,387895.4383359888,-8.337762894138848
1859,True,"A4,B2,C3,D2,E3,F2",False,3.0,1463603.4178590935,-13.243015947592028
1860,True,"A4,B2,C3,D2,E3,F1",False,4.0,243196.37966918648,-8.44273723540256
1861,True,"A3,B2,C3,D1,E1,F2",True,0.0,86157.08654724603,-4.990512147112085
1862,True,"A4,B2,C3,D2,E3,F1",False,4.0,63828.62903724117,-5.1838440966478885
1863,True,"A4,B2,C3,D2,E3,F2",False,3.0,1598342.0465312735,-12.678375585274964
1864,True,"A4,B2,C3,D2,E3,F1",False,4.0,279487.4879856201,-7.699871958147369
1865,True,"A4,B2,C3,D2,E3,F1",False,4.0,105283.1794511366,-6.823938184071778
1866,True,"A3,B2,C3,D1,E1,F2",True,0.0,3214503.6457058294,-15.043464057843153
1867,True,"A3,B2,C3,D2,E1,F3",False,2.0,49327.917070197494,-3.883932845712067
1868,True,"A3,B2,C3,D1,E1,F2",True,0.0,51403.48789187301,-4.033751309699852
1869,True,"A3,B2,C3,D1,E1,F2",True,0.0,500866.00120793754,-9.137006333663393
1870,True,"A4,B2,C3,D2,E3,F1",False,4.0,696591.3146704144,-11.556127025515849
1871,True,"A4,B2,C3,D2,E3,F2",False,3.0,3619203.443386059,-15.060420862715262
1872,True,"A4,B2,C3,D2,E3,F2",False,3.0,2784630.916835101,-14.595452203737423
1873,True,"A3,B2,C3,D1,E1,F2",True,0.0,22707.624787013763,-2.3698020313873656
1874,True,"A3,B2,C3,D1,E1,F2",True,0.0,59652.833760698064,-4.550690822318572
1875,True,"A4,B2,C3,D2,E3,F1",False,4.0,36540.84058215679,-4.51334588028908
1876,True,"A3,B2,C3,D1,E1,F2",True,0.0,193514.007300167,-7.571639739983127
1877,True,"A3,B2,C3,D1,E1,F2",True,0.0,112597.0480794898,-5.72193440678042
1878,True,"A3,B2,C3,D1,E1,F1",False,1.0,66782.01136134623,-5.949986973294443
1879,True,"A4,B2,C3,D2,E3,F2",False,3.0,365404.09400616103,-8.63155408264771
1880,True,"A4,B2,C3,D2,E1,F2",False,2.0,60846.634997212095,-6.919813291852876
1881,True,"A3,B2,C3,D2,E1,F2",False,1.0,3115553.9465051065,-14.893388006288006
1882,True,"A3,B2,C3,D2,E1,F2",False,1.0,2003836.0633049002,-12.562086497206586
1883,True,"A3,B2,C3,D1,E1,F1",False,1.0,14936.005155954075,-3.0625882053361835
1884,True,"A4,B2,C3,D2,E3,F2",False,3.0,3019127.9251029957,-16.797875808193886
1885,True,"A3,B2,C3,D2,E1,F1",False,2.0,172486.402648212,-7.652531097046733
1886,True,"A4,B2,C3,D2,E3,F1",False,4.0,168726.62366290612,-7.93690308154892
1887,True,"A4,B2,C3,D2,E3,F2",False,3.0,2688145.6256515416,-14.59963810448815
1888,True,"A4,B2,C3,D2,E3,F2",False,3.0,1872872.8047819054,-15.22636353773251
1889,True,"A3,B2,C3,D1,E1,F1",False,1.0,17535.824798762107,-3.782265075668718
1890,True,"A3,B2,C3,D2,E1,F1",False,2.0,1154112.8574108584,-12.07784817077826
1891,True,"A3,B2,C3,D1,E1,F2",True,0.0,3443692.3286532327,-15.259532345019657
1892,True,"A3,B2,C3,D1,E1,F2",True,0.0,33695.02750511433,-2.977171851144533
1893,True,"A3,B2,C3,D1,E1,F2",True,0.0,264667.8168578777,-8.695514161900235
1894,True,"A3,B2,C3,D2,E1,F2",False,1.0,3311034.087206849,-14.933765323916688
1895,True,"A3,B2,C3,D1,E1,F2",True,0.0,2316214.7099182266,-12.771067789104528
1896,True,"A3,B2,C3,D2,E1,F3",False,2.0,137172.73601487573,-6.427301435346166
1897,True,"A3,B2,C3,D1,E1,F2",True,0.0,665901.0951802102,-8.188639653672183
1898,True,"A4,B2,C3,D2,E3,F2",False,3.0,856884.912579984,-10.386463439918813
1899,True,"A4,B2,C3,D2,E3,F1",False,4.0,8975.666818912352,-4.618709880030181
1900,True,"A3,B2,C3,D2,E1,F2",False,1.0,2060797.3505903538,-14.398951141641916
1901,True,"A3,B2,C3,D1,E1,F2",True,0.0,59164.156752402596,-4.281975137905874
1902,True,"A3,B2,C3,D2,E1,F2",False,1.0,861334.8614168342,-9.965360053824782
1903,True,"A3,B2,C3,D2,E1,F2",False,1.0,1341818.5761645378,-11.140415463232465
1904,True,"A3,B2,C3,D2,E1,F2",False,1.0,2310334.7306063813,-13.931525935124881
1905,True,"A4,B2,C3,D2,E3,F2",False,3.0,3009878.1733437525,-16.427910510060805
1906,True,"A3,B2,C3,D1,E1,F2",True,0.0,833326.7863690996,-10.838098837187808
1907,True,"A3,B2,C3,D1,E1,F2",True,0.0,275197.0881085909,-8.926430692369763
1908,True,"A3,B2,C3,D2,E1,F3",False,2.0,167160.47387123585,-6.9677677729902285
1909,True,"A4,B2,C3,D2,E3,F1",False,4.0,121775.71118184555,-6.166276504795704
1910,True,"A3,B2,C3,D1,E1,F2",True,0.0,113171.36858968322,-5.2180219295718615
1911,True,"A4,B2,C3,D2,E3,F1",False,4.0,184978.65888460533,-7.115905044919174
1912,True,"A3,B2,C3,D1,E1,F2",True,0.0,108153.8281818758,-4.949473566900565
1913,True,"A3,B2,C3,D1,E1,F1",False,1.0,12286.029620974023,-4.055388872981595
1914,True,"A4,B2,C3,D2,E3,F2",False,3.0,13919.416230930085,-4.191702011317176
1915,True,"A4,B2,C3,D2,E2,F1",False,4.0,524040.8582087739,-10.018952351818754
1916,True,"A3,B2,C3,D2,E1,F3",False,2.0,36850.46437226296,-4.537292954451885
1917,True,"A4,B2,C3,D2,E3,F2",False,3.0,356639.1406122544,-9.088817480000401
1918,True,"A3,B2,C3,D2,E1,F3",False,2.0,373101.16964691825,-7.942810296435624
1919,True,"A3,B2,C3,D2,E1,F2",False,1.0,652399.742985397,-10.576559683453013
1920,True,"A3,B2,C3,D1,E1,F2",True,0.0,2063919.2023872333,-12.641736702976523
1921,True,"A3,B2,C3,D2,E1,F3",False,2.0,387000.59626821935,-9.160815230541672
1922,True,"A3,B2,C3,D1,E1,F2",True,0.0,227071.48272602484,-5.972197917115125
1923,True,"A3,B2,C3,D1,E1,F2",True,0.0,466096.95794245484,-9.014329780692918
1924,True,"A4,B2,C3,D2,E3,F1",False,4.0,189583.42875912914,-7.847245705133986
1925,True,"A4,B2,C3,D2,E2,F1",False,4.0,395000.17216146603,-9.800433028969849
1926,True,"A3,B2,C3,D1,E1,F1",False,1.0,172114.36336582978,-7.385891322965293
1927,True,"A4,B2,C3,D2,E3,F1",False,4.0,6601.906726272796,-3.0690773179866255
1928,True,"A3,B2,C3,D2,E1,F3",False,2.0,29506.312818192266,-4.112337381904894
1929,True,"A3,B2,C3,D2,E1,F3",False,2.0,225556.42558211813,-6.444118698726257
1930,True,"A3,B2,C3,D2,E1,F3",False,2.0,36784.03848528036,-3.4130551723118145
1931,True,"A3,B2,C3,D1,E1,F2",True,0.0,336295.57072386285,-8.706293041266179
1932,True,"A3,B2,C3,D1,E1,F2",True,0.0,281061.9970553181,-8.087771235954449
1933,True,"A3,B2,C3,D2,E1,F3",False,2.0,557454.0936457649,-9.43095717350181
1934,True,"A3,B2,C3,D2,E1,F2",False,1.0,1359991.1563447292,-11.233425973684497
1935,True,"A4,B2,C3,D2,E3,F2",False,3.0,2156402.8364684386,-13.95299779837449
1936,True,"A4,B2,C3,D2,E3,F2",False,3.0,52166.050905587814,-5.665933426145244
1937,True,"A3,B2,C3,D1,E1,F2",True,0.0,2015751.816011434,-11.828997835892352
1938,True,"A3,B2,C3,D2,E1,F3",False,2.0,382056.8025227955,-8.233589144079005
1939,True,"A3,B2,C3,D2,E1,F2",False,1.0,2215746.4849872757,-14.605970939837803
1940,True,"A4,B2,C3,D2,E3,F1",False,4.0,181998.7452846278,-7.01934881272733
1941,True,"A4,B2,C3,D2,E2,F1",False,4.0,193640.00157994515,-7.874870357704978
1942,True,"A4,B2,C3,D2,E2,F1",False,4.0,1492378.3094760343,-11.81050296347179
1943,True,"A3,B2,C3,D1,E1,F2",True,0.0,805466.6517813016,-11.479597777628008
1944,True,"A3,B2,C3,D2,E1,F3",False,2.0,1682379.9293346365,-12.393831587535864
1945,True,"A3,B2,C3,D1,E1,F2",True,0.0,635667.5931754294,-9.595888791412861
1946,True,"A3,B2,C3,D1,E1,F2",True,0.0,1095781.7587357326,-10.843572319663984
1947,True,"A3,B2,C3,D1,E1,F2",True,0.0,169187.64186977662,-7.094545885958922
1948,True,"A4,B2,C3,D2,E3,F1",False,4.0,113369.01087477429,-7.85724581101077
1949,True,"A4,B2,C3,D2,E3,F2",False,3.0,1850405.9864122653,-12.251811768487755
1950,True,"A3,B2,C3,D1,E1,F1",False,1.0,10807.60571719122,-2.7103178108552726
1951,True,"A3,B2,C3,D2,E1,F1",False,2.0,2000788.603824059,-15.041472137960028
1952,True,"A3,B2,C3,D2,E1,F3",False,2.0,56163.993530656866,-5.699368767469679
1953,True,"A3,B2,C3,D1,E1,F2",True,0.0,1567320.2637402217,-12.461425970977736
1954,True,"A3,B2,C3,D2,E1,F3",False,2.0,275940.3465256118,-8.52030575924259
1955,True,"A4,B2,C3,D2,E3,F2",False,3.0,533621.3459020423,-11.416235979154763
1956,True,"A3,B2,C3,D2,E1,F2",False,1.0,3684613.066035264,-15.228623746461274
1957,True,"A4,B2,C3,D2,E3,F2",False,3.0,653197.2744417273,-10.6162423920332
1958,True,"A3,B2,C3,D1,E1,F2",True,0.0,2352899.5688307206,-16.01066837638104
1959,True,"A4,B2,C3,D2,E3,F1",False,4.0,27408.94557306459,-4.43266361860141
1960,True,"A3,B2,C3,D2,E1,F3",False,2.0,1221109.5218260996,-10.834259756666029
1961,True,"A4,B2,C3,D2,E3,F2",False,3.0,218589.48331814888,-9.103604515722253
1962,True,"A4,B2,C3,D2,E3,F2",False,3.0,2491954.236121147,-14.485383397648057
1963,True,"A4,B2,C3,D2,E3,F1",False,4.0,163653.39093630252,-8.770627018412782
1964,True,"A4,B2,C3,D2,E3,F1",False,4.0,38114.38937572866,-5.264557166594798
1965,True,"A4,B2,C3,D2,E2,F1",False,4.0,175898.3640910141,-7.51733516672364
1966,True,"A4,B2,C3,D2,E3,F2",False,3.0,133122.59410893096,-5.8634129258328755
1967,True,"A4,B2,C3,D2,E2,F1",False,4.0,1224918.8694003988,-11.948962525673686
1968,True,"A4,B2,C3,D2,E1,F2",False,2.0,76189.46241133756,-7.129613687465522
1969,True,"A3,B2,C3,D2,E1,F1",False,2.0,3554576.5630354933,-17.07815229967178
1970,True,"A3,B2,C3,D2,E1,F3",False,2.0,2566455.6028811033,-13.317708210541845
1971,True,"A4,B2,C3,D2,E1,F2",False,2.0,1014611.1003507752,-10.504788092866136
1972,True,"A3,B2,C3,D2,E1,F2",False,1.0,902722.7076847546,-10.48938728479284
1973,True,"A4,B2,C3,D2,E1,F2",False,2.0,8496.444597539385,-4.678883029749187
1974,True,"A3,B2,C3,D2,E1,F2",False,1.0,2419406.13114167,-13.02595740242326
1975,True,"A3,B2,C3,D1,E1,F2",True,0.0,34165.60397634896,-3.7383613460084177
1976,True,"A4,B2,C3,D2,E3,F2",False,3.0,346440.8953909146,-9.084238912392394
1977,True,"A4,B2,C3,D2,E3,F1",False,4.0,16829.37889314854,-3.8130160494629877
1978,True,"A3,B2,C3,D2,E1,F3",False,2.0,436472.82059311983,-9.563914219305474
1979,True,"A3,B2,C3,D2,E1,F2",False,1.0,1818010.2713744356,-14.543842930700407
1980,True,"A3,B2,C3,D1,E1,F2",True,0.0,248659.41650513012,-7.389866309650557
1981,True,"A4,B2,C3,D2,E3,F2",False,3.0,764953.2766727132,-10.61492779446769
1982,True,"A3,B2,C3,D1,E1,F2",True,0.0,368815.23114669323,-7.21434930574398
1983,True,"A4,B2,C3,D2,E3,F2",False,3.0,401073.9065289201,-9.334168280629711
1984,True,"A4,B2,C3,D2,E3,F1",False,4.0,16426.449135075705,-4.251267013568537
1985,True,"A4,B2,C3,D2,E3,F2",False,3.0,844358.646083194,-12.22428202224934
1986,True,"A3,B2,C3,D1,E1,F1",False,1.0,9029.256495852254,-4.176297202718331
1987,True,"A3,B2,C3,D1,E1,F2",True,0.0,868950.6472015242,-11.330298485286768
1988,True,"A3,B2,C3,D1,E1,F2",True,0.0,3058311.566867644,-13.646164619069623
1989,True,"A4,B2,C3,D2,E3,F1",False,4.0,143956.8222798435,-7.6094961062511715
1990,True,"A4,B2,C3,D2,E3,F1",False,4.0,51332.44492262345,-4.783502106919499
1991,True,"A4,B2,C3,D2,E3,F1",False,4.0,49108.78245969177,-5.982339164777656
1992,True,"A3,B2,C3,D2,E1,F3",False,2.0,537054.5740755307,-9.13205729671931
1993,True,"A4,B2,C3,D2,E3,F2",False,3.0,5126.5936478741405,-2.054513086191349
1994,True,"A3,B2,C3,D2,E1,F3",False,2.0,448486.0956432447,-9.637926506239339
1995,True,"A4,B2,C3,D2,E3,F1",False,4.0,162448.23177019527,-7.917232394884294
1996,True,"A3,B2,C3,D2,E1,F1",False,2.0,2064058.1965601814,-13.50570398862525
1997,True,"A4,B2,C3,D2,E1,F2",False,2.0,288607.1258786792,-7.404161699863465
1998,True,"A3,B2,C3,D2,E1,F3",False,2.0,390449.44125934294,-8.971395649938373
1999,True,"A3,B2,C3,D1,E1,F2",True,0.0,1842016.1895743974,-12.544792808085411
2000,True,"A4,B2,C3,D2,E3,F2",False,3.0,171151.55627238748,-7.872276789858063
2001,True,"A3,B2,C3,D1,E1,F2",True,0.0,283821.79962082795,-6.315500683648182
2002,True,"A4,B2,C3,D2,E3,F2",False,3.0,12625.749762644598,-2.2773904115075254
2003,True,"A4,B2,C3,D2,E3,F2",False,3.0,1160977.2586726882,-13.405894947624972
2004,True,"A3,B2,C3,D1,E1,F2",True,0.0,50456.330115321434,-3.0736090732047927
2005,True,"A3,B2,C3,D1,E1,F1",False,1.0,5111.2158984313755,-2.6974653139912164
2006,True,"A3,B2,C3,D1,E1,F2",True,0.0,39483.071313131215,-2.904006087965385
2007,True,"A4,B2,C3,D2,E2,F1",False,4.0,186565.46931527072,-8.313699844295542
2008,True,"A3,B2,C3,D2,E1,F2",False,1.0,729552.2427398312,-9.691283511009928
2009,True,"A4,B2,C3,D2,E3,F1",False,4.0,38793.14579685817,-5.106777885280906
2010,True,"A3,B2,C3,D2,E1,F3",False,2.0,72372.50033006551,-4.895316515777424
2011,True,"A4,B2,C3,D2,E3,F1",False,4.0,33765.04177959485,-5.945511238210727
2012,True,"A4,B2,C3,D2,E3,F1",False,4.0,12880.699856791845,-4.486018301672431
2013,True,"A3,B2,C3,D1,E1,F2",True,0.0,249421.25492800897,-6.705865827323137
2014,True,"A3,B2,C3,D1,E1,F2",True,0.0,543699.8447086441,-9.613062660109193
2015,True,"A4,B2,C3,D2,E3,F2",False,3.0,381807.18207031087,-10.308038567405418
2016,True,"A4,B2,C3,D2,E3,F2",False,3.0,626184.7942502135,-9.608990319832614
2017,True,"A3,B2,C3,D1,E1,F2",True,0.0,463908.64635719435,-8.097725406347138
2018,True,"A3,B2,C3,D2,E1,F3",False,2.0,292484.3612729554,-7.95680971995165
2019,True,"A3,B2,C3,D2,E1,F1",False,2.0,1613660.556493546,-14.481535171791407
2020,True,"A4,B2,C3,D2,E2,F1",False,4.0,121008.72605593591,-6.912292304692116
2021,True,"A3,B2,C3,D1,E1,F2",True,0.0,286566.29673122877,-9.403577144065935
2022,True,"A3,B2,C3,D2,E1,F3",False,2.0,668048.366950254,-10.416475022054996
2023,True,"A3,B2,C3,D1,E1,F2",True,0.0,95320.6549146688,-3.8760696289776035
2024,True,"A3,B2,C3,D2,E1,F1",False,2.0,2644849.4294192777,-13.640806541132825
2025,True,"A3,B2,C3,D2,E1,F3",False,2.0,177033.35280584928,-5.93329077258872
2026,True,"A4,B2,C3,D2,E3,F2",False,3.0,181923.53738829787,-6.08416162913781
2027,True,"A3,B2,C3,D2,E1,F1",False,2.0,1773001.5741393885,-13.470619304925549
2028,True,"A4,B2,C3,D2,E3,F2",False,3.0,1972265.8976573965,-13.195308702923498
2029,True,"A3,B2,C3,D2,E1,F3",False,2.0,187921.459742626,-5.742381766165295
2030,True,"A3,B2,C3,D1,E1,F2",True,0.0,26532.818897912057,-2.835832219697437
2031,True,"A3,B2,C3,D2,E1,F3",False,2.0,41168.99822148538,-5.637598301567863
2032,True,"A3,B2,C3,D1,E1,F2",True,0.0,1711226.3885314807,-13.054948182254492
2033,True,"A3,B2,C3,D2,E3,F3",False,3.0,2107593.6591374204,-14.887292453149314
2034,True,"A4,B2,C3,D2,E3,F2",False,3.0,896720.4310299836,-11.872689521074165
2035,True,"A3,B2,C3,D2,E1,F3",False,2.0,700395.1220443987,-11.197470658350639
2036,True,"A3,B2,C3,D2,E1,F2",False,1.0,1301731.9068785107,-11.291588799330285
2037,True,"A3,B2,C3,D1,E1,F2",True,0.0,793594.3601594993,-10.554740380088724
2038,True,"A3,B2,C3,D2,E1,F3",False,2.0,126057.22772991353,-6.156865386430496
2039,True,"A3,B2,C3,D1,E1,F2",True,0.0,899813.4539583733,-10.52103193720692
2040,True,"A3,B2,C3,D2,E1,F3",False,2.0,1308101.2563110031,-12.312321240524852
2041,True,"A4,B2,C3,D2,E3,F2",False,3.0,197340.7835388712,-7.016390977844878
2042,True,"A4,B2,C3,D2,E3,F1",False,4.0,9750.385202733174,-2.8506912772988784
2043,True,"A3,B2,C3,D2,E1,F1",False,2.0,791591.9478296838,-10.188559411168896
2044,True,"A3,B2,C3,D1,E1,F2",True,0.0,46492.92845065336,-4.582528138630948
2045,True,"A3,B2,C3,D2,E1,F1",False,2.0,410866.8874771291,-9.316121859312133
2046,True,"A3,B2,C3,D2,E1,F3",False,2.0,305506.42474598705,-7.5084406266638695
2047,True,"A3,B2,C3,D1,E1,F2",True,0.0,4783.130189947888,-1.5141246265407915
2048,True,"A3,B2,C3,D2,E1,F2",False,1.0,5833913.378729289,-16.035959710276074
2049,True,"A3,B2,C3,D1,E1,F2",True,0.0,2035560.056708123,-14.481536454104408
2050,True,"A4,B2,C3,D2,E3,F2",False,3.0,2156331.552747263,-16.104090730699937
2051,True,"A3,B2,C3,D2,E1,F2",False,1.0,3603702.674784185,-15.001779975523839
2052,True,"A3,B2,C3,D2,E1,F3",False,2.0,781389.8120833518,-9.269723865693699
2053,True,"A3,B2,C3,D2,E1,F3",False,2.0,61987.74723762048,-4.72418373375929
2054,True,"A3,B2,C3,D1,E1,F2",True,0.0,31786.53976663793,-3.306218490535187
2055,True,"A4,B2,C3,D2,E3,F1",False,4.0,49736.94977257964,-5.9804586699924585
2056,True,"A3,B2,C3,D2,E1,F3",False,2.0,26481.32949634584,-1.9592494417390753
2057,True,"A3,B2,C3,D1,E1,F2",True,0.0,125541.56761376718,-5.4382539760512145
2058,True,"A4,B2,C3,D2,E1,F2",False,2.0,1054422.047579284,-12.959017277524943
2059,True,"A3,B2,C3,D1,E1,F2",True,0.0,102787.28652927051,-4.684506975015694
2060,True,"A3,B2,C3,D2,E1,F1",False,2.0,40698.73676423696,-3.740870945264163
2061,True,"A3,B2,C3,D2,E1,F3",False,2.0,686818.0967785203,-9.515150707354806
2062,True,"A3,B2,C3,D1,E1,F2",True,0.0,1676528.0618374662,-11.724083394360747
2063,True,"A4,B2,C3,D2,E3,F2",False,3.0,193491.61800732286,-6.822662161320224
2064,True,"A3,B2,C3,D1,E1,F2",True,0.0,1290731.9581198625,-11.082597052599986
2065,True,"A4,B2,C3,D2,E3,F2",False,3.0,3698137.3334181826,-15.526729910692048
2066,True,"A3,B2,C3,D2,E1,F3",False,2.0,1318248.6178328253,-11.814228291417784
2067,True,"A3,B2,C3,D1,E1,F2",True,0.0,108733.11769964447,-5.306556447860004
2068,True,"A3,B2,C3,D2,E1,F3",False,2.0,41118.28597456128,-3.6689626521846748
2069,True,"A3,B2,C3,D2,E1,F1",False,2.0,2168859.1286663525,-14.997576930023847
2070,True,"A3,B2,C3,D2,E1,F2",False,1.0,3145526.4263925636,-13.848873250506756
2071,True,"A3,B2,C3,D2,E1,F1",False,2.0,1911657.082894784,-14.168895660981974
2072,True,"A3,B2,C3,D1,E1,F2",True,0.0,82258.58865771702,-5.883803916257904
2073,True,"A3,B2,C3,D2,E1,F3",False,2.0,369860.58823142725,-6.919813286824933
2074,True,"A4,B2,C3,D2,E3,F2",False,3.0,347146.41020250326,-7.776560573106877
2075,True,"A3,B2,C3,D1,E1,F2",True,0.0,1822527.136766776,-11.47060215759003
2076,True,"A3,B2,C3,D1,E1,F2",True,0.0,148176.4867764116,-7.513433112259392
2077,True,"A3,B2,C3,D2,E1,F3",False,2.0,1132451.6931357263,-11.82993476299955
2078,True,"A4,B2,C3,D2,E3,F1",False,4.0,131566.81666943643,-7.230082221133827
2079,True,"A3,B2,C3,D2,E1,F1",False,2.0,1527630.669397623,-12.621545905401291
2080,True,"A4,B2,C3,D2,E2,F1",False,4.0,46008.096853874005,-5.141326734346279
2081,True,"A4,B2,C3,D2,E3,F2",False,3.0,2263753.5027637375,-13.014239262954867
2082,True,"A3,B2,C3,D2,E1,F3",False,2.0,632213.6288465152,-9.729510837808746
2083,True,"A3,B2,C3,D2,E1,F2",False,1.0,2524094.8317277776,-13.795520704092063
2084,True,"A3,B2,C3,D1,E1,F1",False,1.0,5937.523767418324,-1.4425124013556285
2085,True,"A4,B2,C3,D2,E3,F2",False,3.0,1130746.695532977,-11.71766084577574
2086,True,"A3,B2,C3,D1,E1,F2",True,0.0,319071.56132128293,-7.247204687196998
2087,True,"A3,B2,C3,D2,E1,F3",False,2.0,2944763.2794693136,-15.80959572326622
2088,True,"A3,B2,C3,D1,E1,F2",True,0.0,122675.82517881104,-4.764258085690528
2089,True,"A4,B2,C3,D2,E3,F2",False,3.0,943086.5549123075,-10.600053436240586
2090,True,"A4,B2,C3,D2,E3,F2",False,3.0,267439.2480208865,-9.515012138327265
2091,True,"A4,B2,C3,D2,E3,F2",False,3.0,583558.9389179169,-10.550476534335658
2092,True,"A4,B2,C3,D2,E2,F1",False,4.0,3161918.199743498,-14.884967538663922
2093,True,"A3,B2,C3,D1,E1,F2",True,0.0,33506.48708775258,-4.16979122011773
2094,True,"A3,B2,C3,D2,E1,F2",False,1.0,3096888.8279813807,-13.167055663019937
2095,True,"A3,B2,C3,D1,E1,F2",True,0.0,670787.8793272324,-9.307786585399597
2096,True,"A4,B2,C3,D2,E3,F2",False,3.0,332822.2236587632,-6.809137379559701
2097,True,"A3,B2,C3,D1,E1,F2",True,0.0,74035.12591703479,-4.870634131057443
2098,True,"A3,B2,C3,D2,E1,F3",False,2.0,349701.19594201754,-7.653042937732735
2099,True,"A4,B2,C3,D2,E3,F2",False,3.0,731731.3690728137,-9.596612449783557
2100,True,"A3,B2,C3,D2,E1,F2",False,1.0,4492613.85215138,-15.229163078235544
2101,True,"A4,B2,C3,D2,E3,F1",False,4.0,21257.55877048707,-4.458859283675238
2102,True,"A3,B2,C3,D1,E1,F2",True,0.0,213473.28394766513,-6.120464754436156
2103,True,"A3,B2,C3,D2,E1,F2",False,1.0,3891068.3359432956,-14.25851706880195
2104,True,"A3,B2,C3,D1,E1,F1",False,1.0,1679332.4936016486,-14.124791329860372
2105,True,"A3,B2,C3,D1,E1,F2",True,0.0,12095.853951800817,-1.6258857272375025
2106,True,"A3,B2,C3,D2,E1,F1",False,2.0,1294039.2490217024,-12.838781309484666
2107,True,"A3,B2,C3,D1,E1,F2",True,0.0,518654.8923466237,-9.473202987649948
2108,True,"A3,B2,C3,D2,E1,F1",False,2.0,676268.2050541819,-10.725379388341594
2109,True,"A4,B2,C3,D2,E3,F1",False,4.0,4117.105184135093,-2.3736895293759375
2110,True,"A4,B2,C3,D2,E2,F1",False,4.0,89826.46663677097,-5.664807217231669
2111,True,"A3,B2,C3,D1,E1,F2",True,0.0,96089.88885816498,-5.949657104887507
2112,True,"A3,B2,C3,D2,E1,F3",False,2.0,2084552.0481658895,-13.619104066465873
2113,True,"A4,B2,C3,D2,E3,F1",False,4.0,99980.0260570969,-7.611550484891254
2114,True,"A3,B2,C3,D1,E1,F2",True,0.0,91656.37246841502,-5.723333737871982
2115,True,"A3,B2,C3,D1,E1,F2",True,0.0,924899.9159369061,-11.213495669118501
2116,True,"A3,B2,C3,D2,E1,F1",False,2.0,1504770.8703514684,-12.76216513244718
2117,True,"A3,B2,C3,D2,E1,F2",False,1.0,266957.7397606407,-7.231689763840208
2118,True,"A3,B2,C3,D2,E1,F3",False,2.0,20464.90083718194,-1.7617852774388183
2119,True,"A4,B2,C3,D2,E1,F2",False,2.0,3226769.0914857676,-15.877032373505067
2120,True,"A4,B2,C3,D2,E3,F1",False,4.0,34697.06911873287,-4.445605029483033
2121,True,"A3,B2,C3,D2,E1,F2",False,1.0,2037062.2371775976,-13.739209529571923
2122,True,"A3,B2,C3,D2,E1,F3",False,2.0,2050446.58823313,-13.281135605151292
2123,True,"A3,B2,C3,D1,E1,F2",True,0.0,632472.487510389,-10.185444816210236
2124,True,"A3,B2,C3,D1,E1,F1",False,1.0,32125.84431186073,-3.7502232266092363
2125,True,"A4,B2,C3,D2,E2,F1",False,4.0,209766.60851268427,-7.877089276163815
2126,True,"A4,B2,C3,D2,E3,F2",False,3.0,656374.4562080066,-10.4004095152563
2127,True,"A3,B2,C3,D1,E1,F2",True,0.0,588040.2767436403,-9.303134544008415
2128,True,"A3,B2,C3,D1,E1,F2",True,0.0,160394.45543235808,-6.13128348081041
2129,True,"A3,B2,C3,D1,E1,F1",False,1.0,121774.41599350018,-7.3988679669513004
2130,True,"A3,B2,C3,D1,E1,F2",True,0.0,3461834.2132026507,-14.459358346267628
2131,True,"A3,B2,C3,D2,E1,F3",False,2.0,3506332.432031682,-15.156931012218273
2132,True,"A4,B2,C3,D2,E3,F1",False,4.0,44373.577259596896,-5.256522696109613
2133,True,"A4,B2,C3,D2,E2,F2",False,3.0,3744682.0151053113,-16.718052750131456
2134,True,"A3,B2,C3,D2,E1,F3",False,2.0,2295760.3478871654,-13.955312567393207
2135,True,"A4,B2,C3,D2,E3,F2",False,3.0,429411.45139456744,-9.754478546279103
2136,True,"A3,B2,C3,D1,E1,F2",True,0.0,2143032.035004188,-13.73278761051234
2137,True,"A3,B2,C3,D1,E1,F2",True,0.0,1149109.7135985775,-10.635851447413152
2138,True,"A3,B2,C3,D1,E1,F1",False,1.0,9330.358711822233,-2.21795872917464
2139,True,"A4,B2,C3,D2,E3,F2",False,3.0,341861.2100952069,-10.297493463559604
2140,True,"A3,B2,C3,D2,E1,F3",False,2.0,39838.9487267878,-3.7670363937556033
2141,True,"A4,B2,C3,D2,E3,F1",False,4.0,26014.54369070668,-4.731530621919873
2142,True,"A3,B2,C3,D1,E1,F2",True,0.0,1432475.7650739644,-12.605307739166193
2143,True,"A4,B2,C3,D2,E5,F2",False,3.0,8238.153877708713,-4.478415521323768
2144,True,"A4,B2,C3,D2,E3,F2",False,3.0,159763.17488257008,-7.940911267501406
2145,True,"A4,B2,C3,D2,E3,F1",False,4.0,294481.84024441044,-8.834326921201068
2146,True,"A3,B2,C3,D1,E1,F1",False,1.0,367912.44309314934,-8.196837261944381
2147,True,"A3,B2,C3,D2,E1,F3",False,2.0,1941548.0774071093,-13.007519647842592
2148,True,"A4,B2,C3,D2,E3,F2",False,3.0,813882.2596765794,-10.92108205977047
2149,True,"A3,B2,C3,D2,E1,F2",False,1.0,1384409.8601439241,-12.64150888749495
2150,True,"A3,B2,C3,D1,E1,F2",True,0.0,530995.4452314068,-8.737397280435232
2151,True,"A4,B2,C3,D2,E3,F2",False,3.0,398860.24618973816,-8.459039886597864
2152,True,"A3,B2,C3,D2,E1,F3",False,2.0,26058.768702742334,-3.0250316202222223
2153,True,"A4,B2,C3,D2,E3,F2",False,3.0,832920.8016808764,-12.066383743532178
2154,True,"A3,B2,C3,D2,E1,F1",False,2.0,462979.9300454991,-8.934737090407012
2155,True,"A3,B2,C3,D2,E1,F1",False,2.0,2358977.1928351503,-14.592427486676094
2156,True,"A4,B2,C3,D2,E3,F1",False,4.0,81333.73356995457,-6.054947422829045
2157,True,"A4,B2,C3,D2,E2,F1",False,4.0,24444.466861282912,-3.519013215153805
2158,True,"A3,B2,C3,D2,E1,F1",False,2.0,1672320.4859956088,-13.469658403715279
2159,True,"A3,B2,C3,D1,E1,F2",True,0.0,41351.042968620386,-4.8264707428038065
2160,True,"A3,B2,C3,D1,E1,F1",False,1.0,5445.421445471086,-2.9377081245377354
2161,True,"A3,B2,C3,D2,E1,F3",False,2.0,1364711.1875880365,-11.270620965131748
2162,True,"A3,B2,C3,D2,E1,F1",False,2.0,159336.2678404787,-6.523136065469146
2163,True,"A4,B2,C3,D2,E3,F2",False,3.0,1842257.9113085987,-13.352407818896502
2164,True,"A3,B2,C3,D1,E1,F2",True,0.0,761985.6563424057,-9.87910237937487
2165,True,"A3,B2,C3,D2,E5,F3",False,3.0,6741.767408495838,-2.962908846276207
2166,True,"A3,B2,C3,D1,E1,F1",False,1.0,888139.4253571795,-11.939522545077295
2167,True,"A3,B2,C3,D2,E1,F3",False,2.0,493823.72225522535,-8.569348292921028
2168,True,"A3,B2,C3,D1,E1,F2",True,0.0,784712.4200287579,-9.66551412978832
2169,True,"A3,B2,C3,D1,E1,F2",True,0.0,2310453.0473668356,-13.813100027485078
2170,True,"A3,B2,C3,D2,E1,F3",False,2.0,643634.4665720328,-9.631809570403306
2171,True,"A4,B2,C3,D2,E3,F1",False,4.0,88602.56407417166,-6.946166591452723
2172,True,"A3,B2,C3,D2,E1,F3",False,2.0,2402150.6735031577,-15.260406056158814
2173,True,"A3,B2,C3,D2,E1,F1",False,2.0,1538176.0273524842,-11.356153455280698
2174,True,"A3,B2,C3,D2,E1,F2",False,1.0,878769.190576966,-10.415722206320403
2175,True,"A4,B2,C3,D2,E3,F2",False,3.0,2996152.1149168247,-14.016117348282677
2176,True,"A3,B2,C3,D2,E1,F1",False,2.0,1409662.2740538546,-11.310457128159115
2177,True,"A4,B2,C3,D2,E3,F1",False,4.0,163826.18034418777,-7.479809485942965
2178,True,"A4,B2,C3,D2,E3,F1",False,4.0,28092.318616374356,-3.9017751373826
2179,True,"A3,B2,C3,D2,E1,F1",False,2.0,1887858.9341921422,-13.111903608594389
2180,True,"A3,B2,C3,D2,E1,F3",False,2.0,371427.1647151314,-8.855734534362938
2181,True,"A3,B2,C3,D2,E1,F3",False,2.0,23855.653315489628,-3.699745045511122
2182,True,"A3,B2,C3,D2,E1,F3",False,2.0,3387421.6862100833,-16.129806350237367
2183,True,"A3,B2,C3,D2,E1,F2",False,1.0,1431254.5843088648,-11.815587151433583
2184,True,"A3,B2,C3,D1,E1,F2",True,0.0,2544517.824085959,-13.311019739783347
2185,True,"A3,B2,C3,D2,E1,F3",False,2.0,5563.7861073934755,-2.493642539402714
2186,True,"A4,B2,C3,D2,E3,F2",False,3.0,163468.22800303818,-8.08166957355175
2187,True,"A4,B2,C3,D2,E3,F1",False,4.0,474.75629620573875,-0.5998953783299186
2188,True,"A3,B2,C3,D1,E1,F2",True,0.0,585074.6709236116,-10.014113315794404
2189,True,"A4,B2,C3,D2,E3,F2",False,3.0,2623714.360330765,-16.104045157046713
2190,True,"A3,B2,C3,D1,E1,F1",False,1.0,9430.03865766209,-2.4495616588058056
2191,True,"A3,B2,C3,D1,E1,F2",True,0.0,1353157.3588703224,-11.047380198349558
2192,True,"A4,B2,C3,D2,E3,F1",False,4.0,1620214.796917881,-13.848275336509765
2193,True,"A4,B2,C3,D2,E2,F1",False,4.0,671392.5486323424,-10.1128860015083
2194,True,"A3,B2,C3,D2,E1,F2",False,1.0,951783.490164989,-10.569559198219785
2195,True,"A3,B2,C3,D1,E1,F1",False,1.0,791318.6726210507,-10.579482516251481
2196,True,"A4,B2,C3,D2,E3,F2",False,3.0,2794885.500172465,-14.588150706118377
2197,True,"A4,B2,C3,D2,E2,F1",False,4.0,949808.8887813796,-11.237416771048835
2198,True,"A4,B2,C3,D2,E3,F1",False,4.0,69585.55889373926,-5.687251902905601
2199,True,"A3,B2,C3,D2,E1,F2",False,1.0,3022324.0513010053,-13.97526092834675
2200,True,"A3,B2,C3,D2,E1,F3",False,2.0,229719.3069513664,-7.3528674835524015
2201,True,"A4,B2,C3,D2,E3,F1",False,4.0,5225.786963062891,-2.599308336596181
2202,True,"A3,B2,C3,D1,E1,F2",True,0.0,154734.65592902314,-5.24341260662932
2203,True,"A4,B2,C3,D2,E3,F2",False,3.0,3449767.8288223296,-17.256611422962344
2204,True,"A4,B2,C3,D2,E2,F2",False,3.0,1162727.6064913147,-11.913455326398811
2205,True,"A4,B2,C3,D2,E3,F1",False,4.0,18357.377969045046,-3.9202911313184785
2206,True,"A3,B2,C3,D2,E1,F1",False,2.0,97509.72902645673,-5.116866719992046
2207,True,"A3,B2,C3,D2,E1,F2",False,1.0,2439166.0518103484,-13.387952083179343
2208,True,"A3,B2,C3,D1,E1,F2",True,0.0,111688.67480613476,-5.537582561848879
2209,True,"A4,B2,C3,D2,E3,F2",False,3.0,18960.196395693984,-3.869915699859021
2210,True,"A3,B2,C3,D1,E1,F2",True,0.0,196927.82991056063,-5.690423220729144
2211,True,"A3,B2,C3,D1,E1,F1",False,1.0,16216.671958875442,-3.9312357964875133
2212,True,"A3,B2,C3,D1,E1,F2",True,0.0,380947.83462592773,-10.119611329357895
2213,True,"A3,B2,C3,D2,E1,F3",False,2.0,194469.82210161924,-6.817343493371595
2214,True,"A4,B2,C3,D2,E3,F2",False,3.0,30781.974338458956,-3.3240786284620327
2215,True,"A3,B2,C3,D1,E1,F2",True,0.0,746260.3831638466,-9.382153133410789
2216,True,"A3,B2,C3,D1,E1,F1",False,1.0,17181.454609906414,-3.4574401616764447
2217,True,"A3,B2,C3,D2,E1,F2",False,1.0,294860.44106418977,-7.831082947902374
2218,True,"A3,B2,C3,D2,E1,F1",False,2.0,656020.4712600452,-9.613025356945315
2219,True,"A4,B2,C3,D2,E3,F2",False,3.0,533312.5518700549,-9.796204403694347
2220,True,"A4,B2,C3,D2,E2,F1",False,4.0,469907.57322626025,-10.126733101082905
2221,True,"A3,B2,C3,D2,E1,F2",False,1.0,1214004.1435119344,-11.035285699042014
2222,True,"A4,B2,C3,D2,E3,F2",False,3.0,105168.32735776326,-6.384988226846701
2223,True,"A3,B2,C3,D1,E1,F2",True,0.0,1663867.3704722256,-12.186918210244947
2224,True,"A4,B2,C3,D2,E3,F2",False,3.0,3212774.5134989354,-16.46015039462098
2225,True,"A4,B2,C3,D2,E2,F1",False,4.0,587572.4105534693,-9.45128145176146
2226,True,"A4,B2,C3,D2,E3,F1",False,4.0,40225.92595181031,-4.883761031390648
2227,True,"A3,B2,C3,D2,E1,F1",False,2.0,443067.17452922725,-8.713030853058072
2228,True,"A4,B2,C3,D2,E3,F1",False,4.0,257030.7676963758,-9.17941046137571
2229,True,"A3,B2,C3,D2,E1,F3",False,2.0,1256904.1957607404,-12.133806832042367
2230,True,"A3,B2,C3,D2,E1,F3",False,2.0,2584824.3495254302,-15.498251237648049
2231,True,"A4,B2,C3,D2,E3,F1",False,4.0,130084.6069524342,-7.602634585986735
2232,True,"A4,B2,C3,D2,E2,F2",False,3.0,1715347.035763953,-12.6760982478052
2233,True,"A3,B2,C3,D1,E1,F2",True,0.0,30711.66863582444,-4.19669594822615
2234,True,"A3,B2,C3,D1,E1,F2",True,0.0,834796.8817941265,-11.007885343944011
2235,True,"A4,B2,C3,D2,E3,F2",False,3.0,55010.25077623396,-5.317632287793359
2236,True,"A3,B2,C3,D2,E1,F3",False,2.0,117952.9111504574,-5.673457123977116
2237,True,"A4,B2,C3,D2,E3,F2",False,3.0,481079.3655813135,-9.311201345326268
2238,True,"A3,B2,C3,D2,E1,F3",False,2.0,232013.86455157713,-5.907709087104578
2239,True,"A4,B2,C3,D2,E2,F1",False,4.0,12121.670678677492,-3.2353972593830775
2240,True,"A3,B2,C3,D2,E2,F3",False,3.0,4384163.678250226,-15.680868801109447
2241,True,"A3,B2,C3,D2,E1,F3",False,2.0,287891.82140196615,-6.882099080877566
2242,True,"A3,B2,C3,D2,E1,F1",False,2.0,409762.1233633608,-8.424012872917856
2243,True,"A4,B2,C3,D2,E3,F2",False,3.0,239275.45783652613,-8.596202209784735
2244,True,"A3,B2,C3,D2,E1,F3",False,2.0,799123.0028217884,-9.175581865122183
2245,True,"A3,B2,C3,D1,E1,F2",True,0.0,708092.1989612683,-9.930941605660273
2246,True,"A3,B2,C3,D2,E1,F2",False,1.0,2756364.2397867506,-14.286264293628982
2247,True,"A3,B2,C3,D1,E1,F2",True,0.0,117772.91374677219,-4.785519983579746
2248,True,"A4,B2,C3,D2,E3,F1",False,4.0,1921864.9573728568,-14.600792543012332
2249,True,"A3,B2,C3,D1,E1,F2",True,0.0,473474.382819894,-9.856210621268403
2250,True,"A3,B2,C3,D2,E1,F1",False,2.0,1848486.0023190945,-14.043353309022109
2251,True,"A4,B2,C3,D2,E3,F2",False,3.0,1491745.2266002684,-12.414595623496176
2252,True,"A3,B2,C3,D1,E1,F2",True,0.0,21220.032400247794,-3.468627051042972
2253,True,"A4,B2,C3,D2,E3,F1",False,4.0,356530.46356007754,-9.50643839177016
2254,True,"A4,B2,C3,D2,E3,F2",False,3.0,774540.422278724,-11.388410949159578
2255,True,"A3,B2,C3,D1,E1,F2",True,0.0,113266.53646462665,-5.607494710229304
2256,True,"A3,B2,C3,D1,E1,F2",True,0.0,1836613.637713999,-12.027017466153907
2257,True,"A3,B2,C3,D1,E1,F2",True,0.0,737773.9963428889,-10.4249002729198
2258,True,"A3,B2,C3,D1,E1,F1",False,1.0,73195.48001372759,-5.70653535734678
2259,True,"A4,B2,C3,D2,E3,F2",False,3.0,1439605.6964987842,-11.459205838174938
2260,True,"A3,B2,C3,D1,E1,F2",True,0.0,21956.072731823206,-3.4923974979643475
2261,True,"A4,B2,C3,D2,E2,F1",False,4.0,1208214.3741764682,-11.67115047616933
2262,True,"A3,B2,C3,D2,E1,F3",False,2.0,506188.2221951653,-10.393563594674688
2263,True,"A3,B2,C3,D2,E1,F3",False,2.0,232752.25011315252,-5.991777807189706
2264,True,"A3,B2,C3,D1,E1,F2",True,0.0,158872.36095068883,-7.123992988560843
2265,True,"A4,B2,C3,D2,E3,F2",False,3.0,1176391.5510381144,-12.10921241434167
2266,True,"A3,B2,C3,D2,E1,F3",False,2.0,1471366.3294581117,-12.456453955373085
2267,True,"A3,B2,C3,D2,E1,F3",False,2.0,833388.11491142,-11.352611596308371
2268,True,"A3,B2,C3,D2,E1,F3",False,2.0,2848476.638822125,-13.896260538608935
2269,True,"A3,B2,C3,D1,E1,F1",False,1.0,10917.873199659747,-2.55069972166109
2270,True,"A4,B2,C3,D2,E3,F1",False,4.0,39210.14351693506,-5.803141215325908
2271,True,"A3,B2,C3,D1,E1,F2",True,0.0,70901.64019147915,-3.6252075009949323
2272,True,"A3,B2,C3,D2,E1,F2",False,1.0,2983799.487946186,-15.247220575527251
2273,True,"A3,B2,C3,D2,E1,F3",False,2.0,1264531.7089733041,-11.066122355664923
2274,True,"A3,B2,C3,D2,E1,F2",False,1.0,3922750.878373352,-15.164208687955615
2275,True,"A3,B2,C3,D2,E1,F3",False,2.0,3204727.4028761876,-13.238970105999847
2276,True,"A4,B2,C3,D2,E3,F1",False,4.0,497991.59001602686,-11.059426610874482
2277,True,"A3,B2,C3,D1,E1,F2",True,0.0,426742.20386363316,-8.861459418731414
2278,True,"A3,B2,C3,D1,E1,F2",True,0.0,276424.0610766265,-8.478679702428252
2279,True,"A4,B2,C3,D2,E3,F1",False,4.0,175495.57756023388,-7.2884137516582115
2280,True,"A3,B2,C3,D2,E1,F3",False,2.0,10384.646326741175,-2.529184204752454
2281,True,"A4,B2,C3,D2,E3,F2",False,3.0,1977856.9658930984,-12.976844244811517
2282,True,"A3,B2,C3,D2,E1,F2",False,1.0,2896807.8776139715,-15.490447611157123
2283,True,"A3,B2,C3,D2,E1,F3",False,2.0,6149.012661203849,-1.3388036297999264
2284,True,"A3,B2,C3,D2,E1,F3",False,2.0,35729.39271851469,-5.271358141932993
2285,True,"A4,B2,C3,D2,E3,F2",False,3.0,3284138.7483617356,-14.215973685654369
2286,True,"A3,B2,C3,D1,E1,F2",True,0.0,2561858.455580618,-12.978312817002305
2287,True,"A4,B2,C3,D2,E3,F2",False,3.0,100171.0294481078,-6.120558475353604
2288,True,"A3,B2,C3,D2,E1,F3",False,2.0,98390.18666945584,-5.0970417300741815
2289,True,"A3,B2,C3,D1,E1,F2",True,0.0,283459.26796652284,-7.295090714243784
2290,True,"A3,B2,C3,D1,E1,F2",True,0.0,55719.819791012764,-5.147786934326078
2291,True,"A4,B2,C3,D2,E3,F1",False,4.0,86620.51948496184,-5.689183747442314
2292,True,"A3,B2,C3,D2,E1,F3",False,2.0,1130764.7272034462,-9.93361444872842
2293,True,"A3,B2,C3,D2,E1,F1",False,2.0,1747793.227756881,-13.533456059316073
2294,True,"A3,B2,C3,D2,E1,F1",False,2.0,289326.5622973101,-7.906218402683393
2295,True,"A3,B2,C3,D1,E1,F1",False,1.0,18149.665499248273,-3.9825451298445245
2296,True,"A3,B2,C3,D2,E1,F3",False,2.0,2653645.951904374,-13.254706170960368
2297,True,"A3,B2,C3,D2,E1,F1",False,2.0,1760148.3196103112,-13.306519852153926
2298,True,"A4,B2,C3,D2,E2,F1",False,4.0,27181.091409921642,-4.104379114237801
2299,True,"A3,B2,C3,D2,E1,F1",False,2.0,2444733.1613631775,-14.581564439153482
2300,True,"A3,B2,C3,D2,E1,F1",False,2.0,1961209.9468323477,-13.39525814129481
2301,True,"A3,B2,C3,D1,E1,F2",True,0.0,690735.3617204156,-10.750306904142086
2302,True,"A3,B2,C3,D1,E1,F2",True,0.0,25421.32350582864,-2.8314279346725613
2303,True,"A3,B2,C3,D1,E1,F2",True,0.0,226348.65734053098,-7.420412038282777
2304,True,"A3,B2,C3,D1,E1,F2",True,0.0,704363.7590375075,-11.09549499016444
2305,True,"A4,B2,C3,D2,E3,F2",False,3.0,1569322.1819812187,-13.321215724278979
2306,True,"A3,B2,C3,D2,E1,F1",False,2.0,156553.14630870626,-7.199000059942463
2307,True,"A3,B2,C3,D1,E1,F1",False,1.0,10488.4810689602,-1.7472034292584766
2308,True,"A3,B2,C3,D2,E1,F3",False,2.0,25634.807067115988,-1.9425595620244422
2309,True,"A4,B2,C3,D2,E2,F1",False,4.0,72206.63411365855,-5.827842238968799
2310,True,"A4,B2,C3,D2,E3,F2",False,3.0,36265.62639733823,-3.529546233769935
2311,True,"A3,B2,C3,D1,E1,F2",True,0.0,2120242.0864803526,-11.921008806945665
2312,True,"A4,B2,C3,D2,E3,F2",False,3.0,57923.59081881255,-4.232047229799221
2313,True,"A3,B2,C3,D2,E1,F1",False,2.0,2466509.269630409,-13.901492078805937
2314,True,"A4,B2,C3,D2,E3,F2",False,3.0,255420.6627495902,-8.724165990867576
2315,True,"A4,B2,C3,D2,E3,F1",False,4.0,2482703.040559312,-15.904133648996257
2316,True,"A4,B2,C3,D2,E3,F1",False,4.0,43438.118254613604,-5.693385470786282
2317,True,"A3,B2,C3,D1,E1,F1",False,1.0,61791.42642159321,-5.178866276638928
2318,True,"A3,B2,C3,D1,E1,F2",True,0.0,187995.52195264978,-8.45463968852512
2319,True,"A3,B2,C3,D1,E1,F2",True,0.0,626149.65314742,-9.086489971335709
2320,True,"A4,B2,C3,D2,E3,F2",False,3.0,349082.54862462473,-7.571098946699621
2321,True,"A3,B2,C3,D1,E1,F2",True,0.0,2174534.1781572336,-13.97198309068601
2322,True,"A4,B2,C3,D2,E3,F2",False,3.0,1458173.9865973943,-12.683655158402516
2323,True,"A3,B2,C3,D2,E1,F2",False,1.0,847086.5501871943,-9.996649461475698
2324,True,"A3,B2,C3,D1,E1,F2",True,0.0,1254546.374120377,-12.439162777045851
2325,True,"A3,B2,C3,D1,E1,F2",True,0.0,22452.45698107522,-3.3601391184868703
2326,True,"A3,B2,C3,D2,E1,F3",False,2.0,16826.335977467003,-2.270508856758454
2327,True,"A3,B2,C3,D1,E1,F2",True,0.0,813831.41549748,-11.037159000803015
2328,True,"A3,B2,C3,D2,E1,F3",False,2.0,2990863.170264713,-15.637070699937816
2329,True,"A3,B2,C3,D2,E1,F2",False,1.0,949010.5339276401,-10.53871567572699
2330,True,"A3,B2,C3,D2,E1,F1",False,2.0,975372.1178739488,-10.058962950393777
2331,True,"A3,B2,C3,D1,E1,F1",False,1.0,3891.0605904010017,-2.411493576470235
2332,True,"A4,B2,C3,D2,E3,F1",False,4.0,62274.19039704041,-6.798836791347767
2333,True,"A4,B2,C3,D2,E3,F1",False,4.0,57724.327303164464,-5.179662277920755
2334,True,"A4,B2,C3,D2,E3,F2",False,3.0,509329.41254441626,-10.15514141908045
2335,True,"A3,B2,C3,D2,E1,F2",False,1.0,349158.33625486604,-8.269172431390047
2336,True,"A4,B2,C3,D2,E3,F2",False,3.0,472488.40329361946,-10.936352199183219
2337,True,"A3,B2,C3,D2,E1,F2",False,1.0,377335.5057679487,-7.272909763938955
2338,True,"A3,B2,C3,D2,E1,F3",False,2.0,886310.2274731634,-10.54852251331225
2339,True,"A3,B2,C3,D1,E1,F2",True,0.0,862041.5019788407,-10.11611866719106
2340,True,"A3,B2,C3,D1,E1,F2",True,0.0,172155.8653384466,-6.485070245333674
2341,True,"A3,B2,C3,D2,E1,F1",False,2.0,316565.2923067446,-8.479580844660902
2342,True,"A4,B2,C3,D2,E3,F2",False,3.0,1524480.1241692582,-12.33808674799873
2343,True,"A3,B2,C3,D2,E1,F1",False,2.0,84618.49758977302,-4.738275837701721
2344,True,"A4,B2,C3,D2,E2,F1",False,4.0,180017.04778593985,-7.636484866043517
2345,True,"A4,B2,C3,D2,E3,F2",False,3.0,1770556.454168697,-12.004919117991093
2346,True,"A4,B2,C3,D2,E3,F2",False,3.0,2834017.185688467,-15.326399558529182
2347,True,"A3,B2,C3,D2,E1,F2",False,1.0,667294.519645504,-9.499357805342399
2348,True,"A3,B2,C3,D1,E1,F2",True,0.0,70839.98176927396,-4.971191153103163
2349,True,"A4,B2,C3,D2,E3,F2",False,3.0,489338.234057361,-9.955761502909908
2350,True,"A4,B2,C3,D2,E3,F1",False,4.0,23945.43472393199,-4.025600833383805
2351,True,"A4,B2,C3,D2,E2,F1",False,4.0,133987.26915676115,-6.406582392349819
2352,True,"A3,B2,C3,D2,E1,F2",False,1.0,1472837.2776758545,-12.196602655296488
2353,True,"A3,B2,C3,D1,E1,F2",True,0.0,75349.02315448364,-4.392772009435973
2354,True,"A3,B2,C3,D2,E1,F2",False,1.0,1078971.5298082891,-10.843165538932496
2355,True,"A3,B2,C3,D2,E1,F3",False,2.0,66469.19436778016,-5.245508360077906
2356,True,"A3,B2,C3,D1,E1,F2",True,0.0,630384.5093461974,-8.762537525168938
2357,True,"A3,B2,C3,D2,E1,F1",False,2.0,2016780.1717761606,-14.526670657274131
2358,True,"A3,B2,C3,D2,E1,F1",False,2.0,39576.85208593899,-4.847544496438601
2359,True,"A4,B2,C3,D2,E3,F2",False,3.0,65468.44160623956,-5.461911895287187
2360,True,"A3,B2,C3,D1,E1,F2",True,0.0,1780749.4104683972,-12.462806766091347
2361,True,"A3,B2,C3,D1,E1,F1",False,1.0,256065.3128154202,-7.6206957171394265
2362,True,"A3,B2,C3,D2,E1,F2",False,1.0,3526184.363658581,-15.149926852063047
2363,True,"A3,B2,C3,D2,E1,F2",False,1.0,2932808.2968176734,-14.714353466282269
2364,True,"A3,B2,C3,D2,E1,F3",False,2.0,618736.497641619,-9.751862466858682
2365,True,"A3,B2,C3,D1,E1,F2",True,0.0,2845463.5575428265,-16.089822459390554
2366,True,"A3,B2,C3,D2,E1,F3",False,2.0,54601.63216949106,-5.66079964512484
2367,True,"A3,B2,C3,D2,E1,F2",False,1.0,2225256.8391705784,-11.780418844618836
2368,True,"A3,B2,C3,D1,E1,F1",False,1.0,37082.701301838584,-5.6030421685961755
2369,True,"A3,B2,C3,D1,E1,F2",True,0.0,1924563.947893497,-13.463987769098104
2370,True,"A3,B2,C3,D2,E1,F3",False,2.0,97879.70127662172,-4.949961298651218
2371,True,"A3,B2,C3,D1,E1,F2",True,0.0,109764.84425623629,-4.626803534639279
2372,True,"A3,B2,C3,D1,E1,F2",True,0.0,473949.2121910194,-8.217044540011571
2373,True,"A3,B2,C3,D2,E1,F2",False,1.0,4091671.1092597707,-15.497194868704582
2374,True,"A3,B2,C3,D1,E1,F2",True,0.0,38091.279139700775,-4.740307754153818
2375,True,"A3,B2,C3,D1,E1,F2",True,0.0,453274.74840466346,-6.904468229006383
2376,True,"A3,B2,C3,D2,E1,F3",False,2.0,192819.52287012493,-6.913453560051224
2377,True,"A3,B2,C3,D2,E1,F3",False,2.0,40931.69261591859,-3.0831446552200106
2378,True,"A3,B2,C3,D1,E1,F2",True,0.0,247374.03023425536,-7.101435386857048
2379,True,"A4,B2,C3,D2,E3,F2",False,3.0,547472.2063501128,-9.76510212837485
2380,True,"A4,B2,C3,D2,E3,F2",False,3.0,3118783.096604356,-13.843887550525828
2381,True,"A3,B2,C3,D1,E1,F1",False,1.0,567216.1630750807,-10.338749218896368
2382,True,"A3,B2,C3,D1,E1,F1",False,1.0,18804.32218555651,-3.267400701395019
2383,True,"A4,B2,C3,D2,E3,F1",False,4.0,16086.394618897115,-4.2994851939294705
2384,True,"A4,B2,C3,D2,E3,F2",False,3.0,387329.67727745115,-8.047360814688489
2385,True,"A3,B2,C3,D2,E1,F3",False,2.0,33928.69225818942,-4.186615725793487
2386,True,"A3,B2,C3,D2,E1,F2",False,1.0,2700906.34433355,-14.254381488108038
2387,True,"A4,B2,C3,D2,E3,F2",False,3.0,3471719.9253138397,-17.737130786073017
2388,True,"A3,B2,C3,D1,E1,F2",True,0.0,782722.1569152039,-11.369701028410582
2389,True,"A4,B2,C3,D2,E3,F1",False,4.0,23234.143209371887,-5.187740647258806
2390,True,"A3,B2,C3,D2,E1,F2",False,1.0,4334998.188538708,-14.592937371563728
2391,True,"A3,B2,C3,D2,E1,F3",False,2.0,72597.52838938066,-5.434467807109428
2392,True,"A3,B2,C3,D1,E1,F2",True,0.0,1604122.9170540832,-10.913203711066096
2393,True,"A4,B2,C3,D2,E3,F2",False,3.0,818707.6506284096,-11.164014412333216
2394,True,"A3,B2,C3,D2,E1,F2",False,1.0,2752908.3001659843,-14.501711937654711
2395,True,"A3,B2,C3,D2,E1,F3",False,2.0,1813222.2064991517,-13.616410687365892
2396,True,"A3,B2,C3,D2,E1,F3",False,2.0,3464120.5357074994,-15.233943495424192
2397,True,"A3,B2,C3,D2,E1,F3",False,2.0,2089458.1707064393,-12.630928725867427
2398,True,"A3,B2,C3,D2,E1,F2",False,1.0,2072916.5852061491,-12.873081551131023
2399,True,"A3,B2,C3,D2,E1,F3",False,2.0,178734.45308997598,-6.387203956219736
2400,True,"A4,B2,C3,D2,E2,F1",False,4.0,825122.057762462,-9.694050284472446
2401,True,"A3,B2,C3,D2,E1,F2",False,1.0,2686877.390751881,-13.87866402691175
2402,True,"A4,B2,C3,D2,E3,F2",False,3.0,20026.071702665937,-2.916456964196925
2403,True,"A3,B2,C3,D2,E1,F3",False,2.0,74895.4750336203,-4.856900679248341
2404,True,"A3,B2,C3,D2,E1,F1",False,2.0,546376.9987233899,-9.282189342943212
2405,True,"A3,B2,C3,D1,E1,F2",True,0.0,851938.3675939937,-10.732033762374982
2406,True,"A3,B2,C3,D1,E1,F2",True,0.0,48461.49459652997,-4.0804139993585125
2407,True,"A3,B2,C3,D1,E1,F2",True,0.0,34041.10689501267,-3.726738449573361
2408,True,"A3,B2,C3,D1,E1,F2",True,0.0,7364.815183917999,-1.7662494518802276
2409,True,"A4,B2,C3,D2,E3,F1",False,4.0,127771.39066208494,-5.93637645821002
2410,True,"A4,B2,C3,D2,E3,F1",False,4.0,37607.780022641855,-4.653197120300575
2411,True,"A3,B2,C3,D1,E1,F2",True,0.0,1192395.1548725518,-11.640972885512902
2412,True,"A3,B2,C3,D2,E1,F1",False,2.0,260360.49045660484,-7.403755615809132
2413,True,"A3,B2,C3,D2,E1,F2",False,1.0,223636.53049778138,-6.793577890740551
2414,True,"A4,B2,C3,D2,E3,F2",False,3.0,1676287.2756387366,-12.190070636587066
2415,True,"A4,B2,C3,D2,E3,F2",False,3.0,13136.389261891267,-2.919815824944621
2416,True,"A3,B2,C3,D1,E1,F2",True,0.0,181356.4515409984,-6.411435634444302
2417,True,"A3,B2,C3,D2,E1,F3",False,2.0,845042.494815402,-11.399406848812312
2418,True,"A3,B2,C3,D1,E1,F1",False,1.0,56411.98917665362,-4.204915374434137
2419,True,"A3,B2,C3,D1,E1,F2",True,0.0,909852.0415272062,-9.16024541474625
2420,True,"A3,B2,C3,D1,E1,F2",True,0.0,154483.6598856922,-6.684822809363979
2421,True,"A3,B2,C3,D1,E1,F2",True,0.0,11207.579683737675,-2.7331444418975934
2422,True,"A3,B2,C3,D2,E1,F1",False,2.0,183047.45394339407,-8.230498960648688
2423,True,"A4,B2,C3,D2,E3,F2",False,3.0,2487175.5416705143,-12.612120986562928
2424,True,"A3,B2,C3,D2,E1,F3",False,2.0,236815.2223987034,-6.837196610986069
2425,True,"A4,B2,C3,D2,E3,F2",False,3.0,32830.594708960205,-3.076195898031969
2426,True,"A3,B2,C3,D1,E1,F2",True,0.0,130245.82708810022,-5.825882429772918
2427,True,"A3,B2,C3,D2,E1,F1",False,2.0,3806511.5880391356,-14.630530359181776
2428,True,"A3,B2,C3,D1,E1,F2",True,0.0,20125.342123745133,-4.379171140174762
2429,True,"A4,B2,C3,D2,E3,F1",False,4.0,263928.60301990825,-9.11213880497806
2430,True,"A4,B2,C3,D2,E2,F1",False,4.0,58422.319612336796,-4.885412741923901
2431,True,"A3,B2,C3,D2,E1,F1",False,2.0,3285893.562237516,-14.673164030265085
2432,True,"A3,B2,C3,D2,E1,F2",False,1.0,4369442.01623453,-15.759609975648019
2433,True,"A3,B2,C3,D2,E1,F1",False,2.0,3270080.985783575,-15.862946079960551
2434,True,"A3,B2,C3,D1,E1,F1",False,1.0,5533.89941892278,-2.735959925003897
2435,True,"A4,B2,C3,D2,E3,F2",False,3.0,1102960.3435992256,-10.542113953073674
2436,True,"A3,B2,C3,D1,E1,F2",True,0.0,287374.7752009579,-8.04527596293741
2437,True,"A3,B2,C3,D1,E1,F2",True,0.0,47767.77425957048,-3.421715627471272
2438,True,"A4,B2,C3,D2,E3,F1",False,4.0,1538457.9235868831,-14.177950401793446
2439,True,"A3,B2,C3,D2,E1,F2",False,1.0,3228165.9640353746,-14.208700756118219
2440,True,"A4,B2,C3,D2,E3,F2",False,3.0,291738.6300587295,-9.332602142978672
2441,True,"A4,B2,C3,D2,E3,F2",False,3.0,156499.8940806776,-6.2866536769748365
2442,True,"A4,B2,C3,D2,E3,F2",False,3.0,48648.657546333554,-3.9235647265575864
2443,True,"A4,B2,C3,D2,E3,F2",False,3.0,91054.670433268,-5.053993388928845
2444,True,"A4,B2,C3,D2,E3,F1",False,4.0,2240.0537969779743,-1.6321035482410196
2445,True,"A3,B2,C3,D1,E1,F2",True,0.0,994701.8236040353,-9.61881040949315
2446,True,"A3,B2,C3,D2,E1,F2",False,1.0,3903580.8899863223,-14.380888889496532
2447,True,"A4,B2,C3,D2,E3,F2",False,3.0,4317806.946000395,-17.36296083883881
2448,True,"A4,B2,C3,D2,E3,F2",False,3.0,155817.49096142416,-6.3639984255821105
2449,True,"A4,B2,C3,D2,E3,F1",False,4.0,125124.62665426711,-7.470050741399007
2450,True,"A3,B2,C3,D1,E1,F1",False,1.0,16522.787256947504,-4.456328363356519
2451,True,"A3,B2,C3,D1,E1,F2",True,0.0,184952.98713831842,-5.928873810260811
2452,True,"A3,B2,C3,D2,E1,F2",False,1.0,933171.2975879952,-10.521101452715463
2453,True,"A4,B2,C3,D2,E3,F1",False,4.0,130418.32456646202,-7.100828223292623
2454,True,"A3,B2,C3,D1,E1,F1",False,1.0,10311.407297591162,-3.497691025185759
2455,True,"A4,B2,C3,D2,E3,F2",False,3.0,169615.46192737148,-6.292421473603525
2456,True,"A3,B2,C3,D2,E1,F2",False,1.0,2382776.4151477953,-13.314080595989651
2457,True,"A3,B2,C3,D1,E1,F2",True,0.0,212344.52993368905,-7.318208524002159
2458,True,"A3,B2,C3,D1,E1,F1",False,1.0,12990.787121519212,-3.236752350809539
2459,True,"A4,B2,C3,D2,E3,F2",False,3.0,70740.38772332668,-5.588323428528753
2460,True,"A4,B2,C3,D2,E3,F1",False,4.0,94445.30770757396,-6.959472333998562
2461,True,"A4,B2,C3,D2,E3,F2",False,3.0,433777.3482631679,-10.781557871639478
2462,True,"A3,B2,C3,D2,E1,F3",False,2.0,632436.7305005271,-8.884010752132326
2463,True,"A4,B2,C3,D2,E3,F1",False,4.0,37573.22672829118,-4.175912586695304
2464,True,"A3,B2,C3,D1,E1,F2",True,0.0,145410.98547714239,-6.635637573394476
2465,True,"A3,B2,C3,D1,E1,F1",False,1.0,50558.856758273076,-5.118011897795242
2466,True,"A3,B2,C3,D2,E1,F2",False,1.0,2816442.6233973457,-13.004427126628272
2467,True,"A4,B2,C3,D2,E3,F1",False,4.0,168899.80794194585,-7.748815301659903
2468,True,"A3,B2,C3,D2,E1,F3",False,2.0,131837.75489476084,-5.713865528239069
2469,True,"A3,B2,C3,D2,E1,F3",False,2.0,241293.69827102966,-5.913565855408464
2470,True,"A4,B2,C3,D2,E2,F1",False,4.0,445557.81848416175,-9.62848726065981
2471,True,"A3,B2,C3,D2,E1,F3",False,2.0,75125.82392572072,-6.241724436860352
2472,True,"A3,B2,C3,D2,E1,F3",False,2.0,350765.5895190433,-8.785603596252415
2473,True,"A3,B2,C3,D1,E1,F2",True,0.0,472325.9720860296,-8.00577804616428
2474,True,"A4,B2,C3,D2,E3,F2",False,3.0,49255.56124794638,-3.8748203506716408
2475,True,"A3,B2,C3,D1,E1,F1",False,1.0,1626.5016132805076,-0.9831888283771377
2476,True,"A4,B2,C3,D2,E2,F1",False,4.0,1100058.117941627,-12.76589508222218
2477,True,"A4,B2,C3,D2,E3,F2",False,3.0,25900.55617672453,-3.419413732724138
2478,True,"A3,B2,C3,D2,E1,F1",False,2.0,3548424.7506563934,-16.73031502278034
2479,True,"A3,B2,C3,D1,E1,F2",True,0.0,1176001.2111422513,-10.718113642817393
2480,True,"A3,B2,C3,D2,E1,F2",False,1.0,1187104.524550308,-10.837605623071468
2481,True,"A3,B2,C3,D2,E1,F2",False,1.0,989051.5630423297,-10.689607564056217
2482,True,"A3,B2,C3,D1,E1,F2",True,0.0,977520.2813410396,-11.352116297547063
2483,True,"A3,B2,C3,D2,E1,F3",False,2.0,1906616.4900552249,-13.339443117891363
2484,True,"A3,B2,C3,D2,E1,F1",False,2.0,2124273.621220024,-13.509110519502272
2485,True,"A3,B2,C3,D2,E1,F3",False,2.0,1527162.0862422446,-11.948194725090886
2486,True,"A3,B2,C3,D1,E1,F2",True,0.0,1233615.3897131346,-12.181756785545005
2487,True,"A4,B2,C3,D2,E3,F1",False,4.0,217602.6385978139,-7.534383362420698
2488,True,"A4,B2,C3,D2,E3,F1",False,4.0,277575.08632681734,-10.059726223875614
2489,True,"A3,B2,C3,D1,E1,F1",False,1.0,6762.727080864656,-4.016586961425645
2490,True,"A3,B2,C3,D1,E1,F2",True,0.0,48921.36322077868,-4.209719916893306
2491,True,"A3,B2,C3,D2,E1,F3",False,2.0,1553702.6587227741,-12.06338415236241
2492,True,"A3,B2,C3,D1,E1,F2",True,0.0,1305692.4614333024,-11.937796019330172
2493,True,"A3,B2,C3,D1,E1,F2",True,0.0,1929673.5232122673,-12.5673057429576
2494,True,"A3,B2,C3,D1,E1,F2",True,0.0,1466242.534938992,-12.547891189622987
2495,True,"A3,B2,C3,D1,E1,F2",True,0.0,1171116.7517510278,-11.129584237526117
2496,True,"A3,B2,C3,D1,E1,F2",True,0.0,3127018.8282745,-15.156699275877799
2497,True,"A3,B2,C3,D2,E1,F3",False,2.0,253487.43994635317,-6.17265437136588
2498,True,"A3,B2,C3,D2,E3,F3",False,3.0,427496.00923829403,-10.180251719114707
2499,True,"A4,B2,C3,D2,E3,F2",False,3.0,973311.4283128917,-10.118700351895406
2500,True,"A4,B2,C3,D2,E3,F2",False,3.0,126628.67746221612,-7.486690427657081
2501,True,"A4,B2,C3,D2,E3,F2",False,3.0,253160.04765844918,-6.9936454317904975
2502,True,"A3,B2,C3,D1,E1,F2",True,0.0,576812.609098808,-9.980271468190892
2503,True,"A4,B2,C3,D2,E3,F1",False,4.0,133675.1408263172,-5.992999272177016
2504,True,"A4,B2,C3,D2,E3,F1",False,4.0,271745.8915756711,-9.012748420757248
2505,True,"A3,B2,C3,D1,E1,F2",True,0.0,650800.8097120103,-9.354009748828886
2506,True,"A3,B2,C3,D2,E1,F2",False,1.0,2729645.531081197,-13.579447083597778
2507,True,"A3,B2,C3,D2,E1,F2",False,1.0,4715131.272047151,-16.301474336021506
2508,True,"A3,B2,C3,D1,E1,F2",True,0.0,11904.671997600315,-2.688957965395531
2509,True,"A3,B2,C3,D2,E1,F3",False,2.0,113078.27568241648,-5.0318159782130465
2510,True,"A3,B2,C3,D1,E1,F1",False,1.0,1253198.3306893534,-12.360060413417386
2511,True,"A3,B2,C3,D2,E1,F2",False,1.0,657321.018171529,-8.542314202128026
2512,True,"A4,B2,C3,D2,E3,F2",False,3.0,433869.56782598177,-10.145867229082015
2513,True,"A3,B2,C3,D2,E1,F1",False,2.0,345617.7906647223,-7.757996441994507
2514,True,"A3,B2,C3,D1,E1,F2",True,0.0,162064.5922106017,-6.686226550249245
2515,True,"A3,B2,C3,D1,E1,F2",True,0.0,755691.0176537466,-9.767386866374103
2516,True,"A3,B2,C3,D1,E1,F2",True,0.0,355570.4520363354,-7.669162754840556
2517,True,"A3,B2,C3,D2,E1,F3",False,2.0,858851.1591416575,-10.619210987218572
2518,True,"A3,B2,C3,D1,E1,F2",True,0.0,1802124.316161174,-14.436409111206792
2519,True,"A3,B2,C3,D2,E1,F1",False,2.0,1899678.5613570057,-12.981502481226649
2520,True,"A3,B2,C3,D1,E1,F2",True,0.0,855285.3512864287,-10.818310325718322
2521,True,"A3,B2,C3,D2,E1,F3",False,2.0,1314454.674376451,-10.887781451793593
2522,True,"A4,B2,C3,D2,E5,F1",False,4.0,4587.460728332172,-4.034108309889845
2523,True,"A3,B2,C3,D2,E1,F3",False,2.0,1180572.4495223968,-12.418450357902074
2524,True,"A3,B2,C3,D1,E1,F2",True,0.0,258783.36712819448,-7.030346888817647
2525,True,"A4,B2,C3,D2,E3,F2",False,3.0,1561993.8257612514,-13.923630928341744
2526,True,"A3,B2,C3,D1,E1,F1",False,1.0,55544.992721020084,-5.668237603446713
2527,True,"A3,B2,C3,D1,E1,F2",True,0.0,99046.14574743866,-4.270075241260756
2528,True,"A4,B2,C3,D2,E3,F2",False,3.0,1594120.7386574785,-11.932269466160257
2529,True,"A3,B2,C3,D2,E1,F1",False,2.0,814677.7775492566,-11.577774721358011
2530,True,"A3,B2,C3,D2,E1,F1",False,2.0,2698097.34821953,-14.384077592961063
2531,True,"A4,B2,C3,D2,E3,F1",False,4.0,2110095.3947688933,-13.101311956277911
2532,True,"A3,B2,C3,D1,E1,F1",False,1.0,293753.0056565313,-7.894284244277088
2533,True,"A4,B2,C3,D2,E3,F2",False,3.0,17341.41373234657,-3.297926135938482
2534,True,"A3,B2,C3,D1,E1,F2",True,0.0,34131.089843923284,-2.539226972899087
2535,True,"A3,B2,C3,D1,E1,F2",True,0.0,262531.57655012264,-7.356721094783126
2536,True,"A3,B2,C3,D2,E1,F3",False,2.0,149976.06447549243,-5.720792732439705
2537,True,"A4,B2,C3,D2,E3,F1",False,4.0,58659.26680144486,-4.814238698407138
2538,True,"A3,B2,C3,D2,E1,F1",False,2.0,2116826.9127860647,-14.788069141713393
2539,True,"A4,B2,C3,D2,E3,F2",False,3.0,2490878.159377928,-14.395699227504608
2540,True,"A3,B2,C3,D2,E1,F2",False,1.0,2233581.1326550012,-12.709810949704192
2541,True,"A3,B2,C3,D1,E1,F2",True,0.0,106755.8939226276,-4.366278926928359
2542,True,"A4,B2,C3,D2,E3,F2",False,3.0,3159262.479935154,-15.920999674055011
2543,True,"A4,B2,C3,D2,E3,F2",False,3.0,1178136.6452287578,-10.44677593620765
2544,True,"A3,B2,C3,D1,E1,F1",False,1.0,70547.62708524863,-5.544516022695518
2545,True,"A3,B2,C3,D2,E1,F3",False,2.0,25720.03171950792,-3.433929391452139
2546,True,"A3,B2,C3,D1,E1,F2",True,0.0,71553.65808490888,-6.304692874184312
2547,True,"A3,B2,C3,D1,E1,F1",False,1.0,15425.108953833238,-3.552518067583719
2548,True,"A3,B2,C3,D1,E1,F2",True,0.0,342635.64362118545,-7.574343085676517
2549,True,"A4,B2,C3,D2,E3,F2",False,3.0,711240.2233842548,-10.209315054477813
2550,True,"A4,B2,C3,D2,E3,F2",False,3.0,394466.2358755573,-8.280585897682187
2551,True,"A4,B2,C3,D2,E3,F2",False,3.0,2738132.452170971,-14.538985596780215
2552,True,"A3,B2,C3,D1,E1,F2",True,0.0,28768.258147915923,-3.330423356301651
2553,True,"A3,B2,C3,D1,E1,F1",False,1.0,412805.9299480603,-9.1837141330208
2554,True,"A3,B2,C3,D2,E1,F3",False,2.0,620629.5135488638,-8.415410248005529
2555,True,"A3,B2,C3,D2,E1,F3",False,2.0,1209798.3174098355,-11.757466002087227
2556,True,"A4,B2,C3,D2,E3,F1",False,4.0,107219.28199027445,-6.608612983273531
2557,True,"A3,B2,C3,D1,E1,F2",True,0.0,1730655.4495653913,-12.701294210445525
2558,True,"A4,B2,C3,D2,E3,F2",False,3.0,1395273.4961153453,-11.348642349646141
2559,True,"A3,B2,C3,D2,E1,F3",False,2.0,4016996.3408736093,-16.247545904165314
2560,True,"A3,B2,C3,D2,E1,F3",False,2.0,842729.6955466232,-10.997601017276693
2561,True,"A3,B2,C3,D2,E1,F3",False,2.0,214542.42689404383,-8.840068012453216
2562,True,"A3,B2,C3,D1,E1,F2",True,0.0,523175.3821128509,-9.227433880913651
2563,True,"A3,B2,C3,D2,E1,F1",False,2.0,795936.2633782029,-10.298206670780253
2564,True,"A3,B2,C3,D2,E1,F3",False,2.0,505207.5568942769,-9.249420258981985
2565,True,"A4,B2,C3,D2,E3,F2",False,3.0,2965341.0662617614,-13.710190328112247
2566,True,"A3,B2,C3,D2,E1,F3",False,2.0,278471.6679387535,-7.164666553318369
2567,True,"A3,B2,C3,D1,E1,F2",True,0.0,338707.00956655556,-9.025462640232263
2568,True,"A3,B2,C3,D2,E1,F3",False,2.0,641621.2674920376,-9.551193942383144
2569,True,"A3,B2,C3,D2,E1,F3",False,2.0,42084.46454521404,-4.832165514721652
2570,True,"A3,B2,C3,D2,E1,F3",False,2.0,252716.52692288093,-7.908295173316176
2571,True,"A4,B2,C3,D2,E3,F2",False,3.0,77940.49375010178,-5.377489814219786
2572,True,"A4,B2,C3,D2,E1,F2",False,2.0,1174992.5108841667,-12.581080497207665
2573,True,"A3,B2,C3,D2,E1,F2",False,1.0,2534832.245712035,-15.460644609070641
2574,True,"A3,B2,C3,D1,E1,F2",True,0.0,163376.18476628175,-7.671895143192614
2575,True,"A4,B2,C3,D2,E3,F1",False,4.0,198775.14485912776,-9.099833723417092
2576,True,"A4,B2,C3,D2,E3,F1",False,4.0,8505.7770298203,-2.9359219146090254
2577,True,"A3,B2,C3,D1,E1,F1",False,1.0,435096.72427186713,-9.749729679354417
2578,True,"A3,B2,C3,D1,E1,F2",True,0.0,359199.9689115157,-9.953025046067808
2579,True,"A4,B2,C3,D2,E3,F2",False,3.0,1211769.018894761,-13.012559574039159
2580,True,"A4,B2,C3,D2,E3,F1",False,4.0,46629.10089144445,-5.695485643060039
2581,True,"A3,B2,C3,D2,E1,F3",False,2.0,750831.9189623353,-10.7503853137545
2582,True,"A3,B2,C3,D1,E1,F1",False,1.0,23712.418044166752,-3.059499922253835
2583,True,"A3,B2,C3,D2,E1,F1",False,2.0,2119464.674931134,-13.077855522010886
2584,True,"A3,B2,C3,D1,E1,F2",True,0.0,895085.462717626,-10.49287347419996
2585,True,"A4,B2,C3,D2,E3,F2",False,3.0,91161.48190690446,-5.811244209306523
2586,True,"A4,B2,C3,D2,E3,F2",False,3.0,1749484.5289004326,-12.564168884757237
2587,True,"A4,B2,C3,D2,E3,F1",False,4.0,7798.71282914848,-3.2356866392069463
2588,True,"A3,B2,C3,D1,E1,F1",False,1.0,113825.47214188808,-6.062299120636382
2589,True,"A4,B2,C3,D2,E3,F2",False,3.0,2579289.6110861213,-16.154938034938652
2590,True,"A4,B2,C3,D2,E3,F1",False,4.0,192581.81150599557,-6.952144927465483
2591,True,"A3,B2,C3,D2,E1,F2",False,1.0,674246.9466073209,-9.332587878255524
2592,True,"A3,B2,C3,D1,E1,F1",False,1.0,106917.65274931838,-5.802930396992323
2593,True,"A4,B2,C3,D2,E3,F1",False,4.0,926847.5174174248,-11.555717329300158
2594,True,"A3,B2,C3,D2,E1,F2",False,1.0,2259522.89243575,-12.229037704777802
2595,True,"A4,B2,C3,D2,E1,F2",False,2.0,1825659.736879574,-12.77681016583567
2596,True,"A3,B2,C3,D2,E1,F2",False,1.0,2595646.0595696485,-14.139166935695705
2597,True,"A3,B2,C3,D2,E1,F3",False,2.0,430730.0223158271,-9.592585563361567
2598,True,"A4,B2,C3,D2,E3,F2",False,3.0,2470864.376059695,-13.932167233229158
2599,True,"A3,B2,C3,D1,E1,F1",False,1.0,378570.97091592645,-9.692044647340282
2600,True,"A4,B2,C3,D2,E3,F2",False,3.0,3908797.913145382,-17.00799410655042
2601,True,"A3,B2,C3,D1,E1,F2",True,0.0,2396003.2103429125,-12.12371597848
2602,True,"A4,B2,C3,D2,E3,F2",False,3.0,2663725.504801698,-13.761565836474823
2603,True,"A3,B2,C3,D2,E1,F3",False,2.0,18799.004295919574,-2.623480606489096
2604,True,"A4,B2,C3,D2,E3,F1",False,4.0,30424.624953184622,-5.231155438507216
2605,True,"A3,B2,C3,D2,E1,F3",False,2.0,71371.57681247166,-4.978430319947904
2606,True,"A3,B2,C3,D1,E1,F2",True,0.0,535393.7794820147,-9.687221850143672
2607,True,"A3,B2,C3,D2,E1,F3",False,2.0,15395.775621971065,-2.8902227458081455
2608,True,"A3,B2,C3,D2,E1,F1",False,2.0,1945977.784745581,-12.389079895566752
2609,True,"A3,B2,C3,D2,E1,F2",False,1.0,2028360.709994588,-13.059449596931046
2610,True,"A3,B2,C3,D1,E1,F2",True,0.0,1538942.974747204,-12.623631272811856
2611,True,"A3,B2,C3,D2,E1,F2",False,1.0,3004628.863813471,-16.19254855046203
2612,True,"A3,B2,C3,D1,E1,F1",False,1.0,46578.54711314175,-5.596356357032477
2613,True,"A3,B2,C3,D2,E2,F3",False,3.0,2676449.1651944015,-14.677784405053849
2614,True,"A4,B2,C3,D2,E3,F2",False,3.0,650837.0803395549,-11.554016636426233
2615,True,"A4,B2,C3,D2,E3,F2",False,3.0,242273.0443115648,-6.5100393401491345
2616,True,"A3,B2,C3,D2,E1,F1",False,2.0,287338.46709752124,-8.905069094293054
2617,True,"A4,B2,C3,D2,E2,F1",False,4.0,20812.12682929408,-3.7026775002672423
2618,True,"A3,B2,C3,D1,E1,F2",True,0.0,357590.5451349692,-7.376301525417588
2619,True,"A3,B2,C3,D1,E1,F1",False,1.0,96102.00210616656,-6.116859963923048
2620,True,"A3,B2,C3,D2,E1,F2",False,1.0,2488449.2461332753,-14.80291123825915
2621,True,"A3,B2,C3,D1,E1,F2",True,0.0,162559.30929824783,-6.316566534269384
2622,True,"A4,B2,C3,D2,E3,F2",False,3.0,42303.24662829788,-3.688065458353492
2623,True,"A4,B2,C3,D2,E3,F2",False,3.0,919980.6316888883,-11.616577714100174
2624,True,"A3,B2,C3,D2,E1,F2",False,1.0,2087291.7605947098,-12.639862622634013
2625,True,"A4,B2,C3,D2,E2,F1",False,4.0,212574.06427536425,-7.5395313501732915
2626,True,"A4,B2,C3,D2,E3,F2",False,3.0,829123.1410579465,-10.429930130296526
2627,True,"A3,B2,C3,D2,E1,F1",False,2.0,214071.16428424834,-6.495508013877824
2628,True,"A3,B2,C3,D1,E1,F2",True,0.0,97846.9006470106,-6.2667041213307755
2629,True,"A4,B2,C3,D2,E3,F2",False,3.0,124675.17917036642,-5.319859082899626
2630,True,"A4,B2,C3,D2,E3,F2",False,3.0,977310.3185143537,-11.00536176995162
2631,True,"A3,B2,C3,D2,E1,F1",False,2.0,1649519.3143034528,-13.234225859912776
2632,True,"A4,B2,C3,D2,E3,F2",False,3.0,295225.8918268141,-7.035002506645839
2633,True,"A4,B2,C3,D2,E3,F2",False,3.0,726707.9157122722,-9.205497106625259
2634,True,"A4,B2,C3,D2,E3,F1",False,4.0,84167.68780436854,-6.752150662565143
2635,True,"A3,B2,C3,D2,E1,F3",False,2.0,108968.93941947377,-5.129074909537934
2636,True,"A3,B2,C3,D2,E1,F3",False,2.0,677622.6322057167,-9.210947235767051
2637,True,"A4,B2,C3,D2,E3,F1",False,4.0,570161.5556871458,-9.925769201218003
2638,True,"A3,B2,C3,D2,E1,F3",False,2.0,770409.2648901817,-12.270061764417896
2639,True,"A3,B2,C3,D1,E1,F2",True,0.0,847842.2019962397,-10.001817493944486
2640,True,"A3,B2,C3,D1,E1,F1",False,1.0,65122.45898903183,-4.586531817601568
2641,True,"A3,B2,C3,D2,E1,F1",False,2.0,608687.5238746443,-9.868566290353115
2642,True,"A3,B2,C3,D2,E1,F3",False,2.0,641621.7083526409,-10.31973973735031
2643,True,"A3,B2,C3,D2,E1,F3",False,2.0,3253360.7161491993,-15.969551804643693
2644,True,"A3,B2,C3,D2,E1,F1",False,2.0,3311856.831667505,-15.886810713797473
2645,True,"A3,B2,C3,D2,E1,F1",False,2.0,660022.4744492559,-10.643604919146753
2646,True,"A4,B2,C3,D2,E3,F1",False,4.0,177956.23629539862,-8.088402176253922
2647,True,"A3,B2,C3,D2,E1,F1",False,2.0,618032.8683179588,-9.263972917366758
2648,True,"A4,B2,C3,D2,E3,F2",False,3.0,17676.783464915065,-2.3666916883919527
2649,True,"A3,B2,C3,D2,E1,F2",False,1.0,2911645.4148537186,-13.070242811911584
2650,True,"A4,B2,C3,D2,E3,F2",False,3.0,1533262.3845527242,-12.794210945162689
2651,True,"A3,B2,C3,D1,E1,F1",False,1.0,37286.71412016194,-3.860880375175398
2652,True,"A3,B2,C3,D1,E1,F2",True,0.0,1462129.2950295345,-11.838375521104076
2653,True,"A4,B2,C3,D2,E2,F1",False,4.0,1765788.9529658621,-13.936320127384732
2654,True,"A3,B2,C3,D2,E1,F2",False,1.0,3798401.8301149593,-14.646983280282925
2655,True,"A3,B2,C3,D2,E1,F2",False,1.0,1325067.65099896,-12.146453892108262
2656,True,"A3,B2,C3,D2,E1,F3",False,2.0,23658.439491340618,-3.4008245199127174
2657,True,"A3,B2,C3,D1,E1,F2",True,0.0,7412.276201940481,-0.8952129014233066
2658,True,"A3,B2,C3,D1,E1,F2",True,0.0,315177.19740786677,-7.200338563332721
2659,True,"A3,B2,C3,D1,E1,F2",True,0.0,1449897.4656531778,-12.599403231332808
2660,True,"A4,B2,C3,D2,E2,F1",False,4.0,300065.8190749549,-7.818270261616348
2661,True,"A4,B2,C3,D2,E3,F1",False,4.0,413406.9111300359,-9.606895300015353
2662,True,"A4,B2,C3,D2,E3,F2",False,3.0,930069.7368709812,-10.742576163961019
2663,True,"A4,B2,C3,D2,E3,F2",False,3.0,668471.850325762,-10.794108371001187
2664,True,"A4,B2,C3,D2,E3,F2",False,3.0,111028.11439438793,-5.362813212214306
2665,True,"A3,B2,C3,D1,E1,F2",True,0.0,1121815.0288674543,-10.23258927620114
2666,True,"A3,B2,C3,D2,E1,F3",False,2.0,468809.1880199147,-9.457799730166684
2667,True,"A3,B2,C3,D2,E1,F3",False,2.0,2175092.6307307626,-13.314753937790933
2668,True,"A4,B2,C3,D2,E3,F2",False,3.0,287272.0680349075,-8.839530686728324
2669,True,"A3,B2,C3,D2,E1,F3",False,2.0,2103708.1237020497,-13.72843007333303
2670,True,"A3,B2,C3,D2,E1,F3",False,2.0,1474666.6572887104,-12.040993540755615
2671,True,"A3,B2,C3,D2,E1,F1",False,2.0,206254.44109546303,-7.442799044529622
2672,True,"A4,B2,C3,D2,E2,F1",False,4.0,2207447.6588825495,-15.204886197030078
2673,True,"A3,B2,C3,D2,E1,F3",False,2.0,41228.389386088485,-3.9709014165149483
2674,True,"A3,B2,C3,D2,E1,F3",False,2.0,1114561.468957639,-11.797648664039421
2675,True,"A3,B2,C3,D1,E1,F2",True,0.0,272924.5828892705,-6.376284485969066
2676,True,"A4,B2,C3,D2,E3,F2",False,3.0,110371.91809877269,-5.278450991312212
2677,True,"A4,B2,C3,D2,E3,F1",False,4.0,12914.253088727462,-4.259607503208315
2678,True,"A3,B2,C3,D1,E1,F2",True,0.0,125819.52531713013,-6.321670303531874
2679,True,"A3,B2,C3,D2,E1,F1",False,2.0,1511720.940480685,-11.391028493006218
2680,True,"A4,B2,C3,D2,E2,F1",False,4.0,789164.5330576414,-11.351422261318774
2681,True,"A3,B2,C3,D2,E1,F3",False,2.0,48753.986660621704,-5.034855142265883
2682,True,"A3,B2,C3,D1,E1,F2",True,0.0,296125.27184844157,-8.381834426582344
2683,True,"A3,B2,C3,D2,E1,F3",False,2.0,2469751.3748173085,-13.990336181814733
2684,True,"A4,B2,C3,D2,E3,F2",False,3.0,915120.0269723602,-11.541764327428737
2685,True,"A3,B2,C3,D2,E1,F2",False,1.0,1429472.392992046,-10.80128245156341
2686,True,"A4,B2,C3,D2,E3,F2",False,3.0,2561884.620901121,-14.390490819499021
2687,True,"A4,B2,C3,D2,E3,F2",False,3.0,87060.7939966692,-4.756105013473842
2688,True,"A3,B2,C3,D1,E1,F2",True,0.0,431637.5389381726,-8.052640905628223
2689,True,"A3,B2,C3,D2,E1,F2",False,1.0,914000.1270192064,-10.243397643289242
2690,True,"A3,B2,C3,D2,E1,F2",False,1.0,2799799.0237474055,-12.59032905888094
2691,True,"A4,B2,C3,D2,E3,F1",False,4.0,41380.465229737245,-4.586663708597712
2692,True,"A3,B2,C3,D2,E1,F3",False,2.0,146707.80957334596,-7.0034491771803005
2693,True,"A4,B2,C3,D2,E3,F1",False,4.0,20715.6188253056,-4.927931701450291
2694,True,"A4,B2,C3,D2,E3,F2",False,3.0,3951211.6567119663,-15.750083028739525
2695,True,"A3,B2,C3,D2,E1,F2",False,1.0,1852838.6717272908,-12.107866525824498
2696,True,"A4,B2,C3,D2,E3,F2",False,3.0,306682.4264947339,-8.845069207915074
2697,True,"A4,B2,C3,D2,E3,F2",False,3.0,719822.5829765566,-9.891702694057848
2698,True,"A4,B2,C3,D2,E3,F2",False,3.0,972573.0350863235,-11.120664357609002
2699,True,"A4,B2,C3,D2,E3,F2",False,3.0,32475.658836420647,-4.008154648574859
2700,True,"A3,B2,C3,D2,E1,F3",False,2.0,50304.36836660217,-4.057410099582853
2701,True,"A3,B2,C3,D1,E1,F2",True,0.0,1769722.254492907,-12.692283534930652
2702,True,"A4,B2,C3,D2,E2,F1",False,4.0,828741.5251058851,-11.664385490236356
2703,True,"A3,B2,C3,D2,E1,F3",False,2.0,387249.0452873979,-9.066692645044284
2704,True,"A3,B2,C3,D2,E1,F2",False,1.0,2577101.0735507924,-13.177074913637682
2705,True,"A3,B2,C3,D1,E1,F2",True,0.0,274107.44004924665,-7.408288468399093
2706,True,"A4,B2,C3,D2,E3,F2",False,3.0,672539.8708279984,-10.015480805606614
2707,True,"A3,B2,C3,D2,E1,F2",False,1.0,3066798.393611634,-14.709895109991187
2708,True,"A4,B2,C3,D2,E3,F1",False,4.0,174132.03866053306,-7.761450212961961
2709,True,"A3,B2,C3,D2,E1,F3",False,2.0,485023.23645977717,-10.598622615410505
2710,True,"A3,B2,C3,D2,E1,F1",False,2.0,420651.68138582644,-7.815485024488794
2711,True,"A3,B2,C3,D1,E1,F2",True,0.0,2605865.2992093954,-13.212948635745654
2712,True,"A3,B2,C3,D2,E1,F2",False,1.0,3462657.2460460807,-12.96882594634571
2713,True,"A3,B2,C3,D1,E1,F2",True,0.0,1222299.392130098,-10.457610950136939
2714,True,"A4,B2,C3,D2,E3,F2",False,3.0,1471828.0131836399,-12.323854317667937
2715,True,"A3,B2,C3,D2,E1,F3",False,2.0,62954.74310780424,-5.320448987827362
2716,True,"A4,B2,C3,D2,E3,F2",False,3.0,850496.6961905232,-10.607795147313439
2717,True,"A3,B2,C3,D1,E1,F2",True,0.0,119313.57291312469,-5.945828835738126
2718,True,"A4,B2,C3,D2,E2,F1",False,4.0,208516.20187413885,-8.39004759653065
2719,True,"A3,B2,C3,D1,E1,F2",True,0.0,594033.0083652026,-9.864742662168673
2720,True,"A4,B2,C3,D2,E3,F2",False,3.0,165391.96370756728,-6.362221517775893
2721,True,"A3,B2,C3,D2,E1,F2",False,1.0,739168.2504180099,-10.482031123367307
2722,True,"A3,B2,C3,D1,E1,F2",True,0.0,167879.26630196438,-7.489487661458568
2723,True,"A3,B2,C3,D1,E1,F2",True,0.0,2796528.9890801436,-13.779225635049038
2724,True,"A4,B2,C3,D2,E2,F1",False,4.0,92405.8810943967,-6.480498836568543
2725,True,"A4,B2,C3,D2,E3,F1",False,4.0,27084.531296492754,-4.60725919865159
2726,True,"A4,B2,C3,D2,E2,F1",False,4.0,1516995.0815715012,-13.226438271552801
2727,True,"A3,B2,C3,D2,E1,F2",False,1.0,2180179.6455644434,-12.565346197702652
2728,True,"A3,B2,C3,D2,E1,F3",False,2.0,1397951.2158677895,-12.071690847704446
2729,True,"A4,B2,C3,D2,E3,F2",False,3.0,55241.84576810481,-4.2639617513584085
2730,True,"A3,B2,C3,D1,E1,F2",True,0.0,194858.8217913106,-6.5787252628213935
2731,True,"A3,B2,C3,D1,E1,F2",True,0.0,1765933.5664856965,-14.717467635001668
2732,True,"A3,B2,C3,D2,E1,F2",False,1.0,1648381.4122228343,-11.8267324172756
2733,True,"A3,B2,C3,D1,E1,F2",True,0.0,14921.949191374522,-1.9898032990666223
2734,True,"A3,B2,C3,D2,E1,F3",False,2.0,35212.64822654607,-4.187518361839253
2735,True,"A3,B2,C3,D2,E1,F3",False,2.0,2221361.946482096,-14.226918807976965
2736,True,"A4,B2,C3,D2,E3,F1",False,4.0,76413.78318401246,-6.06997482816675
2737,True,"A3,B2,C3,D1,E1,F2",True,0.0,73724.53624419699,-4.065327136285418
2738,True,"A3,B2,C3,D2,E1,F3",False,2.0,1655941.3994332151,-12.149776402933739
2739,True,"A4,B2,C3,D2,E2,F1",False,4.0,148743.51815836673,-6.4016426387753
2740,True,"A3,B2,C3,D2,E1,F3",False,2.0,19559.858630287978,-3.573852782968231
2741,True,"A4,B2,C3,D2,E3,F2",False,3.0,2950262.5641288897,-16.11379654438032
2742,True,"A3,B2,C3,D2,E1,F1",False,2.0,2251888.62160467,-14.534463274480203
2743,True,"A3,B2,C3,D1,E1,F2",True,0.0,120689.12496693057,-7.230809913895925
2744,True,"A3,B2,C3,D2,E1,F2",False,1.0,2659160.28274884,-13.253112031967568
2745,True,"A4,B2,C3,D2,E3,F2",False,3.0,805994.2371544281,-10.407728271223036
2746,True,"A4,B2,C3,D2,E3,F1",False,4.0,66937.8912362025,-6.428676127726945
2747,True,"A3,B2,C3,D2,E1,F3",False,2.0,2837301.399005713,-13.76399673359343
2748,True,"A4,B2,C3,D2,E3,F1",False,4.0,500284.72349868045,-10.09913263965565
2749,True,"A3,B2,C3,D2,E1,F3",False,2.0,715367.5869948583,-10.479272199341516
2750,True,"A3,B2,C3,D1,E1,F2",True,0.0,16078.842140038474,-3.397084056404509
2751,True,"A3,B2,C3,D1,E1,F2",True,0.0,672168.5878519694,-9.918044813387922
2752,True,"A3,B2,C3,D2,E1,F2",False,1.0,5027131.0042829355,-16.064084091271212
2753,True,"A3,B2,C3,D1,E1,F2",True,0.0,791827.936585619,-11.4475093206892
2754,True,"A3,B2,C3,D2,E1,F3",False,2.0,41685.90965278177,-3.258957189247738
2755,True,"A4,B2,C3,D2,E3,F1",False,4.0,12863.562976653466,-4.002338615203399
2756,True,"A4,B2,C3,D2,E3,F1",False,4.0,272863.01000056637,-10.23036535161971
2757,True,"A3,B2,C3,D2,E1,F3",False,2.0,1038728.3392994179,-10.771850175278594
2758,True,"A3,B2,C3,D2,E1,F3",False,2.0,19043.865718322253,-4.222877218184337
2759,True,"A3,B2,C3,D2,E1,F2",False,1.0,2268474.574612156,-12.305302902267826
2760,True,"A4,B2,C3,D2,E3,F2",False,3.0,686670.6107202189,-10.788084423572883
2761,True,"A3,B2,C3,D2,E1,F3",False,2.0,3228913.402920694,-14.48229447978158
2762,True,"A3,B2,C3,D2,E1,F3",False,2.0,1216801.469339608,-12.249255113627811
2763,True,"A3,B2,C3,D2,E1,F3",False,2.0,26287.563386177364,-2.4704944025542517
2764,True,"A3,B2,C3,D2,E1,F2",False,1.0,1666783.1273103224,-11.543593404229
2765,True,"A3,B2,C3,D2,E1,F3",False,2.0,792085.7216352471,-10.774870059994285
2766,True,"A4,B2,C3,D2,E3,F2",False,3.0,640799.8369443056,-10.87671634305967
2767,True,"A3,B2,C3,D2,E1,F1",False,2.0,3317792.449923684,-15.20854360802528
2768,True,"A4,B2,C3,D2,E3,F2",False,3.0,227647.09038146606,-9.168363409241366
2769,True,"A4,B2,C3,D2,E3,F2",False,3.0,473842.32101081393,-10.8084025579207
2770,True,"A3,B2,C3,D2,E1,F2",False,1.0,3432930.0101852305,-15.441598131538214
2771,True,"A3,B2,C3,D1,E1,F2",True,0.0,53859.33066551206,-3.2397733812863265
2772,True,"A3,B2,C3,D2,E1,F3",False,2.0,26420.926232229845,-4.347322301462441
2773,True,"A3,B2,C3,D2,E1,F1",False,2.0,2641499.8416146864,-15.485664278557394
2774,True,"A3,B2,C3,D2,E1,F2",False,1.0,3589615.6726663946,-15.424636190407092
2775,True,"A3,B2,C3,D1,E1,F2",True,0.0,2350445.6197726033,-13.937400968492462
2776,True,"A4,B2,C3,D2,E3,F2",False,3.0,1308922.103602862,-11.498097230626861
2777,True,"A3,B2,C3,D2,E1,F2",False,1.0,3163433.3752938327,-12.727287444059513
2778,True,"A3,B2,C3,D2,E1,F3",False,2.0,468999.2374042192,-9.193491665621025
2779,True,"A3,B2,C3,D2,E1,F3",False,2.0,2863964.7578324447,-15.589452573771268
2780,True,"A3,B2,C3,D2,E1,F3",False,2.0,360541.52345570433,-7.458014462039188
2781,True,"A3,B2,C3,D2,E1,F2",False,1.0,1931091.4170046677,-14.027850315942821
2782,True,"A4,B2,C3,D2,E2,F1",False,4.0,27994.14300192741,-3.917916559477362
2783,True,"A3,B2,C3,D1,E1,F2",True,0.0,112927.27329965109,-4.579964714905529
2784,True,"A3,B2,C3,D2,E1,F3",False,2.0,243026.03597754668,-8.267475309821606
2785,True,"A3,B2,C3,D2,E1,F1",False,2.0,991400.0488070786,-11.045573206685546
2786,True,"A4,B2,C3,D2,E3,F1",False,4.0,1074493.258400462,-12.843334671023925
2787,True,"A3,B2,C3,D1,E1,F2",True,0.0,67644.01531394577,-5.466804359285703
2788,True,"A3,B2,C3,D1,E1,F1",False,1.0,8243.6844860287,-2.274471830826826
2789,True,"A3,B2,C3,D1,E1,F2",True,0.0,4601.857114555433,-2.0787288813771454
2790,True,"A3,B2,C3,D2,E1,F3",False,2.0,545946.9901297955,-9.374718772548306
2791,True,"A4,B2,C3,D2,E3,F2",False,3.0,156004.30045875447,-7.243023554320544
2792,True,"A4,B2,C3,D2,E3,F1",False,4.0,8208.836366009353,-3.7980368444310955
2793,True,"A4,B2,C3,D2,E1,F2",False,2.0,1322754.2146587449,-12.757447796058926
2794,True,"A3,B2,C3,D2,E1,F1",False,2.0,187121.73468707217,-5.417718017840826
2795,True,"A3,B2,C3,D1,E1,F2",True,0.0,57506.91620157299,-4.287669346557465
2796,True,"A3,B2,C3,D1,E1,F2",True,0.0,2787231.058831566,-14.111800423105045
2797,True,"A3,B2,C3,D2,E1,F3",False,2.0,29430.83363058657,-3.8308229945576073
2798,True,"A4,B2,C3,D2,E3,F2",False,3.0,48628.462631346556,-6.278001234813814
2799,True,"A3,B2,C3,D1,E1,F2",True,0.0,272805.4020186477,-8.719407131274039
2800,True,"A4,B2,C3,D2,E3,F1",False,4.0,43422.00360737769,-6.527260919600295
2801,True,"A3,B2,C3,D1,E1,F2",True,0.0,35871.71387392816,-3.9231653678683784
2802,True,"A3,B2,C3,D2,E1,F1",False,2.0,63607.63527389322,-5.144836986108473
2803,True,"A4,B2,C3,D2,E3,F2",False,3.0,1524583.0644861334,-12.784620502024552
2804,True,"A3,B2,C3,D1,E1,F2",True,0.0,80575.80225687621,-4.795044898249245
2805,True,"A3,B2,C3,D1,E1,F2",True,0.0,927148.4454246261,-9.585943580280286
2806,True,"A4,B2,C3,D2,E3,F2",False,3.0,1300444.5484108701,-12.596811168838123
2807,True,"A3,B2,C3,D1,E1,F2",True,0.0,2795834.4283449478,-11.980696938855424
2808,True,"A3,B2,C3,D1,E1,F2",True,0.0,49605.023422335384,-3.7991382660644035
2809,True,"A3,B2,C3,D2,E1,F2",False,1.0,4014633.256537831,-13.842632684844531
2810,True,"A4,B2,C3,D2,E3,F1",False,4.0,4229.027958623325,-2.755420214051753
2811,True,"A4,B2,C3,D2,E3,F1",False,4.0,1181508.6029828584,-12.634704646264026
2812,True,"A4,B2,C3,D2,E2,F1",False,4.0,76261.99430303408,-6.79126699854605
2813,True,"A3,B2,C3,D2,E1,F3",False,2.0,197342.94311331224,-7.638512963345278
2814,True,"A3,B2,C3,D1,E1,F2",True,0.0,941390.1413031955,-10.245273723209863
2815,True,"A3,B2,C3,D2,E1,F1",False,2.0,1145120.5523006592,-10.129591434868033
2816,True,"A3,B2,C3,D2,E1,F1",False,2.0,4405703.727643352,-15.828221724753462
2817,True,"A3,B2,C3,D1,E1,F2",True,0.0,1358319.6306099072,-11.697522777978982
2818,True,"A4,B2,C3,D2,E3,F2",False,3.0,82823.363553765,-5.28108774006229
2819,True,"A4,B2,C3,D2,E2,F1",False,4.0,187154.5328716655,-6.99191370218341
2820,True,"A4,B2,C3,D2,E3,F2",False,3.0,1239913.0924177524,-11.84747263265971
2821,True,"A4,B2,C3,D2,E3,F2",False,3.0,229213.27344134974,-8.925059807178073
2822,True,"A3,B2,C3,D1,E1,F2",True,0.0,253916.08743330077,-6.417700541117043
2823,True,"A4,B2,C3,D2,E2,F1",False,4.0,1810963.714622018,-14.136891719024078
2824,True,"A4,B2,C3,D2,E3,F2",False,3.0,99327.89233686969,-5.97279254681257
2825,True,"A4,B2,C3,D2,E3,F1",False,4.0,72553.78213605723,-6.0342008240142775
2826,True,"A4,B2,C3,D2,E3,F2",False,3.0,344465.1914286108,-9.110500569621792
2827,True,"A3,B2,C3,D1,E1,F2",True,0.0,762427.2567903332,-10.180167098710527
2828,True,"A3,B2,C3,D2,E1,F3",False,2.0,292449.04945676017,-8.48723368473729
2829,True,"A4,B2,C3,D2,E3,F2",False,3.0,470784.15428556874,-9.186375285636018
2830,True,"A3,B2,C3,D1,E1,F2",True,0.0,560173.7256044791,-9.742667164802299
2831,True,"A4,B2,C3,D2,E3,F2",False,3.0,2846427.5665716226,-13.798613688209564
2832,True,"A4,B2,C3,D2,E2,F1",False,4.0,444767.4760112862,-9.513837349592976
2833,True,"A4,B2,C3,D2,E2,F1",False,4.0,40159.725844933855,-4.171107668248993
2834,True,"A4,B2,C3,D2,E3,F1",False,4.0,12487.140201622098,-3.3583692962892258
2835,True,"A3,B2,C3,D2,E1,F3",False,2.0,1090859.3725973975,-11.184264879816268
2836,True,"A3,B2,C3,D2,E2,F3",False,3.0,427657.9008353757,-10.618551522265705
2837,True,"A4,B2,C3,D2,E3,F2",False,3.0,690698.9028600608,-10.106111513922023
2838,True,"A3,B2,C3,D2,E1,F1",False,2.0,726445.9217420038,-8.592579818673869
2839,True,"A3,B2,C3,D2,E1,F3",False,2.0,1320042.6632449965,-11.33474885495535
2840,True,"A3,B2,C3,D1,E1,F2",True,0.0,38145.379302195804,-3.62455725370819
2841,True,"A3,B2,C3,D2,E1,F2",False,1.0,1107187.0397962458,-11.694934606014534
2842,True,"A4,B2,C3,D2,E3,F2",False,3.0,118068.21201731643,-5.827876280455584
2843,True,"A4,B2,C3,D2,E3,F1",False,4.0,231403.09466811895,-9.088255650690712
2844,True,"A3,B2,C3,D1,E1,F2",True,0.0,11047.068016013785,-3.0574206476939736
2845,True,"A3,B2,C3,D1,E1,F2",True,0.0,206683.54113653148,-6.925512222469678
2846,True,"A3,B2,C3,D2,E1,F2",False,1.0,3216991.52465347,-14.819694864277643
2847,True,"A3,B2,C3,D2,E1,F3",False,2.0,2766704.383182893,-14.61532258278556
2848,True,"A3,B2,C3,D2,E1,F2",False,1.0,595743.3495940678,-8.96517231629943
2849,True,"A3,B2,C3,D1,E1,F2",True,0.0,1376200.8015851444,-10.91841587485974
2850,True,"A3,B2,C3,D2,E1,F3",False,2.0,290207.5050356853,-7.019842220245991
2851,True,"A4,B2,C3,D2,E3,F2",False,3.0,1559943.7816462026,-12.251812646350778
2852,True,"A3,B2,C3,D2,E1,F3",False,2.0,11130.44986218791,-3.303581164294485
2853,True,"A3,B2,C3,D1,E1,F2",True,0.0,71869.75397984916,-4.6927953063727585
2854,True,"A3,B2,C3,D2,E1,F1",False,2.0,772783.5117160593,-11.608412483461144
2855,True,"A3,B2,C3,D2,E1,F2",False,1.0,1840642.205669081,-12.364355777086253
2856,True,"A4,B2,C3,D2,E3,F2",False,3.0,252232.73655657872,-8.187873231317113
2857,True,"A3,B2,C3,D2,E1,F3",False,2.0,1737509.1514068705,-12.187141119907835
2858,True,"A4,B2,C3,D2,E3,F2",False,3.0,2675392.820170627,-14.601018757332717
2859,True,"A4,B2,C3,D2,E3,F2",False,3.0,42923.13441213376,-5.37300998320309
2860,True,"A3,B2,C3,D1,E1,F1",False,1.0,102489.07284404128,-8.115752561866714
2861,True,"A3,B2,C3,D1,E1,F1",False,1.0,13900.388979595096,-3.3853783282324343
2862,True,"A3,B2,C3,D1,E1,F2",True,0.0,1000321.4930665346,-11.959710807261594
2863,True,"A3,B2,C3,D2,E1,F3",False,2.0,2449078.179548958,-13.616195569963267
2864,True,"A3,B2,C3,D2,E1,F1",False,2.0,792264.9715453308,-10.239859445892947
2865,True,"A3,B2,C3,D2,E1,F3",False,2.0,222156.64544132297,-7.422844068018847
2866,True,"A3,B2,C3,D1,E1,F2",True,0.0,257394.32561228718,-8.385941941856458
2867,True,"A4,B2,C3,D2,E3,F1",False,4.0,6702.054986073259,-3.493342084325292
2868,True,"A3,B2,C3,D1,E1,F2",True,0.0,789548.3036861189,-11.214551979420179
2869,True,"A3,B2,C3,D1,E1,F2",True,0.0,91866.84927500074,-4.531250362729068
2870,True,"A3,B2,C3,D2,E1,F3",False,2.0,1342309.9708662352,-12.885105261292985
2871,True,"A4,B2,C3,D2,E3,F1",False,4.0,58791.92548715048,-4.785118500144222
2872,True,"A4,B2,C3,D2,E2,F1",False,4.0,712419.7806736609,-10.344048473645657
2873,True,"A3,B2,C3,D1,E1,F2",True,0.0,1033474.4783177105,-10.590230984268423
2874,True,"A3,B2,C3,D2,E1,F1",False,2.0,2127196.667429477,-14.939546972225884
2875,True,"A3,B2,C3,D1,E1,F2",True,0.0,101809.89935024736,-5.630485699832036
2876,True,"A4,B2,C3,D2,E3,F1",False,4.0,9206.77997768871,-3.6859608912719324
2877,True,"A3,B2,C3,D1,E1,F2",True,0.0,18007.583692676126,-1.8164910131550442
2878,True,"A4,B2,C3,D2,E3,F2",False,3.0,483761.3484617412,-11.87109163689999
2879,True,"A3,B2,C3,D1,E1,F1",False,1.0,69869.00258795232,-4.693275906925805
2880,True,"A3,B2,C3,D2,E1,F3",False,2.0,147400.3331602625,-5.07378611310277
2881,True,"A3,B2,C3,D2,E1,F1",False,2.0,3118817.4048690908,-16.01753899618474
2882,True,"A3,B2,C3,D1,E1,F2",True,0.0,1189185.8673346336,-11.63828766392053
2883,True,"A4,B2,C3,D2,E3,F1",False,4.0,3060013.933322521,-15.316021474794738
2884,True,"A4,B2,C3,D2,E3,F1",False,4.0,59105.399480959866,-6.01731797778389
2885,True,"A3,B2,C3,D1,E1,F2",True,0.0,230824.5072439566,-7.697490978285899
2886,True,"A4,B2,C3,D2,E3,F1",False,4.0,77834.79868773874,-6.307202213414058
2887,True,"A3,B2,C3,D1,E1,F2",True,0.0,72491.11406420368,-4.89620287867713
2888,True,"A4,B2,C3,D2,E3,F2",False,3.0,1556496.7237966019,-12.733797067087039
2889,True,"A4,B2,C3,D2,E3,F1",False,4.0,9922.769947941433,-2.736199836456805
2890,True,"A3,B2,C3,D1,E1,F2",True,0.0,100742.11608019419,-7.3156924471942375
2891,True,"A3,B2,C3,D1,E1,F2",True,0.0,3494887.5761944554,-13.942547103158937
2892,True,"A3,B2,C3,D2,E1,F3",False,2.0,143668.6369388819,-5.892491752486819
2893,True,"A4,B2,C3,D2,E3,F2",False,3.0,163019.6841645783,-5.962666567905899
2894,True,"A3,B2,C3,D2,E1,F1",False,2.0,239900.41170827294,-8.174618458529977
2895,True,"A3,B2,C3,D1,E1,F2",True,0.0,223958.98541385675,-6.958262451958632
2896,True,"A4,B2,C3,D2,E3,F2",False,3.0,1582.208608664488,-0.769105617200708
2897,True,"A3,B2,C3,D2,E1,F3",False,2.0,34812.197762228425,-4.5780217943372605
2898,True,"A4,B2,C3,D2,E3,F2",False,3.0,1229584.947330549,-12.33634268725175
2899,True,"A3,B2,C3,D1,E1,F2",True,0.0,145450.24163421287,-6.06455322552047
2900,True,"A3,B2,C3,D2,E1,F3",False,2.0,102027.95627445483,-5.459817703821017
2901,True,"A4,B2,C3,D2,E3,F2",False,3.0,166554.01847356025,-6.898475693434861
2902,True,"A4,B2,C3,D2,E3,F2",False,3.0,692971.5586035355,-10.928266744295144
2903,True,"A4,B2,C3,D2,E3,F2",False,3.0,3162947.3819795577,-15.918852388448613
2904,True,"A3,B2,C3,D2,E1,F1",False,2.0,2375886.1547809998,-14.059309661697633
2905,True,"A3,B2,C3,D1,E1,F2",True,0.0,1672609.9460951048,-11.81480802014353
2906,True,"A3,B2,C3,D1,E1,F2",True,0.0,188597.57295998512,-7.908943841683708
2907,True,"A4,B2,C3,D2,E3,F2",False,3.0,1326123.2476806946,-11.772971347680595
2908,True,"A3,B2,C3,D2,E1,F1",False,2.0,2841797.7733647292,-15.227694182137107
2909,True,"A3,B2,C3,D2,E1,F3",False,2.0,77932.80707562716,-6.116421731406916
2910,True,"A3,B2,C3,D1,E1,F2",True,0.0,859914.7897306249,-12.647879954914572
2911,True,"A4,B2,C3,D2,E3,F2",False,3.0,2320093.157535483,-14.887860867818638
2912,True,"A4,B2,C3,D2,E3,F1",False,4.0,10769.924774061428,-3.352209290962449
2913,True,"A3,B2,C3,D1,E1,F2",True,0.0,1323579.690818583,-9.590137441840106
2914,True,"A3,B2,C3,D2,E1,F3",False,2.0,93020.27667723384,-4.603948452931448
2915,True,"A3,B2,C3,D2,E1,F3",False,2.0,1747084.477619449,-12.18691564219317
2916,True,"A3,B2,C3,D1,E1,F1",False,1.0,200764.94014215635,-8.385160162348058
2917,True,"A3,B2,C3,D1,E1,F2",True,0.0,3127267.702350914,-14.00173532951095
2918,True,"A3,B2,C3,D2,E1,F3",False,2.0,82464.68640441856,-7.0213453791258615
2919,True,"A4,B2,C3,D2,E2,F1",False,4.0,353427.77445658954,-9.349467071127862
2920,True,"A3,B2,C3,D2,E1,F3",False,2.0,381812.15234436956,-7.9933400476437555
2921,True,"A4,B2,C3,D2,E3,F1",False,4.0,786035.0034028147,-10.857480280576041
2922,True,"A3,B2,C3,D1,E1,F2",True,0.0,183297.4496184467,-5.663764983866713
2923,True,"A3,B2,C3,D2,E1,F2",False,1.0,540940.2876806081,-9.75999810438374
2924,True,"A3,B2,C3,D1,E1,F2",True,0.0,57484.87970481022,-4.067305903601152
2925,True,"A3,B2,C3,D2,E1,F2",False,1.0,2007862.925218973,-12.04333906901126
2926,True,"A3,B2,C3,D2,E1,F3",False,2.0,42320.00538523065,-4.031539527654715
2927,True,"A4,B2,C3,D2,E2,F1",False,4.0,604976.195951532,-10.277858821820018
2928,True,"A3,B2,C3,D2,E1,F3",False,2.0,2256164.092295821,-13.83094789280991
2929,True,"A4,B2,C3,D2,E3,F1",False,4.0,19926.830856809458,-3.560204187298851
2930,True,"A4,B2,C3,D2,E3,F2",False,3.0,1244747.2105470751,-13.56930009813641
2931,True,"A3,B2,C3,D1,E1,F1",False,1.0,67832.28129058506,-6.219801126158032
2932,True,"A4,B2,C3,D2,E3,F2",False,3.0,2393640.2731111557,-14.367922886528703
2933,True,"A3,B2,C3,D2,E1,F3",False,2.0,113573.5895181838,-4.869440021236315
2934,True,"A3,B2,C3,D1,E1,F1",False,1.0,63667.40559151957,-5.283522827717377
2935,True,"A3,B2,C3,D1,E1,F2",True,0.0,1644040.5497175413,-12.966286459482454
2936,True,"A3,B2,C3,D2,E1,F1",False,2.0,1074339.133478816,-11.037309479403007
2937,True,"A3,B2,C3,D1,E1,F2",True,0.0,1466702.3959083643,-12.89167491711423
2938,True,"A3,B2,C3,D2,E2,F3",False,3.0,2447793.9619527417,-14.261437161523688
2939,True,"A3,B2,C3,D2,E1,F1",False,2.0,1086688.3053161015,-10.846915480495227
2940,True,"A3,B2,C3,D2,E5,F3",False,3.0,21222.133856028744,-4.297396087467163
2941,True,"A4,B2,C3,D2,E2,F1",False,4.0,41747.00282036647,-4.751827576259785
2942,True,"A4,B2,C3,D2,E2,F2",False,3.0,4414844.1992675075,-15.580286002128922
2943,True,"A3,B2,C3,D2,E1,F2",False,1.0,4388513.470864079,-14.369677058347698
2944,True,"A3,B2,C3,D1,E1,F2",True,0.0,589266.0790371184,-8.741293864785462
2945,True,"A3,B2,C3,D1,E1,F2",True,0.0,121919.04182938795,-5.97649368764678
2946,True,"A4,B2,C3,D2,E3,F2",False,3.0,2147155.563540382,-14.671982505301116
2947,True,"A4,B2,C3,D2,E3,F2",False,3.0,1907762.4418836317,-14.952428144313558
2948,True,"A3,B2,C3,D1,E1,F2",True,0.0,3057538.634227737,-13.184712808424678
2949,True,"A3,B2,C3,D1,E1,F2",True,0.0,256036.56951318224,-7.1262493568448235
2950,True,"A4,B2,C3,D2,E3,F2",False,3.0,297160.7158873904,-8.781942863225183
2951,True,"A3,B2,C3,D2,E1,F3",False,2.0,3701482.3580818377,-14.631148760959213
2952,True,"A3,B2,C3,D1,E1,F2",True,0.0,1695698.821030057,-13.341643313394314
2953,True,"A3,B2,C3,D2,E1,F3",False,2.0,549714.5894067459,-9.780930855438939
2954,True,"A3,B2,C3,D2,E1,F3",False,2.0,767376.9468976164,-10.518326614750443
2955,True,"A4,B2,C3,D2,E3,F1",False,4.0,21557.81297026596,-5.071251055655978
2956,True,"A3,B2,C3,D1,E1,F1",False,1.0,21163.823301130287,-4.668864450126094
2957,True,"A3,B2,C3,D2,E1,F2",False,1.0,3872782.3989174142,-16.254049536409823
2958,True,"A3,B2,C3,D2,E1,F3",False,2.0,228622.33486957502,-7.226844715333172
2959,True,"A3,B2,C3,D1,E1,F2",True,0.0,286909.34920519806,-8.655021487986133
2960,True,"A3,B2,C3,D1,E1,F2",True,0.0,42210.94684421456,-3.351516880837039
2961,True,"A4,B2,C3,D2,E3,F1",False,4.0,93845.31614341645,-7.095868750281042
2962,True,"A3,B2,C3,D2,E1,F2",False,1.0,1218590.4626772497,-11.335783017337604
2963,True,"A3,B2,C3,D2,E1,F1",False,2.0,93009.79570430577,-5.869784060744379
2964,True,"A4,B2,C3,D2,E3,F2",False,3.0,445615.60596444865,-10.657934834707063
2965,True,"A3,B2,C3,D2,E1,F2",False,1.0,3361993.438153733,-14.342846992327907
2966,True,"A3,B2,C3,D1,E1,F2",True,0.0,1173523.2697628974,-11.779453933990354
2967,True,"A3,B2,C3,D1,E1,F2",True,0.0,2250818.745225328,-12.176987997477028
2968,True,"A3,B2,C3,D2,E2,F3",False,3.0,2307491.9590844796,-13.791831945152857
2969,True,"A3,B2,C3,D1,E1,F2",True,0.0,3765936.2550545176,-13.435785569219668
2970,True,"A3,B2,C3,D1,E1,F2",True,0.0,2879834.746698368,-13.857107322433123
2971,True,"A3,B2,C3,D1,E1,F2",True,0.0,77663.3430641712,-4.894534954631197
2972,True,"A3,B2,C3,D1,E1,F2",True,0.0,61611.7734507157,-4.447380247362275
2973,True,"A3,B2,C3,D2,E1,F3",False,2.0,37164.84267568383,-4.368757209448532
2974,True,"A3,B2,C3,D2,E1,F3",False,2.0,586276.3776810102,-9.139402527598705
2975,True,"A4,B2,C3,D2,E3,F2",False,3.0,695194.0289113049,-9.825805564645563
2976,True,"A3,B2,C3,D2,E1,F1",False,2.0,1400759.0754131053,-11.990063043886678
2977,True,"A4,B2,C3,D2,E3,F1",False,4.0,312175.3437979157,-8.616200745683514
2978,True,"A3,B2,C3,D1,E1,F2",True,0.0,1117608.5829471739,-10.60064816202025
2979,True,"A3,B2,C3,D1,E1,F2",True,0.0,42939.81261543957,-5.573775260297424
2980,True,"A3,B2,C3,D1,E1,F2",True,0.0,867148.0845647994,-10.948338331278343
2981,True,"A3,B2,C3,D1,E1,F2",True,0.0,1039879.3933213723,-9.987253494628597
2982,True,"A4,B2,C3,D2,E3,F2",False,3.0,1525349.112196738,-12.752323469232934
2983,True,"A3,B2,C3,D1,E1,F2",True,0.0,2540069.3546396475,-15.413521823722164
2984,True,"A3,B2,C3,D1,E1,F1",False,1.0,20350.536726008962,-3.6714814816213845
2985,True,"A3,B2,C3,D1,E1,F1",False,1.0,149614.0481681725,-6.504558271904543
2986,True,"A3,B2,C3,D1,E1,F2",True,0.0,1503351.9702675894,-11.57259317611883
2987,True,"A3,B2,C3,D2,E1,F2",False,1.0,1484455.0916921753,-11.026840867640665
2988,True,"A4,B2,C3,D2,E3,F1",False,4.0,35270.71196762741,-4.904895033870986
2989,True,"A3,B2,C3,D1,E1,F1",False,1.0,405839.3281361493,-8.948039584444757
2990,True,"A3,B2,C3,D2,E1,F3",False,2.0,243816.80570923878,-8.176512091995491
2991,True,"A3,B2,C3,D1,E1,F2",True,0.0,312734.6126506054,-7.305093300474951
2992,True,"A4,B2,C3,D2,E3,F1",False,4.0,19747.13825282231,-3.706182768421513
2993,True,"A3,B2,C3,D2,E1,F3",False,2.0,2080796.4078865324,-12.495692762708842
2994,True,"A3,B2,C3,D2,E1,F1",False,2.0,626624.0090357389,-9.972774131046435
2995,True,"A3,B2,C3,D1,E1,F2",True,0.0,2962340.4346489287,-13.122834615748793
2996,True,"A3,B2,C3,D2,E1,F3",False,2.0,673672.1622722936,-9.75771841726251
2997,True,"A3,B2,C3,D2,E1,F1",False,2.0,1316166.4271422036,-11.1616107465915
2998,True,"A4,B2,C3,D2,E3,F2",False,3.0,1380719.9878787599,-11.424015054789947
2999,True,"A3,B2,C3,D1,E1,F2",True,0.0,3419166.7020469243,-15.789106411138654
3000,True,"A3,B2,C3,D2,E1,F2",False,1.0,3397946.2734171683,-15.392643450804322
3001,True,"A4,B2,C3,D2,E1,F2",False,2.0,2142630.2353736395,-14.08047349967135
3002,True,"A3,B2,C3,D2,E5,F3",False,3.0,248176.33515433522,-8.185794345560353
3003,True,"A3,B2,C3,D1,E1,F2",True,0.0,1746367.9449283192,-12.11275891397326
3004,True,"A3,B2,C3,D2,E1,F3",False,2.0,227655.90031473438,-7.343430650712236
3005,True,"A4,B2,C3,D2,E2,F1",False,4.0,30067.87622268811,-4.0556015242916175
3006,True,"A3,B2,C3,D1,E1,F2",True,0.0,2279090.7900814353,-15.074144837375812
3007,True,"A4,B2,C3,D2,E3,F2",False,3.0,875439.8083799151,-12.297812305849263
3008,True,"A3,B2,C3,D2,E1,F2",False,1.0,593542.6496704262,-9.318212806909798
3009,True,"A3,B2,C3,D2,E1,F3",False,2.0,291703.09594843566,-8.115141682320797
3010,True,"A4,B2,C3,D2,E3,F1",False,4.0,2082071.5077369192,-15.56045676517595
3011,True,"A4,B2,C3,D2,E2,F1",False,4.0,563807.4556207164,-9.7502316386106
3012,True,"A3,B2,C3,D2,E1,F2",False,1.0,1056703.1633839442,-10.671577682337158
3013,True,"A4,B2,C3,D2,E3,F1",False,4.0,17160.503535555115,-3.228871193843375
3014,True,"A3,B2,C3,D1,E1,F1",False,1.0,4211.935767100787,-1.4988509769555094
3015,True,"A3,B2,C3,D2,E1,F2",False,1.0,2934108.789052076,-13.274753558850769
3016,True,"A3,B2,C3,D2,E1,F1",False,2.0,2922834.633761859,-13.40079483501679
3017,True,"A3,B2,C3,D1,E1,F2",True,0.0,102537.15227346253,-4.544248532719266
3018,True,"A3,B2,C3,D1,E1,F1",False,1.0,17502.313813741555,-3.6239265157779386
3019,True,"A3,B2,C3,D2,E1,F2",False,1.0,2395855.763496903,-14.87271635784058
3020,True,"A3,B2,C3,D1,E1,F1",False,1.0,30710.299736352103,-5.1609589082732725
3021,True,"A4,B2,C3,D2,E2,F1",False,4.0,227897.66483170047,-7.93557880977032
3022,True,"A3,B2,C3,D1,E1,F2",True,0.0,1105137.7720983482,-11.731657448126377
3023,True,"A3,B2,C3,D1,E1,F2",True,0.0,382001.5204065995,-8.037423478606655
3024,True,"A4,B2,C3,D2,E3,F2",False,3.0,393331.0919719274,-10.349655762548323
3025,True,"A3,B2,C3,D2,E1,F1",False,2.0,947823.2499953499,-11.981900882168162
3026,True,"A3,B2,C3,D2,E1,F1",False,2.0,342467.89539924933,-9.397183265327627
3027,True,"A3,B2,C3,D1,E1,F1",False,1.0,57186.08319258682,-5.352892386642452
3028,True,"A3,B2,C3,D2,E1,F1",False,2.0,4283709.304586702,-16.304607328442145
3029,True,"A3,B2,C3,D2,E1,F2",False,1.0,1942554.8363286809,-11.622919378872396
3030,True,"A3,B2,C3,D2,E1,F3",False,2.0,1268503.8373212514,-12.303781964745411
3031,True,"A4,B2,C3,D2,E3,F2",False,3.0,1303274.5144268628,-11.624586453171716
3032,True,"A4,B2,C3,D2,E3,F2",False,3.0,61637.8698633108,-5.089794664111196
3033,True,"A3,B2,C3,D1,E1,F2",True,0.0,2680221.563710299,-15.285532144084101
3034,True,"A4,B2,C3,D2,E3,F2",False,3.0,1013260.7868303129,-11.590285521255474
3035,True,"A3,B2,C3,D1,E1,F2",True,0.0,501075.4050921908,-8.24589834881536
3036,True,"A3,B2,C3,D2,E1,F3",False,2.0,180567.97149993156,-5.568185599451809
3037,True,"A3,B2,C3,D1,E1,F2",True,0.0,500513.5289991306,-9.691834961385155
3038,True,"A4,B2,C3,D2,E3,F1",False,4.0,13852.611348141072,-3.0121214727735577
3039,True,"A3,B2,C3,D2,E1,F1",False,2.0,4141140.927741378,-17.644579831750207
3040,True,"A3,B2,C3,D2,E1,F2",False,1.0,3902001.0138572236,-13.87049767214576
3041,True,"A3,B2,C3,D1,E1,F2",True,0.0,2725305.1914623883,-14.388214472767778
3042,True,"A4,B2,C3,D2,E3,F2",False,3.0,1772184.7584978584,-13.075179629196512
3043,True,"A3,B2,C3,D2,E1,F1",False,2.0,398807.74860506004,-8.974083136372784
3044,True,"A3,B2,C3,D2,E1,F3",False,2.0,3141833.647090651,-14.605842782308322
3045,True,"A3,B2,C3,D2,E1,F3",False,2.0,721398.7047109691,-9.995994365789095
3046,True,"A3,B2,C3,D1,E1,F2",True,0.0,57757.37529300533,-3.6605614144126832
3047,True,"A4,B2,C3,D2,E3,F2",False,3.0,877219.2075983458,-10.375983004384551
3048,True,"A3,B2,C3,D2,E1,F1",False,2.0,1446207.9472217183,-11.974570257894086
3049,True,"A4,B2,C3,D2,E3,F2",False,3.0,1709642.8203500095,-14.252975693315364
3050,True,"A4,B2,C3,D2,E3,F2",False,3.0,18899.616098559967,-3.108373278112481
3051,True,"A3,B2,C3,D1,E1,F2",True,0.0,27202.28225874171,-3.2601565491464584
3052,True,"A3,B2,C3,D2,E1,F2",False,1.0,1882420.0785256717,-13.224811225984546
3053,True,"A3,B2,C3,D1,E1,F2",True,0.0,3451846.2505897344,-14.11620792760349
3054,True,"A3,B2,C3,D1,E1,F1",False,1.0,52346.18304604712,-4.37147700742905
3055,True,"A3,B2,C3,D2,E1,F3",False,2.0,71631.42215611665,-5.926245093458405
3056,True,"A4,B2,C3,D2,E3,F2",False,3.0,461544.8232650108,-9.839692577911663
3057,True,"A4,B2,C3,D2,E2,F1",False,4.0,564032.6494559691,-9.901848151022769
3058,True,"A3,B2,C3,D1,E1,F2",True,0.0,770039.432697325,-11.057069333277887
3059,True,"A4,B2,C3,D2,E3,F2",False,3.0,1927506.555103981,-14.782320340484603
3060,True,"A4,B2,C3,D2,E3,F2",False,3.0,36194.93665640041,-4.067440965118081
3061,True,"A4,B2,C3,D2,E3,F1",False,4.0,10262.803144400254,-4.277260720997461
3062,True,"A3,B2,C3,D1,E1,F2",True,0.0,1068110.1810104805,-11.031407358829682
3063,True,"A4,B2,C3,D2,E3,F1",False,4.0,12804.846273251987,-4.19139349636427
3064,True,"A3,B2,C3,D1,E1,F2",True,0.0,267926.81295216084,-8.574750140663639
3065,True,"A3,B2,C3,D2,E1,F3",False,2.0,74398.62451912361,-3.8724814928254574
3066,True,"A3,B2,C3,D1,E1,F1",False,1.0,61574.02765195443,-6.121996342633707
3067,True,"A3,B2,C3,D1,E1,F2",True,0.0,109799.87451346348,-6.594798260874185
3068,True,"A3,B2,C3,D2,E1,F3",False,2.0,6126.249767053226,-2.5949546382800293
3069,True,"A3,B2,C3,D2,E1,F3",False,2.0,31020.60376452769,-3.6894641068867458
3070,True,"A3,B2,C3,D1,E1,F2",True,0.0,189107.46262714762,-6.578543886630669
3071,True,"A4,B2,C3,D2,E3,F2",False,3.0,30869.0571648506,-3.2702984294986095
3072,True,"A4,B2,C3,D2,E3,F2",False,3.0,363034.5416726815,-10.63365763618961
3073,True,"A3,B2,C3,D1,E1,F2",True,0.0,2362805.7857906674,-13.775039173888587
3074,True,"A3,B2,C3,D1,E1,F1",False,1.0,126985.69181185761,-7.928678150650782
3075,True,"A4,B2,C3,D2,E3,F2",False,3.0,1820612.1366752903,-13.917353476272027
3076,True,"A3,B2,C3,D2,E1,F3",False,2.0,17147.20725306553,-2.8639660764174266
3077,True,"A4,B2,C3,D2,E3,F2",False,3.0,107968.05838512776,-5.619414953453742
3078,True,"A3,B2,C3,D2,E1,F1",False,2.0,1912996.1190040412,-14.858139540099252
3079,True,"A3,B2,C3,D1,E1,F2",True,0.0,1794557.7486039733,-12.334949886161041
3080,True,"A4,B2,C3,D2,E3,F2",False,3.0,97332.54591847277,-5.98142763260185
3081,True,"A3,B2,C3,D2,E1,F1",False,2.0,843901.567627839,-10.833456701303206
3082,True,"A3,B2,C3,D1,E1,F2",True,0.0,816172.9654261548,-9.195961275428587
3083,True,"A3,B2,C3,D2,E1,F2",False,1.0,4317088.9519844595,-16.45989872557577
3084,True,"A3,B2,C3,D2,E1,F2",False,1.0,2582135.3065635613,-13.414964368352962
3085,True,"A3,B2,C3,D2,E1,F2",False,1.0,2174935.573814098,-12.702832660427916
3086,True,"A3,B2,C3,D2,E1,F2",False,1.0,3037482.65585577,-13.786495898365416
3087,True,"A3,B2,C3,D2,E1,F3",False,2.0,66606.20240594074,-6.259605944533547
3088,True,"A3,B2,C3,D2,E1,F3",False,2.0,373850.482553194,-8.823317893502974
3089,True,"A4,B2,C3,D2,E3,F1",False,4.0,1022489.9764299836,-11.971443289549889
3090,True,"A3,B2,C3,D1,E1,F2",True,0.0,1899397.224364687,-11.461514971640092
3091,True,"A3,B2,C3,D2,E1,F3",False,2.0,55900.8974906782,-4.853536038424878
3092,True,"A3,B2,C3,D1,E1,F2",True,0.0,68971.81907931257,-5.3390397950249735
3093,True,"A4,B2,C3,D2,E3,F2",False,3.0,98066.27445293688,-5.8502323733434025
3094,True,"A4,B2,C3,D2,E3,F2",False,3.0,2246443.0506163263,-14.389108993671307
3095,True,"A3,B2,C3,D2,E1,F3",False,2.0,241620.19523447327,-8.883911198341877
3096,True,"A4,B2,C3,D2,E2,F1",False,4.0,2800861.8784110546,-16.035037999157225
3097,True,"A3,B2,C3,D1,E1,F2",True,0.0,1000597.614924208,-8.904123566019088
3098,True,"A4,B2,C3,D2,E3,F2",False,3.0,1248100.2690705052,-12.282391142384668
3099,True,"A3,B2,C3,D2,E1,F1",False,2.0,134958.40498764435,-5.394447125864758
3100,True,"A4,B2,C3,D2,E3,F2",False,3.0,695585.6158274072,-10.258533607002207
3101,True,"A3,B2,C3,D2,E1,F1",False,2.0,3930550.129058092,-17.155774114902258
3102,True,"A4,B2,C3,D2,E3,F1",False,4.0,146037.73193628015,-6.7272153171767
3103,True,"A3,B2,C3,D2,E1,F3",False,2.0,217659.39378661974,-7.992133255749792
3104,True,"A3,B2,C3,D2,E1,F2",False,1.0,332857.3510253159,-7.11370187381047
3105,True,"A3,B2,C3,D2,E1,F1",False,2.0,1553920.0663529637,-13.27840619492973
3106,True,"A3,B2,C3,D1,E1,F2",True,0.0,521997.7848381335,-8.765427141027885
3107,True,"A3,B2,C3,D2,E1,F3",False,2.0,373311.77111598745,-7.007103071444462
3108,True,"A3,B2,C3,D1,E1,F2",True,0.0,1632783.5463057323,-11.730736464655351
3109,True,"A3,B2,C3,D1,E1,F2",True,0.0,97737.18170237367,-6.439302252116917
3110,True,"A3,B2,C3,D1,E1,F1",False,1.0,11534.050382705445,-3.4148880636769405
3111,True,"A3,B2,C3,D2,E1,F1",False,2.0,186810.45471024793,-8.249125593076442
3112,True,"A3,B2,C3,D2,E1,F3",False,2.0,1275078.3783379802,-11.790279112134087
3113,True,"A4,B2,C3,D2,E3,F2",False,3.0,855950.9394463171,-10.656260905877275
3114,True,"A4,B2,C3,D2,E3,F1",False,4.0,97822.74900687892,-6.354464420736974
3115,True,"A3,B2,C3,D2,E1,F2",False,1.0,3047358.6735069393,-12.32705329686548
3116,True,"A4,B2,C3,D2,E3,F1",False,4.0,27045.71243784395,-5.395309292249635
3117,True,"A3,B2,C3,D2,E1,F3",False,2.0,1468508.4117414954,-11.308375774338124
3118,True,"A4,B2,C3,D2,E3,F1",False,4.0,17707.55890940119,-4.963032616845922
3119,True,"A4,B2,C3,D2,E3,F1",False,4.0,713856.8617993417,-10.234123819340347
3120,True,"A3,B2,C3,D1,E1,F1",False,1.0,55510.28009863465,-6.283567952429422
3121,True,"A3,B2,C3,D1,E1,F1",False,1.0,118614.14451850984,-5.900129283962812
3122,True,"A3,B2,C3,D2,E1,F1",False,2.0,1183451.518071875,-12.399169702998876
3123,True,"A4,B2,C3,D2,E3,F2",False,3.0,2334020.5910933195,-13.547726239407261
3124,True,"A3,B2,C3,D2,E1,F1",False,2.0,749755.8218335169,-10.754561529159915
3125,True,"A3,B2,C3,D1,E1,F2",True,0.0,551519.4076639033,-9.419883014154607
3126,True,"A3,B2,C3,D1,E1,F2",True,0.0,1294637.8807015575,-11.618010847177288
3127,True,"A4,B2,C3,D2,E3,F2",False,3.0,4687874.707224052,-16.990863621273228
3128,True,"A4,B2,C3,D2,E3,F2",False,3.0,1704081.9753806442,-12.773830463863085
3129,True,"A3,B2,C3,D1,E1,F2",True,0.0,188558.8229744834,-6.908117364006046
3130,True,"A3,B2,C3,D2,E1,F3",False,2.0,114854.71555837106,-4.983355539093182
3131,True,"A4,B2,C3,D2,E2,F1",False,4.0,267700.59719876776,-8.232552888295217
3132,True,"A3,B2,C3,D2,E1,F2",False,1.0,586707.578510168,-9.739744451280643
3133,True,"A3,B2,C3,D1,E1,F2",True,0.0,60822.15508513954,-4.832716391933786
3134,True,"A4,B2,C3,D2,E3,F2",False,3.0,1105610.0675947587,-10.555053246407319
3135,True,"A3,B2,C3,D1,E1,F2",True,0.0,1451966.2998175356,-12.116174121586724
3136,True,"A4,B2,C3,D2,E2,F1",False,4.0,20922.22761630605,-5.077550312364991
3137,True,"A3,B2,C3,D2,E1,F1",False,2.0,4218236.916729743,-14.882289811781064
3138,True,"A3,B2,C3,D2,E1,F2",False,1.0,2961389.7048916738,-14.17525384713614
3139,True,"A3,B2,C3,D2,E1,F3",False,2.0,228271.44205011497,-7.292142968287152
3140,True,"A4,B2,C3,D2,E3,F2",False,3.0,694645.8617390768,-10.001229905251535
3141,True,"A3,B2,C3,D1,E1,F2",True,0.0,246531.5118597453,-7.852404939069245
3142,True,"A3,B2,C3,D2,E1,F3",False,2.0,26894.54819015624,-2.726250106304093
3143,True,"A3,B2,C3,D2,E1,F2",False,1.0,3568771.3791775093,-14.757919699355838
3144,True,"A3,B2,C3,D2,E1,F2",False,1.0,3162665.1590959267,-14.580286678459473
3145,True,"A3,B2,C3,D2,E1,F1",False,2.0,2459862.057774782,-14.427490436300758
3146,True,"A3,B2,C3,D1,E1,F2",True,0.0,368552.1050865563,-8.159929527947341
3147,True,"A3,B2,C3,D1,E1,F1",False,1.0,24751.25662282358,-4.277698929203822
3148,True,"A3,B2,C3,D1,E1,F2",True,0.0,1174430.684629031,-11.696440508282556
3149,True,"A4,B2,C3,D2,E3,F2",False,3.0,1629877.8099952203,-13.447237158195591
3150,True,"A4,B2,C3,D2,E3,F1",False,4.0,40160.91381100652,-4.614374054244905
3151,True,"A3,B2,C3,D1,E1,F2",True,0.0,168808.29314877826,-7.6382453689673895
3152,True,"A3,B2,C3,D1,E1,F1",False,1.0,32857.868642048845,-5.174127652634155
3153,True,"A3,B2,C3,D2,E1,F3",False,2.0,105377.21560271693,-5.684239942235166
3154,True,"A3,B2,C3,D1,E1,F2",True,0.0,1234017.5097295041,-11.528056578621225
3155,True,"A3,B2,C3,D1,E1,F2",True,0.0,12795.387830441518,-3.4544532291368455
3156,True,"A3,B2,C3,D1,E1,F2",True,0.0,276952.03649955866,-5.902422934417174
3157,True,"A4,B2,C3,D2,E3,F1",False,4.0,657880.4878143151,-10.453556939986996
3158,True,"A3,B2,C3,D1,E1,F2",True,0.0,1274832.5368766594,-11.127464054469165
3159,True,"A3,B2,C3,D1,E1,F2",True,0.0,1384014.022896892,-12.03256004156632
3160,True,"A3,B2,C3,D2,E1,F3",False,2.0,648445.2428874273,-9.082039383453534
3161,True,"A3,B2,C3,D2,E1,F3",False,2.0,176634.2789905595,-8.43841163766075
3162,True,"A3,B2,C3,D2,E1,F2",False,1.0,2486440.5151518784,-13.276499386266039
3163,True,"A3,B2,C3,D1,E1,F2",True,0.0,110102.32550967531,-5.787951056822919
3164,True,"A3,B2,C3,D1,E1,F2",True,0.0,1624140.9763545257,-12.360581108554285
3165,True,"A4,B2,C3,D2,E3,F1",False,4.0,102359.81842586874,-6.73211861790314
3166,True,"A4,B2,C3,D2,E3,F2",False,3.0,1780959.4184419508,-13.015133318288072
3167,True,"A3,B2,C3,D2,E1,F1",False,2.0,121536.66153954314,-5.828204269527959
3168,True,"A3,B2,C3,D1,E1,F2",True,0.0,652727.3230690176,-10.588253346664615
3169,True,"A3,B2,C3,D1,E1,F2",True,0.0,2435895.9495632877,-13.169817688688418
3170,True,"A3,B2,C3,D1,E1,F2",True,0.0,1213847.9450742172,-10.799603532869156
3171,True,"A3,B2,C3,D2,E1,F2",False,1.0,1146261.1769052397,-11.553471311612043
3172,True,"A4,B2,C3,D2,E3,F2",False,3.0,542697.6215259361,-11.740107186857216
3173,True,"A3,B2,C3,D2,E1,F3",False,2.0,82880.7310331235,-5.282723442300011
3174,True,"A3,B2,C3,D2,E1,F3",False,2.0,286814.307172493,-6.7822532676951255
3175,True,"A4,B2,C3,D2,E3,F2",False,3.0,161687.74252161852,-7.0635147036518475
3176,True,"A3,B2,C3,D2,E1,F3",False,2.0,562530.3923057847,-9.229561372250174
3177,True,"A3,B2,C3,D2,E1,F1",False,2.0,1118011.7190426814,-10.545385922298358
3178,True,"A3,B2,C3,D1,E1,F2",True,0.0,25103.600111411448,-4.071013192389813
3179,True,"A3,B2,C3,D2,E1,F2",False,1.0,3853790.446816882,-14.952461184985282
3180,True,"A3,B2,C3,D2,E1,F1",False,2.0,1597032.3958085873,-13.033217670891915
3181,True,"A3,B2,C3,D1,E1,F2",True,0.0,382345.3618618831,-8.043497197960122
3182,True,"A3,B2,C3,D2,E1,F1",False,2.0,1010109.9658795564,-12.847067825012445
3183,True,"A4,B2,C3,D2,E3,F2",False,3.0,308405.38069572934,-8.734694787501368
3184,True,"A4,B2,C3,D2,E2,F1",False,4.0,436937.19808513386,-8.669194192726906
3185,True,"A4,B2,C3,D2,E3,F2",False,3.0,418545.42453268054,-9.488363065632697
3186,True,"A3,B2,C3,D2,E1,F3",False,2.0,607275.2926810817,-9.630626365616365
3187,True,"A4,B2,C3,D2,E3,F2",False,3.0,1052129.3500614888,-10.506995945740861
3188,True,"A3,B2,C3,D1,E1,F1",False,1.0,347199.9082925883,-7.716549636911111
3189,True,"A4,B2,C3,D2,E3,F2",False,3.0,388029.2449605189,-8.374979052575128
3190,True,"A4,B2,C3,D2,E3,F2",False,3.0,246639.48930178967,-6.514073011519173
3191,True,"A4,B2,C3,D2,E2,F1",False,4.0,107232.19951184157,-6.769647688175411
3192,True,"A3,B2,C3,D1,E1,F1",False,1.0,10885.478133199767,-2.663444137582772
3193,True,"A4,B2,C3,D2,E3,F2",False,3.0,2693631.750911335,-15.660368523708222
3194,True,"A4,B2,C3,D2,E3,F2",False,3.0,1201256.7549341759,-12.324546239409344
3195,True,"A3,B2,C3,D2,E1,F1",False,2.0,671389.3363069143,-9.888020376826958
3196,True,"A3,B2,C3,D2,E1,F3",False,2.0,1719970.1284677617,-11.567900510022696
3197,True,"A4,B2,C3,D2,E3,F1",False,4.0,790878.2406113613,-11.580544040499788
3198,True,"A3,B2,C3,D1,E1,F1",False,1.0,11604.991640647773,-3.327790086032479
3199,True,"A3,B2,C3,D2,E1,F2",False,1.0,3689140.151304936,-15.009483072819059
3200,True,"A3,B2,C3,D1,E1,F2",True,0.0,1900998.6880374525,-13.924866453533397
3201,True,"A3,B2,C3,D1,E1,F1",False,1.0,128771.02616997769,-7.338476166298591
3202,True,"A3,B2,C3,D1,E1,F2",True,0.0,1364209.7116977833,-11.689263027665433
3203,True,"A3,B2,C3,D2,E1,F3",False,2.0,474281.4169859775,-8.203253680493802
3204,True,"A3,B2,C3,D1,E1,F2",True,0.0,2587314.169321659,-13.132566762611894
3205,True,"A3,B2,C3,D2,E1,F3",False,2.0,77105.50431938694,-4.893099400273769
3206,True,"A4,B2,C3,D2,E3,F2",False,3.0,11194.769403465267,-3.7409069940676005
3207,True,"A3,B2,C3,D1,E1,F2",True,0.0,35755.194873156994,-3.695434551182956
3208,True,"A4,B2,C3,D2,E2,F1",False,4.0,229838.0357383127,-8.384676562595544
3209,True,"A3,B2,C3,D2,E1,F2",False,1.0,2613526.1078424784,-12.766155581074116
3210,True,"A4,B2,C3,D2,E3,F1",False,4.0,10452.653999584343,-2.663213409460198
3211,True,"A3,B2,C3,D2,E1,F1",False,2.0,142397.2444026307,-8.076937839783938
3212,True,"A3,B2,C3,D1,E1,F1",False,1.0,33134.982061502684,-4.1390862534859
3213,True,"A3,B2,C3,D2,E1,F3",False,2.0,288498.1313446154,-6.662226294242274
3214,True,"A3,B2,C3,D2,E1,F1",False,2.0,305272.30425179424,-8.726835809589744
3215,True,"A3,B2,C3,D2,E1,F2",False,1.0,865599.5511983202,-9.512927973387718
3216,True,"A4,B2,C3,D2,E3,F2",False,3.0,1820091.498687504,-13.562215953627295
3217,True,"A3,B2,C3,D2,E1,F1",False,2.0,1953680.3703279858,-13.981383578517189
3218,True,"A4,B2,C3,D2,E3,F2",False,3.0,1011572.7381879621,-11.732296882504798
3219,True,"A4,B2,C3,D2,E2,F1",False,4.0,589078.6999402437,-10.382224325150034
3220,True,"A4,B2,C3,D2,E3,F1",False,4.0,114952.81268722928,-7.767492102944416
3221,True,"A3,B2,C3,D1,E1,F2",True,0.0,1190589.9404198932,-9.97529355125208
3222,True,"A3,B2,C3,D2,E1,F3",False,2.0,1334469.2190259425,-13.247232452231437
3223,True,"A3,B2,C3,D2,E1,F2",False,1.0,3248478.166519221,-13.724655109231477
3224,True,"A4,B2,C3,D2,E3,F2",False,3.0,3465688.6567752264,-14.693722358234666
3225,True,"A3,B2,C3,D1,E1,F1",False,1.0,11327.61881278844,-2.8648519613769707
3226,True,"A3,B2,C3,D2,E1,F3",False,2.0,252169.24430933935,-7.001747211222423
3227,True,"A3,B2,C3,D1,E1,F2",True,0.0,15764.176543804475,-3.682322133924046
3228,True,"A3,B2,C3,D2,E1,F3",False,2.0,31777.728111249093,-4.132677789249897
3229,True,"A4,B2,C3,D2,E3,F2",False,3.0,1321440.8155013418,-13.213989919439555
3230,True,"A3,B2,C3,D1,E1,F2",True,0.0,409527.4396456381,-7.951553449411563
3231,True,"A3,B2,C3,D2,E3,F3",False,3.0,3600256.7958398005,-15.313291282039785
3232,True,"A4,B2,C3,D2,E2,F1",False,4.0,54798.250494825836,-5.544262374175503
3233,True,"A4,B2,C3,D2,E3,F2",False,3.0,361341.7761127761,-8.531808474588445
3234,True,"A4,B2,C3,D2,E3,F2",False,3.0,534647.0207210243,-9.3222241910197
3235,True,"A3,B2,C3,D2,E1,F1",False,2.0,1398737.9627886177,-12.286987301243329
3236,True,"A3,B2,C3,D1,E1,F2",True,0.0,306667.1572945746,-6.37614921918852
3237,True,"A3,B2,C3,D2,E1,F3",False,2.0,184783.3114614695,-6.889857132277541
3238,True,"A4,B2,C3,D2,E3,F2",False,3.0,1366554.9652400014,-12.77588462682678
3239,True,"A4,B2,C3,D2,E3,F2",False,3.0,1800548.98553357,-14.481188427706755
3240,True,"A3,B2,C3,D1,E1,F2",True,0.0,80906.90350106962,-6.29114753998158
3241,True,"A3,B2,C3,D2,E1,F3",False,2.0,79124.47503623343,-6.03024814914734
3242,True,"A4,B2,C3,D2,E2,F1",False,4.0,3356.964064887901,-0.9006590729724309
3243,True,"A3,B2,C3,D1,E1,F2",True,0.0,240915.1339033286,-6.381400483377632
3244,True,"A3,B2,C3,D2,E1,F3",False,2.0,1977078.601023152,-12.062714876835386
3245,True,"A3,B2,C3,D2,E1,F2",False,1.0,2011091.4376755448,-13.256177391676104
3246,True,"A3,B2,C3,D1,E1,F2",True,0.0,868272.7641034388,-10.054260717044997
3247,True,"A3,B2,C3,D1,E1,F2",True,0.0,26900.846073912762,-4.2013291002903514
3248,True,"A4,B2,C3,D2,E2,F1",False,4.0,324529.6865210853,-8.940572133193314
3249,True,"A3,B2,C3,D2,E1,F1",False,2.0,355991.88838409743,-8.575831331308919
3250,True,"A3,B2,C3,D1,E1,F2",True,0.0,261169.80161380788,-8.39713505495574
3251,True,"A3,B2,C3,D2,E1,F3",False,2.0,612912.9468525113,-9.758059504401842
3252,True,"A4,B2,C3,D2,E3,F2",False,3.0,1073947.2589294377,-10.618572470060784
3253,True,"A4,B2,C3,D2,E3,F2",False,3.0,241319.9719278794,-8.604156326113511
3254,True,"A3,B2,C3,D2,E1,F3",False,2.0,6738.2835727493075,-1.6542412135217432
3255,True,"A3,B2,C3,D2,E1,F2",False,1.0,193431.27385208264,-6.322983653123757
3256,True,"A3,B2,C3,D1,E1,F1",False,1.0,70133.31434587816,-5.960529159967294
3257,True,"A3,B2,C3,D1,E1,F1",False,1.0,138260.2584866247,-5.639523586039601
3258,True,"A4,B2,C3,D2,E3,F1",False,4.0,1311072.873807939,-12.135482609277723
3259,True,"A3,B2,C3,D2,E1,F1",False,2.0,299765.8559937039,-8.650542154611287
3260,True,"A4,B2,C3,D2,E3,F2",False,3.0,332722.1591541742,-8.079867302072614
3261,True,"A4,B2,C3,D2,E3,F2",False,3.0,3135948.7938446547,-16.689932949308044
3262,True,"A3,B2,C3,D2,E1,F2",False,1.0,173253.3033762158,-7.292633347101955
3263,True,"A3,B2,C3,D1,E1,F2",True,0.0,69274.0333637229,-4.565001356853031
3264,True,"A4,B2,C3,D2,E3,F2",False,3.0,619333.8696239075,-9.612060574476743
3265,True,"A4,B2,C3,D2,E3,F2",False,3.0,11907.431534732914,-2.3224128795494607
3266,True,"A3,B2,C3,D1,E1,F2",True,0.0,110707.05594025065,-4.538961194078752
3267,True,"A3,B2,C3,D2,E1,F1",False,2.0,2198626.6526570516,-14.77850250267494
3268,True,"A3,B2,C3,D2,E1,F1",False,2.0,222388.00553708067,-7.089188645104116
3269,True,"A3,B2,C3,D1,E1,F1",False,1.0,22435.997918652298,-5.02144744687395
3270,True,"A3,B2,C3,D2,E1,F2",False,1.0,4250140.983781615,-13.435267705569103
3271,True,"A3,B2,C3,D1,E1,F2",True,0.0,54035.28188145178,-4.597473884581177
3272,True,"A3,B2,C3,D2,E1,F3",False,2.0,394519.6352964111,-8.417580682171518
3273,True,"A4,B2,C3,D2,E3,F1",False,4.0,69229.60448441119,-5.621508686234293
3274,True,"A3,B2,C3,D1,E1,F2",True,0.0,101277.40246335672,-5.167303425054143
3275,True,"A3,B2,C3,D1,E1,F2",True,0.0,743596.050267061,-8.883241699808117
3276,True,"A4,B2,C3,D2,E3,F2",False,3.0,188440.03089450105,-7.5792633668285845
3277,True,"A4,B2,C3,D2,E3,F1",False,4.0,1363495.7886359913,-13.40727968054879
3278,True,"A4,B2,C3,D2,E3,F2",False,3.0,1207854.6037802715,-11.07757304718735
3279,True,"A4,B2,C3,D2,E3,F1",False,4.0,64889.462348198154,-5.753775996350413
3280,True,"A3,B2,C3,D1,E1,F2",True,0.0,3095666.5123289404,-13.687697460990059
3281,True,"A3,B2,C3,D1,E1,F2",True,0.0,1810148.8633977675,-12.653098055132524
3282,True,"A3,B2,C3,D2,E1,F3",False,2.0,557451.9171498886,-8.779251024821619
3283,True,"A3,B2,C3,D1,E1,F2",True,0.0,151449.91833533222,-6.641498818451453
3284,True,"A3,B2,C3,D2,E1,F2",False,1.0,1803356.3663540855,-12.436826596219134
3285,True,"A3,B2,C3,D1,E1,F2",True,0.0,279808.96665132244,-8.381621693234592
3286,True,"A3,B2,C3,D2,E1,F3",False,2.0,160133.40392978996,-6.457093096739044
3287,True,"A4,B2,C3,D2,E3,F1",False,4.0,12742.532480506574,-3.9278389493047996
3288,True,"A3,B2,C3,D2,E1,F3",False,2.0,168588.61210910065,-6.7873854456224905
3289,True,"A4,B2,C3,D2,E3,F2",False,3.0,489329.9713444661,-8.949156602474275
3290,True,"A3,B2,C3,D1,E1,F2",True,0.0,57534.42033504802,-6.0804316739671265
3291,True,"A3,B2,C3,D2,E1,F3",False,2.0,17434.74403841751,-2.7778922642765167
3292,True,"A4,B2,C3,D2,E3,F2",False,3.0,300871.04652372014,-9.077066738377582
3293,True,"A4,B2,C3,D2,E3,F2",False,3.0,1174188.149801064,-12.658579470199456
3294,True,"A4,B2,C3,D2,E3,F1",False,4.0,135128.64052310988,-7.2991050892344305
3295,True,"A4,B2,C3,D2,E2,F1",False,4.0,3787375.591530166,-16.61237092044442
3296,True,"A4,B2,C3,D2,E3,F2",False,3.0,418829.29819987854,-8.496433000150844
3297,True,"A3,B2,C3,D1,E1,F2",True,0.0,905576.5349140042,-10.437028446746424
3298,True,"A4,B2,C3,D2,E3,F1",False,4.0,5623.668355883261,-1.9945399934828885
3299,True,"A3,B2,C3,D2,E1,F3",False,2.0,2854378.6638471205,-14.197325677028552
3300,True,"A3,B2,C3,D1,E1,F2",True,0.0,20799.305319088813,-4.040604639509425
3301,True,"A3,B2,C3,D1,E1,F2",True,0.0,1173812.8655740493,-10.726275168818262
3302,True,"A4,B2,C3,D2,E2,F1",False,4.0,42870.443911195754,-4.944497875252779
3303,True,"A3,B2,C3,D1,E1,F2",True,0.0,30592.868527177103,-3.049550489407281
3304,True,"A3,B2,C3,D2,E1,F3",False,2.0,66713.84616682043,-3.966315013990581
3305,True,"A3,B2,C3,D1,E1,F2",True,0.0,516553.2024403539,-8.898506893119233
3306,True,"A3,B2,C3,D1,E1,F1",False,1.0,58687.67234673748,-4.361913726922154
3307,True,"A4,B2,C3,D2,E3,F1",False,4.0,46463.08369220414,-5.322704302380686
3308,True,"A3,B2,C3,D2,E1,F3",False,2.0,1342586.9544137318,-11.716824729105717
3309,True,"A3,B2,C3,D1,E1,F2",True,0.0,8652.212625021191,-3.228279891234834
3310,True,"A3,B2,C3,D1,E1,F1",False,1.0,152488.11200863618,-7.640845288722858
3311,True,"A3,B2,C3,D2,E1,F1",False,2.0,321719.6864271359,-8.732052845441814
3312,True,"A3,B2,C3,D2,E1,F1",False,2.0,249442.94731019155,-9.286573391101939
3313,True,"A4,B2,C3,D2,E2,F1",False,4.0,3443697.9449788164,-16.614311453881285
3314,True,"A3,B2,C3,D2,E1,F3",False,2.0,132941.3200017319,-6.384351186587921
3315,True,"A4,B2,C3,D2,E3,F1",False,4.0,13347.995095502762,-3.5358921703956128
3316,True,"A4,B2,C3,D2,E3,F2",False,3.0,98369.6772337784,-5.130270586595358
3317,True,"A4,B2,C3,D2,E3,F2",False,3.0,66159.81706066307,-4.645808107013963
3318,True,"A3,B2,C3,D1,E1,F2",True,0.0,2976896.7371957935,-16.781637770075378
3319,True,"A4,B2,C3,D2,E3,F2",False,3.0,2123493.2082392634,-13.304531713510983
3320,True,"A3,B2,C3,D2,E1,F3",False,2.0,234753.9051318265,-7.884124331305529
3321,True,"A3,B2,C3,D1,E1,F2",True,0.0,2783011.321616875,-13.774379382689311
3322,True,"A3,B2,C3,D2,E1,F3",False,2.0,29611.802608828497,-3.810063002225135
3323,True,"A3,B2,C3,D1,E1,F2",True,0.0,296176.7480933822,-7.699353216796808
3324,True,"A4,B2,C3,D2,E3,F2",False,3.0,367096.21026134293,-8.36949852107324
3325,True,"A4,B2,C3,D2,E3,F2",False,3.0,1123858.7564420057,-13.148200697015433
3326,True,"A3,B2,C3,D2,E1,F3",False,2.0,3710979.731695566,-14.65693019984159
3327,True,"A3,B2,C3,D2,E1,F3",False,2.0,59780.70255442145,-5.910954855800938
3328,True,"A3,B2,C3,D1,E1,F2",True,0.0,129597.63015648816,-6.193149813274388
3329,True,"A3,B2,C3,D2,E1,F2",False,1.0,1394385.4621623748,-10.997093613774048
3330,True,"A4,B2,C3,D2,E3,F1",False,4.0,6396.911802533845,-2.6830655420247638
3331,True,"A3,B2,C3,D2,E1,F2",False,1.0,2121269.5302490494,-12.821620863286007
3332,True,"A3,B2,C3,D1,E1,F2",True,0.0,38175.1169945064,-3.759644130031205
3333,True,"A3,B2,C3,D1,E1,F2",True,0.0,1108329.3955671825,-11.128573396570083
3334,True,"A3,B2,C3,D2,E1,F3",False,2.0,2996080.297134606,-15.074569284274737
3335,True,"A4,B2,C3,D2,E3,F2",False,3.0,1612954.7438828321,-12.600151838450053
3336,True,"A3,B2,C3,D2,E1,F3",False,2.0,397466.3006552777,-9.833188288672929
3337,True,"A3,B2,C3,D2,E1,F3",False,2.0,670195.2905828411,-10.053932457410582
3338,True,"A4,B2,C3,D2,E3,F2",False,3.0,46170.27107510562,-4.421394117439334
3339,True,"A3,B2,C3,D1,E1,F2",True,0.0,88132.35198635508,-6.113620590708948
3340,True,"A4,B2,C3,D2,E3,F2",False,3.0,1654040.3186633813,-13.15259102772761
3341,True,"A3,B2,C3,D2,E1,F2",False,1.0,3125046.0802665246,-13.888171260401087
3342,True,"A4,B2,C3,D2,E3,F2",False,3.0,3330259.102305482,-15.960639328761182
3343,True,"A3,B2,C3,D2,E1,F1",False,2.0,3213362.547761411,-15.12536913728421
3344,True,"A3,B2,C3,D2,E1,F2",False,1.0,2123371.794560067,-11.917892171942285
3345,True,"A3,B2,C3,D1,E1,F2",True,0.0,203661.60843223106,-8.039186749054224
3346,True,"A3,B2,C3,D2,E1,F3",False,2.0,49705.75152305553,-3.436364889604249
3347,True,"A4,B2,C3,D2,E3,F1",False,4.0,46806.44040505857,-6.341866023712683
3348,True,"A4,B2,C3,D2,E3,F2",False,3.0,633045.4797660012,-9.03300676719968
3349,True,"A4,B2,C3,D2,E3,F2",False,3.0,3096502.616012599,-15.433899486033603
3350,True,"A3,B2,C3,D1,E1,F2",True,0.0,196270.3794808701,-7.218312212492307
3351,True,"A3,B2,C3,D1,E1,F2",True,0.0,473007.9032050143,-9.208893763035363
3352,True,"A4,B2,C3,D2,E3,F2",False,3.0,616106.2202998961,-10.110311590102754
3353,True,"A4,B2,C3,D2,E3,F1",False,4.0,81539.43232451988,-6.351306173960964
3354,True,"A3,B2,C3,D2,E1,F2",False,1.0,2853987.5445050704,-12.75233638204621
3355,True,"A3,B2,C3,D1,E1,F2",True,0.0,106569.6813493908,-4.937018964091564
3356,True,"A4,B2,C3,D2,E3,F2",False,3.0,337432.5554587636,-10.216337581290603
3357,True,"A3,B2,C3,D1,E1,F2",True,0.0,2322802.4886051035,-14.14717643734599
3358,True,"A4,B2,C3,D2,E3,F2",False,3.0,356547.4853409614,-7.9760118487559595
3359,True,"A3,B2,C3,D1,E1,F2",True,0.0,95537.06757838468,-5.611695603592665
3360,True,"A3,B2,C3,D2,E1,F1",False,2.0,2861602.2646358185,-15.21416650476133
3361,True,"A4,B2,C3,D2,E3,F2",False,3.0,331662.90036489675,-9.561685761355733
3362,True,"A3,B2,C3,D2,E1,F3",False,2.0,41624.41485721309,-4.2204741230471825
3363,True,"A4,B2,C3,D2,E3,F2",False,3.0,914662.127393166,-9.928787880287857
3364,True,"A3,B2,C3,D2,E1,F2",False,1.0,2602399.025348725,-13.38669414716729
3365,True,"A3,B2,C3,D2,E1,F1",False,2.0,242018.73310233976,-8.7646748724882
3366,True,"A4,B2,C3,D2,E3,F2",False,3.0,598939.3893084511,-9.189398345881017
3367,True,"A3,B2,C3,D2,E1,F1",False,2.0,429469.88735032326,-9.839115850321718
3368,True,"A4,B2,C3,D2,E2,F1",False,4.0,388730.6095107586,-9.129991613558758
3369,True,"A3,B2,C3,D2,E1,F1",False,2.0,189772.36110159897,-6.931038854165948
3370,True,"A3,B2,C3,D1,E1,F2",True,0.0,40757.721925801794,-4.025241896894613
3371,True,"A3,B2,C3,D1,E1,F2",True,0.0,4335.760364192922,-2.24778888801886
3372,True,"A3,B2,C3,D1,E1,F2",True,0.0,523439.9929758323,-8.593794731374317
3373,True,"A3,B2,C3,D1,E1,F2",True,0.0,20839.40742002481,-2.6873378054177977
3374,True,"A3,B2,C3,D1,E1,F2",True,0.0,1253811.1614639952,-10.256602139044915
3375,True,"A4,B2,C3,D2,E3,F2",False,3.0,403041.47135727404,-9.128735123706932
3376,True,"A4,B2,C3,D2,E3,F2",False,3.0,2538084.274029932,-14.397429529824159
3377,True,"A3,B2,C3,D1,E1,F1",False,1.0,25992.58847632226,-4.544578775388047
3378,True,"A4,B2,C3,D2,E3,F2",False,3.0,123957.32690215882,-5.696567443683307
3379,True,"A4,B2,C3,D2,E2,F1",False,4.0,48508.338360166905,-4.485794904287857
3380,True,"A3,B2,C3,D1,E1,F2",True,0.0,2349182.5110929827,-12.29079006071678
3381,True,"A3,B2,C3,D2,E1,F3",False,2.0,115455.89733125751,-6.5716521900311875
3382,True,"A3,B2,C3,D2,E1,F3",False,2.0,2847895.159434944,-13.12207345697513
3383,True,"A3,B2,C3,D2,E1,F1",False,2.0,392872.77215507755,-8.321950318201061
3384,True,"A3,B2,C3,D1,E1,F2",True,0.0,1668130.1660255813,-11.63850133631847
3385,True,"A4,B2,C3,D2,E3,F1",False,4.0,278138.83887406194,-9.17355580816492
3386,True,"A4,B2,C3,D2,E3,F1",False,4.0,654323.4897389603,-10.485044429107873
3387,True,"A3,B2,C3,D2,E1,F3",False,2.0,27692.66087457823,-2.6581400395815677
3388,True,"A3,B2,C3,D1,E1,F2",True,0.0,40999.58419847117,-3.1635824732885
3389,True,"A3,B2,C3,D1,E1,F2",True,0.0,265080.1689770628,-7.954575611459106
3390,True,"A3,B2,C3,D1,E1,F1",False,1.0,27930.107789828624,-3.8687859630574764
3391,True,"A3,B2,C3,D1,E1,F2",True,0.0,14439.63045654875,-3.4120578707988045
3392,True,"A3,B2,C3,D2,E1,F1",False,2.0,3519533.2158380896,-14.323577986221203
3393,True,"A4,B2,C3,D2,E3,F1",False,4.0,258848.378714077,-9.182538988145396
3394,True,"A3,B2,C3,D2,E1,F2",False,1.0,587539.4912063552,-9.448726074773532
3395,True,"A3,B2,C3,D2,E1,F3",False,2.0,7826.1501788465575,-2.5414605636225645
3396,True,"A4,B2,C3,D2,E3,F2",False,3.0,2099020.2621137635,-14.57643965453645
3397,True,"A3,B2,C3,D2,E1,F3",False,2.0,611124.090491735,-8.45079979303081
3398,True,"A4,B2,C3,D2,E2,F1",False,4.0,313564.5929010784,-8.553060606020452
3399,True,"A4,B2,C3,D2,E3,F2",False,3.0,101096.32945960091,-7.396827864640571
3400,True,"A3,B2,C3,D1,E1,F2",True,0.0,254397.61349307647,-6.450444629231768
3401,True,"A3,B2,C3,D2,E1,F1",False,2.0,506998.05582894606,-9.756131903456577
3402,True,"A3,B2,C3,D1,E1,F2",True,0.0,1141618.2663082518,-10.571448272783883
3403,True,"A4,B2,C3,D2,E3,F2",False,3.0,1382217.8569926664,-12.588026342293297
3404,True,"A4,B2,C3,D2,E2,F1",False,4.0,2277138.9439416067,-14.703676874235832
3405,True,"A3,B2,C3,D2,E1,F2",False,1.0,3451047.3000029954,-14.294289563872347
3406,True,"A4,B2,C3,D2,E3,F2",False,3.0,719661.8594561999,-10.823443648990036
3407,True,"A3,B2,C3,D2,E1,F1",False,2.0,202655.25301298252,-7.648977809936028
3408,True,"A3,B2,C3,D1,E1,F2",True,0.0,87669.19245807808,-5.297271602542452
3409,True,"A3,B2,C3,D1,E1,F1",False,1.0,90674.01809278845,-6.166319369121567
3410,True,"A3,B2,C3,D2,E1,F2",False,1.0,3145582.012682368,-15.061212374234195
3411,True,"A4,B2,C3,D2,E2,F1",False,4.0,249333.5478512111,-8.65048310052127
3412,True,"A3,B2,C3,D1,E1,F2",True,0.0,1304886.5424235913,-9.754636420340901
3413,True,"A3,B2,C3,D2,E1,F3",False,2.0,470914.9771919178,-8.967715322611284
3414,True,"A4,B2,C3,D2,E2,F1",False,4.0,135644.09128202355,-6.559927696689485
3415,True,"A4,B2,C3,D2,E2,F1",False,4.0,73916.85715210674,-5.887288125396026
3416,True,"A4,B2,C3,D2,E3,F2",False,3.0,1957115.990844534,-13.825028044562771
3417,True,"A3,B2,C3,D1,E1,F2",True,0.0,1762421.0348899518,-12.44598670423754
3418,True,"A4,B2,C3,D2,E3,F1",False,4.0,10754.168357677961,-3.0216464850925746
3419,True,"A3,B2,C3,D1,E1,F2",True,0.0,104151.37306522859,-5.031068543334072
3420,True,"A3,B2,C3,D2,E1,F1",False,2.0,272314.3129523624,-8.31794565364973
3421,True,"A4,B2,C3,D2,E3,F2",False,3.0,836758.3097820119,-12.565797546651083
3422,True,"A4,B2,C3,D2,E3,F1",False,4.0,13614.07495292169,-2.3573521460654234
3423,True,"A3,B2,C3,D2,E1,F1",False,2.0,548604.5224838847,-8.37228435596883
3424,True,"A3,B2,C3,D1,E1,F2",True,0.0,245817.08615766492,-8.064189011907061
3425,True,"A4,B2,C3,D2,E3,F2",False,3.0,719277.3051264347,-9.856182635741177
3426,True,"A4,B2,C3,D2,E3,F2",False,3.0,740619.1522438899,-10.562128129140532
3427,True,"A3,B2,C3,D2,E1,F3",False,2.0,90811.72163795923,-4.524027325539578
3428,True,"A3,B2,C3,D1,E1,F2",True,0.0,383843.01029579015,-8.113062737981735
3429,True,"A3,B2,C3,D1,E1,F1",False,1.0,2437784.379524369,-14.432996720194566
3430,True,"A3,B2,C3,D2,E1,F1",False,2.0,2110531.390009122,-13.274972003699212
3431,True,"A4,B2,C3,D2,E3,F1",False,4.0,187689.63745239176,-7.642735406292445
3432,True,"A3,B2,C3,D2,E1,F2",False,1.0,4158476.8014934147,-15.730274984297893
3433,True,"A3,B2,C3,D2,E1,F2",False,1.0,1232252.0069774634,-11.009161258097244
3434,True,"A4,B2,C3,D2,E3,F1",False,4.0,276024.0071679273,-9.642894050016082
3435,True,"A3,B2,C3,D2,E1,F2",False,1.0,3132522.3820554595,-14.800304441787013
3436,True,"A3,B2,C3,D2,E1,F3",False,2.0,103824.88773516081,-6.85728880819714
3437,True,"A3,B2,C3,D1,E1,F2",True,0.0,31141.738848338468,-3.1731697906921283
3438,True,"A4,B2,C3,D2,E3,F1",False,4.0,440063.7735048272,-10.316160003071403
3439,True,"A3,B2,C3,D2,E1,F2",False,1.0,2044965.0554266665,-11.879231933234166
3440,True,"A3,B2,C3,D1,E1,F2",True,0.0,22529.28408718579,-2.693850101747813
3441,True,"A3,B2,C3,D2,E1,F3",False,2.0,246393.35796105757,-7.148223822964297
3442,True,"A4,B2,C3,D2,E2,F1",False,4.0,17678.48151664096,-2.791914450013067
3443,True,"A3,B2,C3,D1,E1,F2",True,0.0,860072.0738616942,-11.91594562211673
3444,True,"A3,B2,C3,D1,E1,F2",True,0.0,57953.068977809125,-6.1064865731706135
3445,True,"A4,B2,C3,D2,E3,F2",False,3.0,1478375.8178636716,-12.41489122006611
3446,True,"A3,B2,C3,D1,E1,F2",True,0.0,266652.5165785348,-7.177607557172635
3447,True,"A3,B2,C3,D2,E1,F3",False,2.0,1132102.4068055176,-11.451276603998608
3448,True,"A4,B2,C3,D2,E3,F2",False,3.0,3010466.533688043,-15.848620166122238
3449,True,"A4,B2,C3,D2,E3,F1",False,4.0,189656.16322433643,-8.295440697353854
3450,True,"A4,B2,C3,D2,E3,F1",False,4.0,21519.47534548921,-4.204556549780136
3451,True,"A4,B2,C3,D2,E2,F2",False,3.0,2687026.1874410347,-14.277160459193915
3452,True,"A4,B2,C3,D2,E3,F1",False,4.0,169570.41662708763,-7.351824430181637
3453,True,"A3,B2,C3,D2,E1,F2",False,1.0,373337.3367619933,-7.411541669219105
3454,True,"A4,B2,C3,D2,E3,F2",False,3.0,2922827.1912122555,-15.258639943304956
3455,True,"A3,B2,C3,D1,E1,F2",True,0.0,918948.0654146891,-10.535696573369918
3456,True,"A3,B2,C3,D2,E1,F2",False,1.0,4648653.192409363,-15.296101772043045
3457,True,"A3,B2,C3,D1,E1,F2",True,0.0,881749.2542463875,-8.641197109343594
3458,True,"A3,B2,C3,D1,E1,F2",True,0.0,1228105.2830225667,-11.913462801751464
3459,True,"A3,B2,C3,D1,E1,F2",True,0.0,567013.8085039959,-9.823083455915686
3460,True,"A3,B2,C3,D1,E1,F2",True,0.0,857189.377087683,-11.780884179609686
3461,True,"A3,B2,C3,D2,E1,F1",False,2.0,118933.50698085938,-6.422567230670509
3462,True,"A3,B2,C3,D1,E1,F2",True,0.0,2694394.742642884,-12.46307987145802
3463,True,"A3,B2,C3,D2,E1,F2",False,1.0,3448199.9346404136,-14.735460408380717
3464,True,"A4,B2,C3,D2,E3,F1",False,4.0,1061270.5615294308,-14.260249537683833
3465,True,"A3,B2,C3,D1,E1,F2",True,0.0,1929026.7808299642,-11.731684230722358
3466,True,"A4,B2,C3,D2,E3,F1",False,4.0,8742.276300099556,-2.9325467006632806
3467,True,"A4,B2,C3,D2,E3,F2",False,3.0,1421481.9860997635,-11.936597238545389
3468,True,"A4,B2,C3,D2,E3,F2",False,3.0,745944.9916213765,-10.692187384156682
3469,True,"A4,B2,C3,D2,E3,F2",False,3.0,291488.87902678887,-7.902873806328131
3470,True,"A3,B2,C3,D2,E1,F2",False,1.0,2757209.861438666,-12.82776085540771
3471,True,"A3,B2,C3,D2,E1,F3",False,2.0,471265.033429618,-7.241789586822094
3472,True,"A4,B2,C3,D2,E2,F1",False,4.0,2341779.126798296,-15.10649447102552
3473,True,"A3,B2,C3,D2,E1,F3",False,2.0,625352.6415231968,-9.109308727058249
3474,True,"A3,B2,C3,D2,E1,F3",False,2.0,38187.599195317634,-3.4334872835853645
3475,True,"A3,B2,C3,D1,E1,F2",True,0.0,233833.18109861243,-6.789805610079924
3476,True,"A4,B2,C3,D2,E3,F2",False,3.0,2419021.007326602,-14.5206489362807
3477,True,"A3,B2,C3,D1,E1,F2",True,0.0,68262.71530710417,-5.7355279643986705
3478,True,"A3,B2,C3,D2,E1,F3",False,2.0,108427.7982641522,-4.79853157249984
3479,True,"A4,B2,C3,D2,E2,F1",False,4.0,2631768.444729187,-14.853204892025609
3480,True,"A4,B2,C3,D2,E3,F2",False,3.0,3086554.018639186,-14.873787208753122
3481,True,"A4,B2,C3,D2,E3,F2",False,3.0,2296946.7146825627,-14.792918513157446
3482,True,"A4,B2,C3,D2,E3,F1",False,4.0,24371.546159777576,-3.007260047746641
3483,True,"A3,B2,C3,D1,E1,F2",True,0.0,2052180.1799800072,-14.052131926243625
3484,True,"A4,B2,C3,D2,E3,F2",False,3.0,482340.31194561283,-10.267167390485923
3485,True,"A3,B2,C3,D1,E1,F1",False,1.0,649890.3828764884,-9.67036880573147
3486,True,"A4,B2,C3,D2,E3,F2",False,3.0,274685.64740576566,-8.774888040409209
3487,True,"A4,B2,C3,D2,E3,F2",False,3.0,33045.46168981972,-4.551430342149047
3488,True,"A3,B2,C3,D1,E1,F2",True,0.0,2062210.595785942,-12.089831544833999
3489,True,"A4,B2,C3,D2,E3,F2",False,3.0,731300.5603599639,-10.977768772280044
3490,True,"A3,B2,C3,D2,E1,F3",False,2.0,1874475.2407516008,-12.12828686350052
3491,True,"A3,B2,C3,D1,E1,F2",True,0.0,1326658.5935471535,-12.31120067186746
3492,True,"A3,B2,C3,D2,E1,F2",False,1.0,1294446.9302273071,-11.966195217632773
3493,True,"A3,B2,C3,D1,E1,F2",True,0.0,681979.0345118785,-9.735466266589015
3494,True,"A4,B2,C3,D2,E3,F2",False,3.0,822139.3572939648,-11.607054081687508
3495,True,"A3,B2,C3,D1,E1,F2",True,0.0,135744.08430030785,-6.160947362641494
3496,True,"A3,B2,C3,D2,E1,F3",False,2.0,721532.6532804931,-10.316655416608
3497,True,"A4,B2,C3,D2,E3,F2",False,3.0,85378.84680459011,-6.192415616345301
3498,True,"A3,B2,C3,D2,E1,F3",False,2.0,821528.0620521441,-10.158581766857615
3499,True,"A3,B2,C3,D2,E1,F1",False,2.0,3392746.623175895,-16.649166525044627
3500,True,"A4,B2,C3,D2,E3,F2",False,3.0,1233077.1193893182,-13.910114292414072
3501,True,"A3,B2,C3,D1,E1,F2",True,0.0,1042859.6481220626,-11.092225876920402
3502,True,"A3,B2,C3,D1,E1,F2",True,0.0,48568.63744881516,-5.561219540812118
3503,True,"A4,B2,C3,D2,E1,F2",False,2.0,343305.9804902753,-9.481250567356028
3504,True,"A3,B2,C3,D2,E1,F1",False,2.0,1726538.8614838931,-12.833284692067458
3505,True,"A3,B2,C3,D2,E1,F3",False,2.0,457333.5183618896,-9.986140105160715
3506,True,"A3,B2,C3,D2,E1,F2",False,1.0,3053346.2906835824,-13.948233031243959
3507,True,"A4,B2,C3,D2,E3,F2",False,3.0,2644334.9533198415,-14.963637073884328
3508,True,"A3,B2,C3,D1,E1,F2",True,0.0,254161.1409796551,-6.4582816308800375
3509,True,"A3,B2,C3,D1,E1,F2",True,0.0,354679.52695265034,-7.7216048504693475
3510,True,"A4,B2,C3,D2,E3,F2",False,3.0,2089241.268339379,-13.882375901379724
3511,True,"A3,B2,C3,D1,E1,F2",True,0.0,17794.13696341814,-2.4940271211369947
3512,True,"A3,B2,C3,D1,E1,F2",True,0.0,135307.22538215754,-7.203000732275456
3513,True,"A3,B2,C3,D1,E1,F1",False,1.0,883994.1427432747,-11.888167375094483
3514,True,"A4,B2,C3,D2,E2,F1",False,4.0,328615.8158609139,-7.588553763536737
3515,True,"A3,B2,C3,D1,E1,F2",True,0.0,129331.93044069305,-6.798104096255599
3516,True,"A3,B2,C3,D1,E1,F2",True,0.0,946678.8196662996,-10.491700344448596
3517,True,"A3,B2,C3,D1,E1,F2",True,0.0,171863.51070351028,-6.909629865170217
3518,True,"A3,B2,C3,D1,E1,F2",True,0.0,876452.4664342026,-9.900311928820997
3519,True,"A4,B2,C3,D2,E3,F2",False,3.0,72371.94771421494,-3.741362469625855
3520,True,"A4,B2,C3,D2,E3,F1",False,4.0,122308.19466918892,-6.8024937247717645
3521,True,"A3,B2,C3,D1,E1,F2",True,0.0,1193692.2410785353,-12.503282346507326
3522,True,"A3,B2,C3,D1,E1,F2",True,0.0,50939.767272194076,-5.173445788186612
3523,True,"A3,B2,C3,D2,E1,F3",False,2.0,1369210.9197496315,-12.549495433221786
3524,True,"A3,B2,C3,D2,E1,F2",False,1.0,1733055.7636958084,-11.919878465177561
3525,True,"A3,B2,C3,D2,E1,F3",False,2.0,953675.6857996017,-10.302365021993715
3526,True,"A3,B2,C3,D2,E1,F3",False,2.0,201477.6912106259,-7.720698526677623
3527,True,"A4,B2,C3,D2,E3,F2",False,3.0,4043684.886339156,-16.673880200311764
3528,True,"A3,B2,C3,D2,E1,F3",False,2.0,20099.58547721541,-2.0234358915875674
3529,True,"A3,B2,C3,D1,E1,F1",False,1.0,19822.322214421067,-4.406153852749782
3530,True,"A3,B2,C3,D1,E1,F2",True,0.0,3855258.1230344446,-13.28788151621037
3531,True,"A3,B2,C3,D1,E1,F1",False,1.0,140867.13131068624,-6.399574055015577
3532,True,"A3,B2,C3,D1,E1,F1",False,1.0,167368.28005546003,-7.153685283948889
3533,True,"A4,B2,C3,D2,E3,F1",False,4.0,61821.08585271823,-6.295261898503568
3534,True,"A3,B2,C3,D2,E1,F1",False,2.0,1013905.552784356,-11.553586388941468
3535,True,"A3,B2,C3,D1,E1,F1",False,1.0,11632.614153388393,-3.3817982986490165
3536,True,"A3,B2,C3,D1,E1,F2",True,0.0,15329.96822587324,-2.36588144211251
3537,True,"A3,B2,C3,D1,E1,F2",True,0.0,141646.57324603805,-6.079590866180666
3538,True,"A4,B2,C3,D2,E3,F2",False,3.0,96140.85098512897,-6.249167587035203
3539,True,"A4,B2,C3,D2,E3,F2",False,3.0,1927496.9857790018,-14.055828085304071
3540,True,"A3,B2,C3,D2,E1,F3",False,2.0,886281.356212147,-11.092902817154226
3541,True,"A4,B2,C3,D2,E3,F1",False,4.0,1412093.1394838672,-12.58430146677911
3542,True,"A3,B2,C3,D2,E1,F2",False,1.0,5317896.696318705,-14.467832942274853
3543,True,"A4,B2,C3,D2,E3,F2",False,3.0,55825.49232567451,-4.2616022889184535
3544,True,"A4,B2,C3,D2,E3,F2",False,3.0,176504.2645918659,-8.293411069199479
3545,True,"A4,B2,C3,D2,E3,F1",False,4.0,100447.0644266113,-6.7149441804101855
3546,True,"A4,B2,C3,D2,E3,F2",False,3.0,106583.00362713575,-6.09479339120621
3547,True,"A4,B2,C3,D2,E2,F1",False,4.0,1630347.400415938,-15.043051952274254
3548,True,"A3,B2,C3,D1,E1,F2",True,0.0,227430.3979794443,-6.286521648766453
3549,True,"A3,B2,C3,D1,E1,F2",True,0.0,17883.529755596155,-3.691632020646111
3550,True,"A3,B2,C3,D1,E1,F2",True,0.0,288978.64494598965,-7.345735059994809
3551,True,"A3,B2,C3,D2,E1,F1",False,2.0,3166598.333978155,-15.936188763857544
3552,True,"A3,B2,C3,D1,E1,F2",True,0.0,151671.65059726904,-5.833156157787528
3553,True,"A4,B2,C3,D2,E3,F2",False,3.0,369144.14130860445,-7.99879093968859
3554,True,"A4,B2,C3,D2,E3,F2",False,3.0,188187.8777679843,-7.616982782387865
3555,True,"A4,B2,C3,D2,E3,F2",False,3.0,739638.0933609054,-11.928567375355897
3556,True,"A3,B2,C3,D1,E1,F1",False,1.0,1095.880247429669,-0.48034600179944675
3557,True,"A3,B2,C3,D2,E1,F1",False,2.0,156972.21879940864,-7.875050206732837
3558,True,"A4,B2,C3,D2,E3,F1",False,4.0,11821.914120792484,-3.330309040951974
3559,True,"A3,B2,C3,D2,E1,F3",False,2.0,230891.5088115994,-7.522723137902048
3560,True,"A3,B2,C3,D2,E5,F3",False,3.0,11611.652964793951,-3.274123758037504
3561,True,"A3,B2,C3,D1,E1,F2",True,0.0,3219076.8778400146,-14.915705894090031
3562,True,"A4,B2,C3,D2,E3,F2",False,3.0,1246460.98674786,-12.069400667699703
3563,True,"A3,B2,C3,D1,E1,F2",True,0.0,32743.057393963685,-4.993499938298456
3564,True,"A4,B2,C3,D2,E3,F2",False,3.0,868723.0734587815,-12.814348758001714
3565,True,"A4,B2,C3,D2,E3,F2",False,3.0,198240.31083305329,-8.03568676745492
3566,True,"A3,B2,C3,D1,E1,F2",True,0.0,1871695.3266334382,-14.243880420278778
3567,True,"A3,B2,C3,D1,E1,F1",False,1.0,2736.082342427559,-1.7320298678423
3568,True,"A4,B2,C3,D2,E3,F2",False,3.0,262985.9022616124,-8.001556968098612
3569,True,"A4,B2,C3,D2,E3,F2",False,3.0,1642733.1429886154,-14.98612837747045
3570,True,"A3,B2,C3,D1,E1,F2",True,0.0,225784.29547464306,-7.274812379422912
3571,True,"A3,B2,C3,D2,E1,F3",False,2.0,32748.037345872894,-5.201247182808416
3572,True,"A4,B2,C3,D2,E3,F2",False,3.0,2116673.5466470993,-14.487079711856516
3573,True,"A4,B2,C3,D2,E2,F1",False,4.0,30934.996863894343,-3.2571465651567735
3574,True,"A3,B2,C3,D2,E1,F2",False,1.0,2809000.8585932287,-14.480481341800186
3575,True,"A4,B2,C3,D2,E3,F2",False,3.0,3601148.1326882774,-15.663552923781495
3576,True,"A3,B2,C3,D1,E1,F2",True,0.0,3497003.153870841,-16.289606298507643
3577,True,"A3,B2,C3,D1,E1,F2",True,0.0,433624.3039490945,-8.125089731274315
3578,True,"A4,B2,C3,D2,E3,F2",False,3.0,228264.1818835154,-7.266679031338626
3579,True,"A4,B2,C3,D2,E3,F1",False,4.0,406548.7741920459,-8.9065280661965
3580,True,"A3,B2,C3,D1,E1,F2",True,0.0,411033.4773659986,-8.034826027141037
3581,True,"A4,B2,C3,D2,E3,F1",False,4.0,32592.065163461466,-4.534153966863343
3582,True,"A4,B2,C3,D2,E3,F2",False,3.0,302809.6691802842,-7.327039810125612
3583,True,"A3,B2,C3,D1,E1,F1",False,1.0,7350.799252387209,-3.097437048165375
3584,True,"A3,B2,C3,D1,E1,F1",False,1.0,21561.32778742154,-4.704256593059796
3585,True,"A4,B2,C3,D2,E3,F2",False,3.0,63256.766521177975,-6.886453516940065
3586,True,"A4,B2,C3,D2,E3,F1",False,4.0,740826.0541949795,-11.144342998931286
3587,True,"A3,B2,C3,D2,E1,F3",False,2.0,180955.33224639206,-6.368071552471719
3588,True,"A3,B2,C3,D1,E1,F2",True,0.0,2488274.2957347766,-15.329362903777437
3589,True,"A3,B2,C3,D2,E1,F2",False,1.0,495192.13687776215,-7.954970381585497
3590,True,"A3,B2,C3,D1,E1,F2",True,0.0,1365895.3414012732,-11.367241836420035
3591,True,"A4,B2,C3,D2,E1,F2",False,2.0,2145867.492963734,-14.953564315472043
3592,True,"A3,B2,C3,D2,E1,F1",False,2.0,746805.8983838138,-10.598571604944738
3593,True,"A3,B2,C3,D2,E1,F3",False,2.0,703800.5349962275,-10.515205224801427
3594,True,"A4,B2,C3,D2,E3,F1",False,4.0,4193.6389363991275,-2.31701478585407
3595,True,"A4,B2,C3,D2,E3,F2",False,3.0,2811498.947744748,-14.645710191302328
3596,True,"A3,B2,C3,D2,E1,F3",False,2.0,619031.5972984774,-8.168806052234345
3597,True,"A3,B2,C3,D1,E1,F2",True,0.0,2291643.9190741396,-12.597227284222818
3598,True,"A3,B2,C3,D1,E1,F2",True,0.0,134527.60282350154,-7.760115713387236
3599,True,"A4,B2,C3,D2,E3,F2",False,3.0,216245.643766906,-7.244217601185795
3600,True,"A3,B2,C3,D1,E1,F1",False,1.0,289635.5559616439,-8.521862522397555
3601,True,"A3,B2,C3,D1,E1,F2",True,0.0,5585.765498513081,-1.7224970767032914
3602,True,"A3,B2,C3,D2,E1,F3",False,2.0,352149.35788485577,-8.808301031600038
3603,True,"A3,B2,C3,D1,E1,F2",True,0.0,121882.78300378326,-6.592778796979033
3604,True,"A3,B2,C3,D1,E1,F2",True,0.0,2149843.58323045,-12.15067612065446
3605,True,"A3,B2,C3,D2,E2,F3",False,3.0,1537624.6182357646,-13.37288687419337
3606,True,"A4,B2,C3,D2,E3,F1",False,4.0,539968.4119935578,-11.011479103078742
3607,True,"A4,B2,C3,D2,E3,F2",False,3.0,3748036.97566527,-15.017742516622391
3608,True,"A4,B2,C3,D2,E3,F1",False,4.0,1353926.7655034694,-13.058764433685639
3609,True,"A4,B2,C3,D2,E2,F1",False,4.0,796254.8448394437,-11.71776796665992
3610,True,"A3,B2,C3,D2,E1,F3",False,2.0,1857588.3430039203,-12.800885998145809
3611,True,"A3,B2,C3,D1,E1,F2",True,0.0,945983.7363299974,-9.323037007637005
3612,True,"A4,B2,C3,D2,E3,F1",False,4.0,62856.76642259636,-4.646348987625856
3613,True,"A3,B2,C3,D2,E1,F3",False,2.0,106867.85570604536,-4.975758608272017
3614,True,"A3,B2,C3,D1,E1,F2",True,0.0,99489.02975549205,-5.773613259283621
3615,True,"A3,B2,C3,D1,E1,F1",False,1.0,18098.332185214284,-4.281852823752345
3616,True,"A3,B2,C3,D1,E1,F2",True,0.0,513299.467163879,-8.481939711813453
3617,True,"A4,B2,C3,D2,E3,F2",False,3.0,2006626.798782994,-13.904723041867086
3618,True,"A3,B2,C3,D1,E1,F2",True,0.0,765632.4409620279,-10.84771399200637
3619,True,"A3,B2,C3,D1,E1,F1",False,1.0,12919.968083066076,-3.347347939582278
3620,True,"A3,B2,C3,D2,E1,F3",False,2.0,69349.79065433421,-5.830236361012368
3621,True,"A3,B2,C3,D1,E1,F2",True,0.0,962728.2386887533,-11.063364268877436
3622,True,"A3,B2,C3,D1,E1,F2",True,0.0,144899.92110013068,-5.730049066525609
3623,True,"A3,B2,C3,D2,E1,F1",False,2.0,1740363.6930696392,-13.3159939861685
3624,True,"A3,B2,C3,D1,E1,F2",True,0.0,2328058.735156725,-15.453216296867843
3625,True,"A3,B2,C3,D1,E1,F2",True,0.0,1231120.267814306,-11.825990959933236
3626,True,"A3,B2,C3,D2,E1,F2",False,1.0,1098598.7625011,-10.12654734037239
3627,True,"A3,B2,C3,D2,E1,F3",False,2.0,236688.2794289348,-7.883493082058138
3628,True,"A3,B2,C3,D2,E1,F1",False,2.0,215603.3828248477,-6.785791872073219
3629,True,"A4,B2,C3,D2,E2,F1",False,4.0,1314816.3255435163,-14.992898640612779
3630,True,"A3,B2,C3,D1,E1,F1",False,1.0,123863.82428735078,-7.000479564084472
3631,True,"A3,B2,C3,D2,E1,F1",False,2.0,1210774.9736659147,-11.213245259066639
3632,True,"A3,B2,C3,D2,E1,F1",False,2.0,589200.0654225724,-9.990816364272334
3633,True,"A3,B2,C3,D2,E1,F3",False,2.0,81591.72081882681,-5.245844421956605
3634,True,"A3,B2,C3,D2,E1,F3",False,2.0,65241.56962846219,-4.800155348431545
3635,True,"A3,B2,C3,D1,E1,F1",False,1.0,51897.62992479049,-6.147265943664948
3636,True,"A3,B2,C3,D2,E1,F3",False,2.0,172567.83553958862,-6.264358457220013
3637,True,"A3,B2,C3,D1,E1,F1",False,1.0,8544.107390346597,-2.0410603886145395
3638,True,"A3,B2,C3,D2,E1,F3",False,2.0,244575.48892751255,-7.4585571123033105
3639,True,"A3,B2,C3,D2,E1,F2",False,1.0,3626286.3734355336,-15.835146079356726
3640,True,"A3,B2,C3,D1,E1,F2",True,0.0,38166.5874592333,-3.707841707860922
3641,True,"A3,B2,C3,D2,E1,F3",False,2.0,6534.17894984997,-1.909414557034367
3642,True,"A3,B2,C3,D2,E1,F3",False,2.0,317062.2931195324,-8.808725934765292
3643,True,"A3,B2,C3,D1,E1,F2",True,0.0,51601.82375430566,-4.803829868816763
3644,True,"A3,B2,C3,D2,E1,F2",False,1.0,2803756.269970097,-13.919142544338314
3645,True,"A3,B2,C3,D1,E1,F1",False,1.0,9871.704745271987,-2.3210539458693376
3646,True,"A4,B2,C3,D2,E3,F2",False,3.0,258175.94445095706,-9.732278153550439
3647,True,"A3,B2,C3,D2,E1,F3",False,2.0,2214030.472051828,-13.361413437509306
3648,True,"A4,B2,C3,D2,E3,F1",False,4.0,35130.58286975505,-6.374938350162978
3649,True,"A4,B2,C3,D2,E3,F2",False,3.0,3340650.98029053,-15.474728509475248
3650,True,"A3,B2,C3,D1,E1,F2",True,0.0,1061130.9603244015,-11.246524495481971
3651,True,"A4,B2,C3,D2,E3,F1",False,4.0,89571.41095880313,-6.89659164986702
3652,True,"A3,B2,C3,D2,E1,F2",False,1.0,1304219.21720673,-10.748701913224217
3653,True,"A3,B2,C3,D2,E1,F2",False,1.0,1342231.7428029997,-10.565238777074597
3654,True,"A3,B2,C3,D2,E1,F3",False,2.0,33362.34204904798,-3.2118741913595983
3655,True,"A4,B2,C3,D2,E1,F2",False,2.0,21151.5499967749,-4.139868048160949
3656,True,"A4,B2,C3,D2,E3,F2",False,3.0,2234847.331261281,-15.883853594795838
3657,True,"A4,B2,C3,D2,E3,F2",False,3.0,13536.777825498039,-3.1163909750618757
3658,True,"A4,B2,C3,D2,E3,F1",False,4.0,966941.1980635378,-11.621633997649475
3659,True,"A3,B2,C3,D2,E1,F3",False,2.0,65696.08016011918,-6.311761747161128
3660,True,"A3,B2,C3,D1,E1,F1",False,1.0,38671.62850718164,-5.627694239574055
3661,True,"A4,B2,C3,D2,E3,F2",False,3.0,2682963.776664066,-14.65806603233721
3662,True,"A3,B2,C3,D2,E1,F2",False,1.0,3108662.241309796,-14.052887946927719
3663,True,"A3,B2,C3,D1,E1,F2",True,0.0,370881.975238438,-6.759456325348893
3664,True,"A3,B2,C3,D1,E1,F2",True,0.0,148413.6970109983,-5.5764455331192835
3665,True,"A4,B2,C3,D2,E3,F2",False,3.0,1816138.0303031222,-13.889613466602292
3666,True,"A3,B2,C3,D2,E1,F1",False,2.0,52755.400477743024,-4.8409351273594865
3667,True,"A4,B2,C3,D2,E3,F1",False,4.0,61461.186379861814,-7.267982724507149
3668,True,"A3,B2,C3,D2,E1,F2",False,1.0,1382321.3907718263,-10.233390477389044
3669,True,"A4,B2,C3,D2,E3,F2",False,3.0,1624600.815635904,-12.660382971014329
3670,True,"A3,B2,C3,D2,E1,F2",False,1.0,2550881.2667407403,-12.988666771939279
3671,True,"A3,B2,C3,D2,E1,F3",False,2.0,1398273.389030487,-12.664926055800535
3672,True,"A4,B2,C3,D2,E3,F2",False,3.0,1513919.3815719257,-13.171096996214168
3673,True,"A4,B2,C3,D2,E3,F2",False,3.0,1592478.239055753,-12.326435037879904
3674,True,"A4,B2,C3,D2,E3,F2",False,3.0,3847558.5163840395,-17.65374063206098
3675,True,"A3,B2,C3,D1,E1,F1",False,1.0,155234.9873501132,-7.83072525317823
3676,True,"A3,B2,C3,D2,E1,F2",False,1.0,2972724.989424979,-15.24664919887497
3677,True,"A3,B2,C3,D2,E1,F3",False,2.0,1080491.0465420808,-10.082926492094494
3678,True,"A3,B2,C3,D2,E1,F1",False,2.0,1700972.2034804819,-13.264551652048446
3679,True,"A3,B2,C3,D1,E1,F2",True,0.0,364116.1701726021,-8.368994305954644
3680,True,"A3,B2,C3,D1,E1,F1",False,1.0,9269.29861270135,-3.261480902683914
3681,True,"A3,B2,C3,D1,E1,F2",True,0.0,343764.37986499735,-7.805778660779467
3682,True,"A3,B2,C3,D1,E1,F2",True,0.0,127514.98848150925,-6.179990294545291
3683,True,"A3,B2,C3,D2,E1,F1",False,2.0,1931564.6987009235,-14.194151828446529
3684,True,"A4,B2,C3,D2,E3,F2",False,3.0,1022149.8276821132,-11.961020398727186
3685,True,"A3,B2,C3,D1,E1,F1",False,1.0,10120.653193952912,-3.2970397874352386
3686,True,"A3,B2,C3,D1,E1,F2",True,0.0,277514.46029989957,-6.247187385615504
3687,True,"A3,B2,C3,D2,E1,F1",False,2.0,2745743.312553383,-15.662969061110452
3688,True,"A3,B2,C3,D2,E1,F1",False,2.0,421658.22051697614,-9.813735598271137
3689,True,"A3,B2,C3,D2,E1,F2",False,1.0,2780875.774604086,-14.018924081781883
3690,True,"A3,B2,C3,D1,E1,F2",True,0.0,379819.2122726459,-8.890853644423373
3691,True,"A3,B2,C3,D1,E1,F2",True,0.0,1520975.3287588116,-12.29971893382774
3692,True,"A3,B2,C3,D2,E1,F2",False,1.0,4101997.9961563293,-15.212802728719979
3693,True,"A3,B2,C3,D2,E1,F3",False,2.0,29142.840595216494,-2.9118222824807987
3694,True,"A4,B2,C3,D2,E3,F1",False,4.0,93600.91471093505,-5.953751168783683
3695,True,"A4,B2,C3,D2,E3,F1",False,4.0,66802.62881550645,-5.547106198300725
3696,True,"A4,B2,C3,D2,E3,F2",False,3.0,890094.6115622909,-10.710407179706863
3697,True,"A3,B2,C3,D2,E1,F2",False,1.0,1553310.4451434081,-11.814627118940088
3698,True,"A4,B2,C3,D2,E3,F2",False,3.0,926943.1264904195,-11.892862222079138
3699,True,"A4,B2,C3,D2,E3,F2",False,3.0,3745831.3636005665,-15.514196805355617
3700,True,"A3,B2,C3,D1,E1,F2",True,0.0,47079.08450927492,-4.2107281272901815
3701,True,"A4,B2,C3,D2,E2,F1",False,4.0,1255243.914123741,-14.410093674367317
3702,True,"A3,B2,C3,D2,E1,F1",False,2.0,1856974.4465003414,-12.048281715983016
3703,True,"A3,B2,C3,D2,E1,F3",False,2.0,214413.03186553318,-5.642014762844738
3704,True,"A3,B2,C3,D1,E1,F2",True,0.0,177435.2063718988,-7.726309008563547
3705,True,"A3,B2,C3,D1,E1,F2",True,0.0,576227.1629519782,-10.43368293930449
3706,True,"A4,B2,C3,D2,E3,F2",False,3.0,1884282.3630410112,-13.230663472724565
3707,True,"A3,B2,C3,D1,E1,F2",True,0.0,19542.057506330213,-1.9906750020953012
3708,True,"A3,B2,C3,D2,E1,F1",False,2.0,423369.2466602627,-9.416260229042877
3709,True,"A4,B2,C3,D2,E2,F1",False,4.0,17258.560921653316,-4.0128624330279195
3710,True,"A3,B2,C3,D1,E1,F1",False,1.0,1756.1932825472527,-1.8674124796453953
3711,True,"A3,B2,C3,D2,E1,F3",False,2.0,243732.65522130617,-7.126923595389599
3712,True,"A3,B2,C3,D2,E1,F2",False,1.0,1262292.8015199683,-11.196888534174143
3713,True,"A4,B2,C3,D2,E3,F2",False,3.0,505255.6469931757,-10.089181658344586
3714,True,"A3,B2,C3,D2,E1,F2",False,1.0,3824243.0001198296,-14.972772989021308
3715,True,"A3,B2,C3,D1,E1,F2",True,0.0,18385.094418325134,-3.437011509222671
3716,True,"A3,B2,C3,D1,E1,F2",True,0.0,2081332.8837141867,-14.076931583573646
3717,True,"A3,B2,C3,D2,E1,F1",False,2.0,818304.5570978053,-12.054215338333336
3718,True,"A3,B2,C3,D1,E1,F2",True,0.0,31402.13833358038,-3.3515998878694404
3719,True,"A3,B2,C3,D1,E1,F2",True,0.0,1493042.7158520059,-11.067779783463024
3720,True,"A3,B2,C3,D1,E1,F2",True,0.0,778880.7300946859,-9.278602378981333
3721,True,"A3,B2,C3,D2,E1,F3",False,2.0,70381.64811409873,-4.417113417102726
3722,True,"A3,B2,C3,D1,E1,F2",True,0.0,381127.5679782401,-10.11826027966913
3723,True,"A3,B2,C3,D1,E1,F2",True,0.0,1167137.2978166193,-11.148725339545074
3724,True,"A4,B2,C3,D2,E3,F1",False,4.0,887195.1274086268,-11.618726291166716
3725,True,"A3,B2,C3,D1,E1,F1",False,1.0,17315.345334813897,-2.687155632039264
3726,True,"A3,B2,C3,D2,E1,F2",False,1.0,3399810.4571235497,-14.410638207779044
3727,True,"A3,B2,C3,D1,E1,F1",False,1.0,36772.03214134711,-5.485517979868632
3728,True,"A3,B2,C3,D1,E1,F2",True,0.0,1272211.3792703487,-12.111145052605899
3729,True,"A4,B2,C3,D2,E2,F1",False,4.0,21308.683092833122,-4.0356323615285135
3730,True,"A3,B2,C3,D1,E1,F2",True,0.0,3018774.993404882,-14.58592908891719
3731,True,"A3,B2,C3,D1,E1,F2",True,0.0,302218.16291791986,-6.834627254029186
3732,True,"A3,B2,C3,D1,E1,F1",False,1.0,106162.05852988998,-6.640616887559858
3733,True,"A3,B2,C3,D1,E1,F2",True,0.0,2054852.5603096276,-12.395586277960263
3734,True,"A4,B2,C3,D2,E3,F1",False,4.0,14711.500350569897,-2.975432753333976
3735,True,"A3,B2,C3,D1,E1,F2",True,0.0,192308.67512209123,-6.951261345557356
3736,True,"A4,B2,C3,D2,E3,F2",False,3.0,257899.83762920534,-9.338088088640248
3737,True,"A4,B2,C3,D2,E3,F1",False,4.0,38706.48403522133,-5.017519550938047
3738,True,"A3,B2,C3,D2,E1,F3",False,2.0,538472.9537083107,-7.782041093155698
3739,True,"A3,B2,C3,D1,E1,F2",True,0.0,494619.1622288582,-8.935362806518569
3740,True,"A3,B2,C3,D1,E1,F2",True,0.0,1006479.289566467,-10.686843828249309
3741,True,"A3,B2,C3,D1,E1,F2",True,0.0,763086.8190483452,-9.606900459918222
3742,True,"A3,B2,C3,D1,E1,F1",False,1.0,3211941.4415861676,-16.194406739335385
3743,True,"A4,B2,C3,D2,E3,F2",False,3.0,581022.7146300104,-9.878017490772024
3744,True,"A3,B2,C3,D2,E1,F3",False,2.0,213903.8636487024,-7.402141974024033
3745,True,"A3,B2,C3,D1,E1,F2",True,0.0,74257.76782976964,-4.026704391603417
3746,True,"A4,B2,C3,D2,E3,F2",False,3.0,1842865.8926582513,-13.187785034691572
3747,True,"A3,B2,C3,D2,E1,F2",False,1.0,1313568.2904859267,-11.246317155531358
3748,True,"A3,B2,C3,D1,E1,F2",True,0.0,989267.7269706131,-11.120550402072453
3749,True,"A3,B2,C3,D1,E1,F1",False,1.0,14666.838097674043,-4.251237348130346
3750,True,"A3,B2,C3,D1,E1,F2",True,0.0,76276.23362575319,-4.758840274397812
3751,True,"A3,B2,C3,D1,E1,F2",True,0.0,148876.68238023866,-5.238380339642745
3752,True,"A3,B2,C3,D1,E1,F1",False,1.0,498675.5744418739,-9.040382149504183
3753,True,"A3,B2,C3,D2,E1,F3",False,2.0,59849.29580732168,-4.524189346928225
3754,True,"A3,B2,C3,D2,E1,F3",False,2.0,1623502.836221515,-12.26849933367017
3755,True,"A4,B2,C3,D2,E3,F2",False,3.0,200040.9131710614,-6.474816037339664
3756,True,"A3,B2,C3,D1,E1,F2",True,0.0,90712.76135237236,-4.856135904861915
3757,True,"A3,B2,C3,D1,E1,F2",True,0.0,1147619.9125942055,-10.568209680902541
3758,True,"A4,B2,C3,D2,E3,F2",False,3.0,2432779.7367986566,-14.301930157637017
3759,True,"A3,B2,C3,D1,E1,F2",True,0.0,492408.0610128408,-8.035787188500152
3760,True,"A3,B2,C3,D2,E1,F2",False,1.0,809900.6567605631,-9.904777703409906
3761,True,"A3,B2,C3,D1,E1,F2",True,0.0,1791865.705110108,-11.872723135208936
3762,True,"A3,B2,C3,D1,E1,F2",True,0.0,251244.72721684704,-6.516606689676948
3763,True,"A4,B2,C3,D2,E3,F2",False,3.0,88910.96839642091,-6.038174552531444
3764,True,"A4,B2,C3,D2,E3,F2",False,3.0,1524893.162834882,-12.837612010901566
3765,True,"A3,B2,C3,D2,E1,F3",False,2.0,973422.9686705814,-10.890163824455833
3766,True,"A4,B2,C3,D2,E3,F2",False,3.0,39259.70585729211,-4.947580348534757
3767,True,"A3,B2,C3,D2,E1,F3",False,2.0,15211.664816595876,-2.1808650262422304
3768,True,"A3,B2,C3,D1,E1,F2",True,0.0,683260.7477679283,-9.190252707167303
3769,True,"A3,B2,C3,D1,E1,F2",True,0.0,37526.789184711975,-3.0873803454503417
3770,True,"A4,B2,C3,D2,E3,F2",False,3.0,299667.0364849674,-9.24322273316271
3771,True,"A3,B2,C3,D1,E1,F2",True,0.0,1919918.9065185993,-13.756499890013067
3772,True,"A3,B2,C3,D2,E1,F3",False,2.0,81725.4099211321,-6.3489948519154495
3773,True,"A3,B2,C3,D1,E1,F1",False,1.0,115105.12659186865,-6.129299515437324
3774,True,"A3,B2,C3,D1,E1,F2",True,0.0,44074.14373715406,-5.0911519778770895
3775,True,"A3,B2,C3,D2,E1,F3",False,2.0,948847.6013690559,-11.243489444742629
3776,True,"A3,B2,C3,D2,E1,F3",False,2.0,607804.919308774,-8.960336152096758
3777,True,"A3,B2,C3,D1,E1,F2",True,0.0,1832077.1423546642,-11.790726575879276
3778,True,"A3,B2,C3,D1,E1,F2",True,0.0,481098.9755211213,-8.863949073055423
3779,True,"A3,B2,C3,D1,E1,F2",True,0.0,27162.01175487704,-4.720283842777192
3780,True,"A3,B2,C3,D2,E1,F1",False,2.0,363971.09288397396,-8.389728801872238
3781,True,"A4,B2,C3,D2,E3,F1",False,4.0,13327.287792495792,-2.796616906563216
3782,True,"A3,B2,C3,D1,E1,F1",False,1.0,394901.2156890285,-8.06037633636555
3783,True,"A4,B2,C3,D2,E3,F1",False,4.0,34464.76472608584,-5.086362161022251
3784,True,"A4,B2,C3,D2,E3,F2",False,3.0,3382652.0728995353,-15.33701500000025
3785,True,"A4,B2,C3,D2,E3,F2",False,3.0,549618.2983675916,-9.4972369390172
3786,True,"A3,B2,C3,D2,E1,F3",False,2.0,2710500.082414927,-15.463381635214475
3787,True,"A4,B2,C3,D2,E2,F1",False,4.0,103663.31490885747,-6.1944954112697985
3788,True,"A3,B2,C3,D1,E1,F2",True,0.0,92657.63753787655,-5.963972140017717
3789,True,"A3,B2,C3,D2,E1,F3",False,2.0,994130.9568269892,-10.31237709761244
3790,True,"A3,B2,C3,D2,E1,F2",False,1.0,1617224.238642897,-12.485676283294083
3791,True,"A4,B2,C3,D2,E3,F2",False,3.0,149346.79242144022,-6.344658322240036
3792,True,"A4,B2,C3,D2,E2,F1",False,4.0,239347.41038880261,-8.537486118382176
3793,True,"A4,B2,C3,D2,E2,F1",False,4.0,406781.7005916216,-9.559380126743505
3794,True,"A4,B2,C3,D2,E3,F1",False,4.0,28432.247979046926,-4.3442988984841975
3795,True,"A4,B2,C3,D2,E3,F1",False,4.0,434121.65299274516,-9.31227200014493
3796,True,"A3,B2,C3,D2,E1,F2",False,1.0,2380175.8056156216,-12.113607531496967
3797,True,"A4,B2,C3,D2,E3,F2",False,3.0,99346.6594314131,-5.231395512636567
3798,True,"A3,B2,C3,D2,E1,F1",False,2.0,144423.33842805435,-5.916226767777246
3799,True,"A3,B2,C3,D1,E1,F2",True,0.0,1599874.986921539,-13.053488918034176
3800,True,"A3,B2,C3,D2,E1,F3",False,2.0,153381.6464076831,-7.265259855780769
3801,True,"A4,B2,C3,D2,E2,F1",False,4.0,89548.05907016687,-6.084879526128276
3802,True,"A3,B2,C3,D2,E1,F1",False,2.0,1247170.9796906293,-11.195362258901689
3803,True,"A3,B2,C3,D2,E1,F3",False,2.0,29348.70140224347,-4.3238854943228375
3804,True,"A3,B2,C3,D1,E1,F2",True,0.0,611876.4077627806,-8.35751121923633
3805,True,"A3,B2,C3,D1,E1,F1",False,1.0,1061031.6873550431,-11.107282062201207
3806,True,"A3,B2,C3,D1,E1,F1",False,1.0,90218.87860702898,-5.730357192363414
3807,True,"A4,B2,C3,D2,E3,F2",False,3.0,2013956.381110399,-15.047094304644432
3808,True,"A4,B2,C3,D2,E2,F1",False,4.0,221148.1511688789,-7.8001496326690045
3809,True,"A3,B2,C3,D2,E1,F2",False,1.0,1304096.8603557067,-10.921700250918377
3810,True,"A4,B2,C3,D2,E3,F2",False,3.0,245208.73385871647,-6.321809234403474
3811,True,"A3,B2,C3,D1,E1,F2",True,0.0,971994.774992102,-10.164824895045307
3812,True,"A4,B2,C3,D2,E3,F2",False,3.0,3548034.2887755404,-14.691571714860117
3813,True,"A4,B2,C3,D2,E3,F2",False,3.0,12927.228306126202,-2.259131978530732
3814,True,"A4,B2,C3,D2,E3,F1",False,4.0,1242884.221683437,-14.005532734005087
3815,True,"A3,B2,C3,D1,E1,F2",True,0.0,12443.987064316188,-2.931271148711616
3816,True,"A3,B2,C3,D1,E1,F2",True,0.0,1261093.1977089045,-11.180634498463249
3817,True,"A3,B2,C3,D2,E1,F1",False,2.0,1753520.1266094407,-13.162683186636585
3818,True,"A3,B2,C3,D1,E1,F2",True,0.0,83845.94904060026,-4.299801064945527
3819,True,"A3,B2,C3,D1,E1,F1",False,1.0,165392.30717422103,-8.182718984459143
3820,True,"A4,B2,C3,D2,E3,F2",False,3.0,2269930.1984466244,-14.756521728330654
3821,True,"A4,B2,C3,D2,E3,F2",False,3.0,4115241.627103562,-14.937034574313564
3822,True,"A4,B2,C3,D2,E3,F2",False,3.0,1073690.2414854502,-12.42220376439596
3823,True,"A4,B2,C3,D2,E3,F1",False,4.0,16500.89517005822,-4.111636014588896
3824,True,"A4,B2,C3,D2,E3,F2",False,3.0,1652206.3930488145,-12.15652517992757
3825,True,"A3,B2,C3,D2,E1,F2",False,1.0,2996914.327753285,-14.171479262571012
3826,True,"A3,B2,C3,D1,E1,F2",True,0.0,20327.485222826937,-4.497953273001329
3827,True,"A3,B2,C3,D1,E1,F2",True,0.0,1661197.4632231565,-12.442619298850381
3828,True,"A3,B2,C3,D1,E1,F2",True,0.0,35076.31954027126,-3.2560504105674113
3829,True,"A3,B2,C3,D2,E1,F2",False,1.0,2138569.014267315,-12.247765309875604
3830,True,"A3,B2,C3,D1,E1,F2",True,0.0,595436.7761919062,-9.336136870271005
3831,True,"A3,B2,C3,D2,E1,F3",False,2.0,762122.8225865365,-10.53615449877222
3832,True,"A4,B2,C3,D2,E3,F2",False,3.0,68910.23714237912,-5.944045251710406
3833,True,"A3,B2,C3,D1,E1,F2",True,0.0,146831.63557066524,-6.801506014313787
3834,True,"A3,B2,C3,D2,E1,F1",False,2.0,2950773.69540568,-14.433476595508196
3835,True,"A4,B2,C3,D2,E3,F2",False,3.0,332753.5412057749,-10.019252204689138
3836,True,"A3,B2,C3,D2,E1,F3",False,2.0,818991.4688463445,-9.398064441773428
3837,True,"A3,B2,C3,D1,E1,F2",True,0.0,73367.46225504036,-2.839117770303389
3838,True,"A3,B2,C3,D2,E1,F1",False,2.0,145853.81216014916,-5.960802763426784
3839,True,"A3,B2,C3,D1,E1,F2",True,0.0,2603253.4334589834,-13.685673969827718
3840,True,"A3,B2,C3,D2,E1,F3",False,2.0,28706.391936277607,-4.113759528884117
3841,True,"A3,B2,C3,D1,E1,F2",True,0.0,183583.8713134185,-6.970987109848096
3842,True,"A4,B2,C3,D2,E2,F2",False,3.0,4259216.235829634,-16.56172611924824
3843,True,"A3,B2,C3,D2,E1,F1",False,2.0,488800.20875763835,-8.461945169761677
3844,True,"A3,B2,C3,D2,E1,F2",False,1.0,1742077.2682099382,-13.375061172601825
3845,True,"A4,B2,C3,D2,E3,F2",False,3.0,1458108.351816626,-13.12356620823504
3846,True,"A4,B2,C3,D2,E2,F1",False,4.0,1944802.5517978421,-13.415379059006312
3847,True,"A4,B2,C3,D2,E3,F2",False,3.0,716696.2159592905,-10.939292575462915
3848,True,"A3,B2,C3,D2,E1,F3",False,2.0,2389158.6357676373,-14.85117707694831
3849,True,"A4,B2,C3,D2,E3,F2",False,3.0,1303156.9336706705,-11.747758308683387
3850,True,"A4,B2,C3,D2,E3,F1",False,4.0,15811.344310927383,-4.778837050887489
3851,True,"A3,B2,C3,D2,E1,F2",False,1.0,3921859.249386141,-15.252368169347939
3852,True,"A4,B2,C3,D2,E3,F2",False,3.0,348321.16627241333,-7.66218553067155
3853,True,"A4,B2,C3,D2,E2,F1",False,4.0,211133.18855966264,-7.206988066858372
3854,True,"A4,B2,C3,D2,E3,F1",False,4.0,8736.5206723547,-3.2338317046589964
3855,True,"A3,B2,C3,D1,E1,F2",True,0.0,3259851.900662859,-15.786910528547125
3856,True,"A3,B2,C3,D2,E1,F1",False,2.0,2330187.838555573,-13.296584603237044
3857,True,"A4,B2,C3,D2,E3,F2",False,3.0,2343193.6238271096,-14.320459283944139
3858,True,"A4,B2,C3,D2,E3,F2",False,3.0,61000.8260902029,-6.162661576485476
3859,True,"A3,B2,C3,D2,E1,F2",False,1.0,1187949.8099283092,-10.455079341033176
3860,True,"A3,B2,C3,D2,E1,F2",False,1.0,3369725.716043829,-13.973360452685874
3861,True,"A3,B2,C3,D2,E1,F2",False,1.0,1526549.2897785269,-11.80026204579864
3862,True,"A3,B2,C3,D2,E1,F3",False,2.0,106221.72634320149,-6.538833178926453
3863,True,"A3,B2,C3,D2,E1,F1",False,2.0,2922469.091722772,-13.100340864854616
3864,True,"A3,B2,C3,D2,E1,F3",False,2.0,413459.144727019,-7.7335055556279
3865,True,"A3,B2,C3,D2,E1,F3",False,2.0,582095.8361317707,-9.451043677715269
3866,True,"A3,B2,C3,D2,E1,F3",False,2.0,692124.6296814585,-10.461110670549765
3867,True,"A4,B2,C3,D2,E2,F1",False,4.0,105248.84933881667,-6.584635043632204
3868,True,"A3,B2,C3,D2,E1,F2",False,1.0,539955.0359131482,-9.082247656075523
3869,True,"A3,B2,C3,D2,E1,F2",False,1.0,2473552.0220396263,-13.446731913678057
3870,True,"A3,B2,C3,D2,E1,F2",False,1.0,1536289.866381095,-10.713805177416845
3871,True,"A3,B2,C3,D2,E1,F3",False,2.0,59055.13678638743,-5.555228942825465
3872,True,"A3,B2,C3,D2,E1,F2",False,1.0,2600301.8005183055,-15.353722149098758
3873,True,"A4,B2,C3,D2,E3,F2",False,3.0,3458311.457833926,-16.70567551696835
3874,True,"A4,B2,C3,D2,E3,F1",False,4.0,45988.8008437136,-5.217183033350054
3875,True,"A3,B2,C3,D2,E1,F2",False,1.0,2708456.975382137,-15.001904872092702
3876,True,"A3,B2,C3,D1,E1,F2",True,0.0,174973.7080606712,-7.797449620206137
3877,True,"A4,B2,C3,D2,E3,F2",False,3.0,896967.8232744419,-12.23408486990136
3878,True,"A4,B2,C3,D2,E3,F2",False,3.0,785202.796077426,-10.890020241507926
3879,True,"A3,B2,C3,D2,E1,F1",False,2.0,697745.2767764743,-8.627206018021624
3880,True,"A3,B2,C3,D1,E1,F2",True,0.0,68091.3652640159,-5.327618600073649
3881,True,"A4,B2,C3,D2,E2,F1",False,4.0,157602.04848044197,-6.864044504755739
3882,True,"A4,B2,C3,D2,E3,F1",False,4.0,35297.08734098672,-3.892919391368636
3883,True,"A3,B2,C3,D2,E1,F3",False,2.0,512930.8563509725,-9.66647959994495
3884,True,"A4,B2,C3,D2,E3,F2",False,3.0,366361.9144817848,-9.16849031859212
3885,True,"A3,B2,C3,D1,E1,F2",True,0.0,533809.2830178819,-8.04176919478705
3886,True,"A4,B2,C3,D2,E3,F2",False,3.0,1118761.2797735867,-11.069576558059651
3887,True,"A4,B2,C3,D2,E3,F2",False,3.0,20255.1806625346,-3.400525936007412
3888,True,"A3,B2,C3,D2,E1,F3",False,2.0,3789563.523928831,-16.03665832516944
3889,True,"A3,B2,C3,D2,E1,F1",False,2.0,2405080.9979973077,-13.971607887887146
3890,True,"A3,B2,C3,D1,E1,F2",True,0.0,11952.515911632689,-3.9356650795145356
3891,True,"A3,B2,C3,D1,E1,F2",True,0.0,1259040.9228425792,-11.36780030064704
3892,True,"A3,B2,C3,D2,E1,F2",False,1.0,2845656.0767003912,-13.720304689928383
3893,True,"A3,B2,C3,D2,E1,F3",False,2.0,85120.18455491691,-5.645488611687043
3894,True,"A3,B2,C3,D2,E1,F3",False,2.0,71559.70021079823,-4.215101710073
3895,True,"A3,B2,C3,D2,E1,F1",False,2.0,469014.92432835954,-8.266323654208762
3896,True,"A4,B2,C3,D2,E3,F2",False,3.0,177900.86921999083,-5.729284079342634
3897,True,"A4,B2,C3,D2,E3,F2",False,3.0,2387426.3498109365,-13.02237242383832
3898,True,"A3,B2,C3,D1,E1,F2",True,0.0,703194.0078087993,-10.477631942305479
3899,True,"A3,B2,C3,D2,E1,F1",False,2.0,21936.56060882312,-4.55619391589768
3900,True,"A3,B2,C3,D1,E1,F2",True,0.0,957305.272919487,-11.700938930279982
3901,True,"A3,B2,C3,D1,E1,F2",True,0.0,288493.97323787695,-6.4857363469252505
3902,True,"A4,B2,C3,D2,E2,F1",False,4.0,312011.25704970415,-9.329057721296408
3903,True,"A4,B2,C3,D2,E3,F2",False,3.0,999265.280427864,-11.146954899064035
3904,True,"A3,B2,C3,D2,E1,F3",False,2.0,896986.8064304616,-11.396859799729995
3905,True,"A4,B2,C3,D2,E3,F1",False,4.0,37342.25143544376,-3.8313622319352305
3906,True,"A3,B2,C3,D2,E1,F1",False,2.0,2699050.5783844977,-15.658743810797532
3907,True,"A3,B2,C3,D2,E1,F3",False,2.0,171989.28330227753,-5.605829443904739
3908,True,"A3,B2,C3,D1,E1,F2",True,0.0,619852.0002101973,-9.862726776738342
3909,True,"A3,B2,C3,D1,E1,F2",True,0.0,173651.42765402017,-7.157135475862461
3910,True,"A3,B2,C3,D1,E1,F2",True,0.0,702457.4143828365,-9.273011414691254
3911,True,"A4,B2,C3,D2,E3,F1",False,4.0,1332147.769702865,-14.36798484611117
3912,True,"A4,B2,C3,D2,E2,F1",False,4.0,479926.8338730236,-9.748657446076976
3913,True,"A4,B2,C3,D2,E3,F1",False,4.0,1115863.1407846145,-13.491252018663957
3914,True,"A3,B2,C3,D2,E1,F2",False,1.0,2674832.577423056,-14.408344548868158
3915,True,"A3,B2,C3,D2,E1,F3",False,2.0,789171.8087065874,-9.464658041097373
3916,True,"A3,B2,C3,D1,E1,F2",True,0.0,851967.150435747,-11.076011395411342
3917,True,"A4,B2,C3,D2,E3,F2",False,3.0,1960238.5195250532,-15.500834970854541
3918,True,"A4,B2,C3,D2,E3,F1",False,4.0,100627.31811214125,-5.618201345387874
3919,True,"A3,B2,C3,D1,E1,F2",True,0.0,76404.05229661167,-4.327350372547997
3920,True,"A4,B2,C3,D2,E3,F1",False,4.0,18339.304410499142,-3.693868550209075
3921,True,"A3,B2,C3,D2,E1,F3",False,2.0,331568.46866493265,-8.166813830055418
3922,True,"A3,B2,C3,D1,E1,F2",True,0.0,492988.32140138524,-8.099463445643366
3923,True,"A3,B2,C3,D2,E1,F1",False,2.0,667702.6470478214,-10.60665423714073
3924,True,"A3,B2,C3,D2,E1,F3",False,2.0,805124.8817050575,-10.046767348113924
3925,True,"A3,B2,C3,D2,E1,F2",False,1.0,3058859.964639424,-14.400094827028312
3926,True,"A4,B2,C3,D2,E3,F2",False,3.0,302332.7758949789,-8.965005928082121
3927,True,"A3,B2,C3,D1,E1,F2",True,0.0,239670.33188683738,-6.582838576775586
3928,True,"A3,B2,C3,D1,E1,F2",True,0.0,325361.6946700681,-8.981255663787891
3929,True,"A3,B2,C3,D1,E1,F2",True,0.0,892589.9879636209,-10.588233177427341
3930,True,"A3,B2,C3,D1,E1,F2",True,0.0,8967.515616400788,-1.8220120421025001
3931,True,"A3,B2,C3,D2,E1,F2",False,1.0,606271.415165745,-8.728842499569367
3932,True,"A3,B2,C3,D2,E1,F3",False,2.0,10084.940992121949,-1.9135284422760321
3933,True,"A3,B2,C3,D1,E1,F2",True,0.0,135926.72330993667,-5.3229028877391755
3934,True,"A3,B2,C3,D1,E1,F2",True,0.0,166968.56804258534,-6.810657306323904
3935,True,"A3,B2,C3,D2,E1,F2",False,1.0,4005469.2081134515,-13.920923147777437
3936,True,"A3,B2,C3,D2,E1,F2",False,1.0,1588203.553938984,-11.4031325625675
3937,True,"A3,B2,C3,D1,E1,F2",True,0.0,1444321.2813869172,-13.118848661838022
3938,True,"A4,B2,C3,D2,E3,F2",False,3.0,2623311.3157590074,-13.317716490650618
3939,True,"A3,B2,C3,D1,E1,F2",True,0.0,77320.01083282904,-4.2691405275085685
3940,True,"A4,B2,C3,D2,E2,F1",False,4.0,17274.406969187137,-3.8929681280526154
3941,True,"A3,B2,C3,D1,E1,F2",True,0.0,26429.461044333704,-2.8994408861671133
3942,True,"A4,B2,C3,D2,E2,F1",False,4.0,898235.2272322944,-11.320253719546429
3943,True,"A3,B2,C3,D1,E1,F2",True,0.0,736468.6570134208,-9.472208978742096
3944,True,"A3,B2,C3,D2,E1,F3",False,2.0,1897390.5742230976,-13.133440934906119
3945,True,"A4,B2,C3,D2,E3,F1",False,4.0,7917.756663377425,-3.9982889963536934
3946,True,"A4,B2,C3,D2,E2,F1",False,4.0,175606.57308402,-8.316402878675774
3947,True,"A3,B2,C3,D1,E1,F2",True,0.0,944745.9056618306,-11.877407394092522
3948,True,"A4,B2,C3,D2,E2,F1",False,4.0,92962.68831524505,-6.6544005745646615
3949,True,"A4,B2,C3,D2,E3,F2",False,3.0,679506.7426074307,-8.844405512827521
3950,True,"A4,B2,C3,D2,E3,F2",False,3.0,1996410.6594176823,-14.05584904549913
3951,True,"A3,B2,C3,D2,E1,F2",False,1.0,1896051.3836928525,-12.98453093238576
3952,True,"A3,B2,C3,D2,E1,F3",False,2.0,33058.88775548992,-4.6999352489535084
3953,True,"A3,B2,C3,D2,E1,F3",False,2.0,31480.28295868134,-3.149592787929521
3954,True,"A3,B2,C3,D1,E1,F2",True,0.0,625657.3192143632,-9.771120924990733
3955,True,"A3,B2,C3,D1,E1,F2",True,0.0,3753123.4932153774,-13.118372988904191
3956,True,"A4,B2,C3,D2,E2,F1",False,4.0,153933.79067217105,-7.834971438188376
3957,True,"A3,B2,C3,D1,E1,F2",True,0.0,1234722.40465215,-12.277014175450134
3958,True,"A4,B2,C3,D2,E2,F1",False,4.0,544437.7513532834,-9.885580625188098
3959,True,"A3,B2,C3,D1,E1,F2",True,0.0,219018.76661946214,-6.875750993543562
3960,True,"A3,B2,C3,D2,E1,F3",False,2.0,511308.0353220184,-9.100612940560183
3961,True,"A4,B2,C3,D2,E2,F1",False,4.0,35497.12092962572,-4.524848708980471
3962,True,"A4,B2,C3,D2,E3,F2",False,3.0,1526917.678502169,-11.935549095132927
3963,True,"A3,B2,C3,D2,E1,F3",False,2.0,730495.1185140955,-9.709861197099343
3964,True,"A4,B2,C3,D2,E3,F2",False,3.0,603140.1047355107,-10.539772319719646
3965,True,"A4,B2,C3,D2,E1,F2",False,2.0,2583577.350242046,-15.31347406499939
3966,True,"A4,B2,C3,D2,E3,F2",False,3.0,1265962.6945032983,-11.711163840515141
3967,True,"A4,B2,C3,D2,E3,F1",False,4.0,12031.2264243629,-3.2207052540015724
3968,True,"A3,B2,C3,D1,E1,F1",False,1.0,38880.985844703675,-4.975028247848954
3969,True,"A4,B2,C3,D2,E3,F2",False,3.0,2819133.1309358072,-16.178004226545454
3970,True,"A3,B2,C3,D2,E1,F3",False,2.0,401838.9346630193,-7.550236526347206
3971,True,"A4,B2,C3,D2,E2,F1",False,4.0,146688.3411775135,-6.125017024165189
3972,True,"A4,B2,C3,D2,E3,F2",False,3.0,28021.736089023798,-5.001526783479079
3973,True,"A3,B2,C3,D2,E1,F3",False,2.0,76633.27180133408,-4.006358763822931
3974,True,"A4,B2,C3,D2,E3,F2",False,3.0,1268541.3623741467,-11.303311482655303
3975,True,"A3,B2,C3,D2,E1,F3",False,2.0,755307.6941808444,-10.035408055078214
3976,True,"A4,B2,C3,D2,E3,F2",False,3.0,380869.4281902429,-7.371458060218117
3977,True,"A4,B2,C3,D2,E2,F1",False,4.0,3924940.3256257274,-16.393271392775766
3978,True,"A3,B2,C3,D1,E1,F2",True,0.0,3068583.752645554,-13.698896219230228
3979,True,"A3,B2,C3,D1,E1,F1",False,1.0,30395.813726029406,-3.7708892360171546
3980,True,"A4,B2,C3,D2,E3,F1",False,4.0,663415.2069098662,-10.51944255255458
3981,True,"A3,B2,C3,D1,E1,F2",True,0.0,629284.2713880971,-9.303816973770978
3982,True,"A3,B2,C3,D2,E1,F2",False,1.0,3687723.6034428636,-15.202617650192956
3983,True,"A3,B2,C3,D1,E1,F2",True,0.0,232560.337851677,-8.00467386101306
3984,True,"A3,B2,C3,D1,E1,F1",False,1.0,13848.089831898267,-2.9462834654926553
3985,True,"A4,B2,C3,D2,E3,F2",False,3.0,595817.1137119076,-10.567378961049258
3986,True,"A3,B2,C3,D2,E1,F3",False,2.0,113753.51882414863,-5.178218190124198
3987,True,"A3,B2,C3,D1,E1,F2",True,0.0,38745.83677389354,-3.082766918668341
3988,True,"A4,B2,C3,D2,E2,F1",False,4.0,1430517.79737074,-13.233210191406684
3989,True,"A3,B2,C3,D2,E1,F3",False,2.0,174050.86447990788,-5.4613779525094515
3990,True,"A3,B2,C3,D2,E1,F2",False,1.0,3327625.771531987,-13.94842912234801
3991,True,"A3,B2,C3,D1,E1,F2",True,0.0,777294.8123114868,-9.063174451812046
3992,True,"A4,B2,C3,D2,E3,F1",False,4.0,153417.64517004055,-5.4974097251636636
3993,True,"A3,B2,C3,D1,E1,F2",True,0.0,883008.2757467678,-10.706790734819194
3994,True,"A4,B2,C3,D2,E3,F2",False,3.0,163392.2915253438,-7.513145522040276
3995,True,"A3,B2,C3,D2,E1,F2",False,1.0,3238315.193633832,-15.56538444465108
3996,True,"A3,B2,C3,D1,E1,F2",True,0.0,139907.41788652993,-6.552690444486956
3997,True,"A4,B2,C3,D2,E2,F1",False,4.0,61053.16118965352,-4.478120259758782
3998,True,"A3,B2,C3,D1,E1,F2",True,0.0,156226.12484599501,-6.687401711024833
3999,True,"A3,B2,C3,D1,E1,F2",True,0.0,189391.98036779978,-8.350207737624586
4000,True,"A4,B2,C3,D2,E3,F1",False,4.0,67820.06915708672,-6.727151998250804
4001,True,"A3,B2,C3,D2,E1,F2",False,1.0,3685007.864481932,-13.594165111302537
4002,True,"A3,B2,C3,D2,E1,F3",False,2.0,163396.69838392705,-7.3477407368915095
4003,True,"A3,B2,C3,D2,E1,F1",False,2.0,958204.5725371734,-12.138782986047488
4004,True,"A3,B2,C3,D2,E1,F2",False,1.0,1301380.1754156286,-11.474674687309673
4005,True,"A3,B2,C3,D2,E1,F2",False,1.0,2699744.363075954,-13.6211662361695
4006,True,"A3,B2,C3,D2,E1,F3",False,2.0,1914609.8966793327,-13.214528620768768
4007,True,"A3,B2,C3,D1,E1,F2",True,0.0,87072.61548399176,-5.329853619064167
4008,True,"A3,B2,C3,D1,E1,F2",True,0.0,854370.4634521178,-10.257644590025343
4009,True,"A3,B2,C3,D1,E1,F2",True,0.0,1410446.268950518,-10.7458262034488
4010,True,"A3,B2,C3,D2,E1,F2",False,1.0,1317532.4851139672,-10.789428716208697
4011,True,"A3,B2,C3,D1,E1,F2",True,0.0,1804461.042448,-13.071131638425953
4012,True,"A4,B2,C3,D2,E3,F1",False,4.0,119769.49995689328,-6.9777308807775285
4013,True,"A3,B2,C3,D1,E1,F2",True,0.0,681296.0561470597,-9.209116396454789
4014,True,"A3,B2,C3,D2,E1,F3",False,2.0,2764595.996125853,-12.919893744194923
4015,True,"A3,B2,C3,D2,E1,F1",False,2.0,283229.9503552894,-7.182766293147367
4016,True,"A3,B2,C3,D2,E1,F3",False,2.0,340187.87929601036,-8.271845560855851
4017,True,"A3,B2,C3,D2,E1,F1",False,2.0,136053.3296359892,-8.024751085120542
4018,True,"A3,B2,C3,D2,E1,F1",False,2.0,3214892.297380284,-16.742218723281532
4019,True,"A3,B2,C3,D1,E1,F1",False,1.0,304510.95015950996,-8.609309522402057
4020,True,"A4,B2,C3,D2,E3,F2",False,3.0,2040972.4538382043,-15.377143961662888
4021,True,"A3,B2,C3,D2,E1,F1",False,2.0,912242.5536372452,-11.281525940200687
4022,True,"A3,B2,C3,D1,E1,F2",True,0.0,52554.66160568814,-4.771484618269042
4023,True,"A3,B2,C3,D2,E1,F2",False,1.0,2280173.2927464657,-12.197418762010642
4024,True,"A3,B2,C3,D2,E1,F2",False,1.0,1141096.829092287,-10.821894901787772
4025,True,"A3,B2,C3,D2,E1,F2",False,1.0,2654078.649915836,-13.876936411142964
4026,True,"A3,B2,C3,D1,E1,F2",True,0.0,486173.0605629354,-8.24528271245211
4027,True,"A3,B2,C3,D1,E1,F2",True,0.0,343158.9990902476,-7.330377334579126
4028,True,"A4,B2,C3,D2,E3,F2",False,3.0,107228.87573105376,-6.610938073264492
4029,True,"A3,B2,C3,D2,E1,F2",False,1.0,1674780.8475023152,-12.631460518435787
4030,True,"A3,B2,C3,D1,E1,F2",True,0.0,462658.577401537,-8.471078805823296
4031,True,"A3,B2,C3,D2,E1,F3",False,2.0,1050801.2724361212,-11.419115391514431
4032,True,"A3,B2,C3,D2,E1,F2",False,1.0,1458457.6758876203,-12.481275218890623
4033,True,"A3,B2,C3,D1,E1,F1",False,1.0,30633.4458189097,-4.607737710013581
4034,True,"A3,B2,C3,D2,E1,F1",False,2.0,1251644.5078482917,-11.83022079902964
4035,True,"A4,B2,C3,D2,E3,F1",False,4.0,574741.7008363459,-11.305159579271134
4036,True,"A3,B2,C3,D2,E1,F3",False,2.0,219054.64019302747,-6.0409664105861225
4037,True,"A3,B2,C3,D1,E1,F1",False,1.0,9391.967294898648,-3.872919282240588
4038,True,"A4,B2,C3,D2,E3,F2",False,3.0,1999950.8284352368,-13.252178710818313
4039,True,"A3,B2,C3,D2,E1,F2",False,1.0,1809839.238514274,-13.282613449757186
4040,True,"A4,B2,C3,D2,E3,F2",False,3.0,501876.67689725285,-10.045867608839075
4041,True,"A3,B2,C3,D2,E1,F3",False,2.0,119303.96639468975,-6.422900020097757
4042,True,"A3,B2,C3,D2,E3,F3",False,3.0,1498517.551890789,-13.13660202020305
4043,True,"A3,B2,C3,D1,E1,F1",False,1.0,35449.27425954344,-4.983700255065884
4044,True,"A3,B2,C3,D2,E1,F2",False,1.0,1548998.0234175671,-11.794168667503556
4045,True,"A3,B2,C3,D2,E1,F3",False,2.0,546861.571187306,-8.285607421500487
4046,True,"A4,B2,C3,D2,E2,F1",False,4.0,1773961.3706065426,-13.227613790020186
4047,True,"A3,B2,C3,D2,E1,F1",False,2.0,578791.5606416796,-8.822674909955197
4048,True,"A3,B2,C3,D2,E1,F1",False,2.0,2788301.410946607,-14.436365127873778
4049,True,"A3,B2,C3,D1,E1,F2",True,0.0,96250.88295502684,-5.428039372680317
4050,True,"A4,B2,C3,D2,E3,F2",False,3.0,269507.00575522013,-8.018220433205812
4051,True,"A3,B2,C3,D1,E1,F2",True,0.0,173253.79547823383,-5.850078505277196
4052,True,"A3,B2,C3,D1,E1,F2",True,0.0,105080.00814040468,-5.81279992920372
4053,True,"A3,B2,C3,D1,E1,F2",True,0.0,531838.7435155738,-9.668986052916068
4054,True,"A3,B2,C3,D2,E1,F3",False,2.0,162993.93778775897,-5.656848366196243
4055,True,"A4,B2,C3,D2,E3,F2",False,3.0,960728.3200563436,-11.602378119491163
4056,True,"A3,B2,C3,D1,E1,F2",True,0.0,100285.06738019187,-6.0529789419752404
4057,True,"A3,B2,C3,D1,E1,F1",False,1.0,64520.52447353474,-5.970490137348875
4058,True,"A3,B2,C3,D2,E1,F3",False,2.0,212292.54611248727,-7.957496634310644
4059,True,"A3,B2,C3,D1,E1,F2",True,0.0,47840.880074014,-5.033545729455099
4060,True,"A3,B2,C3,D2,E1,F3",False,2.0,168137.35151023572,-7.26140276514397
4061,True,"A4,B2,C3,D2,E2,F1",False,4.0,2370540.932635541,-14.346173831496408
4062,True,"A4,B2,C3,D2,E3,F1",False,4.0,288732.18783450744,-9.298101976987937
4063,True,"A4,B2,C3,D2,E3,F2",False,3.0,219723.41598647795,-7.657568403032954
4064,True,"A3,B2,C3,D1,E1,F2",True,0.0,121552.64877897598,-5.6647333427602575
4065,True,"A4,B2,C3,D2,E3,F1",False,4.0,13548.536949774958,-3.6369186612135564
4066,True,"A3,B2,C3,D2,E1,F2",False,1.0,790799.5065899106,-9.584257836149177
4067,True,"A3,B2,C3,D1,E1,F2",True,0.0,367453.72914565925,-9.668303899132894
4068,True,"A3,B2,C3,D2,E1,F1",False,2.0,3119802.7455274314,-15.059603149883138
4069,True,"A3,B2,C3,D2,E1,F2",False,1.0,2857218.2180709024,-15.174970025915059
4070,True,"A3,B2,C3,D1,E1,F2",True,0.0,37621.04258033462,-3.821975078452269
4071,True,"A3,B2,C3,D2,E1,F3",False,2.0,1878952.319077616,-13.272375636460694
4072,True,"A3,B2,C3,D1,E1,F1",False,1.0,11612.59404061054,-2.8789796317939533
4073,True,"A4,B2,C3,D2,E3,F2",False,3.0,221100.72503010213,-6.743431932998533
4074,True,"A3,B2,C3,D2,E1,F3",False,2.0,539727.6619049213,-9.022473099122223
4075,True,"A3,B2,C3,D2,E1,F3",False,2.0,2087001.7838221814,-15.35172418899814
4076,True,"A3,B2,C3,D1,E1,F2",True,0.0,53910.06581757686,-3.1957399887504465
4077,True,"A3,B2,C3,D2,E1,F3",False,2.0,461669.705723317,-8.641975455259399
4078,True,"A3,B2,C3,D1,E1,F1",False,1.0,39336.386892675386,-5.275421373725067
4079,True,"A3,B2,C3,D1,E1,F1",False,1.0,279799.935565264,-9.8797331099382
4080,True,"A3,B2,C3,D2,E1,F3",False,2.0,250776.4012536959,-8.79545913732889
4081,True,"A3,B2,C3,D1,E1,F2",True,0.0,216680.4376455602,-7.766077775039008
4082,True,"A4,B2,C3,D2,E2,F1",False,4.0,1611910.6860702464,-14.225964737980874
4083,True,"A3,B2,C3,D2,E1,F1",False,2.0,3685691.2711655907,-16.586808726481543
4084,True,"A3,B2,C3,D2,E1,F2",False,1.0,3265685.907750484,-13.68352649037994
4085,True,"A4,B2,C3,D2,E3,F2",False,3.0,1009616.6807963721,-11.981867972572466
4086,True,"A3,B2,C3,D2,E1,F3",False,2.0,4005926.959689627,-15.623330375062302
4087,True,"A4,B2,C3,D2,E2,F1",False,4.0,125051.76009442928,-6.635128254910427
4088,True,"A3,B2,C3,D2,E1,F3",False,2.0,1230730.110676141,-11.888379594033964
4089,True,"A3,B2,C3,D2,E1,F1",False,2.0,968567.4952790611,-10.939624756605653
4090,True,"A3,B2,C3,D1,E1,F2",True,0.0,850032.0946150426,-9.948101406323843
4091,True,"A4,B2,C3,D2,E3,F2",False,3.0,158842.79640772962,-6.600624654868582
4092,True,"A3,B2,C3,D2,E1,F1",False,2.0,223226.89983426488,-8.718040262103784
4093,True,"A3,B2,C3,D1,E1,F1",False,1.0,117779.66164169677,-7.0010402613090434
4094,True,"A3,B2,C3,D1,E1,F2",True,0.0,93584.21218084589,-5.768672581367326
4095,True,"A3,B2,C3,D2,E1,F3",False,2.0,41434.40616938887,-5.414635256818912
4096,True,"A3,B2,C3,D1,E1,F2",True,0.0,371461.00502669363,-8.813276170156925
4097,True,"A4,B2,C3,D2,E3,F2",False,3.0,1411121.0305986456,-11.154849636685903
4098,True,"A4,B2,C3,D2,E3,F2",False,3.0,2237944.0025562127,-13.970362413033087
4099,True,"A3,B2,C3,D1,E1,F2",True,0.0,2928982.5727546,-14.309323202756936
4100,True,"A3,B2,C3,D2,E1,F3",False,2.0,24469.288587565832,-5.093257485153089
4101,True,"A4,B2,C3,D2,E2,F1",False,4.0,34130.22635768262,-3.4706251779627735
4102,True,"A4,B2,C3,D2,E2,F1",False,4.0,25721.509140643473,-3.3046903211519805
4103,True,"A3,B2,C3,D1,E1,F2",True,0.0,1767553.1794619611,-12.640067290738834
4104,True,"A3,B2,C3,D1,E1,F2",True,0.0,803660.7115732481,-11.168370557854594
4105,True,"A3,B2,C3,D2,E1,F3",False,2.0,192475.03224894963,-7.11582391284216
4106,True,"A3,B2,C3,D2,E1,F1",False,2.0,1204222.460529953,-12.489900816565232
4107,True,"A3,B2,C3,D1,E1,F2",True,0.0,345342.6825775206,-10.083840025725081
4108,True,"A3,B2,C3,D1,E1,F2",True,0.0,152249.62020988736,-4.891763726510661
4109,True,"A3,B2,C3,D2,E1,F3",False,2.0,117179.88973811995,-6.521168959652115
4110,True,"A3,B2,C3,D1,E1,F2",True,0.0,174302.9942680234,-6.743679092913709
4111,True,"A3,B2,C3,D1,E1,F2",True,0.0,96137.0151236896,-4.994505653527
4112,True,"A3,B2,C3,D1,E1,F2",True,0.0,408111.98993597453,-8.234587575039654
4113,True,"A4,B2,C3,D2,E3,F2",False,3.0,1964190.656758945,-15.353717499655339
4114,True,"A3,B2,C3,D1,E1,F2",True,0.0,612739.4159043748,-10.930716421414168
4115,True,"A3,B2,C3,D2,E1,F3",False,2.0,958429.3022962754,-10.145458097961928
4116,True,"A3,B2,C3,D2,E1,F3",False,2.0,280974.8405064347,-8.846714086921736
4117,True,"A4,B2,C3,D2,E3,F2",False,3.0,3810313.1552213854,-14.971473395203994
4118,True,"A3,B2,C3,D2,E1,F1",False,2.0,502904.8196565312,-10.00375063935411
4119,True,"A3,B2,C3,D2,E1,F3",False,2.0,118352.0246227306,-6.2357851569941545
4120,True,"A3,B2,C3,D2,E1,F2",False,1.0,3888864.0746370214,-15.535811350205776
4121,True,"A4,B2,C3,D2,E3,F1",False,4.0,10380.619958032523,-3.69983422199806
4122,True,"A3,B2,C3,D2,E1,F1",False,2.0,1899368.5939202441,-13.746785935685395
4123,True,"A3,B2,C3,D1,E1,F2",True,0.0,179947.6814257447,-5.7175027841762756
4124,True,"A3,B2,C3,D1,E1,F2",True,0.0,2431859.910468398,-15.1751401423682
4125,True,"A3,B2,C3,D2,E1,F2",False,1.0,2676127.594542147,-12.265853966831799
4126,True,"A4,B2,C3,D2,E2,F1",False,4.0,693442.8485551578,-10.218724070054577
4127,True,"A3,B2,C3,D2,E1,F3",False,2.0,1077703.1282576383,-11.899407960311798
4128,True,"A3,B2,C3,D2,E1,F3",False,2.0,1974885.6675630547,-14.025654469607197
4129,True,"A4,B2,C3,D2,E3,F2",False,3.0,34341.982377483524,-5.24974827574087
4130,True,"A3,B2,C3,D1,E1,F2",True,0.0,1314332.194695018,-13.336043064879796
4131,True,"A3,B2,C3,D2,E1,F3",False,2.0,67706.89033648236,-6.491870603128092
4132,True,"A3,B2,C3,D2,E1,F3",False,2.0,1034754.3700931858,-11.884157939432207
4133,True,"A4,B2,C3,D2,E2,F1",False,4.0,1080486.9119128007,-11.731985267683598
4134,True,"A4,B2,C3,D2,E3,F2",False,3.0,3219597.708631114,-16.493496121586823
4135,True,"A3,B2,C3,D2,E1,F1",False,2.0,2090189.1330476915,-14.026249872085309
4136,True,"A3,B2,C3,D1,E1,F2",True,0.0,210372.6713585133,-6.644121317565805
4137,True,"A3,B2,C3,D2,E1,F2",False,1.0,4419243.44951309,-15.888849632109249
4138,True,"A4,B2,C3,D2,E3,F2",False,3.0,1425157.6924146467,-12.288605520549218
4139,True,"A3,B2,C3,D2,E1,F2",False,1.0,3810287.6086876374,-14.536204766453665
4140,True,"A3,B2,C3,D1,E1,F2",True,0.0,920113.7726817927,-11.239683035687833
4141,True,"A3,B2,C3,D1,E1,F2",True,0.0,1472324.6095563746,-12.100106448661897
4142,True,"A3,B2,C3,D1,E1,F2",True,0.0,50995.14838749506,-3.242996566659187
4143,True,"A4,B2,C3,D2,E3,F2",False,3.0,547304.4747235817,-11.142282029926797
4144,True,"A3,B2,C3,D2,E1,F3",False,2.0,2291088.4135911255,-13.936072672928603
4145,True,"A3,B2,C3,D1,E1,F1",False,1.0,100466.14055361084,-5.518499611801417
4146,True,"A3,B2,C3,D2,E1,F2",False,1.0,2880984.7923061615,-12.341181887690595
4147,True,"A3,B2,C3,D1,E1,F2",True,0.0,22885.471340634493,-4.392403309321125
4148,True,"A3,B2,C3,D2,E1,F2",False,1.0,4410922.279663587,-16.093265999463682
4149,True,"A3,B2,C3,D2,E1,F2",False,1.0,578413.5389253331,-9.279842693726323
4150,True,"A3,B2,C3,D1,E1,F2",True,0.0,183940.05702789914,-6.702908347010052
4151,True,"A4,B2,C3,D2,E3,F2",False,3.0,1569510.3859037533,-12.83536515224582
4152,True,"A3,B2,C3,D1,E1,F2",True,0.0,2150858.470701696,-14.204588921969055
4153,True,"A3,B2,C3,D1,E1,F2",True,0.0,1184845.2313524424,-11.79359331736903
4154,True,"A3,B2,C3,D2,E1,F2",False,1.0,1107181.4502631056,-10.340063251111744
4155,True,"A3,B2,C3,D2,E1,F3",False,2.0,14566.169887598578,-2.7919331111428534
4156,True,"A3,B2,C3,D1,E1,F2",True,0.0,471695.0229893617,-9.186729957377622
4157,True,"A4,B2,C3,D2,E2,F1",False,4.0,250153.7830973895,-8.505860979461318
4158,True,"A4,B2,C3,D2,E2,F1",False,4.0,2510316.1279247454,-14.76298189977183
4159,True,"A4,B2,C3,D2,E2,F1",False,4.0,66880.40689589358,-5.465956435659891
4160,True,"A3,B2,C3,D1,E1,F2",True,0.0,1608834.1412192842,-12.404069370881253
4161,True,"A4,B2,C3,D2,E2,F1",False,4.0,837533.2780592128,-9.12983626958907
4162,True,"A4,B2,C3,D2,E2,F1",False,4.0,2779956.342999761,-15.284341546063018
4163,True,"A3,B2,C3,D1,E1,F2",True,0.0,283475.55333441333,-7.4392116080623225
4164,True,"A4,B2,C3,D2,E3,F2",False,3.0,669426.5261700449,-8.399143723298906
4165,True,"A3,B2,C3,D2,E1,F2",False,1.0,1359273.746763423,-11.02033525941193
4166,True,"A4,B2,C3,D2,E3,F2",False,3.0,1753724.0030480486,-14.45097282506395
4167,True,"A3,B2,C3,D1,E1,F2",True,0.0,253302.23626598637,-7.597585831509619
4168,True,"A3,B2,C3,D1,E1,F2",True,0.0,1702216.9063339762,-11.73333941336729
4169,True,"A4,B2,C3,D2,E1,F2",False,2.0,1296475.2828108922,-12.389464996130023
4170,True,"A3,B2,C3,D1,E1,F1",False,1.0,15654.539598117162,-3.5652848115298923
4171,True,"A4,B2,C3,D2,E2,F1",False,4.0,32745.473672184628,-5.299098149813361
4172,True,"A3,B2,C3,D2,E1,F3",False,2.0,205634.87915332994,-6.642862737779581
4173,True,"A4,B2,C3,D2,E3,F2",False,3.0,2525715.6152001587,-16.519484406757556
4174,True,"A3,B2,C3,D2,E1,F3",False,2.0,648259.353969863,-8.503242792281654
4175,True,"A3,B2,C3,D2,E1,F3",False,2.0,644068.1010020762,-11.141669275964787
4176,True,"A3,B2,C3,D1,E1,F1",False,1.0,9257.021097219294,-2.684067735697056
4177,True,"A3,B2,C3,D1,E1,F2",True,0.0,140501.6357445359,-6.424978027085345
4178,True,"A4,B2,C3,D2,E3,F2",False,3.0,93226.65837619692,-6.642746016538396
4179,True,"A3,B2,C3,D2,E1,F2",False,1.0,2502679.301927454,-14.587766743036212
4180,True,"A3,B2,C3,D1,E1,F2",True,0.0,79159.89202651118,-4.741640644697597
4181,True,"A4,B2,C3,D2,E3,F2",False,3.0,70585.93117863998,-4.485871635458977
4182,True,"A3,B2,C3,D1,E1,F2",True,0.0,41955.974356945895,-3.799440510561908
4183,True,"A3,B2,C3,D2,E1,F3",False,2.0,288768.87032996025,-8.106913954249677
4184,True,"A3,B2,C3,D2,E1,F3",False,2.0,1667842.3706723722,-13.258576044483377
4185,True,"A4,B2,C3,D2,E3,F2",False,3.0,1163139.3181861376,-12.426668655852147
4186,True,"A3,B2,C3,D1,E1,F2",True,0.0,73291.48920472992,-6.215712576206045
4187,True,"A3,B2,C3,D1,E1,F2",True,0.0,1763252.91258742,-11.404768964571183
4188,True,"A3,B2,C3,D2,E1,F2",False,1.0,2836284.430488294,-13.149226530774534
4189,True,"A3,B2,C3,D2,E2,F3",False,3.0,2582403.8252765015,-14.938580083883899
4190,True,"A4,B2,C3,D2,E3,F2",False,3.0,2436219.2000295883,-13.978310216254599
4191,True,"A3,B2,C3,D2,E1,F1",False,2.0,180558.44563941436,-6.560737566319631
4192,True,"A3,B2,C3,D2,E1,F3",False,2.0,603121.6955476217,-8.408036740175163
4193,True,"A4,B2,C3,D2,E2,F1",False,4.0,1521598.5599603844,-13.995297442272161
4194,True,"A3,B2,C3,D2,E1,F3",False,2.0,267479.6377191312,-7.3901768152187515
4195,True,"A3,B2,C3,D1,E1,F2",True,0.0,44796.56066085636,-4.552192637713347
4196,True,"A3,B2,C3,D1,E1,F2",True,0.0,170703.11617583624,-7.008635170455676
4197,True,"A4,B2,C3,D2,E3,F2",False,3.0,624702.3652129235,-9.029459871278306
4198,True,"A4,B2,C3,D2,E3,F1",False,4.0,126316.07415304356,-6.4558259216472464
4199,True,"A3,B2,C3,D1,E1,F2",True,0.0,1703686.8888417687,-12.953996417885165
4200,True,"A4,B2,C3,D2,E2,F1",False,4.0,50955.02023016907,-6.018039151117534
4201,True,"A3,B2,C3,D1,E1,F1",False,1.0,148037.6388298166,-7.30656506775199
4202,True,"A3,B2,C3,D2,E1,F3",False,2.0,1679189.8960285054,-12.131694820603961
4203,True,"A3,B2,C3,D2,E1,F1",False,2.0,2099125.5877039847,-14.95663629321637
4204,True,"A3,B2,C3,D2,E1,F1",False,2.0,1304712.5420959012,-11.789236504955312
4205,True,"A4,B2,C3,D2,E3,F1",False,4.0,32966.64475438356,-4.4016634546656945
4206,True,"A3,B2,C3,D1,E1,F1",False,1.0,30732.94402875378,-4.403752015033902
4207,True,"A3,B2,C3,D1,E1,F2",True,0.0,60842.04549668992,-4.416787075784498
4208,True,"A4,B2,C3,D2,E3,F2",False,3.0,2071245.5180208553,-14.369873286127174
4209,True,"A3,B2,C3,D2,E1,F2",False,1.0,2562322.7398399184,-12.949512045609403
4210,True,"A3,B2,C3,D2,E1,F1",False,2.0,1796447.7800212263,-14.166262718982708
4211,True,"A3,B2,C3,D2,E1,F2",False,1.0,873303.812703083,-10.880460679285171
4212,True,"A3,B2,C3,D2,E1,F1",False,2.0,2322584.1060589436,-14.509327432894608
4213,True,"A4,B2,C3,D2,E3,F2",False,3.0,2825915.56498786,-14.668084765928953
4214,True,"A4,B2,C3,D2,E3,F1",False,4.0,165159.30238789067,-7.724170646127959
4215,True,"A4,B2,C3,D2,E3,F1",False,4.0,85695.04521755633,-5.189766775282365
4216,True,"A4,B2,C3,D2,E3,F2",False,3.0,398361.34359886113,-8.73439842951197
4217,True,"A4,B2,C3,D2,E3,F1",False,4.0,326436.24010882445,-9.450428472943628
4218,True,"A3,B2,C3,D1,E1,F2",True,0.0,826974.4595630635,-10.43350042647549
4219,True,"A4,B2,C3,D2,E3,F2",False,3.0,1979894.0816551321,-12.90944826716558
4220,True,"A3,B2,C3,D2,E1,F3",False,2.0,218426.93252719162,-7.325467023303162
4221,True,"A4,B2,C3,D2,E3,F1",False,4.0,690051.5672888628,-10.859848325859097
4222,True,"A4,B2,C3,D2,E2,F1",False,4.0,608217.2326032408,-10.169689403339468
4223,True,"A3,B2,C3,D2,E1,F2",False,1.0,3587679.9708412974,-16.007334177570335
4224,True,"A3,B2,C3,D2,E1,F3",False,2.0,345561.6968890705,-8.38402455547866
4225,True,"A4,B2,C3,D2,E3,F2",False,3.0,306491.7634597099,-9.618467804508597
4226,True,"A3,B2,C3,D2,E1,F1",False,2.0,1477166.0405880772,-13.68384353566011
4227,True,"A4,B2,C3,D2,E3,F1",False,4.0,1344023.5061137031,-13.005063766329826
4228,True,"A3,B2,C3,D2,E1,F2",False,1.0,729605.5897477492,-9.926081673916727
4229,True,"A3,B2,C3,D2,E1,F3",False,2.0,44738.963327151614,-3.7213587988879766
4230,True,"A3,B2,C3,D1,E1,F1",False,1.0,215011.36336432456,-7.770994035185026
4231,True,"A4,B2,C3,D2,E2,F2",False,3.0,2322323.035199809,-13.913131753887434
4232,True,"A3,B2,C3,D1,E1,F2",True,0.0,981265.2798185671,-11.580783661660746
4233,True,"A3,B2,C3,D2,E1,F3",False,2.0,17514.10816810925,-2.3869106818107895
4234,True,"A3,B2,C3,D1,E1,F2",True,0.0,58152.02265534357,-4.18187606201144
4235,True,"A4,B2,C3,D2,E3,F2",False,3.0,2088900.3276337516,-15.012431064458866
4236,True,"A3,B2,C3,D1,E1,F1",False,1.0,401028.97554296005,-9.157992134520399
4237,True,"A4,B2,C3,D2,E3,F2",False,3.0,296064.4936087463,-8.358191765552775
4238,True,"A3,B2,C3,D1,E1,F1",False,1.0,147246.88382643653,-6.354025680429004
4239,True,"A3,B2,C3,D2,E1,F1",False,2.0,180918.33317213418,-7.287205989164164
4240,True,"A3,B2,C3,D2,E1,F3",False,2.0,188242.91972135426,-6.719957182613314
4241,True,"A3,B2,C3,D1,E1,F2",True,0.0,573143.9355884162,-8.158950671934377
4242,True,"A3,B2,C3,D1,E1,F2",True,0.0,105014.21792596836,-5.1446340639709405
4243,True,"A4,B2,C3,D2,E3,F2",False,3.0,2031858.6051690923,-13.274584178990743
4244,True,"A4,B2,C3,D2,E2,F1",False,4.0,2229623.930883765,-14.468750605315122
4245,True,"A4,B2,C3,D2,E3,F2",False,3.0,1710623.045588639,-13.30197378391999
4246,True,"A3,B2,C3,D2,E1,F3",False,2.0,50116.53175498544,-4.148061805403728
4247,True,"A3,B2,C3,D1,E1,F2",True,0.0,716791.118122809,-11.326103704830139
4248,True,"A4,B2,C3,D2,E3,F2",False,3.0,1161470.0507145403,-11.327913968961305
4249,True,"A3,B2,C3,D2,E1,F3",False,2.0,1384098.272378133,-12.171542192127546
4250,True,"A4,B2,C3,D2,E5,F2",False,3.0,2044.9735985872994,-3.0248492018196345
4251,True,"A3,B2,C3,D2,E1,F3",False,2.0,2595243.760944334,-12.918355606568703
4252,True,"A4,B2,C3,D2,E3,F2",False,3.0,588734.5663629574,-9.764068767510707
4253,True,"A3,B2,C3,D1,E1,F2",True,0.0,709290.3176950148,-10.224425882022942
4254,True,"A3,B2,C3,D1,E1,F2",True,0.0,99556.38871280926,-5.458778928286918
4255,True,"A4,B2,C3,D2,E3,F1",False,4.0,6138.362846677765,-2.044976548490922
4256,True,"A3,B2,C3,D1,E1,F2",True,0.0,264080.2331852008,-9.243212819220986
4257,True,"A4,B2,C3,D2,E3,F2",False,3.0,2989866.7841184177,-15.148118373423607
4258,True,"A3,B2,C3,D1,E1,F2",True,0.0,694814.3681342329,-10.699566119821654
4259,True,"A4,B2,C3,D2,E3,F2",False,3.0,2021635.366089054,-12.695580772718564
4260,True,"A3,B2,C3,D2,E1,F3",False,2.0,3173885.689295295,-14.858821791156451
4261,True,"A4,B2,C3,D2,E2,F1",False,4.0,389302.1330350882,-8.621542158428127
4262,True,"A3,B2,C3,D2,E1,F3",False,2.0,52307.1093704241,-3.9588383798944307
4263,True,"A4,B2,C3,D2,E2,F1",False,4.0,8328.074921006923,-2.6392616691221917
4264,True,"A3,B2,C3,D2,E1,F3",False,2.0,24156.800319495644,-2.773779128678825
4265,True,"A3,B2,C3,D2,E1,F3",False,2.0,479093.2546517544,-9.78910881575824
4266,True,"A3,B2,C3,D2,E1,F3",False,2.0,51048.339675539886,-4.969629343635859
4267,True,"A3,B2,C3,D1,E1,F2",True,0.0,571496.0400750204,-7.885696179474195
4268,True,"A4,B2,C3,D2,E2,F1",False,4.0,387029.95337075053,-9.044849506942143
4269,True,"A3,B2,C3,D2,E1,F2",False,1.0,2489568.844137613,-14.24342643332782
4270,True,"A4,B2,C3,D2,E2,F1",False,4.0,1087747.4873703478,-12.514973752123112
4271,True,"A3,B2,C3,D2,E1,F2",False,1.0,3133488.6009569145,-14.026952010771183
4272,True,"A4,B2,C3,D2,E2,F1",False,4.0,119608.66226467292,-6.571877795540601
4273,True,"A3,B2,C3,D1,E1,F2",True,0.0,362469.26535675453,-6.725844294328283
4274,True,"A3,B2,C3,D2,E1,F2",False,1.0,1768207.351061944,-11.247561278468062
4275,True,"A4,B2,C3,D2,E3,F1",False,4.0,14649.436989446014,-4.281947272870539
4276,True,"A4,B2,C3,D2,E2,F1",False,4.0,366272.94555433455,-10.805247018494782
4277,True,"A3,B2,C3,D1,E1,F2",True,0.0,273595.6774944449,-7.316991053257027
4278,True,"A3,B2,C3,D1,E1,F2",True,0.0,633766.773668237,-9.946817684994272
4279,True,"A3,B2,C3,D1,E1,F2",True,0.0,2505298.0494071776,-14.202729257777094
4280,True,"A3,B2,C3,D2,E1,F2",False,1.0,2162352.7640469093,-13.484924835865456
4281,True,"A3,B2,C3,D1,E1,F2",True,0.0,88671.61017242746,-5.573432906580848
4282,True,"A4,B2,C3,D2,E3,F2",False,3.0,3922477.145449745,-16.73342952465871
4283,True,"A4,B2,C3,D2,E3,F2",False,3.0,2624010.4098337763,-15.792716675573928
4284,True,"A3,B2,C3,D2,E1,F3",False,2.0,269613.89057341206,-7.85917004572687
4285,True,"A4,B2,C3,D2,E3,F2",False,3.0,1464649.6476271583,-12.122515446894305
4286,True,"A3,B2,C3,D2,E1,F2",False,1.0,5008528.886409924,-16.48436887849484
4287,True,"A4,B2,C3,D2,E3,F2",False,3.0,455981.929490311,-8.451178912677904
4288,True,"A4,B2,C3,D2,E2,F1",False,4.0,8024.254639038805,-3.125785628360177
4289,True,"A4,B2,C3,D2,E3,F1",False,4.0,115568.05132273465,-6.967984650890429
4290,True,"A4,B2,C3,D2,E3,F1",False,4.0,342529.4671243196,-9.736590388179863
4291,True,"A4,B2,C3,D2,E3,F1",False,4.0,23038.62419388847,-4.801739799916362
4292,True,"A3,B2,C3,D2,E1,F3",False,2.0,1350001.7532462901,-10.520940312924793
4293,True,"A3,B2,C3,D2,E1,F3",False,2.0,220041.98749441604,-9.317381642265573
4294,True,"A4,B2,C3,D2,E3,F1",False,4.0,306548.8489680705,-8.988603344654052
4295,True,"A4,B2,C3,D2,E3,F2",False,3.0,3270089.6229670807,-14.233664051914715
4296,True,"A3,B2,C3,D2,E1,F1",False,2.0,1734179.1066277404,-12.934274060120302
4297,True,"A3,B2,C3,D1,E1,F1",False,1.0,11911.767717164983,-3.146334967195756
4298,True,"A3,B2,C3,D1,E1,F2",True,0.0,240608.8997940797,-6.037000766823354
4299,True,"A3,B2,C3,D2,E1,F1",False,2.0,2554205.0109107564,-13.930762759946667
4300,True,"A3,B2,C3,D1,E1,F2",True,0.0,16466.487082054922,-2.047327423025436
4301,True,"A4,B2,C3,D2,E3,F2",False,3.0,2775.0729440953946,-0.6516350846296319
4302,True,"A3,B2,C3,D1,E1,F1",False,1.0,77178.1497231934,-6.05105551526681
4303,True,"A4,B2,C3,D2,E3,F2",False,3.0,767200.5152846039,-11.078056169219643
4304,True,"A4,B2,C3,D2,E3,F2",False,3.0,3162548.2202155143,-15.340270038729024
4305,True,"A3,B2,C3,D1,E1,F2",True,0.0,200345.59480503085,-7.38376432754896
4306,True,"A4,B2,C3,D2,E3,F1",False,4.0,215032.31736329023,-7.411822443649129
4307,True,"A4,B2,C3,D2,E3,F2",False,3.0,73183.4680105108,-6.673627653296222
4308,True,"A3,B2,C3,D2,E1,F1",False,2.0,2923658.945043508,-14.742993727689182
4309,True,"A4,B2,C3,D2,E3,F2",False,3.0,1532768.1755086784,-12.239338435255362
4310,True,"A4,B2,C3,D2,E3,F2",False,3.0,908951.636641282,-11.506743250457838
4311,True,"A3,B2,C3,D2,E1,F3",False,2.0,259924.90777108795,-7.040878921765426
4312,True,"A4,B2,C3,D2,E3,F2",False,3.0,1877492.540989316,-13.381087301146714
4313,True,"A3,B2,C3,D2,E1,F1",False,2.0,515050.6814541124,-10.550274006101958
4314,True,"A3,B2,C3,D1,E1,F2",True,0.0,588406.2380828211,-7.999809546558268
4315,True,"A3,B2,C3,D2,E1,F1",False,2.0,3813714.0265449667,-16.885614054718843
4316,True,"A3,B2,C3,D1,E1,F2",True,0.0,54657.02765602053,-4.679397787275718
4317,True,"A3,B2,C3,D1,E1,F2",True,0.0,37329.96247526802,-3.880053644360416
4318,True,"A3,B2,C3,D2,E1,F2",False,1.0,297437.51073610893,-7.223560341615027
4319,True,"A4,B2,C3,D2,E3,F1",False,4.0,293582.48042294965,-9.78953384522329
4320,True,"A3,B2,C3,D2,E1,F2",False,1.0,3792425.893409828,-14.742172563544699
4321,True,"A4,B2,C3,D2,E3,F2",False,3.0,1938981.728620387,-13.177312259728758
4322,True,"A3,B2,C3,D2,E5,F3",False,3.0,6853.226049127936,-2.4964173563798226
4323,True,"A3,B2,C3,D1,E1,F2",True,0.0,359981.6545118102,-8.308594017247117
4324,True,"A3,B2,C3,D2,E1,F3",False,2.0,157593.79332179713,-7.400660002678137
4325,True,"A4,B2,C3,D2,E3,F1",False,4.0,337583.61052730656,-8.658929673955228
4326,True,"A4,B2,C3,D2,E3,F2",False,3.0,1009953.9837455626,-10.88564739552156
4327,True,"A3,B2,C3,D1,E1,F1",False,1.0,150651.5214120783,-8.59757425466563
4328,True,"A4,B2,C3,D2,E3,F2",False,3.0,1488126.0150537756,-13.814798813334093
4329,True,"A3,B2,C3,D2,E1,F3",False,2.0,55502.08055437242,-4.226389093381627
4330,True,"A3,B2,C3,D1,E1,F2",True,0.0,301691.85736770066,-9.26505999160159
4331,True,"A3,B2,C3,D1,E1,F2",True,0.0,366351.4008762317,-8.490445949020625
4332,True,"A4,B2,C3,D2,E2,F1",False,4.0,56112.49636442286,-5.237533759475198
4333,True,"A3,B2,C3,D2,E1,F2",False,1.0,2342924.976619874,-13.246686391292279
4334,True,"A4,B2,C3,D2,E3,F1",False,4.0,6153.686372324887,-3.2571587286462886
4335,True,"A3,B2,C3,D2,E1,F2",False,1.0,3113139.701337179,-14.393691458806039
4336,True,"A3,B2,C3,D1,E1,F2",True,0.0,64842.00036019892,-5.004035415848449
4337,True,"A3,B2,C3,D1,E1,F1",False,1.0,8146.484130548831,-2.972121679758345
4338,True,"A3,B2,C3,D2,E1,F2",False,1.0,2691311.1489404268,-14.229813576301751
4339,True,"A3,B2,C3,D2,E1,F1",False,2.0,1041144.1364615362,-12.419189540374
4340,True,"A3,B2,C3,D1,E1,F2",True,0.0,448696.2486039381,-9.107576513014095
4341,True,"A3,B2,C3,D2,E1,F1",False,2.0,930234.1203435757,-11.983625018418024
4342,True,"A3,B2,C3,D2,E1,F3",False,2.0,18479.79958682367,-1.4552117783194092
4343,True,"A3,B2,C3,D2,E1,F3",False,2.0,615365.1465909047,-10.223013497260155
4344,True,"A3,B2,C3,D1,E1,F2",True,0.0,1880642.641643976,-11.156171729916757
4345,True,"A3,B2,C3,D2,E1,F3",False,2.0,478163.68656637095,-9.47012644087647
4346,True,"A4,B2,C3,D2,E3,F1",False,4.0,136612.57370698053,-6.584736833996871
4347,True,"A4,B2,C3,D2,E3,F2",False,3.0,1314245.4040657799,-12.20283043096066
4348,True,"A3,B2,C3,D1,E1,F2",True,0.0,53889.59849719067,-3.430453945266237
4349,True,"A4,B2,C3,D2,E3,F1",False,4.0,110216.41080031045,-6.053991396655746
4350,True,"A3,B2,C3,D1,E1,F1",False,1.0,636065.2160359609,-10.999144428030057
4351,True,"A3,B2,C3,D2,E1,F2",False,1.0,668315.8352619869,-9.65074148474855
4352,True,"A3,B2,C3,D2,E1,F1",False,2.0,2993542.4739476256,-13.94442219686779
4353,True,"A3,B2,C3,D2,E1,F1",False,2.0,2219122.1269436725,-13.930762044717703
4354,True,"A3,B2,C3,D1,E1,F2",True,0.0,393322.73728036095,-8.959989354508636
4355,True,"A3,B2,C3,D2,E1,F3",False,2.0,391531.14223414054,-6.972766802185561
4356,True,"A4,B2,C3,D2,E2,F1",False,4.0,337608.08366998675,-8.146852249524159
4357,True,"A4,B2,C3,D2,E3,F1",False,4.0,109893.05379702867,-7.422767320250543
4358,True,"A3,B2,C3,D2,E1,F3",False,2.0,708089.1634155385,-10.032463519934872
4359,True,"A4,B2,C3,D2,E3,F2",False,3.0,2447413.5839797133,-14.419831727660288
4360,True,"A3,B2,C3,D2,E1,F3",False,2.0,173888.78472860123,-5.3124441938885525
4361,True,"A4,B2,C3,D2,E3,F2",False,3.0,111926.75904624075,-6.751495736539212
4362,True,"A4,B2,C3,D2,E3,F2",False,3.0,2764963.3799726,-14.938199916286798
4363,True,"A4,B2,C3,D2,E3,F2",False,3.0,2576308.2955422,-15.835466100402158
4364,True,"A3,B2,C3,D2,E1,F3",False,2.0,297604.09284729784,-8.579199818562074
4365,True,"A4,B2,C3,D2,E1,F2",False,2.0,141768.34553789138,-7.341202789733984
4366,True,"A4,B2,C3,D2,E3,F1",False,4.0,9118.558944489256,-2.425129890674924
4367,True,"A3,B2,C3,D2,E1,F3",False,2.0,354516.7233862353,-8.185238173306061
4368,True,"A3,B2,C3,D2,E1,F3",False,2.0,1860578.2529475077,-12.370081308451645
4369,True,"A3,B2,C3,D1,E1,F2",True,0.0,89963.58774785064,-4.992555969369121
4370,True,"A3,B2,C3,D1,E1,F2",True,0.0,2490882.6808683393,-13.901522937428297
4371,True,"A4,B2,C3,D2,E3,F2",False,3.0,41142.446829522065,-3.140860136713968
4372,True,"A3,B2,C3,D2,E1,F3",False,2.0,73267.7152770105,-5.872768026451524
4373,True,"A3,B2,C3,D2,E1,F3",False,2.0,1294091.0298187106,-11.134093059149734
4374,True,"A3,B2,C3,D1,E1,F2",True,0.0,390404.57616870245,-8.22072095310152
4375,True,"A4,B2,C3,D2,E3,F2",False,3.0,2891267.026039075,-14.679538350523742
4376,True,"A4,B2,C3,D2,E3,F2",False,3.0,79601.32614080743,-5.218190397599869
4377,True,"A4,B2,C3,D2,E3,F2",False,3.0,136780.82401457807,-5.700220625243219
4378,True,"A4,B2,C3,D2,E2,F1",False,4.0,531542.081097746,-8.778530746837674
4379,True,"A4,B2,C3,D2,E3,F2",False,3.0,330709.01183389995,-9.84649505945589
4380,True,"A3,B2,C3,D2,E1,F2",False,1.0,3525393.397721567,-15.462704658622165
4381,True,"A3,B2,C3,D1,E1,F1",False,1.0,142722.14491582947,-7.231719351747714
4382,True,"A3,B2,C3,D2,E1,F2",False,1.0,709729.8665391705,-9.8950802226679
4383,True,"A4,B2,C3,D2,E3,F2",False,3.0,1150415.5073741255,-10.471076858560593
4384,True,"A4,B2,C3,D2,E3,F1",False,4.0,102966.9895823244,-5.464561029811435
4385,True,"A3,B2,C3,D1,E1,F2",True,0.0,95915.8525280327,-5.094261771056324
4386,True,"A3,B2,C3,D2,E1,F2",False,1.0,2025665.8229417005,-12.429104130926248
4387,True,"A3,B2,C3,D2,E1,F3",False,2.0,41596.69183892686,-4.339059073123423
4388,True,"A4,B2,C3,D2,E3,F2",False,3.0,1395137.0252626543,-12.711991840263522
4389,True,"A3,B2,C3,D1,E1,F2",True,0.0,36339.06377279732,-3.8473485036179085
4390,True,"A4,B2,C3,D2,E3,F2",False,3.0,326916.8667042997,-7.05585501860908
4391,True,"A3,B2,C3,D2,E1,F3",False,2.0,46543.33139611924,-3.8462644026899824
4392,True,"A4,B2,C3,D2,E3,F1",False,4.0,121899.52825248537,-5.768372532021033
4393,True,"A3,B2,C3,D1,E1,F2",True,0.0,213967.11504722192,-6.932671495479767
4394,True,"A4,B2,C3,D2,E3,F1",False,4.0,11771.334454377895,-4.32322835370114
4395,True,"A3,B2,C3,D1,E1,F2",True,0.0,2927331.392821027,-15.406641426854868
4396,True,"A4,B2,C3,D2,E3,F1",False,4.0,59455.6843515611,-6.400699562359861
4397,True,"A3,B2,C3,D1,E1,F2",True,0.0,166713.3293193945,-6.722881215639802
4398,True,"A3,B2,C3,D1,E1,F2",True,0.0,1352711.9247420435,-11.65890639420956
4399,True,"A4,B2,C3,D2,E3,F2",False,3.0,419756.767381769,-10.544378523487822
4400,True,"A4,B2,C3,D2,E3,F2",False,3.0,2119445.8491283944,-14.727861253041034
4401,True,"A3,B2,C3,D2,E1,F3",False,2.0,2344078.8802582524,-13.172837095248163
4402,True,"A3,B2,C3,D2,E1,F3",False,2.0,458879.92787329707,-8.407827437026029
4403,True,"A4,B2,C3,D2,E3,F2",False,3.0,616236.973424872,-9.555324158876289
4404,True,"A4,B2,C3,D2,E3,F2",False,3.0,16971.48586193141,-2.0309599023566562
4405,True,"A4,B2,C3,D2,E3,F2",False,3.0,339412.978550664,-7.843235187464046
4406,True,"A4,B2,C3,D2,E3,F2",False,3.0,293655.1661644165,-9.751017133769167
4407,True,"A3,B2,C3,D2,E1,F3",False,2.0,20391.24019921092,-2.408027600483024
4408,True,"A3,B2,C3,D1,E1,F2",True,0.0,76653.86987115303,-4.462041163821752
4409,True,"A3,B2,C3,D2,E1,F3",False,2.0,69143.00269629988,-4.095321699547398
4410,True,"A3,B2,C3,D1,E1,F2",True,0.0,11627.566037941906,-1.7185702874623559
4411,True,"A3,B2,C3,D2,E1,F3",False,2.0,20981.706715130345,-2.521782830005023
4412,True,"A3,B2,C3,D2,E1,F3",False,2.0,1087582.872490203,-12.399442309967831
4413,True,"A3,B2,C3,D1,E1,F2",True,0.0,1440187.6217884698,-12.139622601371464
4414,True,"A3,B2,C3,D2,E1,F3",False,2.0,13892.845438639943,-3.1947249726339635
4415,True,"A4,B2,C3,D2,E3,F1",False,4.0,2498605.889867949,-15.335140556957015
4416,True,"A3,B2,C3,D2,E1,F1",False,2.0,1593934.1551151043,-12.72948979708005
4417,True,"A3,B2,C3,D2,E1,F3",False,2.0,419171.7281665599,-8.375645509820998
4418,True,"A3,B2,C3,D1,E1,F2",True,0.0,107087.65075722912,-6.843309473686219
4419,True,"A3,B2,C3,D2,E1,F3",False,2.0,99221.43741723662,-4.5468178131717
4420,True,"A3,B2,C3,D2,E1,F3",False,2.0,19518.782648962348,-3.4516305656494524
4421,True,"A4,B2,C3,D2,E3,F1",False,4.0,53623.08357105286,-5.5168772422033925
4422,True,"A3,B2,C3,D2,E1,F2",False,1.0,3157102.844891506,-15.015565017996153
4423,True,"A4,B2,C3,D2,E2,F1",False,4.0,55412.78088841205,-5.363860380705987
4424,True,"A4,B2,C3,D2,E3,F2",False,3.0,91975.47921813925,-5.875950836563675
4425,True,"A4,B2,C3,D2,E3,F1",False,4.0,8938.910021619771,-4.159514551896137
4426,True,"A3,B2,C3,D2,E1,F2",False,1.0,2845809.726499584,-14.223353336418185
4427,True,"A3,B2,C3,D2,E1,F2",False,1.0,4677990.5065668095,-16.305291026898416
4428,True,"A3,B2,C3,D2,E1,F3",False,2.0,103690.0312119423,-5.506880857140061
4429,True,"A3,B2,C3,D2,E1,F2",False,1.0,3564111.834360265,-12.825640221019448
4430,True,"A4,B2,C3,D2,E2,F1",False,4.0,26388.71857628713,-3.8590518895019414
4431,True,"A4,B2,C3,D2,E3,F2",False,3.0,322144.12356264144,-7.238442362549435
4432,True,"A4,B2,C3,D2,E3,F2",False,3.0,3627343.4783199294,-17.54422287270709
4433,True,"A4,B2,C3,D2,E3,F1",False,4.0,35546.22371032429,-4.61489449378233
4434,True,"A4,B2,C3,D2,E3,F1",False,4.0,13814.168870864833,-4.315067210462615
4435,True,"A3,B2,C3,D1,E1,F2",True,0.0,71712.67327855309,-3.7447503069526817
4436,True,"A3,B2,C3,D2,E1,F1",False,2.0,460325.0210685188,-8.879070860768252
4437,True,"A3,B2,C3,D2,E1,F1",False,2.0,1207234.503703226,-11.705745802259258
4438,True,"A3,B2,C3,D2,E1,F2",False,1.0,1022998.2162871158,-10.198658659485673
4439,True,"A4,B2,C3,D2,E3,F2",False,3.0,378292.1720327974,-8.706196556210685
4440,True,"A3,B2,C3,D1,E1,F2",True,0.0,17596.37547897786,-3.2572621414714007
4441,True,"A4,B2,C3,D2,E3,F1",False,4.0,71137.75923151444,-5.4962015347780095
4442,True,"A3,B2,C3,D2,E1,F3",False,2.0,262920.9206756529,-6.51679446865235
4443,True,"A3,B2,C3,D2,E2,F3",False,3.0,742061.756483941,-11.894352060004834
4444,True,"A3,B2,C3,D1,E1,F2",True,0.0,49631.650438482684,-2.717810686218158
4445,True,"A4,B2,C3,D2,E3,F2",False,3.0,2638841.956939306,-13.51319269893677
4446,True,"A3,B2,C3,D2,E1,F3",False,2.0,643466.6173802292,-9.89705510953911
4447,True,"A3,B2,C3,D2,E1,F2",False,1.0,2979408.243735203,-15.78089951331431
4448,True,"A4,B2,C3,D2,E3,F2",False,3.0,2382684.717957992,-14.439761842582215
4449,True,"A4,B2,C3,D2,E3,F1",False,4.0,628180.0041596193,-11.376782280472007
4450,True,"A4,B2,C3,D2,E3,F2",False,3.0,90346.39910070061,-3.923146811365669
4451,True,"A3,B2,C3,D2,E1,F2",False,1.0,1095643.876919061,-11.501438164369453
4452,True,"A4,B2,C3,D2,E2,F1",False,4.0,2790056.139224079,-16.006990582178794
4453,True,"A4,B2,C3,D2,E3,F2",False,3.0,1007940.9530952887,-11.57885757119373
4454,True,"A3,B2,C3,D1,E1,F2",True,0.0,219046.6320230963,-6.51019426630495
4455,True,"A3,B2,C3,D2,E1,F3",False,2.0,21233.299344254112,-2.1293322915859108
4456,True,"A3,B2,C3,D2,E1,F1",False,2.0,361643.535468037,-8.98435153502281
4457,True,"A3,B2,C3,D2,E1,F1",False,2.0,3487560.0933879367,-15.652777766366434
4458,True,"A3,B2,C3,D1,E1,F2",True,0.0,90596.9605131887,-6.212676671461381
4459,True,"A3,B2,C3,D2,E1,F3",False,2.0,1389931.0930631116,-11.976786165170147
4460,True,"A4,B2,C3,D2,E3,F1",False,4.0,116983.08495641466,-6.525577687324372
4461,True,"A3,B2,C3,D1,E1,F2",True,0.0,1821941.3450496446,-13.087878441855445
4462,True,"A3,B2,C3,D2,E1,F2",False,1.0,3505230.011735552,-13.993084944131745
4463,True,"A3,B2,C3,D1,E1,F1",False,1.0,525031.5405688791,-9.840056609318367
4464,True,"A3,B2,C3,D2,E1,F1",False,2.0,1809483.838004179,-13.19864670209622
4465,True,"A4,B2,C3,D2,E2,F1",False,4.0,2644559.320838727,-14.767033485536174
4466,True,"A3,B2,C3,D2,E1,F3",False,2.0,59499.474785089544,-4.503825185818087
4467,True,"A3,B2,C3,D2,E1,F3",False,2.0,18290.02898760159,-3.8886557981038266
4468,True,"A3,B2,C3,D1,E1,F2",True,0.0,744051.5930285665,-9.716489991454452
4469,True,"A4,B2,C3,D2,E3,F1",False,4.0,748845.0821512501,-10.5425849618832
4470,True,"A3,B2,C3,D1,E1,F2",True,0.0,2521628.743548773,-13.077327430076792
4471,True,"A4,B2,C3,D2,E3,F2",False,3.0,1176099.226815587,-11.430473480858979
4472,True,"A3,B2,C3,D2,E1,F2",False,1.0,4513664.942943106,-15.644956303425623
4473,True,"A3,B2,C3,D1,E1,F2",True,0.0,18008.329737311644,-2.4370845703541306
4474,True,"A3,B2,C3,D2,E1,F2",False,1.0,200105.46588524623,-7.0507600959870445
4475,True,"A3,B2,C3,D2,E1,F2",False,1.0,1359469.7620434193,-10.259822022714928
4476,True,"A4,B2,C3,D2,E3,F2",False,3.0,729467.612342657,-11.511567046768548
4477,True,"A3,B2,C3,D1,E1,F1",False,1.0,5649.077250044893,-1.8205614424310141
4478,True,"A3,B2,C3,D2,E1,F3",False,2.0,507473.25837583985,-8.891101856153554
4479,True,"A4,B2,C3,D2,E3,F2",False,3.0,1580642.3712561752,-13.405848590204592
4480,True,"A4,B2,C3,D2,E2,F1",False,4.0,1153589.04837365,-11.720639055788077
4481,True,"A4,B2,C3,D2,E3,F1",False,4.0,14971.917753183943,-3.5727402042805636
4482,True,"A3,B2,C3,D2,E1,F2",False,1.0,3085625.201356265,-14.460736072693756
4483,True,"A3,B2,C3,D2,E1,F2",False,1.0,4202438.37909768,-14.777391710307612
4484,True,"A3,B2,C3,D1,E1,F2",True,0.0,47494.38639435574,-4.302869522180515
4485,True,"A3,B2,C3,D2,E1,F2",False,1.0,1213794.8959313508,-11.387550345744508
4486,True,"A3,B2,C3,D2,E1,F2",False,1.0,4853414.147730626,-15.091423739144503
4487,True,"A3,B2,C3,D2,E1,F3",False,2.0,369058.9461704449,-7.498096741336894
4488,True,"A4,B2,C3,D2,E3,F2",False,3.0,2850433.0823063687,-13.7676288026639
4489,True,"A4,B2,C3,D2,E3,F2",False,3.0,344579.0725039123,-6.8997276648886015
4490,True,"A4,B2,C3,D2,E2,F1",False,4.0,61278.343056750644,-4.690104564638062
4491,True,"A3,B2,C3,D1,E1,F2",True,0.0,738774.0366279542,-9.389326912819257
4492,True,"A4,B2,C3,D2,E3,F1",False,4.0,448983.8385426592,-10.957924648166355
4493,True,"A4,B2,C3,D2,E3,F2",False,3.0,2984883.728891429,-15.565901922553714
4494,True,"A3,B2,C3,D1,E1,F2",True,0.0,116177.35212896626,-5.411585741214765
4495,True,"A3,B2,C3,D1,E1,F2",True,0.0,929171.2695409381,-10.188833503026125
4496,True,"A3,B2,C3,D2,E1,F2",False,1.0,1628664.7253028813,-12.832739881377734
4497,True,"A3,B2,C3,D2,E1,F1",False,2.0,469651.4946334966,-8.853752209113637
4498,True,"A3,B2,C3,D2,E1,F2",False,1.0,2316250.1893497095,-14.706228661653114
4499,True,"A3,B2,C3,D2,E1,F3",False,2.0,15961.821213554404,-1.8859002328004095
4500,True,"A3,B2,C3,D2,E1,F2",False,1.0,3249421.9655337716,-14.525304476661837
4501,True,"A3,B2,C3,D1,E1,F2",True,0.0,1991028.5984048704,-11.799553096320608
4502,True,"A3,B2,C3,D1,E1,F1",False,1.0,6121.411112819513,-3.0202535791350016
4503,True,"A4,B2,C3,D2,E3,F2",False,3.0,732421.4427798762,-11.027388683207704
4504,True,"A3,B2,C3,D1,E1,F1",False,1.0,140443.6145400176,-6.684835226319137
4505,True,"A4,B2,C3,D2,E3,F1",False,4.0,64495.78866250875,-6.722408270955455
4506,True,"A3,B2,C3,D1,E1,F2",True,0.0,173496.82492386375,-7.122316426881255
4507,True,"A3,B2,C3,D2,E1,F1",False,2.0,1082333.5936149706,-10.252555500757403
4508,True,"A3,B2,C3,D1,E1,F2",True,0.0,31092.813260829204,-3.3718137863734086
4509,True,"A3,B2,C3,D2,E1,F3",False,2.0,93710.3317769853,-6.4857172473211335
4510,True,"A4,B2,C3,D2,E3,F2",False,3.0,3301738.4589676126,-15.200838936700336
4511,True,"A4,B2,C3,D2,E3,F2",False,3.0,1305019.173868055,-13.191126524215164
4512,True,"A4,B2,C3,D2,E3,F1",False,4.0,11296.479784779294,-3.7223232371544555
4513,True,"A3,B2,C3,D2,E1,F2",False,1.0,3747920.0746336416,-15.419987744938076
4514,True,"A3,B2,C3,D1,E1,F2",True,0.0,504999.84919340716,-7.403481504444343
4515,True,"A4,B2,C3,D2,E2,F1",False,4.0,1587594.1379677586,-12.2587427025558
4516,True,"A3,B2,C3,D1,E1,F2",True,0.0,86813.22877632134,-5.488787828556738
4517,True,"A4,B2,C3,D2,E3,F2",False,3.0,1797094.2448559653,-14.031654313177746
4518,True,"A4,B2,C3,D2,E3,F1",False,4.0,17282.351430341627,-2.5208903082168774
4519,True,"A4,B2,C3,D2,E2,F1",False,4.0,50274.904060503024,-4.85658806802455
4520,True,"A3,B2,C3,D1,E1,F2",True,0.0,3890621.329126649,-15.857267952216773
4521,True,"A3,B2,C3,D2,E1,F3",False,2.0,262862.59209215466,-7.998162499288853
4522,True,"A3,B2,C3,D2,E1,F3",False,2.0,78395.64971136441,-4.48667878331193
4523,True,"A3,B2,C3,D1,E1,F1",False,1.0,63982.468369114795,-5.339748992106891
4524,True,"A4,B2,C3,D2,E3,F1",False,4.0,2078121.9059379557,-13.614416002176242
4525,True,"A3,B2,C3,D2,E1,F3",False,2.0,48585.8585183164,-4.205356205185112
4526,True,"A4,B2,C3,D2,E3,F2",False,3.0,1064849.087595397,-11.520990556712142
4527,True,"A3,B2,C3,D1,E1,F2",True,0.0,1699012.7780924547,-13.097613210193934
4528,True,"A4,B2,C3,D2,E3,F2",False,3.0,183873.9054308348,-7.10820560791619
4529,True,"A3,B2,C3,D1,E1,F2",True,0.0,1087547.5358870237,-10.641843749809418
4530,True,"A3,B2,C3,D2,E1,F3",False,2.0,405797.4608137665,-9.525044560324432
4531,True,"A4,B2,C3,D2,E3,F1",False,4.0,42552.63916479862,-5.599460462204604
4532,True,"A4,B2,C3,D2,E2,F1",False,4.0,2484621.8562612343,-14.134239251049245
4533,True,"A3,B2,C3,D2,E1,F2",False,1.0,1893381.8861291993,-11.227781761841655
4534,True,"A4,B2,C3,D2,E3,F2",False,3.0,683658.1819196137,-10.90206117128438
4535,True,"A3,B2,C3,D1,E1,F1",False,1.0,12871.816209080971,-3.6591834229219558
4536,True,"A3,B2,C3,D2,E1,F1",False,2.0,1077104.3115561842,-11.001149835809017
4537,True,"A3,B2,C3,D2,E1,F3",False,2.0,97209.44678048982,-6.16739819117727
4538,True,"A3,B2,C3,D1,E1,F1",False,1.0,350378.9814856757,-8.526064705572537
4539,True,"A4,B2,C3,D2,E3,F1",False,4.0,595001.9981814886,-11.938105036634198
4540,True,"A4,B2,C3,D2,E3,F2",False,3.0,461573.33876620454,-8.69745704124017
4541,True,"A3,B2,C3,D1,E1,F2",True,0.0,994883.4787170107,-11.11721053234755
4542,True,"A3,B2,C3,D1,E1,F2",True,0.0,298387.82819734054,-7.202555875930685
4543,True,"A3,B2,C3,D1,E1,F2",True,0.0,750032.8854679763,-9.116618751924918
4544,True,"A3,B2,C3,D2,E1,F3",False,2.0,11871.307191389069,-1.9745556425338862
4545,True,"A3,B2,C3,D1,E1,F2",True,0.0,96652.78679166097,-6.179537690876572
4546,True,"A4,B2,C3,D2,E3,F1",False,4.0,344835.66717357235,-9.892695496975179
4547,True,"A3,B2,C3,D2,E1,F1",False,2.0,213990.03082684203,-7.955985082132202
4548,True,"A3,B2,C3,D2,E1,F1",False,2.0,1548590.7945436584,-12.304092474216702
4549,True,"A4,B2,C3,D2,E3,F2",False,3.0,367936.6642232866,-8.873097916137397
4550,True,"A4,B2,C3,D2,E3,F1",False,4.0,15770.65666654163,-3.369203699501213
4551,True,"A4,B2,C3,D2,E3,F2",False,3.0,333736.50736232946,-7.491768214590124
4552,True,"A3,B2,C3,D1,E1,F2",True,0.0,82039.14444916214,-5.875965791901706
4553,True,"A3,B2,C3,D1,E1,F2",True,0.0,67365.09956573352,-4.733103688554436
4554,True,"A4,B2,C3,D2,E1,F2",False,2.0,231822.41492977875,-9.203412409196446
4555,True,"A3,B2,C3,D1,E1,F2",True,0.0,875499.20189528,-10.764224106144049
4556,True,"A3,B2,C3,D1,E1,F2",True,0.0,2130280.2679274483,-15.044041838796588
4557,True,"A3,B2,C3,D1,E1,F2",True,0.0,58099.06061310588,-4.30164974196029
4558,True,"A3,B2,C3,D2,E1,F1",False,2.0,2792629.382171799,-14.278945666772763
4559,True,"A4,B2,C3,D2,E3,F1",False,4.0,39042.81927273495,-4.896285676742451
4560,True,"A4,B2,C3,D2,E2,F1",False,4.0,725048.2109209739,-11.835776127396876
4561,True,"A3,B2,C3,D2,E1,F2",False,1.0,4262070.320890065,-15.31069604084685
4562,True,"A3,B2,C3,D1,E1,F1",False,1.0,35175.866362462235,-4.845495741116821
4563,True,"A3,B2,C3,D1,E1,F1",False,1.0,155729.99827599165,-7.636026424282846
4564,True,"A3,B2,C3,D1,E1,F2",True,0.0,100002.64039501315,-5.447319771563542
4565,True,"A3,B2,C3,D1,E1,F2",True,0.0,1339953.2230222966,-12.404689761299181
4566,True,"A4,B2,C3,D2,E3,F2",False,3.0,19848.150985255776,-3.476270322892006
4567,True,"A3,B2,C3,D2,E1,F3",False,2.0,31672.494099176165,-3.448768319026186
4568,True,"A4,B2,C3,D2,E2,F1",False,4.0,3042518.306268572,-16.594075981924675
4569,True,"A3,B2,C3,D2,E1,F2",False,1.0,2487329.3708833004,-13.324720436788681
4570,True,"A3,B2,C3,D2,E1,F1",False,2.0,1185642.4318253642,-11.51188854464521
4571,True,"A3,B2,C3,D1,E1,F2",True,0.0,2166034.4661739594,-14.741597637519774
4572,True,"A3,B2,C3,D2,E1,F3",False,2.0,267252.3517194294,-7.723861451545929
4573,True,"A3,B2,C3,D2,E1,F3",False,2.0,90229.43228814648,-5.652294985681536
4574,True,"A3,B2,C3,D1,E1,F2",True,0.0,779434.7352874656,-10.68595242848204
4575,True,"A3,B2,C3,D1,E1,F2",True,0.0,127936.21949813023,-5.708213278641381
4576,True,"A3,B2,C3,D2,E3,F3",False,3.0,4047638.9763937774,-15.09522825376363
4577,True,"A3,B2,C3,D1,E1,F2",True,0.0,545092.5483942006,-10.224605429085727
4578,True,"A4,B2,C3,D2,E3,F2",False,3.0,2136628.68211527,-15.028815816337037
4579,True,"A3,B2,C3,D1,E1,F2",True,0.0,1204603.8498340412,-10.19196154060154
4580,True,"A3,B2,C3,D1,E1,F2",True,0.0,341548.9747570179,-8.660210807007644
4581,True,"A3,B2,C3,D1,E1,F2",True,0.0,10288.420504169279,-3.15087757589653
4582,True,"A3,B2,C3,D1,E1,F2",True,0.0,161465.79793337334,-6.011440751904118
4583,True,"A3,B2,C3,D2,E1,F3",False,2.0,15689.156649284587,-2.470191247944001
4584,True,"A3,B2,C3,D1,E1,F2",True,0.0,1048601.9038231822,-11.594713555228559
4585,True,"A3,B2,C3,D2,E1,F2",False,1.0,3301491.4854830382,-13.868846402020537
4586,True,"A4,B2,C3,D2,E2,F1",False,4.0,60683.360390665875,-5.451308033106329
4587,True,"A3,B2,C3,D1,E1,F2",True,0.0,142745.78224849614,-5.638083308121253
4588,True,"A4,B2,C3,D2,E3,F2",False,3.0,85748.1899977603,-5.327061255206928
4589,True,"A3,B2,C3,D1,E1,F2",True,0.0,883476.9685013746,-9.792646043209245
4590,True,"A4,B2,C3,D2,E2,F1",False,4.0,164552.945660373,-7.503879030920444
4591,True,"A4,B2,C3,D2,E2,F1",False,4.0,309961.16533292964,-8.665007781871694
4592,True,"A3,B2,C3,D2,E1,F1",False,2.0,283864.69599093177,-7.269564866687276
4593,True,"A3,B2,C3,D2,E1,F3",False,2.0,52631.60151395533,-5.322225885186484
4594,True,"A3,B2,C3,D1,E1,F2",True,0.0,43080.24817275505,-5.3972098610307455
4595,True,"A4,B2,C3,D2,E3,F1",False,4.0,296148.4716035993,-10.32293366450888
4596,True,"A4,B2,C3,D2,E3,F1",False,4.0,100637.99918061585,-6.490118618638917
4597,True,"A3,B2,C3,D1,E1,F2",True,0.0,2514535.1445702007,-12.961217863311752
4598,True,"A3,B2,C3,D2,E1,F2",False,1.0,2671692.8235327005,-12.844624963981097
4599,True,"A3,B2,C3,D2,E1,F2",False,1.0,3289832.6664041644,-15.651534452121233
4600,True,"A3,B2,C3,D2,E1,F3",False,2.0,308709.51651550527,-7.283336759975043
4601,True,"A4,B2,C3,D2,E3,F2",False,3.0,1655121.6376748588,-14.086823464992364
4602,True,"A3,B2,C3,D1,E1,F2",True,0.0,1124798.081837985,-10.330922490478798
4603,True,"A4,B2,C3,D2,E3,F2",False,3.0,3037633.694404449,-15.235319807802256
4604,True,"A3,B2,C3,D1,E1,F2",True,0.0,37213.48321088016,-3.610856106995328
4605,True,"A3,B2,C3,D2,E1,F2",False,1.0,3174798.33494132,-13.58539877790028
4606,True,"A3,B2,C3,D2,E1,F2",False,1.0,2533266.4964795187,-12.98614714481635
4607,True,"A4,B2,C3,D2,E3,F2",False,3.0,1849708.3190423064,-13.302727818896962
4608,True,"A4,B2,C3,D2,E2,F1",False,4.0,906241.7118053793,-10.831882906335686
4609,True,"A3,B2,C3,D2,E1,F3",False,2.0,2860332.427628109,-15.20857014644507
4610,True,"A3,B2,C3,D2,E1,F3",False,2.0,417664.36517232377,-8.870698837602646
4611,True,"A3,B2,C3,D2,E1,F2",False,1.0,2290467.028876954,-12.641982430613432
4612,True,"A4,B2,C3,D2,E3,F1",False,4.0,111318.81284236292,-7.9755650152543325
4613,True,"A4,B2,C3,D2,E2,F1",False,4.0,44701.17493812636,-5.275398203004443
4614,True,"A4,B2,C3,D2,E3,F2",False,3.0,1105284.8394606079,-11.147667050510748
4615,True,"A3,B2,C3,D1,E1,F2",True,0.0,140054.01721501385,-5.85678273480022
4616,True,"A4,B2,C3,D2,E3,F2",False,3.0,2353141.5799211976,-15.667964268325505
4617,True,"A3,B2,C3,D1,E1,F2",True,0.0,302316.64132315014,-8.419170649869699
4618,True,"A3,B2,C3,D2,E1,F2",False,1.0,1281730.7579999098,-10.600534122021372
4619,True,"A4,B2,C3,D2,E3,F2",False,3.0,2093723.9744247892,-14.041857222861047
4620,True,"A3,B2,C3,D1,E1,F1",False,1.0,19517.496610760678,-4.957274807574564
4621,True,"A3,B2,C3,D2,E1,F3",False,2.0,990740.2153636331,-10.070264422799113
4622,True,"A3,B2,C3,D2,E1,F2",False,1.0,2275746.9898981955,-12.865670923016012
4623,True,"A3,B2,C3,D2,E1,F3",False,2.0,261961.49983726803,-8.076114061806152
4624,True,"A4,B2,C3,D2,E3,F1",False,4.0,28164.611596797622,-5.780596621471162
4625,True,"A3,B2,C3,D1,E1,F2",True,0.0,353661.25902365893,-7.39445099060336
4626,True,"A3,B2,C3,D2,E1,F1",False,2.0,1652754.4790075766,-12.467315220431345
4627,True,"A3,B2,C3,D1,E1,F2",True,0.0,1143263.1176123412,-11.410832282012151
4628,True,"A3,B2,C3,D2,E1,F3",False,2.0,3077490.602974239,-15.983253191757129
4629,True,"A3,B2,C3,D2,E1,F2",False,1.0,3056999.856198808,-14.521128202172235
4630,True,"A3,B2,C3,D2,E1,F3",False,2.0,26523.56609318391,-3.010227144815005
4631,True,"A3,B2,C3,D2,E1,F1",False,2.0,51093.93784649917,-5.337628096675999
4632,True,"A3,B2,C3,D2,E1,F2",False,1.0,1267529.774842787,-10.413495163659825
4633,True,"A3,B2,C3,D1,E1,F2",True,0.0,71496.25889484036,-4.688493521234548
4634,True,"A3,B2,C3,D2,E1,F1",False,2.0,2528348.952526248,-13.799190105834576
4635,True,"A4,B2,C3,D2,E2,F1",False,4.0,1514125.6354960753,-12.940564645972565
4636,True,"A4,B2,C3,D2,E2,F2",False,3.0,2819410.7033638386,-14.930227179713647
4637,True,"A3,B2,C3,D1,E1,F2",True,0.0,231833.58371900584,-6.010791716513751
4638,True,"A4,B2,C3,D2,E2,F2",False,3.0,2655472.0152444574,-14.757519273321869
4639,True,"A4,B2,C3,D2,E3,F2",False,3.0,229869.8222988805,-8.65252641314541
4640,True,"A4,B2,C3,D2,E3,F1",False,4.0,1401029.6407747357,-12.516426035349888
4641,True,"A3,B2,C3,D2,E1,F2",False,1.0,1726403.6597347208,-11.79595528637055
4642,True,"A3,B2,C3,D1,E1,F1",False,1.0,27787.116012433038,-3.504373784245985
4643,True,"A3,B2,C3,D2,E1,F3",False,2.0,514574.3385705237,-10.281002479862885
4644,True,"A3,B2,C3,D2,E1,F1",False,2.0,2207088.7827664823,-12.203483094878344
4645,True,"A3,B2,C3,D1,E1,F2",True,0.0,36340.587321844694,-5.313750571831193
4646,True,"A3,B2,C3,D2,E1,F3",False,2.0,4118107.0940262387,-15.577401467225862
4647,True,"A3,B2,C3,D2,E1,F3",False,2.0,62622.6662972466,-5.292782593819197
4648,True,"A3,B2,C3,D1,E1,F1",False,1.0,1084136.3538468292,-11.289241972092064
4649,True,"A3,B2,C3,D1,E1,F2",True,0.0,934491.4439009554,-10.896361052576367
4650,True,"A3,B2,C3,D1,E1,F2",True,0.0,601628.9948129322,-9.540249293535624
4651,True,"A3,B2,C3,D1,E1,F2",True,0.0,107775.89699804134,-6.157201745880357
4652,True,"A3,B2,C3,D1,E1,F2",True,0.0,215876.91693188195,-7.4779168653483765
4653,True,"A3,B2,C3,D1,E1,F2",True,0.0,494150.99747534556,-8.431858481078052
4654,True,"A3,B2,C3,D1,E1,F2",True,0.0,1083448.2098448381,-11.028932630347889
4655,True,"A3,B2,C3,D1,E1,F2",True,0.0,169300.52859632298,-5.962728830243989
4656,True,"A3,B2,C3,D1,E1,F2",True,0.0,446139.715041165,-8.237340766983664
4657,True,"A3,B2,C3,D2,E1,F3",False,2.0,39302.5812105413,-3.9904372030548245
4658,True,"A4,B2,C3,D2,E3,F2",False,3.0,494660.7341946125,-7.852200694577874
4659,True,"A3,B2,C3,D2,E2,F3",False,3.0,1512950.5739420466,-12.978762085533745
4660,True,"A4,B2,C3,D2,E3,F1",False,4.0,305902.970642392,-9.097953200303678
4661,True,"A3,B2,C3,D1,E1,F2",True,0.0,259751.68020302948,-6.677204460524223
4662,True,"A3,B2,C3,D2,E1,F3",False,2.0,361569.4261063257,-8.332167385908448
4663,True,"A3,B2,C3,D1,E1,F2",True,0.0,1192271.513697295,-11.245168975336668
4664,True,"A3,B2,C3,D1,E1,F1",False,1.0,228839.81546436148,-8.05701564477036
4665,True,"A4,B2,C3,D2,E3,F2",False,3.0,352083.86229776096,-8.140549467869263
4666,True,"A4,B2,C3,D2,E3,F1",False,4.0,15069.694486510376,-3.689241244653644
4667,True,"A3,B2,C3,D1,E1,F2",True,0.0,82575.30762421915,-4.431306829156739
4668,True,"A4,B2,C3,D2,E2,F1",False,4.0,1325988.6065479056,-12.918070785611448
4669,True,"A3,B2,C3,D2,E1,F3",False,2.0,2436691.33727808,-13.505388418285783
4670,True,"A4,B2,C3,D2,E3,F2",False,3.0,2017558.1104275472,-12.755509318325771
4671,True,"A4,B2,C3,D2,E3,F1",False,4.0,27928.582745902935,-4.598804837372484
4672,True,"A4,B2,C3,D2,E3,F2",False,3.0,2206049.356425683,-14.906844141277382
4673,True,"A3,B2,C3,D1,E1,F2",True,0.0,187770.59904011188,-7.695128673539813
4674,True,"A4,B2,C3,D2,E3,F2",False,3.0,1147925.2365519835,-12.770719033496064
4675,True,"A4,B2,C3,D2,E1,F2",False,2.0,693038.0563147173,-10.46326548345948
4676,True,"A4,B2,C3,D2,E3,F2",False,3.0,868280.0619261138,-11.110957329867503
4677,True,"A4,B2,C3,D2,E3,F2",False,3.0,670245.6635238628,-9.520432286836126
4678,True,"A3,B2,C3,D1,E1,F2",True,0.0,120816.35266356422,-6.140513726283217
4679,True,"A3,B2,C3,D2,E1,F3",False,2.0,980795.6738202791,-11.358411960877767
4680,True,"A3,B2,C3,D2,E1,F2",False,1.0,2369304.082623692,-13.548675197587407
4681,True,"A4,B2,C3,D2,E3,F1",False,4.0,2375570.723983071,-14.330916798075329
4682,True,"A4,B2,C3,D2,E3,F2",False,3.0,3462937.0209816345,-17.35050177294314
4683,True,"A3,B2,C3,D2,E1,F1",False,2.0,123527.18404796296,-5.145361647378749
4684,True,"A3,B2,C3,D2,E1,F3",False,2.0,628045.4314991015,-8.609655157256398
4685,True,"A4,B2,C3,D2,E3,F1",False,4.0,118767.38805833533,-7.617018329748362
4686,True,"A3,B2,C3,D2,E1,F3",False,2.0,4432.850106953718,-2.413848896254123
4687,True,"A3,B2,C3,D2,E1,F3",False,2.0,604125.8166031685,-10.166283767000145
4688,True,"A3,B2,C3,D2,E1,F2",False,1.0,1188283.8882379509,-11.179274087316458
4689,True,"A3,B2,C3,D1,E1,F2",True,0.0,276671.25211573986,-8.054551678805907
4690,True,"A4,B2,C3,D2,E2,F1",False,4.0,9747.910525388876,-1.5880606968958517
4691,True,"A4,B2,C3,D2,E3,F2",False,3.0,1202352.688254841,-11.713672363732883
4692,True,"A4,B2,C3,D2,E3,F2",False,3.0,273925.40542381164,-7.290399756157768
4693,True,"A3,B2,C3,D2,E1,F1",False,2.0,329785.65930483333,-8.848548612985383
4694,True,"A3,B2,C3,D2,E1,F3",False,2.0,1244706.8068153195,-12.080813636393806
4695,True,"A4,B2,C3,D2,E3,F2",False,3.0,3087572.295195617,-16.128992563775014
4696,True,"A3,B2,C3,D1,E1,F1",False,1.0,24750.77194231719,-3.885605261474254
4697,True,"A3,B2,C3,D1,E1,F2",True,0.0,121933.65171145958,-6.957856713591326
4698,True,"A4,B2,C3,D2,E3,F1",False,4.0,60481.59651657067,-5.695289718294433
4699,True,"A4,B2,C3,D2,E3,F2",False,3.0,4003592.1549771675,-16.021397896289116
4700,True,"A3,B2,C3,D1,E1,F1",False,1.0,15276.205205140877,-4.917353200690059
4701,True,"A3,B2,C3,D2,E1,F3",False,2.0,448423.0189624352,-7.731830427264455
4702,True,"A3,B2,C3,D2,E1,F3",False,2.0,427253.5990056578,-8.281669794221173
4703,True,"A4,B2,C3,D2,E3,F2",False,3.0,2785141.4413801874,-14.770546430656616
4704,True,"A3,B2,C3,D1,E1,F2",True,0.0,184322.7787674759,-6.691271043942024
4705,True,"A3,B2,C3,D1,E1,F2",True,0.0,1022339.5574273695,-9.402202303102584
4706,True,"A3,B2,C3,D2,E1,F1",False,2.0,658821.5099823055,-9.181411970144651
4707,True,"A4,B2,C3,D2,E2,F1",False,4.0,931795.4273091577,-12.336358777242829
4708,True,"A3,B2,C3,D2,E1,F3",False,2.0,93852.79873805396,-4.744226586384968
4709,True,"A4,B2,C3,D2,E3,F2",False,3.0,3150677.2899069074,-16.39925746404389
4710,True,"A3,B2,C3,D2,E1,F2",False,1.0,1766044.8269178616,-12.268579712662138
4711,True,"A4,B2,C3,D2,E3,F1",False,4.0,62124.73679468629,-4.901175971851657
4712,True,"A3,B2,C3,D1,E1,F1",False,1.0,26436.119664191883,-4.866065352643744
4713,True,"A4,B2,C3,D2,E3,F2",False,3.0,2066573.8073305574,-13.00641172108665
4714,True,"A3,B2,C3,D1,E1,F2",True,0.0,866249.3819050664,-10.947402781781179
4715,True,"A4,B2,C3,D2,E3,F2",False,3.0,1406264.9099703536,-11.839830011195787
4716,True,"A4,B2,C3,D2,E3,F2",False,3.0,1160952.6494040093,-10.927572832291908
4717,True,"A3,B2,C3,D1,E1,F2",True,0.0,99442.90912351177,-6.3773202612981805
4718,True,"A3,B2,C3,D2,E1,F3",False,2.0,2955.6517163288354,-1.5527184497161386
4719,True,"A4,B2,C3,D2,E3,F1",False,4.0,160766.59036104992,-7.829950389345839
4720,True,"A3,B2,C3,D1,E1,F1",False,1.0,1732937.0740930887,-12.86135289498219
4721,True,"A3,B2,C3,D2,E1,F1",False,2.0,877755.5649828847,-10.662586634525113
4722,True,"A4,B2,C3,D2,E3,F2",False,3.0,420307.27923033095,-8.004980149366489
4723,True,"A3,B2,C3,D2,E1,F3",False,2.0,227312.7167460113,-7.594604405838496
4724,True,"A3,B2,C3,D1,E1,F1",False,1.0,2888.6242402293387,-2.3217689669988317
4725,True,"A4,B2,C3,D2,E3,F1",False,4.0,100143.19915903971,-7.211399717100761
4726,True,"A4,B2,C3,D2,E3,F1",False,4.0,37982.89663175619,-6.292280541334833
4727,True,"A4,B2,C3,D2,E3,F2",False,3.0,2016317.6412137186,-15.582824445283578
4728,True,"A4,B2,C3,D2,E3,F1",False,4.0,158844.5824663379,-8.208497741833256
4729,True,"A3,B2,C3,D1,E1,F2",True,0.0,1388814.7035362625,-11.079104592643347
4730,True,"A3,B2,C3,D1,E1,F2",True,0.0,514618.8370569693,-9.443675448876832
4731,True,"A4,B2,C3,D2,E3,F1",False,4.0,31655.751601442556,-5.050138795502264
4732,True,"A4,B2,C3,D2,E2,F1",False,4.0,29033.111030735978,-4.756812470021686
4733,True,"A3,B2,C3,D1,E1,F2",True,0.0,179193.95605831165,-6.991361346331516
4734,True,"A3,B2,C3,D1,E1,F1",False,1.0,10047.09451157931,-3.2996056791630934
4735,True,"A4,B2,C3,D2,E3,F2",False,3.0,954264.1546381044,-11.36299191594589
4736,True,"A3,B2,C3,D1,E1,F2",True,0.0,37348.38694251801,-4.32925458248485
4737,True,"A3,B2,C3,D2,E1,F2",False,1.0,791619.6291186556,-9.173211192351829
4738,True,"A3,B2,C3,D2,E1,F3",False,2.0,899807.8195916322,-9.737549243770978
4739,True,"A4,B2,C3,D2,E3,F2",False,3.0,142357.67540651455,-7.944059233526232
4740,True,"A3,B2,C3,D2,E1,F3",False,2.0,68776.61714001525,-6.337154941310672
4741,True,"A3,B2,C3,D2,E1,F3",False,2.0,84027.59223256401,-4.785016760773374
4742,True,"A3,B2,C3,D1,E1,F2",True,0.0,2153339.829177256,-13.47362541455037
4743,True,"A3,B2,C3,D2,E1,F3",False,2.0,79605.59913965582,-4.474761246965187
4744,True,"A3,B2,C3,D1,E1,F2",True,0.0,1825362.744853603,-13.583979275455839
4745,True,"A3,B2,C3,D1,E1,F2",True,0.0,16654.06390626867,-2.5369994282262667
4746,True,"A4,B2,C3,D2,E3,F1",False,4.0,409945.60777540755,-10.340459503087331
4747,True,"A4,B2,C3,D2,E3,F1",False,4.0,101747.72881130487,-6.900958293891932
4748,True,"A3,B2,C3,D1,E1,F1",False,1.0,102344.10164126253,-5.83942958588726
4749,True,"A3,B2,C3,D1,E1,F1",False,1.0,121241.97644022535,-6.032887993901852
4750,True,"A3,B2,C3,D2,E1,F1",False,2.0,424876.91865798156,-10.48222390649893
4751,True,"A3,B2,C3,D2,E1,F1",False,2.0,1370611.991314306,-12.499451250053127
4752,True,"A3,B2,C3,D2,E1,F3",False,2.0,2099707.979767801,-12.860156239892184
4753,True,"A3,B2,C3,D2,E1,F2",False,1.0,3605532.0067766462,-15.4681003141732
4754,True,"A3,B2,C3,D1,E1,F2",True,0.0,1314762.1383352564,-10.487213222144696
4755,True,"A4,B2,C3,D2,E1,F2",False,2.0,127477.19279127005,-6.033625408741571
4756,True,"A4,B2,C3,D2,E3,F1",False,4.0,2126806.8586701937,-16.211086307353106
4757,True,"A4,B2,C3,D2,E3,F2",False,3.0,339214.7313936658,-8.872352553598816
4758,True,"A3,B2,C3,D1,E1,F1",False,1.0,49397.67743773787,-5.173864880906436
4759,True,"A4,B2,C3,D2,E3,F1",False,4.0,85802.28838507364,-6.4752613654460305
4760,True,"A3,B2,C3,D2,E2,F3",False,3.0,3251093.5684102443,-16.34684256736645
4761,True,"A4,B2,C3,D2,E3,F2",False,3.0,1260608.669522693,-13.20307211164149
4762,True,"A3,B2,C3,D1,E1,F2",True,0.0,436983.8474488734,-10.306657616449954
4763,True,"A3,B2,C3,D1,E1,F2",True,0.0,2223118.432415406,-14.149274852283831
4764,True,"A3,B2,C3,D1,E1,F1",False,1.0,43545.497345219985,-4.215927660424597
4765,True,"A3,B2,C3,D2,E1,F3",False,2.0,761022.9328136282,-11.39391661002962
4766,True,"A4,B2,C3,D2,E3,F2",False,3.0,438332.9745819815,-9.608847480312377
4767,True,"A3,B2,C3,D2,E1,F3",False,2.0,37830.32059714499,-5.2431125872666655
4768,True,"A3,B2,C3,D2,E1,F2",False,1.0,2952329.8979968554,-13.658922291050274
4769,True,"A3,B2,C3,D2,E1,F2",False,1.0,1171426.6971335853,-12.80193675105722
4770,True,"A4,B2,C3,D2,E3,F1",False,4.0,445858.7835488788,-8.744678731160946
4771,True,"A3,B2,C3,D2,E1,F2",False,1.0,1986731.8730733308,-12.613094807126956
4772,True,"A4,B2,C3,D2,E3,F2",False,3.0,194649.73143749186,-8.243967311802649
4773,True,"A4,B2,C3,D2,E3,F1",False,4.0,314500.29249654233,-9.714541146355558
4774,True,"A4,B2,C3,D2,E3,F1",False,4.0,219371.64684118624,-7.632161842982825
4775,True,"A3,B2,C3,D2,E1,F2",False,1.0,1642100.396743593,-11.820973580813934
4776,True,"A3,B2,C3,D1,E1,F2",True,0.0,182721.91511856156,-5.602460314297289
4777,True,"A4,B2,C3,D2,E3,F1",False,4.0,75206.5042623292,-6.71203228431736
4778,True,"A3,B2,C3,D2,E1,F3",False,2.0,42936.175233415364,-3.328023063792017
4779,True,"A3,B2,C3,D1,E1,F1",False,1.0,50691.044246916055,-5.409668718485776
4780,True,"A3,B2,C3,D1,E1,F2",True,0.0,366739.863604274,-9.461656431817957
4781,True,"A3,B2,C3,D1,E1,F2",True,0.0,231551.74669928654,-5.922493443242871
4782,True,"A3,B2,C3,D2,E1,F1",False,2.0,2103880.2680021566,-13.116018133651679
4783,True,"A3,B2,C3,D2,E1,F2",False,1.0,2530611.9210687755,-13.435173206943546
4784,True,"A3,B2,C3,D2,E1,F2",False,1.0,1302088.7059670244,-12.135801224184597
4785,True,"A4,B2,C3,D2,E3,F2",False,3.0,1885579.232853041,-14.468433435628327
4786,True,"A3,B2,C3,D2,E1,F3",False,2.0,170515.6243934916,-5.869096392139639
4787,True,"A3,B2,C3,D2,E1,F2",False,1.0,975709.7682485764,-9.51190360428906
4788,True,"A4,B2,C3,D2,E3,F2",False,3.0,3080024.6231047832,-15.757426555332515
4789,True,"A3,B2,C3,D2,E1,F3",False,2.0,72355.29394113846,-3.6163319087247174
4790,True,"A3,B2,C3,D1,E1,F2",True,0.0,1623713.9753542354,-11.706099416501758
4791,True,"A3,B2,C3,D1,E1,F2",True,0.0,370490.8836374978,-7.5342961390653045
4792,True,"A3,B2,C3,D1,E1,F2",True,0.0,39953.71792687448,-3.9676803200876094
4793,True,"A3,B2,C3,D2,E1,F2",False,1.0,2995215.231801613,-14.296148821329865
4794,True,"A3,B2,C3,D1,E1,F2",True,0.0,1111990.1688340611,-11.850528306154423
4795,True,"A4,B2,C3,D2,E3,F2",False,3.0,2334434.9668666376,-14.02860838224587
4796,True,"A4,B2,C3,D2,E3,F2",False,3.0,366044.4613164388,-9.62768700216894
4797,True,"A3,B2,C3,D2,E1,F2",False,1.0,3432697.110138094,-13.820177319891911
4798,True,"A4,B2,C3,D2,E1,F2",False,2.0,1328118.1605730795,-12.29609398141507
4799,True,"A3,B2,C3,D1,E1,F2",True,0.0,603832.8013177067,-9.8960228063832
4800,True,"A3,B2,C3,D2,E1,F1",False,2.0,1471225.2088590397,-12.893876138670649
4801,True,"A3,B2,C3,D1,E1,F2",True,0.0,938562.9089574313,-9.904363597106581
4802,True,"A3,B2,C3,D2,E1,F3",False,2.0,211726.14310352347,-7.7156515827148695
4803,True,"A3,B2,C3,D1,E1,F2",True,0.0,285644.1969234623,-6.864591913515127
4804,True,"A3,B2,C3,D2,E1,F3",False,2.0,754086.8951011177,-10.243268018699908
4805,True,"A3,B2,C3,D2,E1,F1",False,2.0,84241.80384744388,-6.477006280823275
4806,True,"A3,B2,C3,D2,E1,F2",False,1.0,3522785.766177542,-13.489988181722055
4807,True,"A3,B2,C3,D2,E1,F2",False,1.0,3266973.1608124743,-16.124109635031473
4808,True,"A3,B2,C3,D1,E1,F2",True,0.0,256593.79846784307,-7.184861646277355
4809,True,"A3,B2,C3,D1,E1,F2",True,0.0,439680.00421628763,-7.740912431417627
4810,True,"A3,B2,C3,D2,E1,F1",False,2.0,368122.81321588106,-8.887007272425066
4811,True,"A3,B2,C3,D1,E1,F2",True,0.0,2223410.7366034575,-14.78446512019201
4812,True,"A3,B2,C3,D2,E2,F3",False,3.0,2163458.056298321,-14.077195288204933
4813,True,"A4,B2,C3,D2,E3,F2",False,3.0,1006291.0270718432,-11.295093619516855
4814,True,"A4,B2,C3,D2,E3,F2",False,3.0,2267581.790611152,-14.457267586639418
4815,True,"A4,B2,C3,D2,E3,F2",False,3.0,304269.50953152333,-8.352350669557438
4816,True,"A3,B2,C3,D2,E1,F3",False,2.0,87349.70333292261,-4.160706302095207
4817,True,"A3,B2,C3,D1,E1,F2",True,0.0,72597.38108354234,-3.5545718025624637
4818,True,"A4,B2,C3,D2,E2,F1",False,4.0,142387.7150276104,-7.114614663273329
4819,True,"A3,B2,C3,D1,E1,F1",False,1.0,93290.06227311085,-5.999034928531785
4820,True,"A3,B2,C3,D2,E1,F3",False,2.0,127586.68833877145,-5.74791267167987
4821,True,"A3,B2,C3,D2,E1,F3",False,2.0,395527.865203921,-8.609908079193303
4822,True,"A3,B2,C3,D2,E1,F2",False,1.0,929213.8425344486,-9.741004072839246
4823,True,"A4,B2,C3,D2,E3,F2",False,3.0,120511.70603626363,-7.323543930961151
4824,True,"A4,B2,C3,D2,E3,F1",False,4.0,30047.11955941755,-4.783082917582661
4825,True,"A3,B2,C3,D2,E1,F2",False,1.0,3669102.9040762503,-14.01933242711167
4826,True,"A3,B2,C3,D1,E1,F2",True,0.0,537767.0935876011,-8.97982682633699
4827,True,"A3,B2,C3,D1,E1,F2",True,0.0,941350.5495998056,-9.942608733621299
4828,True,"A3,B2,C3,D1,E1,F2",True,0.0,976624.1979625085,-9.57673706726358
4829,True,"A3,B2,C3,D1,E1,F2",True,0.0,850569.672446337,-9.338723274435694
4830,True,"A4,B2,C3,D2,E3,F1",False,4.0,10686.86374942541,-3.905469010791961
4831,True,"A3,B2,C3,D1,E1,F2",True,0.0,927202.2675111908,-11.495857973322401
4832,True,"A3,B2,C3,D2,E1,F3",False,2.0,79600.62080064572,-5.324496748761376
4833,True,"A3,B2,C3,D2,E1,F3",False,2.0,162954.52697478948,-6.248753402271248
4834,True,"A4,B2,C3,D2,E3,F2",False,3.0,2604690.3267351305,-14.453479356412437
4835,True,"A3,B2,C3,D1,E1,F2",True,0.0,1713504.2093274912,-13.865082042187389
4836,True,"A4,B2,C3,D2,E3,F1",False,4.0,68293.50513103198,-7.1474005216247605
4837,True,"A4,B2,C3,D2,E2,F1",False,4.0,2301927.664346872,-14.589338283223633
4838,True,"A3,B2,C3,D1,E1,F2",True,0.0,3363935.7941327672,-15.431311644275809
4839,True,"A3,B2,C3,D2,E1,F3",False,2.0,122863.78288713479,-6.903962890401942
4840,True,"A4,B2,C3,D2,E3,F1",False,4.0,529179.0229338043,-10.590607750946788
4841,True,"A3,B2,C3,D1,E1,F2",True,0.0,204676.9826333186,-6.983860925142622
4842,True,"A3,B2,C3,D1,E1,F2",True,0.0,598331.3520536316,-9.865892966395606
4843,True,"A4,B2,C3,D2,E2,F1",False,4.0,16027.360166391363,-4.203757681274951
4844,True,"A3,B2,C3,D2,E1,F1",False,2.0,521130.03710572596,-8.914669423760287
4845,True,"A4,B2,C3,D2,E2,F1",False,4.0,221502.77222409306,-7.828253867502937
4846,True,"A4,B2,C3,D2,E3,F2",False,3.0,171245.75370107853,-6.638687117001112
4847,True,"A4,B2,C3,D2,E3,F2",False,3.0,331767.0163847251,-8.255839586521688
4848,True,"A3,B2,C3,D1,E1,F2",True,0.0,1320809.4013459738,-10.754969685911725
4849,True,"A3,B2,C3,D2,E1,F3",False,2.0,622479.8828146785,-10.019262756235548
4850,True,"A3,B2,C3,D2,E1,F2",False,1.0,2343052.2936512358,-13.54222551447485
4851,True,"A3,B2,C3,D2,E1,F1",False,2.0,32918.80362864135,-4.790906235483789
4852,True,"A3,B2,C3,D2,E1,F3",False,2.0,1408767.8673541134,-12.413315486543397
4853,True,"A4,B2,C3,D2,E3,F2",False,3.0,3180189.4250158756,-14.37915796379712
4854,True,"A4,B2,C3,D2,E3,F2",False,3.0,2177351.589747495,-14.845698183038678
4855,True,"A4,B2,C3,D2,E3,F2",False,3.0,525863.7997663337,-10.431494775277272
4856,True,"A3,B2,C3,D2,E1,F3",False,2.0,599356.9005397563,-9.519502625183364
4857,True,"A3,B2,C3,D2,E1,F2",False,1.0,4932033.634933194,-16.293537453225895
4858,True,"A3,B2,C3,D1,E1,F1",False,1.0,44935.88551899358,-4.9903032693075176
4859,True,"A3,B2,C3,D1,E1,F2",True,0.0,134925.07015862333,-5.264246146124023
4860,True,"A4,B2,C3,D2,E3,F1",False,4.0,21687.051217432396,-5.010121674106486
4861,True,"A3,B2,C3,D2,E1,F3",False,2.0,63839.88623995626,-4.527199759655275
4862,True,"A3,B2,C3,D1,E1,F2",True,0.0,3834882.10508913,-15.814359582000648
4863,True,"A3,B2,C3,D1,E1,F2",True,0.0,44800.66539796872,-4.359643976090993
4864,True,"A3,B2,C3,D1,E1,F1",False,1.0,21902.31711703357,-4.469809768384138
4865,True,"A3,B2,C3,D1,E1,F2",True,0.0,809564.077687558,-11.205998462636117
4866,True,"A4,B2,C3,D2,E2,F1",False,4.0,612751.8962721007,-9.636064779973935
4867,True,"A4,B2,C3,D2,E3,F2",False,3.0,1024211.4053902008,-11.800637830422716
4868,True,"A3,B2,C3,D1,E1,F2",True,0.0,9718.506367481255,-2.4236002527021867
4869,True,"A3,B2,C3,D1,E1,F2",True,0.0,233902.66625756677,-6.97910251972435
4870,True,"A3,B2,C3,D1,E1,F2",True,0.0,107819.07825315955,-6.299977389601111
4871,True,"A4,B2,C3,D2,E3,F1",False,4.0,13456.806731323757,-5.118577170975215
4872,True,"A4,B2,C3,D2,E1,F2",False,2.0,201137.8687130025,-9.148482568257975
4873,True,"A3,B2,C3,D2,E1,F3",False,2.0,59799.877862536596,-3.7488803800025607
4874,True,"A4,B2,C3,D2,E3,F1",False,4.0,422869.0436805586,-11.005802214190936
4875,True,"A3,B2,C3,D2,E1,F1",False,2.0,2883223.6276314147,-16.056259511884804
4876,True,"A3,B2,C3,D2,E1,F2",False,1.0,4120470.719224746,-16.316809830494066
4877,True,"A4,B2,C3,D2,E3,F2",False,3.0,455918.8943056457,-8.95099607710759
4878,True,"A3,B2,C3,D1,E1,F2",True,0.0,105480.49571513786,-5.326643190063365
4879,True,"A3,B2,C3,D1,E1,F2",True,0.0,138753.5029375364,-6.320937194525371
4880,True,"A4,B2,C3,D2,E3,F2",False,3.0,514348.31728785223,-9.023913455032442
4881,True,"A3,B2,C3,D2,E1,F2",False,1.0,3950263.8960521733,-15.054825478642933
4882,True,"A3,B2,C3,D1,E1,F2",True,0.0,315830.1768445996,-8.35150123101566
4883,True,"A4,B2,C3,D2,E3,F2",False,3.0,3957555.3611050006,-17.46074849937599
4884,True,"A4,B2,C3,D2,E3,F1",False,4.0,501852.8377905918,-10.761264174298745
4885,True,"A3,B2,C3,D2,E1,F3",False,2.0,188931.99069605384,-6.423670224034126
4886,True,"A3,B2,C3,D1,E1,F2",True,0.0,932540.0344399587,-11.907902052321965
4887,True,"A4,B2,C3,D2,E3,F2",False,3.0,1276149.7298489131,-12.341222803312348
4888,True,"A4,B2,C3,D2,E2,F1",False,4.0,439435.48874937475,-10.438873571526159
4889,True,"A3,B2,C3,D1,E1,F2",True,0.0,1109392.667463934,-11.142274939955634
4890,True,"A4,B2,C3,D2,E2,F1",False,4.0,41804.32591000181,-5.280108034612056
4891,True,"A4,B2,C3,D2,E3,F1",False,4.0,3800.443999185462,-2.411680662802695
4892,True,"A3,B2,C3,D1,E1,F2",True,0.0,39971.11261060983,-4.140890297882024
4893,True,"A3,B2,C3,D1,E1,F2",True,0.0,916147.9486905276,-10.216264755857495
4894,True,"A3,B2,C3,D2,E1,F2",False,1.0,2617524.2057619193,-15.587064524402265
4895,True,"A4,B2,C3,D2,E3,F2",False,3.0,422388.90508766106,-9.73016763008772
4896,True,"A4,B2,C3,D2,E3,F2",False,3.0,721381.7261359335,-10.90319349700949
4897,True,"A4,B2,C3,D2,E3,F2",False,3.0,278367.80268567376,-7.544069011549098
4898,True,"A3,B2,C3,D2,E1,F2",False,1.0,3212737.053373856,-11.855519406672755
4899,True,"A4,B2,C3,D2,E3,F2",False,3.0,382795.78605410404,-10.493063983343191
4900,True,"A3,B2,C3,D1,E1,F2",True,0.0,1131891.230846603,-9.071882561101532
4901,True,"A3,B2,C3,D1,E1,F2",True,0.0,1946785.081952342,-11.352560480761412
4902,True,"A3,B2,C3,D1,E1,F2",True,0.0,241974.0694308775,-5.807557319181271
4903,True,"A3,B2,C3,D2,E1,F3",False,2.0,98030.75387803934,-3.7637302990203807
4904,True,"A3,B2,C3,D1,E1,F2",True,0.0,399564.4323578246,-8.168774844793631
4905,True,"A4,B2,C3,D2,E3,F2",False,3.0,862226.3438403263,-10.725664231635712
4906,True,"A4,B2,C3,D2,E2,F1",False,4.0,521092.1121792122,-9.9550155494548
4907,True,"A4,B2,C3,D2,E2,F1",False,4.0,1707870.7001860936,-14.4117090986068
4908,True,"A4,B2,C3,D2,E3,F1",False,4.0,154992.77537602163,-6.804256926071261
4909,True,"A3,B2,C3,D1,E1,F2",True,0.0,1306021.5333122732,-11.445681510540517
4910,True,"A3,B2,C3,D2,E1,F3",False,2.0,576419.8971931733,-8.576788307772773
4911,True,"A3,B2,C3,D2,E1,F2",False,1.0,3725949.467607509,-14.578046775007238
4912,True,"A4,B2,C3,D2,E2,F1",False,4.0,372739.197828405,-8.36983377234263
4913,True,"A4,B2,C3,D2,E2,F1",False,4.0,1218091.7466218045,-11.942621585473148
4914,True,"A3,B2,C3,D2,E1,F3",False,2.0,2542620.0690062735,-14.431592780924284
4915,True,"A3,B2,C3,D2,E1,F2",False,1.0,2687997.574014664,-13.682758539120137
4916,True,"A3,B2,C3,D2,E1,F2",False,1.0,2936020.0893223095,-14.65557770529638
4917,True,"A4,B2,C3,D2,E3,F1",False,4.0,242097.88985984414,-8.881394675596255
4918,True,"A3,B2,C3,D1,E1,F2",True,0.0,108316.88215980856,-5.031038722188384
4919,True,"A4,B2,C3,D2,E3,F1",False,4.0,103950.75137520405,-7.223329551166799
4920,True,"A3,B2,C3,D1,E1,F1",False,1.0,4615.939810391917,-1.855243759398391
4921,True,"A4,B2,C3,D2,E3,F2",False,3.0,222643.86466010465,-7.695380354948512
4922,True,"A3,B2,C3,D2,E1,F2",False,1.0,4581305.970400629,-14.088520964775519
4923,True,"A3,B2,C3,D1,E1,F1",False,1.0,155952.45880864921,-6.758778962010453
4924,True,"A4,B2,C3,D2,E3,F2",False,3.0,84892.1243638977,-5.38342229514565
4925,True,"A3,B2,C3,D1,E1,F2",True,0.0,9311.721355633052,-2.768648548976131
4926,True,"A3,B2,C3,D1,E1,F2",True,0.0,1117928.1015806987,-12.875108267658703
4927,True,"A4,B2,C3,D2,E3,F2",False,3.0,241688.13344746293,-8.329563514259675
4928,True,"A4,B2,C3,D2,E3,F1",False,4.0,80265.37384635107,-7.181567774619509
4929,True,"A4,B2,C3,D2,E2,F1",False,4.0,580499.8807305061,-9.487704710925115
4930,True,"A4,B2,C3,D2,E3,F2",False,3.0,567520.1739805723,-10.406665129011913
4931,True,"A4,B2,C3,D2,E3,F1",False,4.0,47799.8654725905,-4.483217886852955
4932,True,"A4,B2,C3,D2,E3,F2",False,3.0,1330164.305562029,-13.04744466026748
4933,True,"A3,B2,C3,D1,E1,F2",True,0.0,687738.3390850368,-8.114395641191408
4934,True,"A3,B2,C3,D1,E1,F2",True,0.0,579801.045327757,-7.49672804261958
4935,True,"A3,B2,C3,D2,E1,F3",False,2.0,182610.70730658396,-5.3840137968312405
4936,True,"A3,B2,C3,D2,E1,F2",False,1.0,1947712.628810728,-12.383637588577933
4937,True,"A4,B2,C3,D2,E3,F1",False,4.0,163096.78027570684,-8.119550135059143
4938,True,"A3,B2,C3,D2,E1,F3",False,2.0,185471.079565197,-5.7211646036239046
4939,True,"A3,B2,C3,D2,E1,F3",False,2.0,2197898.5892536817,-12.309641506170209
4940,True,"A4,B2,C3,D2,E3,F1",False,4.0,21395.99580130832,-4.375833230314711
4941,True,"A3,B2,C3,D1,E1,F1",False,1.0,24459.456426784134,-5.364276426111843
4942,True,"A3,B2,C3,D2,E1,F1",False,2.0,177281.49364114416,-7.070393697405422
4943,True,"A3,B2,C3,D2,E1,F2",False,1.0,605234.8649690597,-8.841428972615404
4944,True,"A3,B2,C3,D1,E1,F2",True,0.0,1665256.7047882185,-12.793857026432121
4945,True,"A3,B2,C3,D1,E1,F2",True,0.0,331671.43169816566,-7.1860310109713055
4946,True,"A3,B2,C3,D2,E1,F2",False,1.0,1586580.2039500684,-11.058186072110203
4947,True,"A3,B2,C3,D2,E1,F3",False,2.0,731364.6013095763,-9.338257186126455
4948,True,"A3,B2,C3,D2,E2,F3",False,3.0,2713183.5747029637,-13.564785073258491
4949,True,"A3,B2,C3,D2,E1,F3",False,2.0,25455.569237982345,-3.7777707556807627
4950,True,"A4,B2,C3,D2,E3,F2",False,3.0,341293.56829845655,-7.749554916284978
4951,True,"A4,B2,C3,D2,E3,F2",False,3.0,635478.6218686893,-10.574347572203834
4952,True,"A3,B2,C3,D1,E1,F2",True,0.0,274199.8658300887,-7.506360101170401
4953,True,"A3,B2,C3,D2,E1,F3",False,2.0,203427.88559286477,-7.4863083421261365
4954,True,"A4,B2,C3,D2,E2,F1",False,4.0,2768053.093617805,-15.676179168331622
4955,True,"A4,B2,C3,D2,E3,F2",False,3.0,2418139.712435887,-13.626725339147022
4956,True,"A3,B2,C3,D1,E1,F2",True,0.0,67240.96672004578,-4.8246605566362035
4957,True,"A3,B2,C3,D2,E1,F1",False,2.0,88846.77785869027,-5.456878046961137
4958,True,"A3,B2,C3,D1,E1,F1",False,1.0,13606.839558173097,-3.7290357172241784
4959,True,"A3,B2,C3,D2,E1,F2",False,1.0,2583819.9293356086,-14.012810826506552
4960,True,"A3,B2,C3,D2,E1,F2",False,1.0,3681305.951939448,-13.916476554882657
4961,True,"A4,B2,C3,D2,E3,F2",False,3.0,3690322.415358502,-14.836514321725161
4962,True,"A3,B2,C3,D1,E1,F2",True,0.0,225527.1635106613,-6.158840034911989
4963,True,"A4,B2,C3,D2,E1,F2",False,2.0,238258.75881837713,-9.288352017313542
4964,True,"A4,B2,C3,D2,E3,F1",False,4.0,112784.77156352824,-6.167252749203058
4965,True,"A3,B2,C3,D1,E1,F2",True,0.0,441403.1872067835,-7.053421364230971
4966,True,"A4,B2,C3,D2,E3,F1",False,4.0,147761.0354609452,-6.804518434274655
4967,True,"A4,B2,C3,D2,E3,F1",False,4.0,2047.3879768161755,-2.312428909313496
4968,True,"A4,B2,C3,D2,E3,F2",False,3.0,1202473.1188832175,-12.23456200068643
4969,True,"A4,B2,C3,D2,E3,F2",False,3.0,39697.1117710041,-4.726804172129221
4970,True,"A4,B2,C3,D2,E2,F1",False,4.0,2057849.0637835364,-14.185838865485074
4971,True,"A3,B2,C3,D2,E1,F1",False,2.0,705402.2495586612,-10.291083068814999
4972,True,"A4,B2,C3,D2,E3,F2",False,3.0,270429.9617559063,-7.9444954812204855
4973,True,"A3,B2,C3,D1,E1,F2",True,0.0,1666392.9281163134,-12.130045518520255
4974,True,"A3,B2,C3,D2,E1,F1",False,2.0,676787.3413863314,-10.4520888640062
4975,True,"A3,B2,C3,D1,E1,F2",True,0.0,124598.99858367137,-6.866010601830141
4976,True,"A4,B2,C3,D2,E3,F1",False,4.0,30988.745185039108,-5.491832435376821
4977,True,"A3,B2,C3,D2,E1,F2",False,1.0,1243659.9561452493,-12.506230480876681
4978,True,"A4,B2,C3,D2,E3,F2",False,3.0,3044575.512581882,-15.053710684982228
4979,True,"A3,B2,C3,D2,E1,F2",False,1.0,2559841.005217176,-13.350857863924936
4980,True,"A3,B2,C3,D1,E1,F2",True,0.0,1541104.541067549,-11.511309824138763
4981,True,"A3,B2,C3,D1,E1,F2",True,0.0,1099934.1611698724,-11.577521382495974
4982,True,"A3,B2,C3,D2,E1,F3",False,2.0,213670.3101164879,-7.456769044257186
4983,True,"A3,B2,C3,D1,E1,F2",True,0.0,630994.1534619097,-9.150371604212992
4984,True,"A3,B2,C3,D2,E1,F3",False,2.0,16244.781402495808,-2.7395450141071933
4985,True,"A4,B2,C3,D2,E3,F2",False,3.0,941358.4316226231,-10.071318351905823
4986,True,"A3,B2,C3,D2,E1,F2",False,1.0,2870001.258892507,-13.766154875880929
4987,True,"A3,B2,C3,D2,E1,F1",False,2.0,806560.6399213771,-10.954654353808351
4988,True,"A4,B2,C3,D2,E3,F1",False,4.0,382710.55009258405,-9.141996555081207
4989,True,"A3,B2,C3,D2,E1,F2",False,1.0,4068242.885191636,-12.81224009597743
4990,True,"A3,B2,C3,D1,E1,F2",True,0.0,10636.16761169507,-2.961203814019413
4991,True,"A4,B2,C3,D2,E2,F1",False,4.0,141634.79247882066,-7.11756490004089
4992,True,"A3,B2,C3,D2,E1,F1",False,2.0,3405599.430060772,-15.195994376565288
4993,True,"A3,B2,C3,D2,E1,F3",False,2.0,442488.2614174606,-8.453883346218646
4994,True,"A4,B2,C3,D2,E3,F2",False,3.0,648800.085211193,-11.65340088296017
4995,True,"A3,B2,C3,D1,E1,F1",False,1.0,663876.8560779893,-11.076227476719502
4996,True,"A4,B2,C3,D2,E2,F1",False,4.0,273019.54352991923,-8.792217586741842
4997,True,"A3,B2,C3,D1,E1,F2",True,0.0,106320.74992238397,-6.549658584163183
4998,True,"A3,B2,C3,D2,E1,F2",False,1.0,1448616.4762751155,-12.862145598541808
4999,True,"A3,B2,C3,D2,E1,F3",False,2.0,25916.93366774767,-3.8763401034192526
5000,True,"A3,B2,C3,D1,E1,F2",True,0.0,36754.321986496114,-5.505619334641665
5001,True,"A3,B2,C3,D1,E1,F2",True,0.0,74142.87061732836,-4.033299069204716
5002,True,"A3,B2,C3,D1,E1,F2",True,0.0,222067.95283503193,-7.9522136062781925
5003,True,"A4,B2,C3,D2,E3,F2",False,3.0,450691.85611937457,-9.36580075185445
5004,True,"A4,B2,C3,D2,E3,F2",False,3.0,2276182.605833852,-12.810602478545235
5005,True,"A3,B2,C3,D2,E1,F3",False,2.0,73881.99122240943,-4.67925161135102
5006,True,"A4,B2,C3,D2,E3,F1",False,4.0,173772.47955815768,-8.960328001338723
5007,True,"A3,B2,C3,D2,E1,F3",False,2.0,218263.15170855308,-6.334076914874984
5008,True,"A3,B2,C3,D1,E1,F2",True,0.0,2023322.0857461262,-14.09743967999129
5009,True,"A3,B2,C3,D2,E1,F2",False,1.0,1024306.3612715342,-10.765020991554117
5010,True,"A4,B2,C3,D2,E3,F2",False,3.0,864344.7124775966,-9.834179794140994
5011,True,"A4,B2,C3,D2,E3,F2",False,3.0,2542424.288208347,-15.815574035437443
5012,True,"A3,B2,C3,D2,E1,F3",False,2.0,121617.9450868785,-7.280467499735735
5013,True,"A3,B2,C3,D1,E1,F2",True,0.0,1621199.2885871988,-13.383658123855717
5014,True,"A4,B2,C3,D2,E3,F2",False,3.0,140945.72127671068,-7.024887455418039
5015,True,"A4,B2,C3,D2,E3,F2",False,3.0,253922.3362974195,-7.601962222252368
5016,True,"A3,B2,C3,D2,E5,F3",False,3.0,12107.902463305054,-2.2840140448958266
5017,True,"A3,B2,C3,D2,E1,F2",False,1.0,1923263.2738610008,-10.985048395915975
5018,True,"A4,B2,C3,D2,E3,F2",False,3.0,2128024.0046195206,-14.919194428117308
5019,True,"A4,B2,C3,D2,E3,F1",False,4.0,56265.64370010933,-6.167249015953686
5020,True,"A4,B2,C3,D2,E3,F2",False,3.0,981163.4649846589,-11.330100167370276
5021,True,"A3,B2,C3,D2,E1,F3",False,2.0,150427.78558580478,-6.380280017701878
5022,True,"A3,B2,C3,D1,E1,F2",True,0.0,55315.485310611686,-3.6478323859915207
5023,True,"A3,B2,C3,D1,E1,F2",True,0.0,461895.61865035293,-6.729438188996312
5024,True,"A3,B2,C3,D2,E1,F1",False,2.0,891833.9740226971,-9.787208174255781
5025,True,"A4,B2,C3,D2,E3,F1",False,4.0,10771.497865301006,-2.5815756613091025
5026,True,"A3,B2,C3,D1,E1,F2",True,0.0,1878321.2630006515,-12.564280691515584
5027,True,"A3,B2,C3,D1,E1,F2",True,0.0,1084586.01118758,-11.935893122020104
5028,True,"A3,B2,C3,D2,E1,F3",False,2.0,29896.927506681313,-4.534137641044325
5029,True,"A3,B2,C3,D2,E1,F2",False,1.0,395580.6247726931,-7.955986076877096
5030,True,"A3,B2,C3,D2,E1,F3",False,2.0,564573.2213510731,-8.815777173781669
5031,True,"A3,B2,C3,D2,E1,F3",False,2.0,74515.81485024096,-4.788281384964989
5032,True,"A3,B2,C3,D1,E1,F2",True,0.0,490559.71691688744,-8.903831958532791
5033,True,"A3,B2,C3,D2,E1,F2",False,1.0,4135412.6562131746,-14.519763381541772
5034,True,"A3,B2,C3,D1,E1,F1",False,1.0,76344.2808286845,-5.187693771179411
5035,True,"A4,B2,C3,D2,E3,F2",False,3.0,1228168.514385054,-11.739364289624135
5036,True,"A3,B2,C3,D2,E1,F3",False,2.0,247527.61446638205,-6.398806104219531
5037,True,"A3,B2,C3,D2,E1,F1",False,2.0,371936.3380628105,-8.127178258428373
5038,True,"A3,B2,C3,D1,E1,F2",True,0.0,320274.0277311131,-6.541992943837769
5039,True,"A3,B2,C3,D1,E1,F2",True,0.0,173715.76310922072,-7.879336215229188
5040,True,"A3,B2,C3,D1,E1,F2",True,0.0,431703.4444959851,-7.518439404905379
5041,True,"A3,B2,C3,D1,E1,F2",True,0.0,1687501.173813532,-11.996782355737665
5042,True,"A3,B2,C3,D2,E1,F3",False,2.0,89253.20614696968,-5.242903634271528
5043,True,"A4,B2,C3,D2,E3,F1",False,4.0,44144.59893269528,-6.363348878785601
5044,True,"A4,B2,C3,D2,E3,F2",False,3.0,3577.0063089731034,-1.1193367132668897
5045,True,"A4,B2,C3,D2,E2,F1",False,4.0,2322513.481845859,-14.963197076211479
5046,True,"A3,B2,C3,D2,E1,F1",False,2.0,932765.079331562,-10.519288020270366
5047,True,"A4,B2,C3,D2,E3,F1",False,4.0,72918.80911782819,-5.573042471563852
5048,True,"A3,B2,C3,D1,E1,F1",False,1.0,22284.490457105472,-4.8554826930325135
5049,True,"A3,B2,C3,D1,E1,F2",True,0.0,209716.2719755442,-6.293025338805549
5050,True,"A4,B2,C3,D2,E3,F2",False,3.0,1716428.1927399465,-14.390693733382506
5051,True,"A3,B2,C3,D2,E1,F3",False,2.0,80767.14004631287,-6.097437155649018
5052,True,"A4,B2,C3,D2,E3,F1",False,4.0,120468.10528528804,-7.854361150531332
5053,True,"A4,B2,C3,D2,E3,F2",False,3.0,224860.76229070532,-8.13021944282093
5054,True,"A3,B2,C3,D1,E1,F2",True,0.0,714684.5985974497,-9.007974635508006
5055,True,"A3,B2,C3,D1,E1,F2",True,0.0,497033.268089009,-8.932226704227233
5056,True,"A4,B2,C3,D2,E3,F2",False,3.0,952731.6914699367,-10.22641902427096
5057,True,"A3,B2,C3,D1,E1,F2",True,0.0,721808.0493300385,-9.419402318061614
5058,True,"A4,B2,C3,D2,E3,F2",False,3.0,2790583.5526567693,-14.090106422480481
5059,True,"A3,B2,C3,D1,E1,F1",False,1.0,4697.771519410192,-1.1692356938673782
5060,True,"A3,B2,C3,D2,E1,F3",False,2.0,897733.346060869,-10.787808756260631
5061,True,"A3,B2,C3,D1,E1,F2",True,0.0,252306.96217292672,-7.993784231936431
5062,True,"A4,B2,C3,D2,E2,F1",False,4.0,495322.5817377285,-10.821252118604676
5063,True,"A4,B2,C3,D2,E2,F1",False,4.0,2375849.216881711,-14.378424826131493
5064,True,"A3,B2,C3,D2,E1,F3",False,2.0,2005749.4371470017,-13.030466184666196
5065,True,"A4,B2,C3,D2,E3,F1",False,4.0,593239.7270942177,-11.047024562439532
5066,True,"A3,B2,C3,D1,E1,F2",True,0.0,543063.6735981468,-8.651534917023682
5067,True,"A3,B2,C3,D1,E1,F1",False,1.0,30289.16047705634,-5.564688826617129
5068,True,"A3,B2,C3,D2,E1,F1",False,2.0,229580.53440983684,-7.6344018057003495
5069,True,"A3,B2,C3,D1,E1,F1",False,1.0,1504906.5413992098,-13.025925312886777
5070,True,"A3,B2,C3,D1,E1,F2",True,0.0,243997.09021549355,-6.7760424115802635
5071,True,"A4,B2,C3,D2,E3,F2",False,3.0,132145.6299914899,-6.686675491549735
5072,True,"A3,B2,C3,D2,E1,F3",False,2.0,20275.234020460677,-3.289050496081231
5073,True,"A3,B2,C3,D1,E1,F2",True,0.0,382115.5846844251,-9.568726742990378
5074,True,"A4,B2,C3,D2,E3,F2",False,3.0,354528.14530631824,-8.06764761286584
5075,True,"A4,B2,C3,D2,E3,F2",False,3.0,603116.0490620396,-8.739247173403214
5076,True,"A4,B2,C3,D2,E2,F1",False,4.0,801331.5394753981,-12.061805197865326
5077,True,"A4,B2,C3,D2,E3,F1",False,4.0,675680.8419448953,-12.74791394262121
5078,True,"A3,B2,C3,D1,E1,F2",True,0.0,595556.2223443572,-8.736844349877458
5079,True,"A4,B2,C3,D2,E3,F2",False,3.0,1084414.766507966,-12.847795298191478
5080,True,"A4,B2,C3,D2,E1,F2",False,2.0,42083.061152036855,-4.397178270106593
5081,True,"A3,B2,C3,D2,E1,F1",False,2.0,448805.8678564586,-9.173254626675387
5082,True,"A4,B2,C3,D2,E3,F2",False,3.0,1492218.4378135675,-12.090913790219538
5083,True,"A3,B2,C3,D1,E1,F2",True,0.0,2963270.9610196482,-15.320245751274193
5084,True,"A4,B2,C3,D2,E3,F2",False,3.0,169440.1112206066,-7.441568106770546
5085,True,"A4,B2,C3,D2,E2,F1",False,4.0,155378.22611754222,-7.650563327473662
5086,True,"A4,B2,C3,D2,E3,F2",False,3.0,39039.72443740409,-3.7506266180595986
5087,True,"A3,B2,C3,D1,E1,F2",True,0.0,1013844.9644936313,-10.530851279464969
5088,True,"A4,B2,C3,D2,E3,F1",False,4.0,62771.84546873584,-5.536993036510495
5089,True,"A3,B2,C3,D2,E1,F2",False,1.0,1584946.6358095875,-14.930449882825911
5090,True,"A3,B2,C3,D2,E1,F3",False,2.0,82529.61944621785,-4.901692731485539
5091,True,"A3,B2,C3,D1,E1,F1",False,1.0,66874.82804865927,-4.793694973504998
5092,True,"A3,B2,C3,D1,E1,F2",True,0.0,25249.22057452345,-3.5528625471304593
5093,True,"A3,B2,C3,D1,E1,F2",True,0.0,115657.4824872202,-6.002271422541369
5094,True,"A3,B2,C3,D2,E1,F3",False,2.0,142227.83937617653,-5.419502447205076
5095,True,"A4,B2,C3,D2,E3,F2",False,3.0,2486633.709560566,-15.287992068367444
5096,True,"A3,B2,C3,D2,E1,F1",False,2.0,870245.8852165439,-11.605238213694037
5097,True,"A4,B2,C3,D2,E3,F2",False,3.0,632167.6427019715,-10.256920388335693
5098,True,"A3,B2,C3,D2,E1,F3",False,2.0,1516631.4214511537,-11.732002420418198
5099,True,"A3,B2,C3,D2,E1,F3",False,2.0,764533.1018188554,-9.874816914018446
5100,True,"A3,B2,C3,D2,E1,F2",False,1.0,447123.0887599889,-9.204022409812552
5101,True,"A4,B2,C3,D2,E3,F2",False,3.0,35510.93544268772,-4.014708788479027
5102,True,"A3,B2,C3,D2,E1,F3",False,2.0,137633.45210232164,-5.433837561817953
5103,True,"A3,B2,C3,D2,E1,F2",False,1.0,3417214.2278999817,-14.359127148558457
5104,True,"A3,B2,C3,D2,E1,F2",False,1.0,3904438.0133045744,-15.126814101628675
5105,True,"A4,B2,C3,D2,E3,F2",False,3.0,847712.3840788372,-12.162416574483188
5106,True,"A4,B2,C3,D2,E3,F2",False,3.0,3076988.5894280463,-15.714727523657693
5107,True,"A4,B2,C3,D2,E3,F2",False,3.0,2005604.865449774,-13.273557906646822
5108,True,"A3,B2,C3,D1,E1,F2",True,0.0,1709743.8514481115,-12.786298098106727
5109,True,"A4,B2,C3,D2,E3,F2",False,3.0,151991.82231209555,-7.079728874264262
5110,True,"A3,B2,C3,D2,E1,F3",False,2.0,96864.58592070593,-6.567654475798747
5111,True,"A4,B2,C3,D2,E3,F2",False,3.0,195471.1019025522,-6.956197273856063
5112,True,"A3,B2,C3,D2,E1,F3",False,2.0,44910.3733004303,-3.681159992398861
5113,True,"A4,B2,C3,D2,E1,F2",False,2.0,1535151.461142901,-12.37847836882505
5114,True,"A4,B2,C3,D2,E3,F2",False,3.0,143229.2563940608,-7.404987142696783
5115,True,"A4,B2,C3,D2,E3,F2",False,3.0,495458.4556497153,-10.577925286263508
5116,True,"A3,B2,C3,D1,E1,F2",True,0.0,554418.8690979317,-8.80400966005297
5117,True,"A3,B2,C3,D1,E1,F2",True,0.0,35326.066677164796,-3.413666501502263
5118,True,"A3,B2,C3,D1,E1,F2",True,0.0,1507855.2431258843,-12.758067933783835
5119,True,"A3,B2,C3,D1,E1,F2",True,0.0,3616126.9595130025,-14.469805939402661
5120,True,"A4,B2,C3,D2,E3,F2",False,3.0,1716845.4089915296,-12.53527376018134
5121,True,"A3,B2,C3,D2,E1,F3",False,2.0,81993.06126924188,-5.8013225733053275
5122,True,"A3,B2,C3,D2,E1,F3",False,2.0,929071.2131317008,-10.996005314685178
5123,True,"A4,B2,C3,D2,E2,F1",False,4.0,826418.8503781143,-11.842598580173458
5124,True,"A4,B2,C3,D2,E3,F1",False,4.0,260086.6189550417,-9.934883411535509
5125,True,"A4,B2,C3,D2,E3,F1",False,4.0,239878.8635452242,-8.563778885540003
5126,True,"A4,B2,C3,D2,E3,F2",False,3.0,8792.213376098076,-2.203741638184894
5127,True,"A4,B2,C3,D2,E3,F2",False,3.0,879222.7655512682,-10.467551495695005
5128,True,"A3,B2,C3,D1,E1,F2",True,0.0,445378.2796988266,-8.165264854102787
5129,True,"A4,B2,C3,D2,E3,F2",False,3.0,144261.61737033605,-7.791258963782511
5130,True,"A3,B2,C3,D2,E1,F3",False,2.0,743404.698706856,-11.017826152989677
5131,True,"A4,B2,C3,D2,E3,F1",False,4.0,946395.1627800049,-11.844860766669449
5132,True,"A4,B2,C3,D2,E3,F1",False,4.0,5830.512761019342,-3.50775949425379
5133,True,"A3,B2,C3,D2,E1,F1",False,2.0,304474.1063310695,-8.092614686582507
5134,True,"A3,B2,C3,D1,E1,F2",True,0.0,38800.53965471458,-6.296012474551034
5135,True,"A3,B2,C3,D1,E1,F2",True,0.0,173133.9744776903,-6.992988493663944
5136,True,"A4,B2,C3,D2,E2,F1",False,4.0,148864.16458361072,-7.698013780890776
5137,True,"A3,B2,C3,D1,E1,F1",False,1.0,8317.13132156412,-1.4265358413910434
5138,True,"A3,B2,C3,D1,E1,F2",True,0.0,110059.37004100856,-5.850015977332333
5139,True,"A3,B2,C3,D2,E1,F3",False,2.0,48723.44341931244,-4.247244383096103
5140,True,"A3,B2,C3,D2,E1,F3",False,2.0,242108.44380827394,-6.524880418267443
5141,True,"A3,B2,C3,D1,E1,F2",True,0.0,1436046.6025733298,-12.629582648264801
5142,True,"A3,B2,C3,D2,E1,F3",False,2.0,37619.07393426259,-4.973009206361382
5143,True,"A3,B2,C3,D2,E1,F2",False,1.0,2362673.3645762955,-12.939719098007515
5144,True,"A3,B2,C3,D1,E1,F2",True,0.0,1224223.6705846072,-10.993543136649961
5145,True,"A4,B2,C3,D2,E3,F2",False,3.0,1724440.6226288648,-12.46139537483323
5146,True,"A3,B2,C3,D2,E1,F3",False,2.0,980701.8153400616,-10.39164076299214
5147,True,"A3,B2,C3,D1,E1,F2",True,0.0,122243.18069690972,-5.946941887304149
5148,True,"A4,B2,C3,D2,E2,F2",False,3.0,1317132.7998122468,-12.464720513943838
5149,True,"A3,B2,C3,D1,E1,F2",True,0.0,561368.6121108521,-9.557979176307
5150,True,"A4,B2,C3,D2,E1,F2",False,2.0,94437.64860017582,-7.423407396514449
5151,True,"A4,B2,C3,D2,E3,F2",False,3.0,565036.0182740772,-9.601112535125154
5152,True,"A4,B2,C3,D2,E2,F1",False,4.0,123561.51229794374,-7.434671101042369
5153,True,"A3,B2,C3,D2,E1,F2",False,1.0,3112649.6204971266,-15.820507094793179
5154,True,"A3,B2,C3,D1,E1,F1",False,1.0,6778.776906086352,-1.7630463825533411
5155,True,"A4,B2,C3,D2,E3,F1",False,4.0,2431658.784395045,-14.790104313255306
5156,True,"A3,B2,C3,D1,E1,F2",True,0.0,786718.9285483286,-11.451868707884039
5157,True,"A4,B2,C3,D2,E3,F1",False,4.0,852344.3695034994,-11.110517577386048
5158,True,"A3,B2,C3,D2,E1,F3",False,2.0,284770.6419069358,-7.635801100436183
5159,True,"A3,B2,C3,D2,E1,F1",False,2.0,2430506.645708894,-13.919763168345519
5160,True,"A3,B2,C3,D2,E1,F3",False,2.0,2698522.079919549,-14.952573036178137
5161,True,"A3,B2,C3,D2,E1,F2",False,1.0,1505698.346651494,-12.261296231588531
5162,True,"A3,B2,C3,D2,E1,F3",False,2.0,178421.8873431314,-6.55162621100601
5163,True,"A3,B2,C3,D1,E1,F2",True,0.0,45330.65659693081,-3.9134003319462494
5164,True,"A3,B2,C3,D2,E1,F1",False,2.0,2189149.5624159435,-14.289748818326835
5165,True,"A3,B2,C3,D2,E1,F1",False,2.0,2693996.7255506013,-14.443365750542952
5166,True,"A4,B2,C3,D2,E3,F2",False,3.0,21267.176302049334,-3.6209568005918555
5167,True,"A4,B2,C3,D2,E3,F2",False,3.0,2244116.9825184867,-14.543089564276052
5168,True,"A3,B2,C3,D2,E1,F1",False,2.0,342994.51890418114,-7.668574973458178
5169,True,"A3,B2,C3,D2,E1,F1",False,2.0,789892.3663295907,-9.972652753964809
5170,True,"A3,B2,C3,D2,E1,F3",False,2.0,828638.9903210861,-11.022162071915716
5171,True,"A3,B2,C3,D2,E1,F1",False,2.0,4130988.9494882706,-16.560882098500493
5172,True,"A3,B2,C3,D2,E1,F3",False,2.0,766454.0143247264,-11.329211810388372
5173,True,"A3,B2,C3,D1,E1,F1",False,1.0,45853.48892215233,-5.773289867778004
5174,True,"A3,B2,C3,D2,E1,F2",False,1.0,3335092.78890401,-14.44053153793375
5175,True,"A3,B2,C3,D1,E1,F2",True,0.0,2689830.7707733843,-14.612443056822109
5176,True,"A4,B2,C3,D2,E3,F2",False,3.0,324054.1031415924,-7.652543314834801
5177,True,"A3,B2,C3,D1,E1,F2",True,0.0,895243.5214289938,-10.12616324836614
5178,True,"A3,B2,C3,D1,E1,F2",True,0.0,139345.1997344517,-6.428948162930311
5179,True,"A4,B2,C3,D2,E3,F2",False,3.0,1846082.2797804028,-15.741357619063436
5180,True,"A4,B2,C3,D2,E3,F2",False,3.0,163885.75017886443,-6.103269502615518
5181,True,"A4,B2,C3,D2,E3,F2",False,3.0,86699.81337590516,-4.7312849008463616
5182,True,"A3,B2,C3,D2,E1,F3",False,2.0,191152.50069368604,-7.092076807859883
5183,True,"A3,B2,C3,D1,E1,F1",False,1.0,35366.892214530875,-4.607741058342199
5184,True,"A3,B2,C3,D2,E1,F2",False,1.0,1433579.2348964543,-11.360506136175097
5185,True,"A3,B2,C3,D1,E1,F2",True,0.0,839076.4798125245,-10.612819894526858
5186,True,"A3,B2,C3,D1,E1,F2",True,0.0,3178234.391628844,-14.014090724311359
5187,True,"A3,B2,C3,D1,E1,F2",True,0.0,14698.956265198265,-1.8509372187995012
5188,True,"A3,B2,C3,D1,E1,F2",True,0.0,94697.18823769543,-6.172334068320609
5189,True,"A3,B2,C3,D2,E1,F2",False,1.0,2952287.619591535,-15.04112268944855
5190,True,"A4,B2,C3,D2,E3,F2",False,3.0,613685.3258791529,-9.57638849141307
5191,True,"A4,B2,C3,D2,E3,F2",False,3.0,166780.80572089666,-8.569568936481872
5192,True,"A3,B2,C3,D2,E1,F3",False,2.0,460887.66337417654,-8.426321985760211
5193,True,"A3,B2,C3,D1,E1,F2",True,0.0,2012006.2197004785,-13.651573919405998
5194,True,"A3,B2,C3,D1,E1,F2",True,0.0,257531.93280830228,-6.905082904141736
5195,True,"A3,B2,C3,D2,E1,F3",False,2.0,21993.344226170473,-4.289977775749705
5196,True,"A3,B2,C3,D2,E1,F3",False,2.0,457204.5718565578,-9.047833152328693
5197,True,"A3,B2,C3,D1,E1,F1",False,1.0,110852.33337820537,-5.814912755220405
5198,True,"A3,B2,C3,D1,E1,F2",True,0.0,40043.09890754311,-3.248460846057341
5199,True,"A3,B2,C3,D2,E1,F2",False,1.0,3633760.3008435825,-14.295447193760936
5200,True,"A3,B2,C3,D1,E1,F2",True,0.0,433312.0979376711,-9.753863024606659
5201,True,"A3,B2,C3,D1,E1,F2",True,0.0,1966106.3652812412,-12.643848284895569
5202,True,"A4,B2,C3,D2,E3,F2",False,3.0,167896.76836139392,-8.282912741336148
5203,True,"A3,B2,C3,D1,E1,F2",True,0.0,1369105.6758013964,-11.336474048416292
5204,True,"A4,B2,C3,D2,E3,F2",False,3.0,3146202.5562968976,-17.09314652671513
5205,True,"A4,B2,C3,D2,E3,F1",False,4.0,52620.55350301767,-5.417605358216846
5206,True,"A4,B2,C3,D2,E2,F1",False,4.0,589964.6412678674,-10.498877226359838
5207,True,"A3,B2,C3,D2,E1,F1",False,2.0,1221284.9251153192,-13.247972832055815
5208,True,"A3,B2,C3,D2,E1,F3",False,2.0,14071.849857992414,-2.3453449760319387
5209,True,"A4,B2,C3,D2,E3,F2",False,3.0,1292108.179638368,-12.734332428010255
5210,True,"A3,B2,C3,D2,E1,F1",False,2.0,1759088.606801588,-11.697376652064605
5211,True,"A3,B2,C3,D1,E1,F2",True,0.0,165534.10789315123,-6.3901388513226465
5212,True,"A3,B2,C3,D2,E1,F2",False,1.0,3451754.051628692,-14.841872464865347
5213,True,"A4,B2,C3,D2,E3,F1",False,4.0,145428.9006270662,-8.394863272645878
5214,True,"A4,B2,C3,D2,E2,F1",False,4.0,261909.843185392,-8.435096918968952
5215,True,"A3,B2,C3,D2,E1,F2",False,1.0,461731.02679930517,-8.211759318186395
5216,True,"A3,B2,C3,D2,E1,F3",False,2.0,524290.6000847892,-7.982216998490401
5217,True,"A3,B2,C3,D2,E1,F1",False,2.0,2702761.4652907224,-15.515331582845505
5218,True,"A3,B2,C3,D1,E1,F2",True,0.0,485009.7707779093,-8.186047170691054
5219,True,"A3,B2,C3,D2,E1,F1",False,2.0,344107.55541840766,-8.958679817321695
5220,True,"A3,B2,C3,D2,E1,F2",False,1.0,2100029.143589517,-13.37499312235716
5221,True,"A4,B2,C3,D2,E3,F2",False,3.0,216153.8293275963,-6.671006203860983
5222,True,"A4,B2,C3,D2,E3,F2",False,3.0,871964.9836244441,-10.315701409400752
5223,True,"A3,B2,C3,D1,E1,F2",True,0.0,341549.9204649579,-8.485250822006222
5224,True,"A3,B2,C3,D2,E1,F3",False,2.0,424043.2008070734,-7.685265589786042
5225,True,"A3,B2,C3,D1,E1,F2",True,0.0,164679.08669475868,-6.427473216202216
5226,True,"A3,B2,C3,D1,E1,F1",False,1.0,17579.79855772951,-3.5861606047739087
5227,True,"A4,B2,C3,D2,E2,F2",False,3.0,2992355.9991296474,-15.701066648298685
5228,True,"A3,B2,C3,D1,E1,F2",True,0.0,2844184.0963531234,-14.102391127953169
5229,True,"A3,B2,C3,D1,E1,F2",True,0.0,18996.757580097437,-3.4705640347695947
5230,True,"A4,B2,C3,D2,E2,F1",False,4.0,537706.2683794937,-9.536414145209719
5231,True,"A3,B2,C3,D1,E1,F1",False,1.0,9702.468371765544,-3.5155868923141327
5232,True,"A3,B2,C3,D2,E1,F2",False,1.0,4464273.425446096,-14.255865401637863
5233,True,"A3,B2,C3,D1,E1,F2",True,0.0,2580837.3377499296,-12.762702501140964
5234,True,"A3,B2,C3,D1,E1,F1",False,1.0,21731.33636332009,-4.624892334002084
5235,True,"A3,B2,C3,D1,E1,F2",True,0.0,419091.73661649827,-8.599574817017626
5236,True,"A3,B2,C3,D2,E1,F3",False,2.0,460321.7116842341,-9.72466918387451
5237,True,"A3,B2,C3,D2,E1,F2",False,1.0,3800012.5223237695,-15.313810517840892
5238,True,"A3,B2,C3,D1,E1,F2",True,0.0,207235.0904302557,-7.20720682330554
5239,True,"A3,B2,C3,D1,E1,F2",True,0.0,19354.11400086958,-2.215219616821514
5240,True,"A4,B2,C3,D2,E3,F2",False,3.0,273909.25599093304,-9.176138838779124
5241,True,"A3,B2,C3,D2,E1,F1",False,2.0,734107.9364704835,-10.771864158001854
5242,True,"A3,B2,C3,D2,E1,F2",False,1.0,2431702.436873524,-12.767547436305833
5243,True,"A3,B2,C3,D1,E1,F2",True,0.0,1948628.9933193556,-12.721656947391722
5244,True,"A3,B2,C3,D2,E1,F3",False,2.0,201234.80254659613,-6.655574658087048
5245,True,"A3,B2,C3,D1,E1,F1",False,1.0,102738.87982463925,-6.25761197693474
5246,True,"A3,B2,C3,D1,E1,F2",True,0.0,1922414.5029748825,-13.409734961679703
5247,True,"A3,B2,C3,D2,E1,F1",False,2.0,2428953.0830962933,-13.781769258665136
5248,True,"A3,B2,C3,D1,E1,F2",True,0.0,56460.97603594947,-4.377695950814925
5249,True,"A3,B2,C3,D1,E1,F1",False,1.0,26642.78614930582,-4.291144855647033
5250,True,"A3,B2,C3,D2,E1,F1",False,2.0,2017294.3578179313,-13.248851941113152
5251,True,"A4,B2,C3,D2,E3,F1",False,4.0,641909.7923807892,-10.495704334417354
5252,True,"A4,B2,C3,D2,E3,F2",False,3.0,59251.520110927486,-6.613594526497565
5253,True,"A4,B2,C3,D2,E3,F1",False,4.0,14111.42589394177,-5.043255450603567
5254,True,"A3,B2,C3,D2,E1,F3",False,2.0,3718.246934514657,-0.6024691950016603
5255,True,"A3,B2,C3,D1,E1,F2",True,0.0,1216192.381941026,-11.832147110074885
5256,True,"A3,B2,C3,D2,E1,F3",False,2.0,20303.9889605755,-3.3077787576697375
5257,True,"A3,B2,C3,D2,E1,F3",False,2.0,184629.45016355114,-8.159227605578835
5258,True,"A3,B2,C3,D2,E1,F2",False,1.0,1489990.9831988476,-12.556994451232782
5259,True,"A3,B2,C3,D2,E1,F3",False,2.0,314771.1688929064,-7.570442026304917
5260,True,"A4,B2,C3,D2,E2,F1",False,4.0,73594.35985535596,-5.815490967591089
5261,True,"A3,B2,C3,D1,E1,F2",True,0.0,2012572.4619483084,-12.554350336396254
5262,True,"A4,B2,C3,D2,E3,F2",False,3.0,97940.1065983008,-5.976592637319229
5263,True,"A3,B2,C3,D2,E1,F1",False,2.0,3460336.5784949353,-14.603703248286976
5264,True,"A4,B2,C3,D2,E3,F1",False,4.0,1145567.3666583027,-12.029876849603824
5265,True,"A3,B2,C3,D1,E1,F2",True,0.0,394487.10924039164,-7.2470353157756335
5266,True,"A3,B2,C3,D2,E1,F2",False,1.0,937666.8287441196,-11.196129162556275
5267,True,"A3,B2,C3,D2,E1,F3",False,2.0,32195.96382880475,-4.024257919114959
5268,True,"A3,B2,C3,D2,E1,F3",False,2.0,474096.9985229922,-8.619984854653964
5269,True,"A3,B2,C3,D2,E1,F2",False,1.0,484777.50717663666,-8.838063203056379
5270,True,"A4,B2,C3,D2,E3,F1",False,4.0,447182.0993540549,-11.426791987458913
5271,True,"A4,B2,C3,D2,E2,F1",False,4.0,1332659.9449427337,-11.954440857349617
5272,True,"A4,B2,C3,D2,E3,F1",False,4.0,19202.390256086877,-4.190061502526007
5273,True,"A3,B2,C3,D2,E1,F3",False,2.0,1286082.9995163,-10.351669829130017
5274,True,"A3,B2,C3,D2,E1,F2",False,1.0,1840040.1685868483,-13.037692005847951
5275,True,"A3,B2,C3,D1,E1,F2",True,0.0,1199174.5852737338,-12.148834694300348
5276,True,"A4,B2,C3,D2,E2,F1",False,4.0,282227.1666560617,-9.008358574463955
5277,True,"A4,B2,C3,D2,E3,F1",False,4.0,11751.358383506698,-4.1842798190754
5278,True,"A3,B2,C3,D1,E1,F2",True,0.0,772475.8000174412,-9.951691381916987
5279,True,"A4,B2,C3,D2,E3,F2",False,3.0,232929.43417346483,-9.848343063184046
5280,True,"A4,B2,C3,D2,E3,F1",False,4.0,549.9719851209001,-0.5317523347455193
5281,True,"A3,B2,C3,D1,E1,F2",True,0.0,36448.33221967386,-2.9403042966547446
5282,True,"A4,B2,C3,D2,E3,F1",False,4.0,19435.152487391562,-3.9906449241327238
5283,True,"A3,B2,C3,D2,E1,F1",False,2.0,1155675.3906226316,-11.960133450853
5284,True,"A3,B2,C3,D2,E1,F3",False,2.0,2353847.2852787944,-13.438829014394642
5285,True,"A4,B2,C3,D2,E2,F1",False,4.0,1683866.0353404505,-13.506187255205923
5286,True,"A3,B2,C3,D2,E1,F3",False,2.0,397484.6198495906,-8.39375813199186
5287,True,"A3,B2,C3,D2,E1,F1",False,2.0,1525200.712545208,-12.230731277588639
5288,True,"A3,B2,C3,D2,E1,F3",False,2.0,39581.18408351224,-4.8680053660080915
5289,True,"A4,B2,C3,D2,E3,F1",False,4.0,529850.95460012,-10.00398123216766
5290,True,"A3,B2,C3,D2,E1,F3",False,2.0,860729.7040191365,-9.718618777209983
5291,True,"A3,B2,C3,D2,E1,F1",False,2.0,1031536.9959742085,-10.244406682434864
5292,True,"A3,B2,C3,D1,E1,F2",True,0.0,269638.44584485673,-6.961772183720839
5293,True,"A3,B2,C3,D2,E1,F3",False,2.0,529996.6656195972,-7.299151168365526
5294,True,"A4,B2,C3,D2,E3,F2",False,3.0,505240.4498278651,-10.456299814364797
5295,True,"A3,B2,C3,D1,E1,F2",True,0.0,677791.9593196865,-9.522281593565552
5296,True,"A3,B2,C3,D2,E1,F2",False,1.0,2651683.6800660063,-12.751725189027951
5297,True,"A3,B2,C3,D1,E1,F2",True,0.0,39677.35137811022,-2.8144862470945924
5298,True,"A4,B2,C3,D2,E3,F2",False,3.0,422881.5416065807,-9.193274662615991
5299,True,"A3,B2,C3,D2,E1,F2",False,1.0,944766.4920909478,-9.284648728453789
5300,True,"A3,B2,C3,D1,E1,F2",True,0.0,202001.57134873827,-6.123379227255967
5301,True,"A3,B2,C3,D2,E1,F2",False,1.0,2907224.1567471223,-14.229396650114062
5302,True,"A3,B2,C3,D2,E1,F2",False,1.0,1347067.461116339,-12.965335255188641
5303,True,"A3,B2,C3,D2,E1,F1",False,2.0,1110972.8829033247,-11.374884247720146
5304,True,"A4,B2,C3,D2,E3,F2",False,3.0,936652.1778923054,-11.159094132825764
5305,True,"A4,B2,C3,D2,E3,F2",False,3.0,372020.8591642065,-10.053374766423872
5306,True,"A4,B2,C3,D2,E2,F1",False,4.0,1520657.958041445,-13.027826533834578
5307,True,"A3,B2,C3,D1,E1,F2",True,0.0,569063.7576340439,-9.968380499357792
5308,True,"A3,B2,C3,D1,E1,F2",True,0.0,474557.0994093108,-9.18744214753147
5309,True,"A4,B2,C3,D2,E3,F2",False,3.0,2592320.361814219,-13.27113050322685
5310,True,"A3,B2,C3,D2,E1,F2",False,1.0,2268702.620661206,-15.602300808643967
5311,True,"A3,B2,C3,D2,E5,F3",False,3.0,11238.302462768479,-4.044169134477642
5312,True,"A3,B2,C3,D1,E1,F2",True,0.0,859828.5968576105,-10.798791338515187
5313,True,"A3,B2,C3,D1,E1,F1",False,1.0,47911.03960576974,-5.066620752184377
5314,True,"A4,B2,C3,D2,E3,F2",False,3.0,621930.0453450325,-11.634790351545035
5315,True,"A3,B2,C3,D1,E1,F2",True,0.0,1070396.281079113,-10.67167699821784
5316,True,"A3,B2,C3,D1,E1,F2",True,0.0,1678616.320373331,-11.426565214927074
5317,True,"A4,B2,C3,D2,E1,F2",False,2.0,38281.92359087685,-6.1726080239336625
5318,True,"A3,B2,C3,D2,E2,F3",False,3.0,1463792.8447513399,-12.255641118511
5319,True,"A3,B2,C3,D2,E1,F2",False,1.0,3671768.0169004537,-16.521185420223006
5320,True,"A4,B2,C3,D2,E3,F1",False,4.0,43448.29087287067,-5.391132538420678
5321,True,"A4,B2,C3,D2,E3,F1",False,4.0,528844.9702613926,-9.361433559687292
5322,True,"A3,B2,C3,D1,E1,F2",True,0.0,3433392.1931711966,-13.72773703184567
5323,True,"A3,B2,C3,D1,E1,F2",True,0.0,623059.3634920324,-9.54043989100731
5324,True,"A4,B2,C3,D2,E2,F1",False,4.0,265768.96139967936,-9.568661110882474
5325,True,"A4,B2,C3,D2,E2,F1",False,4.0,2525020.69145494,-14.69530750094097
5326,True,"A4,B2,C3,D2,E3,F2",False,3.0,100604.45603202173,-6.227157862121231
5327,True,"A4,B2,C3,D2,E2,F1",False,4.0,1582655.5571047328,-13.84406057711815
5328,True,"A4,B2,C3,D2,E3,F2",False,3.0,926517.6607140809,-10.050511838559288
5329,True,"A4,B2,C3,D2,E3,F2",False,3.0,455589.97418102005,-8.379751129519917
5330,True,"A3,B2,C3,D2,E1,F2",False,1.0,1127245.3640285176,-10.913462812973677
5331,True,"A3,B2,C3,D2,E1,F3",False,2.0,126625.73288135984,-6.506800585820031
5332,True,"A3,B2,C3,D1,E1,F2",True,0.0,2378172.4428972835,-13.230623339193556
5333,True,"A4,B2,C3,D2,E2,F1",False,4.0,166653.1543635273,-6.87553976501593
5334,True,"A3,B2,C3,D2,E1,F1",False,2.0,1537840.4315995376,-12.390365980804809
5335,True,"A4,B2,C3,D2,E3,F2",False,3.0,1117262.9271916249,-11.377489147690632
5336,True,"A3,B2,C3,D1,E1,F2",True,0.0,43675.681696382264,-2.9510504553508383
5337,True,"A4,B2,C3,D2,E2,F1",False,4.0,144032.04239391026,-6.352819804800049
5338,True,"A3,B2,C3,D1,E1,F2",True,0.0,88959.16505098146,-3.7992055871635984
5339,True,"A3,B2,C3,D1,E1,F2",True,0.0,3134147.3801912447,-15.085281077231912
5340,True,"A3,B2,C3,D2,E1,F1",False,2.0,890831.7636943896,-11.254580987651856
5341,True,"A3,B2,C3,D1,E1,F2",True,0.0,69740.42285851194,-5.105279156673404
5342,True,"A3,B2,C3,D2,E1,F3",False,2.0,395723.4775908135,-7.8631849714917905
5343,True,"A3,B2,C3,D2,E1,F2",False,1.0,1612907.8926091916,-12.346556534010823
5344,True,"A4,B2,C3,D2,E3,F2",False,3.0,2062482.0172952882,-14.868006670927407
5345,True,"A4,B2,C3,D2,E2,F1",False,4.0,330803.6924926455,-8.699130210519087
5346,True,"A3,B2,C3,D2,E1,F2",False,1.0,2764305.8673457536,-14.396957114554965
5347,True,"A4,B2,C3,D2,E2,F1",False,4.0,1527684.4753159655,-13.713026577122406
5348,True,"A3,B2,C3,D2,E1,F3",False,2.0,643431.8839032453,-9.548237447437593
5349,True,"A4,B2,C3,D2,E3,F1",False,4.0,9600.048360885303,-3.44532062468771
5350,True,"A3,B2,C3,D2,E2,F3",False,3.0,1094549.4009044587,-10.785004991565792
5351,True,"A4,B2,C3,D2,E3,F2",False,3.0,1592153.9877724198,-13.487247583698284
5352,True,"A4,B2,C3,D2,E3,F1",False,4.0,126084.01219647618,-7.878062739709023
5353,True,"A4,B2,C3,D2,E3,F2",False,3.0,542149.6145152568,-11.357747152521284
5354,True,"A4,B2,C3,D2,E2,F1",False,4.0,960797.1475162976,-11.320371628755822
5355,True,"A3,B2,C3,D2,E1,F2",False,1.0,1717016.7866032089,-10.86310146090512
5356,True,"A3,B2,C3,D1,E1,F2",True,0.0,382582.1357239496,-8.038868683600398
5357,True,"A3,B2,C3,D1,E1,F2",True,0.0,448633.4907914659,-9.237582641099195
5358,True,"A4,B2,C3,D2,E3,F2",False,3.0,217889.691670915,-6.445734968221132
5359,True,"A3,B2,C3,D1,E1,F1",False,1.0,278726.78413198824,-7.075791960195744
5360,True,"A4,B2,C3,D2,E3,F1",False,4.0,19366.55404283329,-3.9273256332513853
5361,True,"A3,B2,C3,D2,E1,F3",False,2.0,135784.30515540566,-5.9143859552003875
5362,True,"A4,B2,C3,D2,E3,F2",False,3.0,2596470.7375120227,-14.771057965712174
5363,True,"A4,B2,C3,D2,E3,F2",False,3.0,1266019.2315859217,-11.63676565812085
5364,True,"A3,B2,C3,D1,E1,F2",True,0.0,3047895.503125046,-14.88272885507029
5365,True,"A3,B2,C3,D2,E1,F3",False,2.0,650927.906535278,-10.116784677642926
5366,True,"A4,B2,C3,D2,E3,F1",False,4.0,7964.232742427221,-3.34214118357238
5367,True,"A3,B2,C3,D1,E1,F2",True,0.0,616335.5305541037,-10.5293159002714
5368,True,"A3,B2,C3,D1,E1,F1",False,1.0,7083.969888996146,-2.2227132048826945
5369,True,"A3,B2,C3,D2,E1,F2",False,1.0,1516856.3679420098,-11.827018917007045
5370,True,"A3,B2,C3,D1,E1,F2",True,0.0,70124.30779334571,-4.838852696989164
5371,True,"A3,B2,C3,D1,E1,F2",True,0.0,962499.4153307521,-10.931571439429064
5372,True,"A4,B2,C3,D2,E2,F1",False,4.0,347032.12304048,-9.094114947863574
5373,True,"A3,B2,C3,D2,E1,F1",False,2.0,1650585.1788248748,-13.505557792679319
5374,True,"A3,B2,C3,D2,E1,F3",False,2.0,2308064.328731553,-13.177725997784584
5375,True,"A3,B2,C3,D2,E1,F3",False,2.0,52336.27583684824,-4.549639559805044
5376,True,"A4,B2,C3,D2,E3,F2",False,3.0,67723.58297723085,-4.400872392966406
5377,True,"A4,B2,C3,D2,E3,F1",False,4.0,51476.87200856756,-5.906539551623922
5378,True,"A3,B2,C3,D1,E1,F1",False,1.0,22796.38026362496,-6.73162563035298
5379,True,"A4,B2,C3,D2,E2,F1",False,4.0,70927.12349372258,-5.437192611554593
5380,True,"A3,B2,C3,D2,E1,F2",False,1.0,2968428.9117755773,-13.758366700119609
5381,True,"A4,B2,C3,D2,E3,F1",False,4.0,21823.17818794867,-2.761085414869328
5382,True,"A3,B2,C3,D1,E1,F2",True,0.0,342979.2939272857,-6.118622531137703
5383,True,"A3,B2,C3,D2,E1,F3",False,2.0,2398158.657698071,-16.381317061548735
5384,True,"A3,B2,C3,D2,E1,F2",False,1.0,1147592.0536137964,-11.960891850674088
5385,True,"A3,B2,C3,D1,E1,F2",True,0.0,264301.8749028533,-5.810986862548418
5386,True,"A3,B2,C3,D2,E1,F3",False,2.0,927003.4286251953,-10.282451392942605
5387,True,"A3,B2,C3,D1,E1,F2",True,0.0,294624.40649175126,-8.619159655985627
5388,True,"A3,B2,C3,D1,E1,F2",True,0.0,2243993.0617283224,-11.470475078401918
5389,True,"A3,B2,C3,D2,E1,F1",False,2.0,881861.6393074694,-9.108179743794963
5390,True,"A3,B2,C3,D2,E1,F3",False,2.0,27792.005477168575,-3.765326677462241
5391,True,"A3,B2,C3,D1,E1,F1",False,1.0,8021.463723878555,-1.8110795997244367
5392,True,"A4,B2,C3,D2,E3,F2",False,3.0,2684172.8646394224,-13.13496270961788
5393,True,"A3,B2,C3,D1,E1,F2",True,0.0,44580.062463665774,-4.116198523784064
5394,True,"A4,B2,C3,D2,E3,F2",False,3.0,3798027.3317229254,-16.471329365337226
5395,True,"A3,B2,C3,D2,E1,F2",False,1.0,3839143.194820236,-15.407744371396632
5396,True,"A3,B2,C3,D1,E1,F2",True,0.0,68235.58419158479,-4.492618197266822
5397,True,"A3,B2,C3,D2,E1,F2",False,1.0,631132.0948821966,-9.355502726859243
5398,True,"A3,B2,C3,D2,E1,F3",False,2.0,655784.907058765,-10.390141044264297
5399,True,"A4,B2,C3,D2,E3,F2",False,3.0,45698.50030361861,-4.585292636615492
5400,True,"A3,B2,C3,D2,E1,F2",False,1.0,2757253.805419859,-12.460142418522736
5401,True,"A4,B2,C3,D2,E3,F2",False,3.0,2408807.096910117,-13.86362010561404
5402,True,"A4,B2,C3,D2,E3,F2",False,3.0,871101.0204662443,-10.087781218187885
5403,True,"A3,B2,C3,D2,E1,F2",False,1.0,3790801.0021627075,-14.840272910210572
5404,True,"A4,B2,C3,D2,E3,F2",False,3.0,1568047.5557549098,-14.525501279020759
5405,True,"A3,B2,C3,D1,E1,F1",False,1.0,20307.991263687985,-3.6067485234192986
5406,True,"A4,B2,C3,D2,E3,F1",False,4.0,443963.1292601825,-10.851958224664273
5407,True,"A3,B2,C3,D2,E1,F3",False,2.0,1789010.2468624208,-12.574738026669067
5408,True,"A4,B2,C3,D2,E3,F2",False,3.0,1827596.6854300697,-12.97115131988042
5409,True,"A3,B2,C3,D2,E1,F2",False,1.0,3654597.155355927,-16.11200002083485
5410,True,"A3,B2,C3,D2,E1,F3",False,2.0,216881.27291308617,-6.956003957814417
5411,True,"A3,B2,C3,D2,E1,F3",False,2.0,3154.592044536981,-0.9659478508541781
5412,True,"A3,B2,C3,D1,E1,F1",False,1.0,8133.614586878721,-2.633725081338312
5413,True,"A3,B2,C3,D1,E1,F2",True,0.0,1202489.3218807778,-12.536565866173277
5414,True,"A3,B2,C3,D1,E1,F2",True,0.0,644765.067450662,-8.42358062230636
5415,True,"A3,B2,C3,D1,E1,F2",True,0.0,7699.261700338705,-1.9564537475138906
5416,True,"A3,B2,C3,D2,E1,F3",False,2.0,227675.24257766514,-6.975354893703809
5417,True,"A3,B2,C3,D1,E1,F2",True,0.0,1679841.5735949595,-12.159011742157347
5418,True,"A3,B2,C3,D1,E1,F2",True,0.0,136138.24763069846,-5.9942191329053145
5419,True,"A4,B2,C3,D2,E3,F1",False,4.0,37914.02782011861,-5.033513602865227
5420,True,"A4,B2,C3,D2,E3,F2",False,3.0,307431.11404079763,-8.788409767446595
5421,True,"A4,B2,C3,D2,E3,F2",False,3.0,1187173.2841801338,-11.75895753055589
5422,True,"A4,B2,C3,D2,E3,F1",False,4.0,61311.67410290886,-5.331076285419087
5423,True,"A3,B2,C3,D2,E1,F3",False,2.0,747515.5499735513,-8.917373050281725
5424,True,"A3,B2,C3,D1,E1,F2",True,0.0,53933.70223165441,-5.64971501978539
5425,True,"A4,B2,C3,D2,E3,F2",False,3.0,2935026.5854031807,-15.117495862852017
5426,True,"A3,B2,C3,D1,E1,F1",False,1.0,87591.38071055344,-6.930982091671751
5427,True,"A3,B2,C3,D2,E1,F3",False,2.0,1060637.7667150788,-10.294947171400665
5428,True,"A4,B2,C3,D2,E3,F1",False,4.0,18829.16563076187,-3.8558071826448383
5429,True,"A4,B2,C3,D2,E3,F2",False,3.0,1806293.6574715117,-14.52276070161647
5430,True,"A3,B2,C3,D2,E1,F2",False,1.0,2704160.2311392785,-13.768465998336026
5431,True,"A4,B2,C3,D2,E3,F2",False,3.0,1032452.1309726927,-11.952782370227922
5432,True,"A3,B2,C3,D1,E1,F2",True,0.0,1341519.4083113219,-11.220986371648294
5433,True,"A3,B2,C3,D2,E1,F3",False,2.0,215987.84722008146,-7.960070449010601
5434,True,"A3,B2,C3,D1,E1,F2",True,0.0,39695.813314265106,-3.522974722728023
5435,True,"A4,B2,C3,D2,E3,F1",False,4.0,77601.08160328561,-5.397062015441577
5436,True,"A4,B2,C3,D2,E3,F2",False,3.0,2941705.759029779,-14.955711444390815
5437,True,"A3,B2,C3,D1,E1,F1",False,1.0,564324.046099386,-9.649588641059708
5438,True,"A4,B2,C3,D2,E2,F1",False,4.0,89865.08233261098,-6.019789444281059
5439,True,"A4,B2,C3,D2,E3,F1",False,4.0,264831.2155252778,-7.843512286075907
5440,True,"A3,B2,C3,D1,E1,F2",True,0.0,332326.60132677923,-8.245331529495502
5441,True,"A3,B2,C3,D2,E1,F1",False,2.0,96621.38460594516,-6.7581039754256835
5442,True,"A4,B2,C3,D2,E2,F1",False,4.0,41447.81653838193,-4.816577278906621
5443,True,"A4,B2,C3,D2,E3,F2",False,3.0,76642.91105714571,-4.559899278926707
5444,True,"A3,B2,C3,D1,E1,F1",False,1.0,47681.61612837947,-5.418853491898616
5445,True,"A3,B2,C3,D2,E1,F1",False,2.0,1506384.6617400632,-12.687627019277393
5446,True,"A4,B2,C3,D2,E3,F1",False,4.0,85470.16973811762,-6.903293151935429
5447,True,"A3,B2,C3,D1,E1,F2",True,0.0,1186592.4032102446,-10.669648773038077
5448,True,"A3,B2,C3,D2,E2,F3",False,3.0,4129951.628289887,-15.824684291707499
5449,True,"A3,B2,C3,D1,E1,F2",True,0.0,1925034.9978430867,-13.303689257014156
5450,True,"A3,B2,C3,D1,E1,F1",False,1.0,200179.26395936302,-7.572816377459176
5451,True,"A3,B2,C3,D1,E1,F2",True,0.0,187628.56029536846,-6.461857510189546
5452,True,"A4,B2,C3,D2,E3,F2",False,3.0,1990649.2652515604,-13.96278633890121
5453,True,"A3,B2,C3,D1,E1,F2",True,0.0,5583.783501311491,-1.8321574936208833
5454,True,"A3,B2,C3,D1,E1,F2",True,0.0,27102.852253976835,-2.651050103721687
5455,True,"A3,B2,C3,D1,E1,F2",True,0.0,489576.4205910635,-8.408710252323388
5456,True,"A3,B2,C3,D2,E1,F2",False,1.0,2606333.6947689336,-13.830269428515564
5457,True,"A3,B2,C3,D1,E1,F1",False,1.0,19808.9640153634,-3.768875564019936
5458,True,"A3,B2,C3,D1,E1,F2",True,0.0,1089100.4944780222,-10.615494830813212
5459,True,"A4,B2,C3,D2,E3,F2",False,3.0,2072075.0633600543,-14.037796923384093
5460,True,"A4,B2,C3,D2,E3,F2",False,3.0,200917.8485814908,-7.5800661130026015
5461,True,"A4,B2,C3,D2,E3,F2",False,3.0,416493.4382477634,-9.849765799238284
5462,True,"A3,B2,C3,D2,E1,F1",False,2.0,51550.54347414367,-4.928740930128285
5463,True,"A4,B2,C3,D2,E3,F1",False,4.0,21587.914377267876,-3.178708975489144
5464,True,"A3,B2,C3,D1,E1,F2",True,0.0,1925517.3211106022,-12.787189964718571
5465,True,"A3,B2,C3,D2,E1,F3",False,2.0,23529.61185528036,-3.9614699575322305
5466,True,"A4,B2,C3,D2,E3,F2",False,3.0,91039.99450576259,-4.894648556105508
5467,True,"A3,B2,C3,D1,E1,F2",True,0.0,2834358.945144799,-12.952312692939962
5468,True,"A4,B2,C3,D2,E3,F2",False,3.0,918488.5108563665,-9.175397709749866
5469,True,"A3,B2,C3,D2,E1,F1",False,2.0,3139473.4828899493,-15.120525138961206
5470,True,"A4,B2,C3,D2,E3,F2",False,3.0,2075075.2891366282,-13.349123011975784
5471,True,"A3,B2,C3,D1,E1,F2",True,0.0,330040.3249145532,-8.004785153583896
5472,True,"A3,B2,C3,D2,E1,F3",False,2.0,420935.07898171764,-9.016561262898023
5473,True,"A4,B2,C3,D2,E3,F1",False,4.0,66725.4727591591,-6.495496480729898
5474,True,"A3,B2,C3,D2,E1,F2",False,1.0,4220328.636366519,-15.811646959980145
5475,True,"A3,B2,C3,D2,E1,F3",False,2.0,88655.45999847277,-6.111208135093847
5476,True,"A3,B2,C3,D2,E1,F2",False,1.0,1694408.851972601,-11.733415225000229
5477,True,"A4,B2,C3,D2,E2,F1",False,4.0,443847.3346023145,-9.577319267273566
5478,True,"A3,B2,C3,D2,E1,F1",False,2.0,794669.2575891634,-11.286721264347094
5479,True,"A3,B2,C3,D2,E1,F1",False,2.0,622111.5863544313,-10.538640859109535
5480,True,"A3,B2,C3,D2,E1,F2",False,1.0,1164180.182581565,-12.007866205794095
5481,True,"A4,B2,C3,D2,E3,F2",False,3.0,1839435.885258525,-13.103838343306961
5482,True,"A4,B2,C3,D2,E3,F2",False,3.0,1405363.5586599384,-12.505308408128677
5483,True,"A3,B2,C3,D2,E1,F3",False,2.0,173876.42186661664,-6.371199346792892
5484,True,"A3,B2,C3,D1,E1,F2",True,0.0,1026172.532372576,-10.668748770367877
5485,True,"A3,B2,C3,D2,E1,F1",False,2.0,1344283.7512659286,-11.19240725123526
5486,True,"A4,B2,C3,D2,E3,F2",False,3.0,1644916.6175396482,-14.786606264014658
5487,True,"A3,B2,C3,D1,E1,F1",False,1.0,4879.638286790983,-1.4247404717104075
5488,True,"A4,B2,C3,D2,E2,F1",False,4.0,545077.6403166242,-10.110026189914137
5489,True,"A3,B2,C3,D1,E1,F2",True,0.0,108618.06849209341,-6.284915153573152
5490,True,"A3,B2,C3,D1,E1,F2",True,0.0,407257.55102434073,-10.078086891175332
5491,True,"A3,B2,C3,D1,E1,F2",True,0.0,1518538.7040415006,-12.879026291377087
5492,True,"A3,B2,C3,D2,E1,F2",False,1.0,2456097.4767619795,-14.54438054567288
5493,True,"A3,B2,C3,D2,E1,F3",False,2.0,436620.02433525847,-10.36431482942514
5494,True,"A3,B2,C3,D1,E1,F2",True,0.0,33648.39952379507,-3.4238818225209826
5495,True,"A3,B2,C3,D1,E1,F2",True,0.0,23989.547530884876,-2.5965694936236474
5496,True,"A4,B2,C3,D2,E3,F2",False,3.0,137939.01288827957,-7.33707134454076
5497,True,"A3,B2,C3,D2,E1,F1",False,2.0,2227175.3639237937,-13.532085408621079
5498,True,"A3,B2,C3,D1,E1,F2",True,0.0,795027.3841475782,-10.97794462823866
5499,True,"A4,B2,C3,D2,E3,F2",False,3.0,562416.3981303643,-9.930362953870997
5500,True,"A4,B2,C3,D2,E3,F1",False,4.0,47008.80333879686,-5.634019752795808
5501,True,"A3,B2,C3,D1,E1,F2",True,0.0,426803.61892122496,-8.3269651669885
5502,True,"A3,B2,C3,D2,E1,F3",False,2.0,8298.636126967896,-3.353110028678202
5503,True,"A3,B2,C3,D2,E1,F2",False,1.0,3462769.9184141182,-14.085917469134841
5504,True,"A3,B2,C3,D2,E1,F3",False,2.0,571661.622937222,-8.832360746296871
5505,True,"A4,B2,C3,D2,E3,F1",False,4.0,52544.14425812196,-5.555579919608036
5506,True,"A4,B2,C3,D2,E2,F1",False,4.0,104049.0599761853,-5.593327356179145
5507,True,"A3,B2,C3,D1,E1,F2",True,0.0,1880424.173268974,-14.530983861877317
5508,True,"A4,B2,C3,D2,E3,F1",False,4.0,69856.09471272229,-6.147549849525532
5509,True,"A4,B2,C3,D2,E2,F1",False,4.0,1964837.100603355,-12.85182580852404
5510,True,"A4,B2,C3,D2,E2,F1",False,4.0,2703818.2304402674,-14.417437867505214
5511,True,"A3,B2,C3,D2,E1,F2",False,1.0,3345658.8733197395,-14.14292922015703
5512,True,"A3,B2,C3,D1,E1,F2",True,0.0,1898120.7681323544,-14.762405660123179
5513,True,"A3,B2,C3,D2,E1,F3",False,2.0,417190.1262938843,-8.3197622693351
5514,True,"A3,B2,C3,D2,E1,F2",False,1.0,1222423.7587426468,-10.725630293161572
5515,True,"A4,B2,C3,D2,E3,F2",False,3.0,63979.93735526365,-5.654106782870954
5516,True,"A3,B2,C3,D2,E1,F3",False,2.0,4521.827825942302,-2.256911678997156
5517,True,"A3,B2,C3,D2,E1,F2",False,1.0,2894992.3349805623,-14.64548699707482
5518,True,"A3,B2,C3,D1,E1,F2",True,0.0,2807160.04940319,-12.853678667080914
5519,True,"A3,B2,C3,D1,E1,F2",True,0.0,432108.7714485281,-9.193467325093295
5520,True,"A3,B2,C3,D1,E1,F2",True,0.0,87791.43063058585,-4.848768335421354
5521,True,"A3,B2,C3,D1,E1,F2",True,0.0,441744.17714476207,-9.094988788389983
5522,True,"A4,B2,C3,D2,E2,F1",False,4.0,55317.95941117206,-5.546354388716125
5523,True,"A3,B2,C3,D1,E1,F2",True,0.0,271360.87546330335,-7.1721558830911505
5524,True,"A3,B2,C3,D1,E1,F1",False,1.0,14511.657780799223,-3.4537605253178896
5525,True,"A3,B2,C3,D1,E1,F2",True,0.0,237669.59104204705,-7.362648474287056
5526,True,"A3,B2,C3,D2,E1,F2",False,1.0,857541.8603366028,-9.724139712883087
5527,True,"A3,B2,C3,D2,E1,F2",False,1.0,2575333.361736495,-12.525301372055452
5528,True,"A3,B2,C3,D1,E1,F2",True,0.0,696408.0228918977,-10.330593620536291
5529,True,"A3,B2,C3,D1,E1,F2",True,0.0,60018.599591518585,-3.8502095360577613
5530,True,"A3,B2,C3,D1,E1,F1",False,1.0,337477.2264335665,-9.700093133541344
5531,True,"A4,B2,C3,D2,E3,F2",False,3.0,976623.8095893472,-10.191097590932046
5532,True,"A4,B2,C3,D2,E3,F1",False,4.0,374371.36648419115,-9.572317892564897
5533,True,"A3,B2,C3,D1,E1,F2",True,0.0,675669.9546263977,-8.967023738842045
5534,True,"A3,B2,C3,D2,E1,F1",False,2.0,1157222.9116713912,-12.380962306854933
5535,True,"A3,B2,C3,D1,E1,F2",True,0.0,49369.81135203504,-3.9029453327150634
5536,True,"A3,B2,C3,D1,E1,F2",True,0.0,317233.9207112626,-7.977675423002623
5537,True,"A3,B2,C3,D1,E1,F2",True,0.0,193654.57635175996,-6.174590008614601
5538,True,"A3,B2,C3,D2,E1,F2",False,1.0,2964093.8010271937,-13.009961068026975
5539,True,"A4,B2,C3,D2,E3,F1",False,4.0,66680.10541917727,-6.068871171521778
5540,True,"A3,B2,C3,D1,E1,F2",True,0.0,1114106.378502217,-11.422763326651626
5541,True,"A3,B2,C3,D2,E1,F2",False,1.0,3433466.8406908996,-14.445618831729774
5542,True,"A4,B2,C3,D2,E3,F2",False,3.0,1727997.7916009424,-12.200108123637605
5543,True,"A3,B2,C3,D1,E1,F2",True,0.0,944899.2192094167,-10.501399384628094
5544,True,"A3,B2,C3,D2,E1,F1",False,2.0,2267821.004819252,-14.572253094514977
5545,True,"A3,B2,C3,D2,E1,F2",False,1.0,3424092.7237097956,-14.895748811205785
5546,True,"A4,B2,C3,D2,E3,F1",False,4.0,698630.8022935089,-11.287500823400777
5547,True,"A3,B2,C3,D2,E1,F2",False,1.0,785692.1486079355,-10.402068129606768
5548,True,"A3,B2,C3,D1,E1,F2",True,0.0,233927.52596098528,-7.379695144366707
5549,True,"A4,B2,C3,D2,E3,F1",False,4.0,7912.932431356307,-1.7195972264594843
5550,True,"A4,B2,C3,D2,E3,F2",False,3.0,2291995.968509949,-14.467007374350807
5551,True,"A3,B2,C3,D1,E1,F2",True,0.0,118555.39775298013,-6.681693494471219
5552,True,"A3,B2,C3,D1,E1,F2",True,0.0,300202.53332200716,-7.312268610616428
5553,True,"A4,B2,C3,D2,E2,F1",False,4.0,56936.96519964862,-5.400351238530561
5554,True,"A4,B2,C3,D2,E3,F2",False,3.0,91343.31112426582,-6.587491678472176
5555,True,"A3,B2,C3,D2,E1,F3",False,2.0,486500.4741507834,-9.107985231147339
5556,True,"A3,B2,C3,D2,E1,F3",False,2.0,132844.8124398578,-6.715525087896239
5557,True,"A3,B2,C3,D2,E1,F3",False,2.0,635836.7802287183,-10.890411913835493
5558,True,"A4,B2,C3,D2,E2,F1",False,4.0,536524.5425715205,-10.37866745774798
5559,True,"A3,B2,C3,D1,E1,F2",True,0.0,215471.15279130204,-7.828757617037425
5560,True,"A3,B2,C3,D2,E1,F2",False,1.0,1658987.2654804685,-11.294218253900311
5561,True,"A4,B2,C3,D2,E2,F1",False,4.0,282025.29529741616,-9.203147092833007
5562,True,"A3,B2,C3,D2,E1,F2",False,1.0,2741911.273123687,-12.256390912932638
5563,True,"A4,B2,C3,D2,E3,F1",False,4.0,108829.84989289571,-6.407930681656254
5564,True,"A3,B2,C3,D1,E1,F1",False,1.0,20619.810377928417,-2.9134542775653216
5565,True,"A3,B2,C3,D2,E5,F3",False,3.0,74814.24069720454,-6.203777639212646
5566,True,"A3,B2,C3,D2,E1,F1",False,2.0,623039.6381005895,-10.35754248556195
5567,True,"A3,B2,C3,D2,E1,F1",False,2.0,2366045.939289997,-14.834362995293866
5568,True,"A4,B2,C3,D2,E2,F1",False,4.0,191859.00248744054,-7.695877985709757
5569,True,"A3,B2,C3,D1,E1,F2",True,0.0,80928.9277784457,-5.2016592990322295
5570,True,"A3,B2,C3,D2,E1,F2",False,1.0,251249.19953521414,-6.978300053040954
5571,True,"A4,B2,C3,D2,E3,F2",False,3.0,711090.8957310987,-11.127131715800921
5572,True,"A4,B2,C3,D2,E3,F2",False,3.0,639139.82255211,-11.628630506633385
5573,True,"A4,B2,C3,D2,E3,F2",False,3.0,165777.95029382446,-6.44344330542468
5574,True,"A3,B2,C3,D2,E1,F3",False,2.0,793451.2784973648,-10.460224804663675
5575,True,"A3,B2,C3,D1,E1,F2",True,0.0,444370.9517531762,-9.196326389968675
5576,True,"A4,B2,C3,D2,E3,F2",False,3.0,520596.0424048586,-10.28736089748854
5577,True,"A3,B2,C3,D1,E1,F1",False,1.0,708439.68491435,-10.228522840793076
5578,True,"A3,B2,C3,D2,E1,F3",False,2.0,227178.94581707745,-7.646313637847712
5579,True,"A3,B2,C3,D2,E1,F3",False,2.0,1540532.113304691,-11.017856106450814
5580,True,"A4,B2,C3,D2,E3,F1",False,4.0,266952.1390457499,-9.257087388599032
5581,True,"A3,B2,C3,D2,E1,F1",False,2.0,259815.5021600057,-7.78025651923123
5582,True,"A4,B2,C3,D2,E3,F2",False,3.0,2612979.441329644,-16.534848392595883
5583,True,"A4,B2,C3,D2,E3,F2",False,3.0,2136716.6683804914,-14.007086690796832
5584,True,"A4,B2,C3,D2,E3,F2",False,3.0,464236.2947103224,-8.511493188276617
5585,True,"A3,B2,C3,D2,E1,F3",False,2.0,21527.488656942114,-3.2763239670001525
5586,True,"A4,B2,C3,D2,E2,F1",False,4.0,117239.14177418644,-6.859203789011005
5587,True,"A3,B2,C3,D2,E1,F2",False,1.0,4498360.931156629,-15.285266552174257
5588,True,"A3,B2,C3,D2,E1,F3",False,2.0,53667.9923375651,-5.319658729762878
5589,True,"A3,B2,C3,D2,E1,F1",False,2.0,1316106.6656002908,-12.232513760940712
5590,True,"A4,B2,C3,D2,E2,F1",False,4.0,239893.41069151842,-8.370097912753351
5591,True,"A4,B2,C3,D2,E3,F2",False,3.0,3388150.059459922,-16.278546206107002
5592,True,"A4,B2,C3,D2,E2,F1",False,4.0,78318.11800015907,-6.090154462389407
5593,True,"A4,B2,C3,D2,E3,F2",False,3.0,1590346.1152463953,-12.601532024012009
5594,True,"A4,B2,C3,D2,E1,F2",False,2.0,603366.0094663263,-8.729410272011947
5595,True,"A3,B2,C3,D2,E1,F2",False,1.0,2201336.4025538615,-12.678653512754018
5596,True,"A3,B2,C3,D2,E1,F3",False,2.0,17025.901300606714,-3.3041384981603414
5597,True,"A3,B2,C3,D1,E1,F2",True,0.0,2580038.234697857,-14.71761742196803
5598,True,"A3,B2,C3,D2,E1,F1",False,2.0,1950231.8363874657,-13.990487708452747
5599,True,"A3,B2,C3,D2,E1,F2",False,1.0,2402029.045223682,-14.319458497719005
5600,True,"A3,B2,C3,D1,E1,F1",False,1.0,25755.462186116343,-4.36447219659874
5601,True,"A4,B2,C3,D2,E3,F1",False,4.0,466680.9506640351,-8.084024253595487
5602,True,"A3,B2,C3,D1,E1,F2",True,0.0,102570.40906035509,-6.023644324628648
5603,True,"A3,B2,C3,D1,E1,F1",False,1.0,13958.535940090229,-4.026445944236158
5604,True,"A3,B2,C3,D2,E1,F3",False,2.0,167675.72743503636,-6.496590782233483
5605,True,"A3,B2,C3,D1,E1,F2",True,0.0,164281.78971853547,-5.738554176333622
5606,True,"A3,B2,C3,D2,E1,F1",False,2.0,239624.50612925563,-7.747094609588089
5607,True,"A4,B2,C3,D2,E3,F1",False,4.0,374129.38825482095,-10.76100282731926
5608,True,"A4,B2,C3,D2,E2,F1",False,4.0,19237.49944139739,-3.418063025439153
5609,True,"A3,B2,C3,D1,E1,F1",False,1.0,56947.37016135637,-5.639299359722884
5610,True,"A4,B2,C3,D2,E3,F2",False,3.0,387767.81563449046,-8.879921424415144
5611,True,"A3,B2,C3,D1,E1,F2",True,0.0,28751.721299095883,-4.0132048802121005
5612,True,"A4,B2,C3,D2,E3,F2",False,3.0,868871.8687177565,-11.467815438889453
5613,True,"A4,B2,C3,D2,E3,F2",False,3.0,909539.8634030662,-11.26982717921993
5614,True,"A4,B2,C3,D2,E3,F2",False,3.0,2756677.097118472,-14.795789184671037
5615,True,"A3,B2,C3,D1,E1,F2",True,0.0,571136.0888531444,-8.942230839775306
5616,True,"A4,B2,C3,D2,E3,F2",False,3.0,54235.112563063,-3.340217602507863
5617,True,"A3,B2,C3,D1,E1,F1",False,1.0,93884.95748366426,-6.806073288150301
5618,True,"A3,B2,C3,D1,E1,F2",True,0.0,11867.770312212757,-1.8216090274082006
5619,True,"A3,B2,C3,D1,E1,F2",True,0.0,352292.8702044493,-6.685325253746996
5620,True,"A3,B2,C3,D2,E1,F2",False,1.0,3108924.9915761747,-13.653167697916459
5621,True,"A4,B2,C3,D2,E3,F1",False,4.0,380484.0195956363,-9.325789673035075
5622,True,"A4,B2,C3,D2,E3,F2",False,3.0,4102164.9179152115,-16.243931043178712
5623,True,"A3,B2,C3,D1,E1,F2",True,0.0,1551688.4993299274,-12.245334420411076
5624,True,"A3,B2,C3,D2,E2,F3",False,3.0,2130397.2354356013,-13.495463146556673
5625,True,"A3,B2,C3,D2,E2,F3",False,3.0,1033408.8624985146,-12.430665278166586
5626,True,"A4,B2,C3,D2,E3,F2",False,3.0,993597.8827862382,-10.901163651968645
5627,True,"A4,B2,C3,D2,E3,F1",False,4.0,35937.98859365878,-4.699956234505251
5628,True,"A4,B2,C3,D2,E3,F1",False,4.0,85883.47317026035,-6.41871098922303
5629,True,"A3,B2,C3,D2,E1,F2",False,1.0,752615.8270446572,-8.834997602367167
5630,True,"A3,B2,C3,D2,E1,F2",False,1.0,3500121.9791272166,-14.786531026492298
5631,True,"A3,B2,C3,D1,E1,F2",True,0.0,736897.2264350078,-10.193481333486034
5632,True,"A3,B2,C3,D1,E1,F2",True,0.0,1259047.919939889,-12.902886173087566
5633,True,"A4,B2,C3,D2,E3,F1",False,4.0,3065.605770637503,-2.3464420379453657
5634,True,"A3,B2,C3,D1,E1,F2",True,0.0,2425673.3043394424,-14.527024584308293
5635,True,"A3,B2,C3,D2,E1,F1",False,2.0,1525660.1616433263,-12.156691718338607
5636,True,"A4,B2,C3,D2,E3,F2",False,3.0,677897.3570231723,-10.416578700180786
5637,True,"A3,B2,C3,D2,E1,F3",False,2.0,2121823.770231436,-13.737318361896065
5638,True,"A3,B2,C3,D1,E1,F1",False,1.0,309074.17405560566,-9.285360443452007
5639,True,"A3,B2,C3,D2,E1,F2",False,1.0,4042433.0588491475,-16.857270673655265
5640,True,"A3,B2,C3,D1,E1,F2",True,0.0,1761652.5677871602,-13.643980849971214
5641,True,"A3,B2,C3,D1,E1,F2",True,0.0,343856.5937528759,-8.997162438760924
5642,True,"A4,B2,C3,D2,E3,F2",False,3.0,1171518.0971469863,-13.096632555896207
5643,True,"A3,B2,C3,D2,E1,F3",False,2.0,13398.655564249191,-3.1122471274928216
5644,True,"A4,B2,C3,D2,E2,F1",False,4.0,89641.36452972173,-6.153930539506675
5645,True,"A3,B2,C3,D1,E1,F1",False,1.0,615792.1109480669,-11.279330471215395
5646,True,"A3,B2,C3,D2,E1,F2",False,1.0,1873192.790883768,-12.712393343183031
5647,True,"A4,B2,C3,D2,E1,F2",False,2.0,94480.13185606248,-7.3978058398949855
5648,True,"A3,B2,C3,D1,E1,F2",True,0.0,378077.0072068126,-7.189449992528708
5649,True,"A3,B2,C3,D1,E1,F2",True,0.0,63806.77721581882,-4.441280014354334
5650,True,"A3,B2,C3,D2,E1,F3",False,2.0,525172.3224757978,-9.645275412211802
5651,True,"A4,B2,C3,D2,E2,F1",False,4.0,301459.103240971,-9.02902196537869
5652,True,"A3,B2,C3,D1,E1,F2",True,0.0,168683.62335083794,-5.5849920409431775
5653,True,"A3,B2,C3,D2,E1,F1",False,2.0,1328223.6808375984,-13.333467777626261
5654,True,"A4,B2,C3,D2,E2,F1",False,4.0,167470.51298803504,-8.204217128010583
5655,True,"A4,B2,C3,D2,E3,F2",False,3.0,20044.467969103924,-2.7001350304901024
5656,True,"A3,B2,C3,D2,E1,F3",False,2.0,534566.1604266767,-8.64055311086284
5657,True,"A3,B2,C3,D2,E1,F3",False,2.0,998636.3285020344,-11.562426106119275
5658,True,"A3,B2,C3,D2,E1,F3",False,2.0,26915.95180870621,-3.239334830206616
5659,True,"A3,B2,C3,D2,E1,F3",False,2.0,2983.387555311092,-1.429905469863698
5660,True,"A3,B2,C3,D2,E1,F1",False,2.0,542863.3260888994,-7.949497961438652
5661,True,"A3,B2,C3,D2,E1,F2",False,1.0,2967897.2201304697,-14.722089951483348
5662,True,"A3,B2,C3,D1,E1,F2",True,0.0,440097.9591083503,-8.8566469189048
5663,True,"A3,B2,C3,D2,E1,F3",False,2.0,79548.37422987288,-4.071633458412023
5664,True,"A3,B2,C3,D2,E1,F1",False,2.0,478661.6185492347,-7.27238725336521
5665,True,"A4,B2,C3,D2,E3,F2",False,3.0,63520.015713348614,-4.908600805498963
5666,True,"A4,B2,C3,D2,E1,F2",False,2.0,99630.38774384998,-6.598940815155103
5667,True,"A3,B2,C3,D2,E1,F2",False,1.0,3509083.502842484,-14.208917492220131
5668,True,"A3,B2,C3,D1,E1,F2",True,0.0,301187.73904033983,-7.307198713134014
5669,True,"A3,B2,C3,D2,E1,F3",False,2.0,115175.82882613613,-6.267659488179518
5670,True,"A3,B2,C3,D1,E1,F2",True,0.0,1236807.2553368574,-11.576472115505261
5671,True,"A4,B2,C3,D2,E3,F2",False,3.0,1727696.7804624944,-12.489204117730914
5672,True,"A3,B2,C3,D1,E1,F2",True,0.0,8703.89877405785,-3.162539864552315
5673,True,"A3,B2,C3,D2,E1,F3",False,2.0,54039.99620046949,-3.6409517866716214
5674,True,"A3,B2,C3,D1,E1,F2",True,0.0,3119397.318112783,-14.830291333725214
5675,True,"A4,B2,C3,D2,E3,F2",False,3.0,616034.4886915878,-12.267302893286924
5676,True,"A3,B2,C3,D1,E1,F2",True,0.0,236252.66337039607,-7.379257804998261
5677,True,"A4,B2,C3,D2,E2,F1",False,4.0,24514.51559284836,-3.6605840780190846
5678,True,"A3,B2,C3,D2,E1,F3",False,2.0,203569.53822238403,-6.353546889443422
5679,True,"A4,B2,C3,D2,E3,F1",False,4.0,29538.718291869012,-3.309488379754171
5680,True,"A3,B2,C3,D2,E1,F1",False,2.0,548247.9532361131,-10.913854056743077
5681,True,"A3,B2,C3,D2,E1,F2",False,1.0,1485877.160387796,-11.711928872934664
5682,True,"A3,B2,C3,D2,E1,F1",False,2.0,770309.798805769,-10.055591682058015
5683,True,"A4,B2,C3,D2,E3,F2",False,3.0,1192144.8619823186,-12.898776767984295
5684,True,"A4,B2,C3,D2,E3,F1",False,4.0,445249.20731912844,-9.885135232894442
5685,True,"A4,B2,C3,D2,E3,F1",False,4.0,40776.718026122166,-5.587963824996962
5686,True,"A3,B2,C3,D1,E1,F1",False,1.0,30759.365683349377,-4.050386993034493
5687,True,"A3,B2,C3,D1,E1,F2",True,0.0,387388.2826262619,-9.069701940086105
5688,True,"A3,B2,C3,D2,E1,F1",False,2.0,2389461.8180058603,-12.963442604193062
5689,True,"A3,B2,C3,D2,E1,F3",False,2.0,438368.82359861565,-9.685626160337051
5690,True,"A4,B2,C3,D2,E3,F2",False,3.0,751766.1209875004,-10.535166856120881
5691,True,"A3,B2,C3,D2,E1,F3",False,2.0,859943.596443294,-10.31343024967704
5692,True,"A3,B2,C3,D2,E1,F1",False,2.0,2232683.499980334,-13.74251275181605
5693,True,"A3,B2,C3,D2,E1,F2",False,1.0,1300395.1087671423,-10.732110314602359
5694,True,"A3,B2,C3,D2,E1,F1",False,2.0,3526374.405084046,-15.843337627368108
5695,True,"A3,B2,C3,D2,E1,F1",False,2.0,688318.5846842094,-9.666418620316328
5696,True,"A3,B2,C3,D2,E1,F3",False,2.0,469219.6742669879,-7.686688042609447
5697,True,"A3,B2,C3,D2,E1,F1",False,2.0,298822.65759580035,-7.880092986463296
5698,True,"A4,B2,C3,D2,E3,F2",False,3.0,1392277.91720979,-12.450229913920268
5699,True,"A4,B2,C3,D2,E2,F1",False,4.0,49970.876870926215,-5.4680339308904
5700,True,"A4,B2,C3,D2,E3,F1",False,4.0,55443.69481467123,-6.376227122058282
5701,True,"A3,B2,C3,D2,E1,F1",False,2.0,141573.89925537587,-6.654385450401222
5702,True,"A4,B2,C3,D2,E3,F2",False,3.0,1422073.1908793505,-11.410689293420361
5703,True,"A4,B2,C3,D2,E3,F2",False,3.0,3173015.851977731,-13.248240994736378
5704,True,"A3,B2,C3,D2,E1,F1",False,2.0,150886.4330646857,-6.487280651991966
5705,True,"A4,B2,C3,D2,E3,F2",False,3.0,605074.944436311,-8.538728787875996
5706,True,"A3,B2,C3,D1,E1,F1",False,1.0,17298.401476354527,-4.430504827729479
5707,True,"A3,B2,C3,D1,E1,F1",False,1.0,437990.95657112024,-9.122862071524196
5708,True,"A4,B2,C3,D2,E3,F1",False,4.0,30773.596312131875,-4.815871684569146
5709,True,"A4,B2,C3,D2,E3,F1",False,4.0,43167.85092342471,-4.75525067748579
5710,True,"A4,B2,C3,D2,E3,F1",False,4.0,3267.089249097055,-2.7747348203290585
5711,True,"A3,B2,C3,D2,E1,F2",False,1.0,1606296.1140221653,-12.443303347750849
5712,True,"A3,B2,C3,D2,E1,F3",False,2.0,1911833.7819675573,-13.966670157867668
5713,True,"A3,B2,C3,D2,E1,F2",False,1.0,490114.23674387054,-9.101306939818159
5714,True,"A3,B2,C3,D2,E1,F1",False,2.0,1280958.6024455768,-12.521040653140467
5715,True,"A4,B2,C3,D2,E3,F2",False,3.0,41945.038633744916,-4.196291834690356
5716,True,"A3,B2,C3,D2,E1,F3",False,2.0,259588.08287141257,-6.712516501850061
5717,True,"A4,B2,C3,D2,E3,F1",False,4.0,1518949.2690096083,-13.592246659774815
5718,True,"A4,B2,C3,D2,E2,F1",False,4.0,281300.2360370032,-8.246256901906861
5719,True,"A4,B2,C3,D2,E2,F1",False,4.0,289600.9317332101,-8.07071593950711
5720,True,"A3,B2,C3,D1,E1,F2",True,0.0,3575044.4136303845,-15.103641693069854
5721,True,"A3,B2,C3,D2,E1,F2",False,1.0,3476478.882879238,-15.599326893137793
5722,True,"A3,B2,C3,D1,E1,F2",True,0.0,8462.4834022912,-0.9407520386028096
5723,True,"A3,B2,C3,D1,E1,F2",True,0.0,51942.101476841686,-5.098512766534654
5724,True,"A4,B2,C3,D2,E3,F2",False,3.0,666483.7552950297,-10.59074062727668
5725,True,"A3,B2,C3,D2,E1,F1",False,2.0,672196.4079038914,-11.724312326952884
5726,True,"A3,B2,C3,D1,E1,F2",True,0.0,69322.59325178571,-4.645845366459483
5727,True,"A4,B2,C3,D2,E3,F2",False,3.0,990160.3940546883,-11.467071210480832
5728,True,"A4,B2,C3,D2,E3,F1",False,4.0,62498.117324330284,-5.220722190824787
5729,True,"A4,B2,C3,D2,E3,F1",False,4.0,572007.6050370185,-9.48191277088474
5730,True,"A3,B2,C3,D1,E1,F2",True,0.0,211569.14507621527,-5.595402201877135
5731,True,"A4,B2,C3,D2,E3,F2",False,3.0,150741.09563221893,-5.956037132168845
5732,True,"A3,B2,C3,D1,E1,F2",True,0.0,549379.0292306076,-9.426108298122216
5733,True,"A3,B2,C3,D2,E1,F3",False,2.0,53788.530332218514,-4.290181266335466
5734,True,"A3,B2,C3,D2,E1,F3",False,2.0,1126551.8310285322,-11.740437069019016
5735,True,"A3,B2,C3,D2,E1,F3",False,2.0,382564.2773586425,-8.621091433800288
5736,True,"A3,B2,C3,D2,E1,F1",False,2.0,598392.4484024651,-9.815854913940193
5737,True,"A3,B2,C3,D2,E1,F1",False,2.0,2095581.0849887342,-15.399884560965603
5738,True,"A3,B2,C3,D1,E1,F2",True,0.0,13028.495412949384,-2.7447029918354815
5739,True,"A3,B2,C3,D1,E1,F2",True,0.0,871491.3061269597,-12.657037244493168
5740,True,"A4,B2,C3,D2,E2,F1",False,4.0,88709.61862881045,-6.60865958414
5741,True,"A3,B2,C3,D2,E1,F1",False,2.0,3449669.1091635646,-14.54686255279372
5742,True,"A3,B2,C3,D2,E1,F3",False,2.0,1909123.3495287846,-13.380429734819238
5743,True,"A4,B2,C3,D2,E3,F2",False,3.0,646855.525975214,-9.974091922836251
5744,True,"A4,B2,C3,D2,E2,F1",False,4.0,30277.447913158947,-4.148611645404188
5745,True,"A3,B2,C3,D1,E1,F2",True,0.0,642719.6350596598,-9.24076378150621
5746,True,"A3,B2,C3,D2,E1,F3",False,2.0,1100833.9928400053,-11.384639045431271
5747,True,"A3,B2,C3,D1,E1,F2",True,0.0,19817.456419683756,-3.0183445599526095
5748,True,"A3,B2,C3,D1,E1,F2",True,0.0,170564.7347627729,-6.591556033073147
5749,True,"A3,B2,C3,D2,E1,F2",False,1.0,3161937.682721633,-13.532167573669874
5750,True,"A3,B2,C3,D2,E1,F3",False,2.0,2651457.784373873,-14.941600554594565
5751,True,"A4,B2,C3,D2,E3,F1",False,4.0,11282.130600667648,-2.7550484330482163
5752,True,"A3,B2,C3,D2,E1,F1",False,2.0,1653631.0086301002,-12.46203509051633
5753,True,"A3,B2,C3,D2,E1,F3",False,2.0,1484912.4607684857,-11.18327463292244
5754,True,"A3,B2,C3,D2,E1,F2",False,1.0,3731330.8942005658,-15.486348505950794
5755,True,"A4,B2,C3,D2,E3,F1",False,4.0,16390.088045283508,-3.1625023145589495
5756,True,"A4,B2,C3,D2,E3,F1",False,4.0,9597.731636386206,-3.030064566248356
5757,True,"A3,B2,C3,D2,E1,F1",False,2.0,188531.076954289,-6.794160333349325
5758,True,"A3,B2,C3,D2,E1,F2",False,1.0,3182730.3376288144,-16.125041606602103
5759,True,"A3,B2,C3,D2,E1,F1",False,2.0,1290117.533757685,-11.592086554369054
5760,True,"A3,B2,C3,D2,E1,F3",False,2.0,888857.4544533908,-10.538619206702272
5761,True,"A3,B2,C3,D2,E1,F3",False,2.0,123885.16585805909,-7.457053185248668
5762,True,"A3,B2,C3,D2,E1,F3",False,2.0,495861.9241164714,-9.90876041856373
5763,True,"A3,B2,C3,D1,E1,F2",True,0.0,1191210.5565199365,-11.894578198499495
5764,True,"A3,B2,C3,D2,E1,F3",False,2.0,732666.5581151859,-10.169838890620525
5765,True,"A4,B2,C3,D2,E2,F1",False,4.0,487230.76288910536,-10.202271619713557
5766,True,"A3,B2,C3,D2,E1,F2",False,1.0,2075967.3077446239,-12.270243308513706
5767,True,"A3,B2,C3,D2,E1,F3",False,2.0,22701.366142543775,-3.3284555586159996
5768,True,"A3,B2,C3,D2,E1,F1",False,2.0,139263.8392882895,-6.220132943260438
5769,True,"A4,B2,C3,D2,E3,F2",False,3.0,459645.0751844474,-10.172346866762865
5770,True,"A4,B2,C3,D2,E3,F2",False,3.0,251400.98203459085,-7.476680867927669
5771,True,"A3,B2,C3,D2,E1,F3",False,2.0,572995.9865457427,-8.901670847592428
5772,True,"A3,B2,C3,D2,E1,F3",False,2.0,43635.255179207095,-5.118839187300608
5773,True,"A3,B2,C3,D1,E1,F2",True,0.0,425950.21980167815,-9.338864467444921
5774,True,"A3,B2,C3,D1,E1,F2",True,0.0,12328.582134843733,-1.8840774714614668
5775,True,"A3,B2,C3,D2,E1,F3",False,2.0,35010.89566806726,-3.700016045509244
5776,True,"A3,B2,C3,D2,E1,F1",False,2.0,1160795.9134357523,-12.554329129684056
5777,True,"A3,B2,C3,D2,E1,F2",False,1.0,4168815.067900851,-14.252272320290167
5778,True,"A3,B2,C3,D1,E1,F1",False,1.0,33736.343533391366,-4.688937174295916
5779,True,"A3,B2,C3,D2,E1,F1",False,2.0,244447.25073008178,-7.8669697781697465
5780,True,"A3,B2,C3,D2,E1,F2",False,1.0,1699099.0470613465,-11.703694425911763
5781,True,"A4,B2,C3,D2,E3,F2",False,3.0,816808.3975113233,-11.56080094536145
5782,True,"A4,B2,C3,D2,E3,F2",False,3.0,40839.85172995458,-3.6626453261339407
5783,True,"A4,B2,C3,D2,E3,F2",False,3.0,435821.23225699086,-9.80151735233477
5784,True,"A4,B2,C3,D2,E2,F1",False,4.0,5565.789875030937,-1.9384204782818841
5785,True,"A3,B2,C3,D2,E1,F2",False,1.0,2562696.6009284277,-13.978995001090034
5786,True,"A4,B2,C3,D2,E3,F2",False,3.0,3172464.1165956054,-14.988894636665997
5787,True,"A3,B2,C3,D1,E1,F2",True,0.0,8837.282532660161,-2.9202111865596265
5788,True,"A3,B2,C3,D1,E1,F2",True,0.0,2138161.45566939,-12.826897571022386
5789,True,"A3,B2,C3,D1,E1,F2",True,0.0,981431.5082424629,-9.741780689903031
5790,True,"A4,B2,C3,D2,E3,F2",False,3.0,1114233.784777584,-11.787452338603053
5791,True,"A4,B2,C3,D2,E3,F1",False,4.0,235478.18126478835,-7.841866325439511
5792,True,"A3,B2,C3,D2,E1,F2",False,1.0,3763145.426543458,-13.863383937870324
5793,True,"A3,B2,C3,D2,E3,F3",False,3.0,960001.8081192113,-11.579196320391006
5794,True,"A4,B2,C3,D2,E3,F1",False,4.0,3393361.9307728587,-14.643500045047666
5795,True,"A3,B2,C3,D2,E1,F3",False,2.0,193583.22787848764,-7.732110815739574
5796,True,"A4,B2,C3,D2,E3,F2",False,3.0,3105820.279047067,-15.310596536363569
5797,True,"A4,B2,C3,D2,E3,F1",False,4.0,235676.70651510544,-7.70246586207395
5798,True,"A3,B2,C3,D2,E1,F2",False,1.0,2358991.2225719513,-14.549153783757667
5799,True,"A3,B2,C3,D1,E1,F2",True,0.0,28157.034396729097,-4.137136656716464
5800,True,"A4,B2,C3,D2,E3,F2",False,3.0,180320.19967264295,-7.18494336071231
5801,True,"A3,B2,C3,D2,E1,F2",False,1.0,3191519.6429821528,-17.171956643131864
5802,True,"A4,B2,C3,D2,E3,F2",False,3.0,3093931.027144727,-14.271657051522823
5803,True,"A3,B2,C3,D2,E1,F3",False,2.0,2377727.7741143024,-13.748224876282357
5804,True,"A4,B2,C3,D2,E3,F1",False,4.0,16785.668046855437,-4.044193086025018
5805,True,"A4,B2,C3,D2,E3,F2",False,3.0,2326593.0750693497,-15.466981086955343
5806,True,"A3,B2,C3,D2,E1,F2",False,1.0,3179789.8080224884,-13.516602467968639
5807,True,"A3,B2,C3,D1,E1,F1",False,1.0,40827.699847404234,-4.19254920153756
5808,True,"A3,B2,C3,D1,E1,F1",False,1.0,191021.53275310667,-7.537025687776136
5809,True,"A3,B2,C3,D1,E1,F2",True,0.0,367475.5851135831,-10.229845882571908
5810,True,"A3,B2,C3,D1,E1,F2",True,0.0,2599102.3511912944,-13.119944308321216
5811,True,"A3,B2,C3,D1,E1,F2",True,0.0,2075064.8317506204,-12.89019995413635
5812,True,"A3,B2,C3,D1,E1,F2",True,0.0,416392.472978408,-8.355036024028323
5813,True,"A3,B2,C3,D2,E1,F3",False,2.0,1516264.118902984,-11.352261044785124
5814,True,"A3,B2,C3,D2,E1,F3",False,2.0,3378967.629166248,-14.62638521427602
5815,True,"A3,B2,C3,D1,E1,F1",False,1.0,13906.101015595907,-3.15341853288227
5816,True,"A4,B2,C3,D2,E3,F1",False,4.0,74796.24180801315,-5.670677029283937
5817,True,"A4,B2,C3,D2,E3,F2",False,3.0,860920.6867964141,-9.590124457699233
5818,True,"A4,B2,C3,D2,E3,F2",False,3.0,1352921.5780203529,-11.36625154004409
5819,True,"A3,B2,C3,D1,E1,F2",True,0.0,318465.88564212393,-7.93865553657308
5820,True,"A3,B2,C3,D2,E1,F3",False,2.0,1650421.9502192156,-12.335345175027307
5821,True,"A4,B2,C3,D2,E3,F2",False,3.0,1808338.6676943668,-13.376740986686329
5822,True,"A3,B2,C3,D1,E1,F1",False,1.0,3851.864863650348,-1.651923231243984
5823,True,"A3,B2,C3,D1,E1,F2",True,0.0,1144495.9945640303,-11.238421932645835
5824,True,"A4,B2,C3,D2,E3,F1",False,4.0,112087.67927037535,-8.133297485092498
5825,True,"A3,B2,C3,D2,E1,F3",False,2.0,27467.480894916134,-3.478205265653841
5826,True,"A3,B2,C3,D1,E1,F2",True,0.0,252612.54758496783,-8.865057470010257
5827,True,"A3,B2,C3,D2,E1,F3",False,2.0,128077.94956542389,-7.29862816677435
5828,True,"A3,B2,C3,D2,E1,F3",False,2.0,2245370.9956088075,-13.34521013462637
5829,True,"A3,B2,C3,D2,E1,F3",False,2.0,158543.14026980824,-6.75299312676465
5830,True,"A3,B2,C3,D2,E2,F3",False,3.0,2511822.8916340955,-14.350264223287411
5831,True,"A3,B2,C3,D1,E1,F2",True,0.0,5775.28809354437,-1.242790597716322
5832,True,"A3,B2,C3,D1,E1,F2",True,0.0,361593.719706907,-8.444311745262212
5833,True,"A4,B2,C3,D2,E3,F2",False,3.0,3118695.1273256117,-14.373659836000371
5834,True,"A3,B2,C3,D1,E1,F2",True,0.0,234288.7765976395,-8.67344301566662
5835,True,"A3,B2,C3,D2,E1,F2",False,1.0,2242337.804380199,-14.026635845036836
5836,True,"A4,B2,C3,D2,E1,F2",False,2.0,494754.05115980265,-9.345501189586443
5837,True,"A3,B2,C3,D2,E1,F2",False,1.0,1089205.6578985848,-10.133297484714575
5838,True,"A4,B2,C3,D2,E3,F1",False,4.0,770709.4951172913,-12.056843588950727
5839,True,"A4,B2,C3,D2,E3,F2",False,3.0,197921.91365522312,-7.86392035197062
5840,True,"A4,B2,C3,D2,E2,F1",False,4.0,200342.7770222225,-7.6363285083415064
5841,True,"A3,B2,C3,D1,E1,F2",True,0.0,563313.1092204268,-10.857464669668317
5842,True,"A3,B2,C3,D2,E1,F1",False,2.0,2819230.1588629996,-14.546199380696024
5843,True,"A4,B2,C3,D2,E3,F1",False,4.0,11796.431898917945,-3.287467237883078
5844,True,"A3,B2,C3,D2,E1,F3",False,2.0,167418.8864531037,-6.360980108374648
5845,True,"A4,B2,C3,D2,E2,F1",False,4.0,57726.45425519267,-5.4351619620879035
5846,True,"A4,B2,C3,D2,E3,F1",False,4.0,1426765.407448577,-13.006012378112551
5847,True,"A3,B2,C3,D2,E1,F1",False,2.0,69223.42803833704,-5.609646750869729
5848,True,"A4,B2,C3,D2,E3,F1",False,4.0,36261.768570033964,-5.384289001716169
5849,True,"A3,B2,C3,D1,E1,F2",True,0.0,519476.1938001583,-8.352211339128175
5850,True,"A3,B2,C3,D1,E1,F2",True,0.0,2080253.263661155,-12.758150698309791
5851,True,"A4,B2,C3,D2,E3,F1",False,4.0,53374.35701626455,-5.100890097300379
5852,True,"A3,B2,C3,D1,E1,F2",True,0.0,71734.26366353969,-5.107525754222195
5853,True,"A3,B2,C3,D2,E1,F2",False,1.0,4094340.2165398416,-14.309951805354217
5854,True,"A3,B2,C3,D2,E1,F2",False,1.0,2163921.7674952988,-11.953808269951594
5855,True,"A3,B2,C3,D2,E1,F1",False,2.0,2533338.5749273794,-14.106067699475688
5856,True,"A3,B2,C3,D2,E1,F3",False,2.0,22014.004109107118,-2.8408517448170443
5857,True,"A3,B2,C3,D2,E1,F3",False,2.0,1541189.060075264,-10.999684817914655
5858,True,"A3,B2,C3,D2,E1,F3",False,2.0,328550.1240272703,-7.0866433078276145
5859,True,"A3,B2,C3,D1,E1,F2",True,0.0,293508.45992263366,-8.104444642180553
5860,True,"A3,B2,C3,D1,E1,F2",True,0.0,2406086.8957780045,-12.577111020709765
5861,True,"A3,B2,C3,D2,E1,F3",False,2.0,260060.76303244394,-7.506526041808783
5862,True,"A4,B2,C3,D2,E3,F2",False,3.0,327437.5428897169,-7.943120642774645
5863,True,"A3,B2,C3,D1,E1,F2",True,0.0,96756.18754929831,-4.875512272369775
5864,True,"A3,B2,C3,D2,E1,F2",False,1.0,1533140.8447294184,-11.03674545843242
5865,True,"A4,B2,C3,D2,E3,F2",False,3.0,551978.8484517866,-11.31667379493419
5866,True,"A3,B2,C3,D1,E1,F2",True,0.0,809458.3771493904,-10.190500270536774
5867,True,"A3,B2,C3,D2,E1,F1",False,2.0,131393.088760548,-5.6531707203267985
5868,True,"A3,B2,C3,D1,E1,F1",False,1.0,37450.68817120318,-4.8736146930382205
5869,True,"A4,B2,C3,D2,E3,F2",False,3.0,443195.0970356831,-8.722619344706956
5870,True,"A4,B2,C3,D2,E3,F1",False,4.0,160460.05047000296,-8.73382102977466
5871,True,"A4,B2,C3,D2,E3,F2",False,3.0,929651.8055051933,-11.855090783919742
5872,True,"A3,B2,C3,D2,E1,F3",False,2.0,551169.5028329177,-9.480057201266831
5873,True,"A3,B2,C3,D2,E1,F3",False,2.0,635644.2776466287,-10.214936661167712
5874,True,"A3,B2,C3,D1,E1,F2",True,0.0,811307.124055869,-10.608700699247166
5875,True,"A3,B2,C3,D1,E1,F1",False,1.0,158760.58065709836,-7.570900431747049
5876,True,"A4,B2,C3,D2,E3,F1",False,4.0,388993.4131507843,-9.13473393363536
5877,True,"A3,B2,C3,D2,E1,F3",False,2.0,122335.29666417821,-5.986554785245033
5878,True,"A3,B2,C3,D1,E1,F2",True,0.0,1744271.334182602,-11.821763592825185
5879,True,"A4,B2,C3,D2,E2,F1",False,4.0,708684.2791201993,-11.52661174447686
5880,True,"A4,B2,C3,D2,E3,F1",False,4.0,3195.304306663087,-1.9364070141275391
5881,True,"A3,B2,C3,D1,E1,F2",True,0.0,587099.9986393813,-8.879781324583007
5882,True,"A3,B2,C3,D2,E1,F1",False,2.0,1674058.2105919411,-12.347634583713464
5883,True,"A4,B2,C3,D2,E3,F1",False,4.0,375631.1566425183,-9.99720121525668
5884,True,"A4,B2,C3,D2,E3,F2",False,3.0,945456.7417486083,-10.742986170510385
5885,True,"A3,B2,C3,D2,E1,F2",False,1.0,4390612.416953465,-17.4222178365604
5886,True,"A3,B2,C3,D1,E1,F1",False,1.0,49365.645491857664,-5.316209096034967
5887,True,"A3,B2,C3,D1,E1,F2",True,0.0,292414.945149767,-8.802613374975948
5888,True,"A4,B2,C3,D2,E3,F2",False,3.0,363550.3772562076,-7.140162347840132
5889,True,"A3,B2,C3,D2,E1,F2",False,1.0,1612153.928354127,-11.810938833427493
5890,True,"A4,B2,C3,D2,E2,F1",False,4.0,453983.0035470275,-9.85851324250062
5891,True,"A3,B2,C3,D2,E1,F1",False,2.0,2000888.316269804,-13.093019450829686
5892,True,"A3,B2,C3,D1,E1,F1",False,1.0,237352.41547259834,-7.261289531367396
5893,True,"A3,B2,C3,D1,E1,F2",True,0.0,1535117.992443381,-13.042492729863262
5894,True,"A4,B2,C3,D2,E2,F1",False,4.0,163845.70146790458,-8.352661061599989
5895,True,"A4,B2,C3,D2,E3,F1",False,4.0,9600.37115039603,-3.0439404403216486
5896,True,"A3,B2,C3,D2,E1,F1",False,2.0,869873.887130163,-10.952692506600712
5897,True,"A3,B2,C3,D2,E1,F3",False,2.0,192394.57820100506,-5.69939492829667
5898,True,"A3,B2,C3,D2,E1,F2",False,1.0,4341807.22936816,-14.869973447702392
5899,True,"A3,B2,C3,D2,E1,F2",False,1.0,3253835.971163018,-14.88424479369688
5900,True,"A4,B2,C3,D2,E2,F1",False,4.0,62625.127451610395,-6.788215951772102
5901,True,"A3,B2,C3,D2,E1,F2",False,1.0,450698.276782739,-8.494460422246306
5902,True,"A3,B2,C3,D1,E1,F2",True,0.0,537440.8572900685,-9.590498601842668
5903,True,"A3,B2,C3,D1,E1,F2",True,0.0,360987.43157303735,-7.766576582741649
5904,True,"A4,B2,C3,D2,E3,F1",False,4.0,22632.56528303403,-3.8487038091766124
5905,True,"A3,B2,C3,D1,E1,F2",True,0.0,91889.02061176617,-5.772440064192935
5906,True,"A4,B2,C3,D2,E3,F2",False,3.0,153504.53361646846,-6.132320518875488
5907,True,"A4,B2,C3,D2,E3,F2",False,3.0,277013.63071321865,-7.8274068516241755
5908,True,"A3,B2,C3,D1,E1,F1",False,1.0,17410.05064340338,-3.163871266957372
5909,True,"A4,B2,C3,D2,E3,F2",False,3.0,134040.8058736491,-5.754543040806354
5910,True,"A3,B2,C3,D2,E1,F3",False,2.0,453860.22197795863,-7.952441043164768
5911,True,"A4,B2,C3,D2,E2,F1",False,4.0,1014459.9325566241,-12.475427731002725
5912,True,"A4,B2,C3,D2,E3,F1",False,4.0,22676.398267701796,-6.296168507394711
5913,True,"A3,B2,C3,D2,E1,F1",False,2.0,260701.40322563107,-7.272711864183577
5914,True,"A3,B2,C3,D2,E1,F3",False,2.0,1196649.0230059477,-12.891730656434554
5915,True,"A4,B2,C3,D2,E3,F1",False,4.0,12982.52809663299,-3.5067540735540774
5916,True,"A4,B2,C3,D2,E3,F2",False,3.0,317692.22686610057,-7.893561389420185
5917,True,"A3,B2,C3,D1,E1,F2",True,0.0,3447047.7788476353,-15.11742968776511
5918,True,"A3,B2,C3,D1,E1,F2",True,0.0,157789.17373460656,-6.791187448938786
5919,True,"A4,B2,C3,D2,E2,F1",False,4.0,1592035.723949027,-13.761747317327504
5920,True,"A3,B2,C3,D2,E1,F3",False,2.0,113386.91032845006,-5.588732001884878
5921,True,"A3,B2,C3,D2,E1,F1",False,2.0,1905638.7662782422,-12.885981929827018
5922,True,"A3,B2,C3,D1,E1,F1",False,1.0,301572.31622195896,-8.02220981901877
5923,True,"A3,B2,C3,D1,E1,F2",True,0.0,1195013.9547937438,-11.452022310299306
5924,True,"A4,B2,C3,D2,E2,F1",False,4.0,261732.85621436927,-7.7730306780032805
5925,True,"A3,B2,C3,D2,E1,F3",False,2.0,822693.7955629444,-10.129171752081227
5926,True,"A4,B2,C3,D2,E3,F2",False,3.0,1412198.9082348146,-12.13120584867886
5927,True,"A3,B2,C3,D2,E1,F3",False,2.0,193296.2982819085,-7.168979680151409
5928,True,"A3,B2,C3,D2,E1,F2",False,1.0,1919529.621559725,-13.464029833054191
5929,True,"A4,B2,C3,D2,E2,F1",False,4.0,29871.741657376402,-4.560832615333581
5930,True,"A3,B2,C3,D1,E1,F2",True,0.0,15697.087398748698,-2.244302043044641
5931,True,"A3,B2,C3,D2,E1,F3",False,2.0,944640.0884336517,-11.075228798670068
5932,True,"A3,B2,C3,D1,E1,F1",False,1.0,88600.2330771525,-6.858979649669166
5933,True,"A3,B2,C3,D2,E1,F3",False,2.0,19513.76052706668,-3.7166980762376625
5934,True,"A3,B2,C3,D2,E1,F2",False,1.0,3922885.3874704693,-14.753494359284737
5935,True,"A4,B2,C3,D2,E3,F2",False,3.0,3674347.187849587,-14.70339199562109
5936,True,"A3,B2,C3,D2,E1,F1",False,2.0,1241087.1415595757,-11.931255375437772
5937,True,"A3,B2,C3,D1,E1,F2",True,0.0,82971.00671062504,-5.070258268542872
5938,True,"A4,B2,C3,D2,E2,F1",False,4.0,86740.84714075137,-6.856469409504754
5939,True,"A3,B2,C3,D1,E1,F2",True,0.0,1528327.5751976178,-10.635630528142165
5940,True,"A3,B2,C3,D1,E1,F2",True,0.0,98492.97734339192,-5.68832164112672
5941,True,"A3,B2,C3,D2,E1,F1",False,2.0,550586.7396153827,-10.733075896963172
5942,True,"A3,B2,C3,D1,E1,F2",True,0.0,3115799.324832136,-13.437133641168536
5943,True,"A3,B2,C3,D2,E1,F3",False,2.0,1062791.5526551432,-11.040935446236027
5944,True,"A3,B2,C3,D2,E1,F3",False,2.0,720753.3331073137,-9.69481409796522
5945,True,"A3,B2,C3,D2,E1,F2",False,1.0,2896355.928188644,-14.199150426792606
5946,True,"A3,B2,C3,D2,E1,F2",False,1.0,2304559.1805735985,-14.405846075667142
5947,True,"A3,B2,C3,D2,E1,F1",False,2.0,2712479.1421128325,-15.97424468511273
5948,True,"A3,B2,C3,D1,E1,F2",True,0.0,984765.3634972745,-9.57646202123285
5949,True,"A3,B2,C3,D1,E1,F2",True,0.0,317876.88135233865,-6.648623788774572
5950,True,"A4,B2,C3,D2,E3,F2",False,3.0,1695661.6691664585,-13.576169075167861
5951,True,"A3,B2,C3,D2,E1,F1",False,2.0,120815.26732234575,-6.209252332968703
5952,True,"A4,B2,C3,D2,E3,F2",False,3.0,335139.30238102097,-7.652637128682045
5953,True,"A3,B2,C3,D2,E1,F1",False,2.0,296073.03683465905,-7.845698087779738
5954,True,"A3,B2,C3,D2,E1,F2",False,1.0,3309466.698110577,-13.542050761693837
5955,True,"A3,B2,C3,D1,E1,F1",False,1.0,17755.39315402994,-4.473807740121131
5956,True,"A3,B2,C3,D1,E1,F2",True,0.0,44558.58015865932,-4.9130486699662725
5957,True,"A4,B2,C3,D2,E3,F2",False,3.0,1208871.1047663635,-11.627435519333225
5958,True,"A4,B2,C3,D2,E2,F1",False,4.0,130541.00625303641,-6.704264422258731
5959,True,"A3,B2,C3,D2,E1,F2",False,1.0,376267.4615237385,-7.1537449211387525
5960,True,"A3,B2,C3,D2,E1,F3",False,2.0,285708.9531130054,-8.41482446183845
5961,True,"A4,B2,C3,D2,E3,F1",False,4.0,72488.4872960271,-7.200555476552111
5962,True,"A3,B2,C3,D1,E1,F2",True,0.0,548167.7184695544,-9.985106879874834
5963,True,"A3,B2,C3,D2,E1,F3",False,2.0,492511.3209720226,-8.23621388527691
5964,True,"A4,B2,C3,D2,E3,F1",False,4.0,20718.223431982587,-3.8989541537513333
5965,True,"A4,B2,C3,D2,E3,F2",False,3.0,212218.57667045144,-8.07609310039912
5966,True,"A4,B2,C3,D2,E3,F1",False,4.0,569775.1770858204,-10.529137396686068
5967,True,"A3,B2,C3,D2,E1,F2",False,1.0,1402736.4409280517,-12.134353378416705
5968,True,"A3,B2,C3,D2,E1,F1",False,2.0,301993.61531062773,-9.149207546560916
5969,True,"A3,B2,C3,D1,E1,F2",True,0.0,615145.8577531999,-9.682265088129611
5970,True,"A3,B2,C3,D2,E1,F3",False,2.0,21670.16284501803,-3.017773582748248
5971,True,"A3,B2,C3,D2,E1,F1",False,2.0,376737.3079660949,-8.559621008665616
5972,True,"A3,B2,C3,D2,E1,F1",False,2.0,1619715.9972886723,-13.664941559937525
5973,True,"A4,B2,C3,D2,E3,F1",False,4.0,515174.4556855415,-11.238216008584274
5974,True,"A4,B2,C3,D2,E3,F1",False,4.0,85696.08899353648,-7.161349105034091
5975,True,"A3,B2,C3,D1,E1,F2",True,0.0,183075.25982282622,-5.371321769694404
5976,True,"A3,B2,C3,D1,E1,F2",True,0.0,1017689.0330164055,-10.158592250843874
5977,True,"A3,B2,C3,D1,E1,F1",False,1.0,712176.4275558256,-10.784149179478902
5978,True,"A4,B2,C3,D2,E2,F1",False,4.0,44122.730353285806,-4.157436704455776
5979,True,"A3,B2,C3,D2,E1,F3",False,2.0,1477563.995169086,-10.635040184972219
5980,True,"A3,B2,C3,D1,E1,F2",True,0.0,450856.7638226484,-8.20856386494961
5981,True,"A4,B2,C3,D2,E2,F1",False,4.0,260320.9283091117,-8.845981697591625
5982,True,"A3,B2,C3,D1,E1,F2",True,0.0,42232.588069872654,-5.142576470243284
5983,True,"A3,B2,C3,D2,E1,F3",False,2.0,10392.199464122143,-2.768707455958264
5984,True,"A3,B2,C3,D1,E1,F1",False,1.0,72529.89382822029,-6.105129821622967
5985,True,"A4,B2,C3,D2,E3,F1",False,4.0,42642.71559584326,-4.92087894739106
5986,True,"A4,B2,C3,D2,E3,F2",False,3.0,2919582.4831068395,-14.851041431910453
5987,True,"A3,B2,C3,D1,E1,F2",True,0.0,40089.417877355394,-2.8940887872806513
5988,True,"A4,B2,C3,D2,E3,F2",False,3.0,3733070.0941425953,-16.775233998132066
5989,True,"A3,B2,C3,D2,E1,F2",False,1.0,2170966.3959126235,-11.858959318828873
5990,True,"A4,B2,C3,D2,E2,F1",False,4.0,3469638.1288509336,-16.66998771362111
5991,True,"A3,B2,C3,D2,E1,F3",False,2.0,710892.3663216124,-10.010318088916058
5992,True,"A3,B2,C3,D1,E1,F2",True,0.0,1314436.7864182969,-10.308929898059851
5993,True,"A3,B2,C3,D2,E1,F3",False,2.0,1705129.8235314463,-12.85173985348218
5994,True,"A4,B2,C3,D2,E2,F1",False,4.0,54545.96499760911,-4.911562098996583
5995,True,"A3,B2,C3,D1,E1,F2",True,0.0,839704.1016174365,-9.777246909320333
5996,True,"A3,B2,C3,D2,E1,F2",False,1.0,3881091.7029876364,-14.188700743613545
5997,True,"A4,B2,C3,D2,E3,F2",False,3.0,2964369.8861507666,-14.046219706656423
5998,True,"A4,B2,C3,D2,E3,F1",False,4.0,46107.496983656085,-5.956168402594287
5999,True,"A4,B2,C3,D2,E3,F2",False,3.0,25622.91406173939,-3.8549086879054215
6000,True,"A3,B2,C3,D1,E1,F1",False,1.0,68173.76415522568,-5.778627689115851
6001,True,"A3,B2,C3,D2,E1,F3",False,2.0,2760895.0415734253,-14.622760106068228
6002,True,"A3,B2,C3,D1,E1,F1",False,1.0,16099.90614027249,-3.189301372423003
6003,True,"A3,B2,C3,D1,E1,F2",True,0.0,327173.6780024015,-7.73930596747573
6004,True,"A3,B2,C3,D2,E2,F3",False,3.0,2326014.5697213896,-13.639410527409161
6005,True,"A4,B2,C3,D2,E3,F2",False,3.0,133240.01783330573,-5.492880684450014
6006,True,"A4,B2,C3,D2,E3,F1",False,4.0,297196.2626257717,-9.192569012496989
6007,True,"A4,B2,C3,D2,E3,F1",False,4.0,15571.888894827327,-4.03876729599429
6008,True,"A3,B2,C3,D1,E1,F2",True,0.0,632644.7534096432,-10.477666561692914
6009,True,"A3,B2,C3,D2,E1,F3",False,2.0,353663.62492677267,-7.291075186986873
6010,True,"A3,B2,C3,D1,E1,F2",True,0.0,204513.30742405404,-6.171812593406813
6011,True,"A3,B2,C3,D1,E1,F2",True,0.0,105274.47830615008,-4.802186538727014
6012,True,"A3,B2,C3,D2,E1,F1",False,2.0,2478199.9952468965,-15.141905954903535
6013,True,"A4,B2,C3,D2,E2,F2",False,3.0,3196882.206214401,-15.998110841184463
6014,True,"A3,B2,C3,D2,E1,F1",False,2.0,1724768.0834264497,-13.556445477804623
6015,True,"A3,B2,C3,D1,E1,F1",False,1.0,15782.473921173749,-4.066046998100049
6016,True,"A4,B2,C3,D2,E3,F2",False,3.0,94511.36168498042,-5.784372714005784
6017,True,"A4,B2,C3,D2,E3,F2",False,3.0,391231.8195020584,-9.173282886401168
6018,True,"A3,B2,C3,D2,E1,F2",False,1.0,3360085.765659649,-14.451210635271046
6019,True,"A3,B2,C3,D2,E1,F3",False,2.0,2058261.275246372,-13.98654583164845
6020,True,"A4,B2,C3,D2,E3,F1",False,4.0,286464.16670720704,-8.420457891369168
6021,True,"A3,B2,C3,D1,E1,F2",True,0.0,861493.2553446665,-10.536467957854995
6022,True,"A4,B2,C3,D2,E2,F1",False,4.0,327271.3099898913,-8.862194877662233
6023,True,"A3,B2,C3,D2,E1,F3",False,2.0,14153.028623216054,-3.314912169661042
6024,True,"A4,B2,C3,D2,E3,F2",False,3.0,141116.2752296318,-7.094215898230729
6025,True,"A4,B2,C3,D2,E5,F2",False,3.0,18073.638414271263,-4.5148474104578895
6026,True,"A3,B2,C3,D1,E1,F2",True,0.0,278253.20647672855,-9.078891250770909
6027,True,"A3,B2,C3,D2,E1,F1",False,2.0,1073970.8592527849,-11.654233921279747
6028,True,"A3,B2,C3,D2,E1,F3",False,2.0,2646169.003589033,-13.438541126199837
6029,True,"A4,B2,C3,D2,E3,F2",False,3.0,23872.145224441258,-4.177641977370669
6030,True,"A4,B2,C3,D2,E3,F1",False,4.0,172241.06355253197,-7.347927115030501
6031,True,"A4,B2,C3,D2,E2,F1",False,4.0,1249691.484633347,-11.579946159337517
6032,True,"A3,B2,C3,D2,E1,F1",False,2.0,934975.9589979966,-11.229893574804002
6033,True,"A4,B2,C3,D2,E3,F2",False,3.0,1645895.1846676427,-14.17483284787535
6034,True,"A3,B2,C3,D2,E1,F2",False,1.0,1281010.494140348,-11.066842877336704
6035,True,"A4,B2,C3,D2,E3,F1",False,4.0,505361.56305070216,-8.77757583326914
6036,True,"A4,B2,C3,D2,E3,F2",False,3.0,229104.8936007113,-7.8378735402895074
6037,True,"A3,B2,C3,D2,E1,F3",False,2.0,669556.9359967746,-9.213676912941864
6038,True,"A3,B2,C3,D1,E1,F2",True,0.0,961358.427676767,-9.36973420523033
6039,True,"A3,B2,C3,D1,E1,F1",False,1.0,14772.68420005949,-3.0773049151392087
6040,True,"A3,B2,C3,D2,E1,F3",False,2.0,3456816.375698899,-15.671683754423825
6041,True,"A4,B2,C3,D2,E3,F2",False,3.0,730038.901630617,-11.135672987040486
6042,True,"A4,B2,C3,D2,E3,F2",False,3.0,3371048.6352806287,-13.958670114813579
6043,True,"A3,B2,C3,D2,E1,F1",False,2.0,212978.942411628,-7.65855113339947
6044,True,"A4,B2,C3,D2,E3,F2",False,3.0,1049797.6173114802,-10.670075775037617
6045,True,"A3,B2,C3,D1,E1,F2",True,0.0,87271.69007098349,-5.296578118897429
6046,True,"A3,B2,C3,D2,E1,F3",False,2.0,1724836.9442882482,-13.949268441504366
6047,True,"A3,B2,C3,D2,E1,F2",False,1.0,2849944.5696306904,-12.991034029927334
6048,True,"A3,B2,C3,D1,E1,F2",True,0.0,408342.66017828614,-7.466162114733876
6049,True,"A3,B2,C3,D2,E1,F2",False,1.0,1361920.7372312567,-11.09619805515188
6050,True,"A3,B2,C3,D2,E1,F2",False,1.0,3216269.7320447066,-14.66996317287716
6051,True,"A3,B2,C3,D1,E1,F2",True,0.0,380180.01678473316,-9.417420083996532
6052,True,"A3,B2,C3,D1,E1,F2",True,0.0,1023796.6214198492,-10.333941304086444
6053,True,"A4,B2,C3,D2,E3,F1",False,4.0,88224.60678444241,-7.237585975304441
6054,True,"A3,B2,C3,D1,E1,F1",False,1.0,152096.8059374441,-6.845529745217206
6055,True,"A4,B2,C3,D2,E3,F1",False,4.0,323262.14224766794,-7.9012237329618245
6056,True,"A3,B2,C3,D2,E1,F2",False,1.0,1882377.3063555951,-12.554528467625396
6057,True,"A3,B2,C3,D1,E1,F2",True,0.0,1136722.6211699997,-9.708218271114674
6058,True,"A4,B2,C3,D2,E3,F2",False,3.0,592844.3434249046,-10.390220560543554
6059,True,"A3,B2,C3,D1,E1,F1",False,1.0,49856.67327892295,-4.613769654531097
6060,True,"A4,B2,C3,D2,E3,F1",False,4.0,39844.91317775961,-6.282058090425636
6061,True,"A4,B2,C3,D2,E3,F1",False,4.0,356462.8916133271,-8.135026524449984
6062,True,"A3,B2,C3,D2,E1,F1",False,2.0,500793.42278613476,-9.238446768310453
6063,False,,False,,,0.24046634981927184
6064,True,"A4,B2,C3,D2,E3,F1",False,4.0,115714.36148324209,-6.487992697695759
6065,True,"A3,B2,C3,D2,E1,F3",False,2.0,1067005.7019244705,-10.140189638196944
6066,True,"A3,B2,C3,D2,E1,F3",False,2.0,97312.32320024593,-6.645410076656873
6067,True,"A3,B2,C3,D1,E1,F2",True,0.0,915136.5714515887,-11.308866738829892
6068,True,"A3,B2,C3,D2,E1,F2",False,1.0,4140474.8958930797,-16.397795442975834
6069,True,"A3,B2,C3,D1,E1,F2",True,0.0,441438.87408071687,-8.693574383771207
6070,True,"A4,B2,C3,D2,E3,F2",False,3.0,1551586.4523466262,-11.667426578854602
6071,True,"A3,B2,C3,D2,E1,F3",False,2.0,84269.84862790437,-4.724929805421283
6072,True,"A3,B2,C3,D2,E1,F3",False,2.0,16555.049199876437,-3.736485092990094
6073,True,"A3,B2,C3,D1,E1,F2",True,0.0,2583267.4196159546,-13.07619677517873
6074,True,"A3,B2,C3,D1,E1,F1",False,1.0,31694.646168046347,-4.505130673575863
6075,True,"A3,B2,C3,D1,E1,F2",True,0.0,377305.065925341,-6.892534828557189
6076,True,"A3,B2,C3,D2,E1,F3",False,2.0,9152.526516750073,-2.020214175800149
6077,True,"A3,B2,C3,D2,E1,F3",False,2.0,760329.0673922421,-10.248214935236902
6078,True,"A3,B2,C3,D1,E1,F2",True,0.0,127285.64484292953,-6.578103949829483
6079,True,"A3,B2,C3,D2,E1,F1",False,2.0,760221.0165022955,-10.680357134239607
6080,True,"A4,B2,C3,D2,E3,F2",False,3.0,16657.894986889594,-2.2808281447090764
6081,True,"A3,B2,C3,D2,E1,F3",False,2.0,1665668.7648909027,-12.19863664983513
6082,True,"A3,B2,C3,D2,E1,F3",False,2.0,66411.38387557342,-4.418824476998708
6083,True,"A3,B2,C3,D1,E1,F2",True,0.0,12709.658508924946,-3.4558546426966075
6084,True,"A4,B2,C3,D2,E5,F2",False,3.0,16354.741172820912,-4.6245877516857234
6085,True,"A4,B2,C3,D2,E3,F1",False,4.0,95964.93920793291,-7.913291643814546
6086,True,"A4,B2,C3,D2,E3,F1",False,4.0,24805.80116945175,-3.974683970517532
6087,True,"A4,B2,C3,D2,E2,F1",False,4.0,70134.40613708379,-5.62535741154521
6088,True,"A4,B2,C3,D2,E3,F2",False,3.0,1243135.1678551398,-10.45294484376533
6089,True,"A3,B2,C3,D1,E1,F2",True,0.0,1919106.2095534753,-11.3352808114427
6090,True,"A4,B2,C3,D2,E3,F2",False,3.0,647339.0322923652,-11.225099740770176
6091,True,"A3,B2,C3,D2,E1,F3",False,2.0,85767.37633411716,-6.042562261687664
6092,True,"A4,B2,C3,D2,E3,F2",False,3.0,2620859.8824468013,-13.383377297041207
6093,True,"A4,B2,C3,D2,E3,F2",False,3.0,2266058.4935156694,-13.105231973879533
6094,True,"A3,B2,C3,D2,E1,F3",False,2.0,1477865.7831466682,-12.132230086646189
6095,True,"A3,B2,C3,D1,E1,F2",True,0.0,275041.7614360945,-7.517184312343247
6096,True,"A3,B2,C3,D2,E1,F3",False,2.0,285077.5140339401,-8.806883499848738
6097,True,"A3,B2,C3,D1,E1,F2",True,0.0,2014287.4260862812,-13.375599593300038
6098,True,"A3,B2,C3,D2,E1,F1",False,2.0,2225054.1469816077,-13.992709356878265
6099,True,"A3,B2,C3,D2,E1,F3",False,2.0,51535.44288281554,-3.9142648337499963
6100,True,"A3,B2,C3,D2,E5,F3",False,3.0,7361.736152301333,-2.9623463131764254
6101,True,"A4,B2,C3,D2,E3,F1",False,4.0,50353.65292339906,-6.104477865867864
6102,True,"A3,B2,C3,D1,E1,F2",True,0.0,317135.65834845166,-7.290698075393664
6103,True,"A4,B2,C3,D2,E3,F2",False,3.0,2833820.915160352,-15.719926515829869
6104,True,"A3,B2,C3,D1,E1,F2",True,0.0,32738.28216647312,-5.211687174561121
6105,True,"A3,B2,C3,D1,E1,F2",True,0.0,410598.99333035643,-7.148038862125205
6106,True,"A3,B2,C3,D2,E1,F3",False,2.0,602989.4560535395,-8.13184815306802
6107,True,"A4,B2,C3,D2,E1,F2",False,2.0,80781.8930764451,-6.181391388958929
6108,True,"A3,B2,C3,D1,E1,F2",True,0.0,791917.6835023335,-11.445377594364807
6109,True,"A3,B2,C3,D2,E1,F1",False,2.0,1637482.0341332243,-12.633445377955212
6110,True,"A4,B2,C3,D2,E2,F1",False,4.0,39521.0324262777,-3.6377785884408667
6111,True,"A4,B2,C3,D2,E2,F1",False,4.0,1071044.6897036915,-11.872369155162318
6112,True,"A3,B2,C3,D1,E1,F2",True,0.0,202776.96833947906,-7.87302402118533
6113,True,"A3,B2,C3,D1,E1,F2",True,0.0,346809.84327108465,-6.827000642892514
6114,True,"A3,B2,C3,D1,E1,F1",False,1.0,42295.29450987334,-4.58250685968035
6115,True,"A3,B2,C3,D1,E1,F2",True,0.0,95949.95253734873,-5.021397086496947
6116,True,"A3,B2,C3,D1,E1,F2",True,0.0,657009.8929486785,-11.027816328249003
6117,True,"A3,B2,C3,D2,E1,F3",False,2.0,43724.448363077,-3.4325354957758236
6118,True,"A3,B2,C3,D2,E1,F2",False,1.0,913282.2928453194,-8.937236517395561
6119,True,"A3,B2,C3,D1,E1,F2",True,0.0,27188.336287877988,-3.572449942771854
6120,True,"A3,B2,C3,D2,E1,F2",False,1.0,1168091.2490918648,-9.782381430492848
6121,True,"A4,B2,C3,D2,E3,F2",False,3.0,3097886.794746184,-16.50181459342049
6122,True,"A4,B2,C3,D2,E2,F1",False,4.0,4472725.325196181,-16.883451070279946
6123,True,"A3,B2,C3,D2,E1,F2",False,1.0,2841656.186173521,-13.712408285239015
6124,True,"A3,B2,C3,D2,E1,F1",False,2.0,643148.3257344639,-9.28015173951583
6125,True,"A3,B2,C3,D2,E1,F3",False,2.0,250847.0844058586,-7.870309862542015
6126,True,"A3,B2,C3,D1,E1,F2",True,0.0,1265619.922385033,-10.105136703292288
6127,True,"A3,B2,C3,D1,E1,F2",True,0.0,373162.4390906387,-9.050490243018473
6128,True,"A4,B2,C3,D2,E3,F2",False,3.0,303612.13195593224,-7.901699399121796
6129,True,"A4,B2,C3,D2,E3,F1",False,4.0,940194.8508540132,-12.793004289893204
6130,True,"A4,B2,C3,D2,E3,F2",False,3.0,2770443.756893947,-15.336137589384947
6131,True,"A3,B2,C3,D2,E1,F1",False,2.0,789703.3276951462,-9.422207519816851
6132,True,"A4,B2,C3,D2,E3,F1",False,4.0,66262.15386850155,-5.847669433235552
6133,True,"A3,B2,C3,D1,E1,F2",True,0.0,3281518.891058342,-15.28435258028209
6134,True,"A3,B2,C3,D2,E1,F1",False,2.0,917119.24751555,-10.547418546650341
6135,True,"A4,B2,C3,D2,E2,F1",False,4.0,98561.66304354771,-5.517573431899976
6136,True,"A3,B2,C3,D1,E1,F2",True,0.0,175744.97092402534,-5.756627085229624
6137,True,"A3,B2,C3,D1,E1,F2",True,0.0,1266370.6248298218,-11.307743290866235
6138,True,"A4,B2,C3,D2,E2,F1",False,4.0,20501.89938834933,-3.2404665861751596
6139,True,"A3,B2,C3,D1,E1,F2",True,0.0,1620465.5006605566,-11.484241010926546
6140,True,"A3,B2,C3,D1,E1,F2",True,0.0,968658.1851410132,-11.571801718827807
6141,True,"A3,B2,C3,D1,E1,F1",False,1.0,72263.97006308545,-5.276011048927998
6142,True,"A4,B2,C3,D2,E2,F1",False,4.0,2785857.717589463,-14.361995383008676
6143,True,"A4,B2,C3,D2,E2,F1",False,4.0,182825.32158562948,-7.994970706567102
6144,True,"A4,B2,C3,D2,E2,F1",False,4.0,292106.53870243515,-9.374782602439026
6145,True,"A3,B2,C3,D1,E1,F2",True,0.0,62737.1120928622,-4.643971319683899
6146,True,"A4,B2,C3,D2,E3,F2",False,3.0,770698.147239622,-10.767413072966605
6147,True,"A4,B2,C3,D2,E3,F2",False,3.0,2311397.2369828657,-13.098294705936333
6148,True,"A3,B2,C3,D1,E1,F2",True,0.0,198383.2265432556,-5.650186375863129
6149,True,"A4,B2,C3,D2,E3,F2",False,3.0,1862858.1129675317,-13.565893896080716
6150,True,"A3,B2,C3,D2,E1,F2",False,1.0,2145823.070186081,-12.14940956406788
6151,True,"A4,B2,C3,D2,E3,F2",False,3.0,1471092.0353643429,-12.221524485528242
6152,True,"A3,B2,C3,D2,E1,F1",False,2.0,1085876.1604213116,-11.096888567182638
6153,True,"A3,B2,C3,D1,E1,F1",False,1.0,54891.82300959304,-5.227513294296131
6154,True,"A3,B2,C3,D1,E1,F2",True,0.0,909956.5547115662,-9.738521459528357
6155,True,"A3,B2,C3,D1,E1,F2",True,0.0,398794.00941120094,-8.86084436651089
6156,True,"A4,B2,C3,D2,E2,F2",False,3.0,3045894.6907990654,-15.148578177384387
6157,True,"A3,B2,C3,D2,E1,F1",False,2.0,2080501.3422053598,-12.483045079506141
6158,True,"A3,B2,C3,D2,E1,F3",False,2.0,13460.264129108551,-1.909103475705919
6159,True,"A3,B2,C3,D2,E1,F3",False,2.0,336280.39339558705,-6.989309409857967
6160,True,"A3,B2,C3,D2,E1,F3",False,2.0,1340201.1270716027,-12.225142115347374
6161,True,"A4,B2,C3,D2,E2,F1",False,4.0,429407.3779941025,-9.405276977685574
6162,True,"A3,B2,C3,D1,E1,F2",True,0.0,658194.2741194665,-8.61455943411434
6163,True,"A3,B2,C3,D2,E1,F3",False,2.0,893108.070468969,-10.685724357351354
6164,True,"A3,B2,C3,D2,E1,F3",False,2.0,2514675.3260280755,-13.718425324574426
6165,True,"A3,B2,C3,D2,E1,F3",False,2.0,1751972.9611930617,-13.026953483258929
6166,True,"A4,B2,C3,D2,E3,F1",False,4.0,5789.4131314198785,-2.085870127595072
6167,True,"A3,B2,C3,D2,E1,F3",False,2.0,245217.05797587903,-7.10154086821926
6168,True,"A3,B2,C3,D1,E1,F2",True,0.0,74246.5529605378,-5.129255918221986
6169,True,"A4,B2,C3,D2,E3,F2",False,3.0,1806416.8029555534,-12.561307875388366
6170,True,"A3,B2,C3,D2,E1,F3",False,2.0,467749.54013052036,-9.283876667727853
6171,True,"A4,B2,C3,D2,E3,F2",False,3.0,595460.8794856715,-8.548302086548503
6172,True,"A3,B2,C3,D1,E1,F1",False,1.0,5672.679409223122,-2.293698193985236
6173,True,"A4,B2,C3,D2,E3,F2",False,3.0,137772.97501530036,-6.390117117089673
6174,True,"A3,B2,C3,D2,E1,F2",False,1.0,1371945.737450576,-10.677366883561803
6175,True,"A3,B2,C3,D2,E1,F3",False,2.0,233790.9163565283,-8.655977369085264
6176,True,"A4,B2,C3,D2,E3,F1",False,4.0,63682.49129119874,-5.597118668319226
6177,True,"A4,B2,C3,D2,E3,F2",False,3.0,23249.792382776555,-3.522641630036645
6178,True,"A4,B2,C3,D2,E3,F2",False,3.0,1776599.036276087,-12.846659157038488
6179,True,"A3,B2,C3,D1,E1,F2",True,0.0,1230275.2686185434,-12.798188927774909
6180,True,"A4,B2,C3,D2,E3,F1",False,4.0,17517.135038933455,-3.288275906535162
6181,True,"A3,B2,C3,D2,E1,F3",False,2.0,36612.792841681854,-4.817740903675741
6182,True,"A3,B2,C3,D2,E1,F3",False,2.0,55735.566038274344,-4.888654262300719
6183,True,"A3,B2,C3,D2,E1,F2",False,1.0,2425606.900108617,-13.438028415298383
6184,True,"A4,B2,C3,D2,E3,F2",False,3.0,1000769.3195515805,-11.94524435596162
6185,True,"A3,B2,C3,D2,E1,F3",False,2.0,259877.99091264038,-7.791042618071643
6186,True,"A4,B2,C3,D2,E3,F2",False,3.0,777616.5043180585,-11.711525274161048
6187,True,"A3,B2,C3,D1,E1,F2",True,0.0,1201402.72942156,-12.193631230459417
6188,True,"A3,B2,C3,D1,E1,F2",True,0.0,25337.591329564282,-2.3445073645848282
6189,True,"A4,B2,C3,D2,E3,F2",False,3.0,1075989.9395172796,-9.858240628029527
6190,True,"A3,B2,C3,D1,E1,F2",True,0.0,1518524.69651146,-12.296391378730839
6191,True,"A3,B2,C3,D2,E1,F3",False,2.0,82080.09350316538,-5.734599211176715
6192,True,"A3,B2,C3,D1,E1,F2",True,0.0,1069550.8612417635,-10.183288548746049
6193,True,"A4,B2,C3,D2,E3,F1",False,4.0,85498.7177632941,-8.129950150215464
6194,True,"A4,B2,C3,D2,E3,F2",False,3.0,81039.0884960323,-4.749623974547589
6195,True,"A4,B2,C3,D2,E3,F2",False,3.0,1817349.3062707437,-13.249962882740427
6196,True,"A3,B2,C3,D2,E1,F2",False,1.0,2616286.7556292177,-13.835786317310813
6197,True,"A4,B2,C3,D2,E3,F2",False,3.0,2146272.191398417,-13.510148589081332
6198,True,"A3,B2,C3,D2,E1,F1",False,2.0,3363301.655238075,-15.761883881940143
6199,True,"A3,B2,C3,D2,E1,F3",False,2.0,1539735.2307046473,-13.164692788448079
6200,True,"A3,B2,C3,D2,E1,F3",False,2.0,62780.61085492809,-6.1635163616441275
6201,True,"A4,B2,C3,D2,E3,F2",False,3.0,423905.50535114296,-8.902353475137986
6202,True,"A3,B2,C3,D2,E1,F3",False,2.0,24966.32795581288,-3.644318117529579
6203,True,"A3,B2,C3,D2,E1,F1",False,2.0,444295.3153042628,-10.034191708107755
6204,True,"A4,B2,C3,D2,E3,F2",False,3.0,1395705.6189706705,-11.430976537342275
6205,True,"A4,B2,C3,D2,E3,F2",False,3.0,2753832.6958355904,-15.700483084482741
6206,True,"A3,B2,C3,D1,E1,F2",True,0.0,284903.7144535882,-6.256237564950837
6207,True,"A4,B2,C3,D2,E3,F2",False,3.0,26922.404090788303,-2.9244415940185604
6208,True,"A3,B2,C3,D1,E1,F1",False,1.0,104987.44770619555,-7.46754198512221
6209,True,"A3,B2,C3,D1,E1,F1",False,1.0,18964.845304555492,-4.234019753732866
6210,True,"A3,B2,C3,D2,E1,F2",False,1.0,3119353.6095757145,-14.15497389594362
6211,True,"A3,B2,C3,D2,E1,F1",False,2.0,1754419.0570353698,-14.064301894971472
6212,True,"A4,B2,C3,D2,E3,F2",False,3.0,818199.583029866,-10.230862058923393
6213,True,"A3,B2,C3,D2,E2,F3",False,3.0,1498327.7990885049,-12.778722354599346
6214,True,"A4,B2,C3,D2,E3,F1",False,4.0,50681.76262966913,-4.582754866712563
6215,True,"A3,B2,C3,D1,E1,F2",True,0.0,38500.66370881163,-3.694563953273672
6216,True,"A3,B2,C3,D2,E1,F3",False,2.0,2411906.249582297,-12.94931597009272
6217,True,"A4,B2,C3,D2,E2,F1",False,4.0,3130211.0560649796,-14.656291438938112
6218,True,"A3,B2,C3,D2,E1,F2",False,1.0,621361.1259479375,-10.420679233324208
6219,True,"A3,B2,C3,D2,E1,F3",False,2.0,1560584.8058384217,-12.827300710248316
6220,True,"A4,B2,C3,D2,E3,F2",False,3.0,676760.4824174101,-10.194076702323443
6221,True,"A4,B2,C3,D2,E3,F2",False,3.0,165711.71247240523,-8.218956766676413
6222,True,"A4,B2,C3,D2,E3,F2",False,3.0,1353787.938060638,-11.824474143308564
6223,True,"A3,B2,C3,D2,E1,F3",False,2.0,799032.5880594304,-9.060349287464376
6224,True,"A3,B2,C3,D1,E1,F2",True,0.0,1535617.4182748473,-10.83326121860702
6225,True,"A3,B2,C3,D2,E1,F3",False,2.0,345512.7994830813,-8.680653764494735
6226,True,"A3,B2,C3,D1,E1,F1",False,1.0,12128.08966749379,-3.302158670065168
6227,True,"A3,B2,C3,D1,E1,F2",True,0.0,28884.667121670445,-3.800500024263897
6228,True,"A4,B2,C3,D2,E3,F2",False,3.0,640065.4053893994,-9.959136180839366
6229,True,"A3,B2,C3,D1,E1,F2",True,0.0,70101.13780071157,-4.922969184394262
6230,True,"A3,B2,C3,D2,E1,F2",False,1.0,773004.2938571953,-11.614951585190205
6231,True,"A4,B2,C3,D2,E3,F2",False,3.0,1050376.1964222807,-12.585070415197478
6232,True,"A4,B2,C3,D2,E3,F2",False,3.0,231420.23644071358,-6.129154904376648
6233,True,"A3,B2,C3,D2,E1,F3",False,2.0,59122.14699367688,-4.440007311312016
6234,True,"A3,B2,C3,D1,E1,F1",False,1.0,51735.88690461997,-5.4027033738400405
6235,True,"A4,B2,C3,D2,E3,F2",False,3.0,6424.562465726407,-1.867559723916969
6236,True,"A3,B2,C3,D2,E1,F1",False,2.0,663691.9372883736,-10.191262491613706
6237,True,"A3,B2,C3,D2,E1,F1",False,2.0,1295501.0633499231,-10.396950409186964
6238,True,"A3,B2,C3,D2,E1,F3",False,2.0,1868040.7291523828,-12.993669373786346
6239,True,"A4,B2,C3,D2,E2,F1",False,4.0,2093054.630824463,-15.139227531231832
6240,True,"A4,B2,C3,D2,E3,F2",False,3.0,2075258.5384639904,-14.224896495342144
6241,True,"A3,B2,C3,D1,E1,F2",True,0.0,23941.99675222942,-3.9188535331924186
6242,True,"A3,B2,C3,D1,E1,F2",True,0.0,3395109.21747214,-14.091626265016359
6243,True,"A4,B2,C3,D2,E3,F2",False,3.0,103197.17936700833,-4.820685796684685
6244,True,"A4,B2,C3,D2,E3,F2",False,3.0,570870.7625332297,-9.7476750361118
6245,True,"A3,B2,C3,D1,E1,F1",False,1.0,12021.20688173866,-2.56761373889249
6246,True,"A3,B2,C3,D2,E1,F3",False,2.0,253060.0732961244,-6.351755502056292
6247,True,"A4,B2,C3,D2,E3,F1",False,4.0,480492.6049163628,-11.286260711306639
6248,True,"A4,B2,C3,D2,E3,F2",False,3.0,1186905.5088991541,-11.352432013444755
6249,True,"A3,B2,C3,D2,E1,F2",False,1.0,3046856.0519569837,-13.681707806219165
6250,True,"A4,B2,C3,D2,E3,F1",False,4.0,34546.66721543967,-5.055534131891363
6251,True,"A3,B2,C3,D2,E1,F3",False,2.0,21030.752038611827,-4.246329094132051
6252,True,"A3,B2,C3,D1,E1,F1",False,1.0,105937.41896543842,-6.792544649824222
6253,True,"A4,B2,C3,D2,E3,F2",False,3.0,1376451.4446136295,-11.751713691736803
6254,True,"A3,B2,C3,D1,E1,F2",True,0.0,173320.87702089403,-7.080769308924147
6255,True,"A3,B2,C3,D1,E1,F2",True,0.0,623555.1477242528,-9.585335679776676
6256,True,"A3,B2,C3,D2,E1,F1",False,2.0,3065639.9691631594,-15.799603441675437
6257,True,"A3,B2,C3,D1,E1,F1",False,1.0,110451.18258222178,-6.442856955681478
6258,True,"A4,B2,C3,D2,E2,F1",False,4.0,50609.430820164234,-5.547333269016349
6259,True,"A3,B2,C3,D1,E1,F2",True,0.0,334621.23155510746,-7.235459710258226
6260,True,"A4,B2,C3,D2,E3,F2",False,3.0,162394.8167021072,-5.311600971036427
6261,True,"A3,B2,C3,D1,E1,F2",True,0.0,890272.5410474341,-9.174389324565354
6262,True,"A3,B2,C3,D1,E1,F2",True,0.0,47766.70627880079,-4.754456843948816
6263,True,"A3,B2,C3,D1,E1,F2",True,0.0,705441.346409611,-10.424617447983088
6264,True,"A3,B2,C3,D1,E1,F2",True,0.0,644169.5544044602,-8.572495892252704
6265,True,"A3,B2,C3,D1,E1,F2",True,0.0,258809.09558553345,-6.977264509817061
6266,True,"A4,B2,C3,D2,E3,F2",False,3.0,1222355.3288657872,-11.224770590965477
6267,True,"A4,B2,C3,D2,E3,F2",False,3.0,49840.133855907574,-3.927344049232687
6268,True,"A4,B2,C3,D2,E2,F1",False,4.0,3592102.9005366215,-15.698180792509334
6269,True,"A3,B2,C3,D2,E1,F3",False,2.0,44505.38970658198,-4.2852134323994875
6270,True,"A3,B2,C3,D1,E1,F2",True,0.0,1253110.6195785727,-12.456370017148615
6271,True,"A3,B2,C3,D2,E1,F3",False,2.0,243452.6474614573,-7.727134170497081
6272,True,"A4,B2,C3,D2,E3,F1",False,4.0,22433.962970936893,-4.269909155858599
6273,True,"A3,B2,C3,D1,E1,F1",False,1.0,37386.80037960361,-4.648507258422015
6274,True,"A3,B2,C3,D1,E1,F2",True,0.0,1894197.3977416889,-12.829473004549733
6275,True,"A3,B2,C3,D1,E1,F2",True,0.0,312935.7227353992,-5.818095398617416
6276,True,"A3,B2,C3,D1,E1,F2",True,0.0,1838687.3712026165,-12.612990807659543
6277,True,"A4,B2,C3,D2,E3,F2",False,3.0,24215.65909104429,-4.039817628502519
6278,True,"A4,B2,C3,D2,E2,F1",False,4.0,1364671.7363770627,-13.639241175104281
6279,True,"A4,B2,C3,D2,E3,F2",False,3.0,11774.733668106075,-3.411948624396814
6280,True,"A3,B2,C3,D1,E1,F2",True,0.0,78291.05731608777,-5.5200613944462305
6281,True,"A3,B2,C3,D2,E1,F2",False,1.0,3788673.053307013,-14.733275068794207
6282,True,"A3,B2,C3,D1,E1,F2",True,0.0,54415.3632609679,-5.142189052331716
6283,True,"A3,B2,C3,D2,E1,F3",False,2.0,3530347.8652003794,-15.533202280990835
6284,True,"A3,B2,C3,D2,E1,F3",False,2.0,358529.77418706904,-8.439335533725824
6285,True,"A4,B2,C3,D2,E3,F2",False,3.0,2135566.112440637,-13.517688412087765
6286,True,"A4,B2,C3,D2,E3,F2",False,3.0,3701046.9249848053,-15.43815852432747
6287,True,"A4,B2,C3,D2,E1,F2",False,2.0,250656.34052605054,-8.573497789529853
6288,True,"A4,B2,C3,D2,E3,F2",False,3.0,338534.7297963507,-8.738333158089901
6289,True,"A3,B2,C3,D2,E1,F3",False,2.0,3197635.2785413754,-15.402535454338391
6290,True,"A4,B2,C3,D2,E3,F1",False,4.0,140181.39479571453,-6.70619651414529
6291,True,"A3,B2,C3,D2,E1,F2",False,1.0,4115134.5675085965,-15.155462928715671
6292,True,"A3,B2,C3,D2,E1,F3",False,2.0,1560782.9327239066,-14.643930850467676
6293,True,"A3,B2,C3,D2,E1,F3",False,2.0,25753.138251877474,-3.665501935880087
6294,True,"A3,B2,C3,D2,E1,F3",False,2.0,20102.68360504996,-2.951510786005045
6295,True,"A3,B2,C3,D2,E1,F1",False,2.0,1598524.6830447305,-13.458613923205839
6296,True,"A3,B2,C3,D2,E1,F2",False,1.0,1739708.748088568,-12.611465096671822
6297,True,"A3,B2,C3,D2,E1,F2",False,1.0,4790062.454089142,-16.417566977987278
6298,True,"A3,B2,C3,D2,E1,F3",False,2.0,105683.56923906089,-5.640658127921881
6299,True,"A3,B2,C3,D2,E1,F2",False,1.0,2381373.7533672894,-10.630308737696907
6300,True,"A3,B2,C3,D2,E1,F2",False,1.0,657813.2075163902,-10.360874354069097
6301,True,"A3,B2,C3,D2,E1,F2",False,1.0,2393109.1193868513,-13.080726969416055
6302,True,"A4,B2,C3,D2,E3,F1",False,4.0,45965.15976979769,-6.223709212417987
6303,True,"A4,B2,C3,D2,E3,F1",False,4.0,35662.44389303693,-4.869599096239057
6304,True,"A3,B2,C3,D2,E1,F1",False,2.0,2533377.5721538076,-13.888972663186415
6305,True,"A3,B2,C3,D2,E1,F3",False,2.0,1028091.690453087,-9.932545187531055
6306,True,"A3,B2,C3,D2,E1,F3",False,2.0,136097.20631448136,-5.625919977921399
6307,True,"A3,B2,C3,D2,E1,F2",False,1.0,2245346.887549048,-11.959602018640211
6308,True,"A4,B2,C3,D2,E2,F1",False,4.0,174360.0576265583,-7.957973698632443
6309,True,"A3,B2,C3,D1,E1,F2",True,0.0,123980.9454063532,-5.775337794712442
6310,True,"A4,B2,C3,D2,E3,F2",False,3.0,44228.26564230358,-4.461837867648271
6311,True,"A3,B2,C3,D2,E1,F3",False,2.0,703850.0444183444,-9.764921489368248
6312,True,"A3,B2,C3,D2,E1,F3",False,2.0,291361.59996553644,-8.036458740960398
6313,True,"A3,B2,C3,D1,E1,F2",True,0.0,224348.65091324507,-7.215231607829281
6314,True,"A3,B2,C3,D1,E1,F1",False,1.0,1275278.019414113,-13.094443098088938
6315,True,"A3,B2,C3,D2,E1,F3",False,2.0,485532.4437110825,-9.234427021166766
6316,True,"A3,B2,C3,D1,E1,F2",True,0.0,468192.4892006716,-8.949781426326425
6317,True,"A4,B2,C3,D2,E3,F1",False,4.0,93442.75835517571,-6.839038401184425
6318,True,"A3,B2,C3,D2,E1,F1",False,2.0,2958673.769509525,-15.362275889660047
6319,True,"A3,B2,C3,D2,E1,F1",False,2.0,1870861.8033900568,-14.39222875875339
6320,True,"A3,B2,C3,D2,E1,F2",False,1.0,3208665.5575658046,-13.76177362276794
6321,True,"A3,B2,C3,D2,E1,F3",False,2.0,388952.5110373758,-8.423882172296402
6322,True,"A3,B2,C3,D1,E1,F2",True,0.0,211148.29502385954,-7.166758137082752
6323,True,"A4,B2,C3,D2,E3,F2",False,3.0,2715074.707966898,-15.797873908786968
6324,True,"A3,B2,C3,D1,E1,F2",True,0.0,49065.36439089086,-3.6052687029611263
6325,True,"A3,B2,C3,D1,E1,F1",False,1.0,63311.7553293813,-5.729047082241607
6326,True,"A4,B2,C3,D2,E3,F2",False,3.0,51735.921090661854,-5.439545116925004
6327,True,"A3,B2,C3,D2,E1,F3",False,2.0,68809.65963078846,-4.978040361934589
6328,True,"A3,B2,C3,D2,E1,F3",False,2.0,3434720.8075406603,-15.146699891038764
6329,True,"A3,B2,C3,D2,E1,F2",False,1.0,1069950.771246454,-9.573268412429407
6330,True,"A3,B2,C3,D1,E1,F2",True,0.0,360812.0629294716,-9.06801804990586
6331,True,"A3,B2,C3,D1,E1,F2",True,0.0,245482.17086977503,-6.467367065448187
6332,True,"A4,B2,C3,D2,E3,F1",False,4.0,330365.2346701535,-9.815282737650293
6333,True,"A4,B2,C3,D2,E3,F1",False,4.0,208801.88261507783,-8.699375935018665
6334,True,"A4,B2,C3,D2,E3,F2",False,3.0,3877176.3032672172,-17.007648518624485
6335,True,"A3,B2,C3,D2,E1,F2",False,1.0,1825180.5779268758,-11.842656160362694
6336,True,"A3,B2,C3,D2,E1,F2",False,1.0,2880773.563187448,-13.690296962233191
6337,True,"A4,B2,C3,D2,E3,F2",False,3.0,1526334.7566505317,-12.679896083173347
6338,True,"A3,B2,C3,D1,E1,F1",False,1.0,65179.14974494932,-6.080436216697905
6339,True,"A3,B2,C3,D1,E1,F2",True,0.0,1087617.2830835723,-11.70710605526466
6340,True,"A3,B2,C3,D2,E1,F3",False,2.0,24473.741207703002,-2.8256056529681075
6341,True,"A3,B2,C3,D1,E1,F2",True,0.0,233772.0455183325,-7.220269374354757
6342,True,"A4,B2,C3,D2,E3,F1",False,4.0,1978011.4555768904,-13.62969460173828
6343,True,"A3,B2,C3,D1,E1,F2",True,0.0,628489.2874221068,-8.648710171908888
6344,True,"A4,B2,C3,D2,E3,F2",False,3.0,52978.845030203396,-5.423264924010951
6345,True,"A4,B2,C3,D2,E2,F1",False,4.0,185567.38449165146,-6.480427957501121
6346,True,"A4,B2,C3,D2,E3,F2",False,3.0,125935.55157761605,-5.699308024028582
6347,True,"A4,B2,C3,D2,E3,F2",False,3.0,2122506.7726882086,-13.659930836155837
6348,True,"A3,B2,C3,D2,E1,F1",False,2.0,646564.8294725076,-9.934115637060941
6349,True,"A3,B2,C3,D1,E1,F2",True,0.0,2321096.5510738855,-14.307158258158246
6350,True,"A4,B2,C3,D2,E3,F1",False,4.0,1045621.8126173475,-12.46405683689656
6351,True,"A4,B2,C3,D2,E3,F2",False,3.0,1320258.7439429597,-12.18340909297514
6352,True,"A3,B2,C3,D2,E1,F2",False,1.0,2383771.376805234,-13.280193483654386
6353,True,"A3,B2,C3,D2,E1,F2",False,1.0,4027445.3626547055,-15.14379386892287
6354,True,"A3,B2,C3,D2,E1,F2",False,1.0,2302530.8921731114,-13.978100926278003
6355,True,"A3,B2,C3,D1,E1,F1",False,1.0,27338.713682836642,-4.232990866013608
6356,True,"A3,B2,C3,D1,E1,F2",True,0.0,360975.14423053054,-7.108225321149888
6357,True,"A3,B2,C3,D1,E1,F1",False,1.0,22849.313620653174,-4.967422812602649
6358,True,"A3,B2,C3,D1,E1,F2",True,0.0,289646.5663967157,-7.551708121713716
6359,True,"A4,B2,C3,D2,E3,F2",False,3.0,2275756.23283075,-13.478450346492792
6360,True,"A4,B2,C3,D2,E3,F2",False,3.0,779390.5497463752,-9.741163600248697
6361,True,"A4,B2,C3,D2,E3,F2",False,3.0,10239.217893745621,-2.8077161032170324
6362,True,"A3,B2,C3,D2,E1,F2",False,1.0,1162598.2156704094,-10.410177720644086
6363,True,"A3,B2,C3,D1,E1,F2",True,0.0,1362906.1528080006,-12.189192429519835
6364,True,"A3,B2,C3,D2,E1,F3",False,2.0,24918.346533984255,-3.2229083660661786
6365,True,"A4,B2,C3,D2,E3,F2",False,3.0,490919.09974537464,-9.052940660900774
6366,True,"A3,B2,C3,D1,E1,F2",True,0.0,20288.824158994612,-2.7404290330273113
6367,True,"A3,B2,C3,D2,E1,F2",False,1.0,572578.1509837359,-9.37311073311794
6368,True,"A3,B2,C3,D2,E1,F3",False,2.0,1984369.6838987262,-14.41005039094523
6369,True,"A3,B2,C3,D1,E1,F2",True,0.0,1629703.8000987514,-14.122861664853922
6370,True,"A3,B2,C3,D2,E1,F3",False,2.0,821757.3544193765,-9.523310394175851
6371,True,"A4,B2,C3,D2,E2,F1",False,4.0,82739.92607409132,-5.1211526258824165
6372,True,"A3,B2,C3,D2,E1,F2",False,1.0,3132342.554314718,-15.70113230014524
6373,True,"A3,B2,C3,D2,E1,F2",False,1.0,3767623.0086214803,-14.634979476150235
6374,True,"A4,B2,C3,D2,E2,F1",False,4.0,1906552.1894106723,-13.91524846240469
6375,True,"A3,B2,C3,D1,E1,F2",True,0.0,1319947.2878014508,-11.67143286257052
6376,True,"A3,B2,C3,D1,E1,F2",True,0.0,1820862.2031562515,-12.428701274280478
6377,True,"A3,B2,C3,D1,E1,F2",True,0.0,1105696.6368542835,-11.307508008617944
6378,True,"A3,B2,C3,D1,E1,F2",True,0.0,1528487.2165183772,-13.199921270140443
6379,True,"A3,B2,C3,D1,E1,F2",True,0.0,62067.0521802937,-5.196669869673244
6380,True,"A3,B2,C3,D2,E1,F3",False,2.0,44966.15337024952,-4.332574447076041
6381,True,"A3,B2,C3,D2,E1,F3",False,2.0,982653.6450947701,-10.557152593677223
6382,True,"A3,B2,C3,D2,E1,F2",False,1.0,4269095.993832878,-14.750292834679477
6383,True,"A3,B2,C3,D2,E1,F3",False,2.0,1178886.3343162662,-11.282706458437985
6384,True,"A4,B2,C3,D2,E3,F2",False,3.0,1802877.6555058828,-13.62678962014499
6385,True,"A3,B2,C3,D2,E1,F2",False,1.0,2841067.8326108768,-13.980218464561034
6386,True,"A4,B2,C3,D2,E2,F1",False,4.0,494760.04074244533,-10.226378309789709
6387,True,"A4,B2,C3,D2,E3,F2",False,3.0,184248.8380354119,-7.925218599915738
6388,True,"A3,B2,C3,D2,E1,F2",False,1.0,2263595.1306983386,-13.66534796072775
6389,True,"A3,B2,C3,D2,E1,F1",False,2.0,2949648.226804569,-15.118229259941522
6390,True,"A4,B2,C3,D2,E3,F1",False,4.0,17727.92297028105,-3.6200310291699793
6391,True,"A3,B2,C3,D1,E1,F1",False,1.0,117474.11650631054,-5.69980274294042
6392,True,"A3,B2,C3,D1,E1,F2",True,0.0,329821.59477118397,-8.406643799811093
6393,True,"A3,B2,C3,D1,E1,F2",True,0.0,29200.279769261615,-2.598950691007971
6394,True,"A3,B2,C3,D2,E1,F3",False,2.0,26089.549104690945,-3.7264915872810747
6395,True,"A3,B2,C3,D1,E1,F2",True,0.0,18202.569628938352,-4.641068771127962
6396,True,"A3,B2,C3,D2,E1,F3",False,2.0,309798.5646592938,-7.697254873673032
6397,True,"A4,B2,C3,D2,E3,F2",False,3.0,372358.4659809963,-8.116616838930057
6398,True,"A4,B2,C3,D2,E3,F1",False,4.0,10627.96538059953,-3.458259754466482
6399,True,"A3,B2,C3,D2,E1,F3",False,2.0,1267809.8614313656,-12.280610612627719
6400,True,"A3,B2,C3,D1,E1,F2",True,0.0,2521259.1944348775,-14.239417042451763
6401,True,"A3,B2,C3,D2,E1,F3",False,2.0,549455.0934884581,-9.805625772332817
6402,True,"A3,B2,C3,D1,E1,F2",True,0.0,237643.61831040395,-7.227950939581575
6403,True,"A4,B2,C3,D2,E3,F2",False,3.0,2985528.915457662,-15.56137483688709
6404,True,"A4,B2,C3,D2,E3,F2",False,3.0,3124255.7346004383,-15.861631726122326
6405,True,"A4,B2,C3,D2,E2,F1",False,4.0,1502793.7686244675,-12.314773749209529
6406,True,"A3,B2,C3,D2,E1,F1",False,2.0,3954383.35368,-18.001656296016648
6407,True,"A3,B2,C3,D1,E1,F2",True,0.0,72810.14535495458,-6.424288562825296
6408,True,"A3,B2,C3,D1,E1,F2",True,0.0,2161809.3333672737,-15.15154648095519
6409,True,"A4,B2,C3,D2,E3,F1",False,4.0,72382.35420869426,-5.71939287014952
6410,True,"A3,B2,C3,D1,E1,F2",True,0.0,1219447.6854615991,-10.62457436664198
6411,True,"A3,B2,C3,D2,E1,F3",False,2.0,1139225.1008472454,-10.402125912237409
6412,True,"A4,B2,C3,D2,E2,F1",False,4.0,179961.21340953332,-6.176618777990541
6413,True,"A4,B2,C3,D2,E2,F1",False,4.0,147418.26880842898,-5.3633162974944355
6414,True,"A4,B2,C3,D2,E2,F1",False,4.0,20005.966638133785,-3.6616526092449106
6415,True,"A3,B2,C3,D2,E1,F2",False,1.0,3202473.840404233,-16.84777812317259
6416,True,"A4,B2,C3,D2,E3,F2",False,3.0,722804.6209858466,-9.525614223574841
6417,True,"A4,B2,C3,D2,E3,F1",False,4.0,458031.26404450386,-9.675478412062922
6418,True,"A4,B2,C3,D2,E2,F1",False,4.0,325826.02474889567,-9.270614552084098
6419,True,"A3,B2,C3,D2,E1,F3",False,2.0,33730.383246506804,-4.441369733742619
6420,True,"A3,B2,C3,D2,E1,F2",False,1.0,1591774.004553212,-13.982335413138202
6421,True,"A3,B2,C3,D2,E1,F3",False,2.0,1811339.1467112442,-13.1530791854656
6422,True,"A3,B2,C3,D2,E1,F3",False,2.0,180801.80324606856,-6.975356353771602
6423,True,"A4,B2,C3,D2,E3,F2",False,3.0,1458165.6642166662,-13.914399171431839
6424,True,"A3,B2,C3,D1,E1,F2",True,0.0,1808967.794662329,-13.546781966641944
6425,True,"A3,B2,C3,D1,E1,F2",True,0.0,2174145.2577350335,-14.914394792659238
6426,True,"A4,B2,C3,D2,E3,F2",False,3.0,649661.8436320176,-9.314664702830918
6427,True,"A4,B2,C3,D2,E3,F1",False,4.0,7061.081710037323,-3.375811640709017
6428,True,"A4,B2,C3,D2,E3,F2",False,3.0,816417.3059890278,-10.845801276840966
6429,True,"A3,B2,C3,D1,E1,F2",True,0.0,33769.14212128226,-3.8285801449377885
6430,True,"A3,B2,C3,D1,E1,F2",True,0.0,756806.4704856541,-9.94478502969492
6431,True,"A3,B2,C3,D2,E1,F3",False,2.0,104155.72264901963,-5.820450922613617
6432,True,"A4,B2,C3,D2,E3,F1",False,4.0,3436.902123044597,-2.8202073072677507
6433,True,"A3,B2,C3,D2,E1,F3",False,2.0,788990.5183627745,-10.499906296583788
6434,True,"A3,B2,C3,D1,E1,F2",True,0.0,126925.65325751924,-4.855721349905949
6435,True,"A4,B2,C3,D2,E3,F1",False,4.0,34350.48141847198,-4.882498972154238
6436,True,"A3,B2,C3,D1,E1,F2",True,0.0,64319.920955058595,-3.7129078750766524
6437,True,"A3,B2,C3,D1,E1,F2",True,0.0,266453.6036953947,-7.663989450074553
6438,True,"A3,B2,C3,D1,E1,F2",True,0.0,231444.33407178722,-7.321295976299069
6439,True,"A3,B2,C3,D2,E1,F3",False,2.0,11551.59013503783,-3.0510561729657297
6440,True,"A3,B2,C3,D1,E1,F2",True,0.0,84408.90809850735,-6.754875981003977
6441,True,"A3,B2,C3,D1,E1,F2",True,0.0,746668.1943160803,-10.271492154982646
6442,True,"A3,B2,C3,D1,E1,F2",True,0.0,658370.7890253493,-9.274830354238674
6443,True,"A4,B2,C3,D2,E3,F1",False,4.0,27904.16961130431,-5.106362582263614
6444,True,"A3,B2,C3,D1,E1,F1",False,1.0,410487.0494451826,-10.607120334609633
6445,True,"A4,B2,C3,D2,E3,F1",False,4.0,896827.8763315642,-10.721281020938868
6446,True,"A3,B2,C3,D1,E1,F2",True,0.0,441672.7638549927,-8.84170600183269
6447,True,"A4,B2,C3,D2,E3,F2",False,3.0,1211700.7261317282,-12.129001944414618
6448,True,"A3,B2,C3,D1,E1,F2",True,0.0,451909.3439221698,-8.109053523999805
6449,True,"A3,B2,C3,D1,E1,F2",True,0.0,2652384.355795709,-14.40627408973532
6450,True,"A4,B2,C3,D2,E3,F2",False,3.0,998763.5791439372,-11.401256496071504
6451,True,"A3,B2,C3,D1,E1,F2",True,0.0,509002.37312343385,-9.643307267229474
6452,True,"A3,B2,C3,D1,E1,F2",True,0.0,1351342.564222731,-12.081071361316496
6453,True,"A3,B2,C3,D2,E1,F1",False,2.0,1646494.4751864183,-12.452701086605785
6454,True,"A4,B2,C3,D2,E3,F2",False,3.0,1311160.30483941,-12.032550957658898
6455,True,"A3,B2,C3,D2,E1,F2",False,1.0,1334946.7445284317,-11.993880028121389
6456,True,"A3,B2,C3,D2,E1,F3",False,2.0,1423684.501584155,-11.261300733514936
6457,True,"A4,B2,C3,D2,E3,F2",False,3.0,3924259.979460979,-16.18620695257544
6458,True,"A3,B2,C3,D2,E1,F2",False,1.0,3058499.13814571,-13.476713906834107
6459,True,"A4,B2,C3,D2,E2,F1",False,4.0,1336292.4846460868,-12.475100064258683
6460,True,"A4,B2,C3,D2,E3,F1",False,4.0,13256.38695047438,-3.348101280039046
6461,True,"A3,B2,C3,D1,E1,F2",True,0.0,277155.8257551994,-7.631494097683017
6462,True,"A3,B2,C3,D1,E1,F2",True,0.0,1686606.2301762113,-11.590688698091874
6463,True,"A3,B2,C3,D2,E1,F3",False,2.0,43179.86675752072,-3.8549637942093966
6464,True,"A3,B2,C3,D2,E1,F2",False,1.0,1744904.6148041678,-11.246163763764727
6465,True,"A3,B2,C3,D2,E1,F2",False,1.0,737077.4358410221,-9.663312373253603
6466,True,"A3,B2,C3,D2,E1,F3",False,2.0,244189.5996251279,-7.607862140250205
6467,True,"A3,B2,C3,D1,E1,F2",True,0.0,250741.91275952727,-7.169184712937792
6468,True,"A3,B2,C3,D1,E1,F2",True,0.0,117982.00781723096,-6.83743629595611
6469,True,"A3,B2,C3,D1,E1,F1",False,1.0,402379.23862155224,-9.72712503183557
6470,True,"A4,B2,C3,D2,E3,F2",False,3.0,2280344.759189131,-14.41592355860329
6471,True,"A3,B2,C3,D1,E1,F2",True,0.0,653176.5596055222,-10.212665123011533
6472,True,"A4,B2,C3,D2,E2,F1",False,4.0,41784.199921118205,-5.355001383830228
6473,True,"A4,B2,C3,D2,E5,F2",False,3.0,30607.739249968934,-5.345194158817563
6474,True,"A4,B2,C3,D2,E3,F1",False,4.0,45209.64795512967,-5.024793332218806
6475,True,"A4,B2,C3,D2,E3,F2",False,3.0,877520.0676294208,-11.064363434233861
6476,True,"A3,B2,C3,D2,E1,F2",False,1.0,2525254.1820165413,-13.749962614716537
6477,True,"A4,B2,C3,D2,E3,F2",False,3.0,176691.66146985313,-6.242065915361508
6478,True,"A3,B2,C3,D1,E1,F1",False,1.0,20774.56925976502,-3.4394475280135737
6479,True,"A4,B2,C3,D2,E3,F2",False,3.0,2582859.0365871983,-16.015488097100665
6480,True,"A3,B2,C3,D2,E1,F3",False,2.0,495142.7954905672,-9.79854149537745
6481,True,"A4,B2,C3,D2,E3,F1",False,4.0,91127.07585205125,-7.164200452626133
6482,True,"A3,B2,C3,D1,E1,F2",True,0.0,814168.7996433529,-9.542856281982608
6483,True,"A3,B2,C3,D1,E1,F2",True,0.0,10218.183868228081,-0.9775885793143289
6484,True,"A3,B2,C3,D2,E1,F3",False,2.0,5278.509176718258,-2.8480254302703116
6485,True,"A4,B2,C3,D2,E3,F2",False,3.0,996733.7682729434,-10.855429200484252
6486,True,"A3,B2,C3,D1,E1,F2",True,0.0,358589.2063169193,-7.0897817619446215
6487,True,"A3,B2,C3,D2,E1,F3",False,2.0,2314615.6310557793,-13.959310756684737
6488,True,"A3,B2,C3,D1,E1,F2",True,0.0,313133.59687197243,-7.518982677238512
6489,True,"A3,B2,C3,D1,E1,F2",True,0.0,1319606.8832004569,-11.10293305088657
6490,True,"A3,B2,C3,D1,E1,F2",True,0.0,414347.63180810586,-8.503418272424284
6491,True,"A3,B2,C3,D2,E1,F3",False,2.0,161057.7343767713,-5.445249092533047
6492,True,"A3,B2,C3,D1,E1,F2",True,0.0,3031331.216739965,-15.727558028391655
6493,True,"A3,B2,C3,D1,E1,F2",True,0.0,321440.35678930377,-9.307496930759768
6494,True,"A4,B2,C3,D2,E3,F1",False,4.0,34654.905463889016,-6.375728430556265
6495,True,"A3,B2,C3,D1,E1,F2",True,0.0,154216.6645286972,-5.590381356598797
6496,True,"A3,B2,C3,D1,E1,F2",True,0.0,429981.2098277982,-8.561785813300531
6497,True,"A4,B2,C3,D2,E2,F1",False,4.0,204855.77772054257,-6.649483925507667
6498,True,"A3,B2,C3,D2,E1,F2",False,1.0,3998332.22478562,-14.602102822232425
6499,True,"A4,B2,C3,D2,E3,F2",False,3.0,518946.3934921996,-9.00096277211179
6500,True,"A3,B2,C3,D1,E1,F2",True,0.0,891338.921270454,-10.479441690089935
6501,True,"A3,B2,C3,D2,E1,F1",False,2.0,2400820.3604552844,-13.404177724376034
6502,True,"A4,B2,C3,D2,E3,F2",False,3.0,977134.1548988973,-10.925504695518896
6503,True,"A3,B2,C3,D2,E1,F1",False,2.0,2390920.954553416,-14.790942843772761
6504,True,"A4,B2,C3,D2,E3,F2",False,3.0,712153.852189439,-11.162535791693266
6505,True,"A3,B2,C3,D2,E1,F2",False,1.0,2267272.894735252,-13.016484525996098
6506,True,"A3,B2,C3,D2,E1,F2",False,1.0,1518036.26263811,-11.871001129869704
6507,True,"A3,B2,C3,D2,E1,F2",False,1.0,1622770.664640344,-11.359901418509537
6508,True,"A3,B2,C3,D2,E1,F1",False,2.0,1821275.999601474,-12.539269871075597
6509,True,"A4,B2,C3,D2,E3,F1",False,4.0,13538.417810933148,-3.814725538937239
6510,True,"A3,B2,C3,D2,E1,F3",False,2.0,172033.2689077843,-6.681552257334843
6511,True,"A3,B2,C3,D2,E1,F1",False,2.0,585709.7814512027,-10.72617298812294
6512,True,"A3,B2,C3,D1,E1,F2",True,0.0,860160.235834345,-11.03477673074105
6513,True,"A3,B2,C3,D1,E1,F2",True,0.0,797435.9303688568,-11.505298193924716
6514,True,"A3,B2,C3,D2,E1,F3",False,2.0,54949.03372246071,-4.315559672771627
6515,True,"A3,B2,C3,D1,E1,F2",True,0.0,125621.68521028663,-5.907134120552087
6516,True,"A4,B2,C3,D2,E2,F1",False,4.0,891321.511699854,-11.153991850580383
6517,True,"A3,B2,C3,D1,E1,F1",False,1.0,4919.40627759839,-1.8116186705354949
6518,True,"A3,B2,C3,D1,E1,F2",True,0.0,886570.7582001764,-9.88542762295124
6519,True,"A3,B2,C3,D1,E1,F2",True,0.0,42620.286105769,-3.303804501002844
6520,True,"A3,B2,C3,D1,E1,F2",True,0.0,1443507.375906188,-13.765252414450913
6521,True,"A3,B2,C3,D1,E1,F2",True,0.0,3621581.8182247905,-13.925199247572841
6522,True,"A3,B2,C3,D2,E1,F2",False,1.0,3297401.4128555823,-15.04625924495528
6523,True,"A4,B2,C3,D2,E3,F2",False,3.0,760009.5152353424,-10.29668262106189
6524,True,"A3,B2,C3,D2,E1,F2",False,1.0,1269660.5521942256,-12.741008158489414
6525,True,"A3,B2,C3,D1,E1,F1",False,1.0,2438.0377698154816,-0.8279706856857416
6526,True,"A3,B2,C3,D1,E1,F2",True,0.0,3151817.2300688573,-14.809563066696462
6527,True,"A3,B2,C3,D2,E1,F3",False,2.0,29111.184963211126,-5.033035162016915
6528,True,"A3,B2,C3,D2,E1,F3",False,2.0,17602.7500601203,-2.702174649734772
6529,True,"A3,B2,C3,D2,E1,F2",False,1.0,892922.4338354308,-11.610653567622208
6530,True,"A3,B2,C3,D1,E1,F2",True,0.0,67977.49698663072,-4.316059745175494
6531,True,"A4,B2,C3,D2,E3,F2",False,3.0,32402.57544945432,-3.081972992611483
6532,True,"A4,B2,C3,D2,E3,F1",False,4.0,9050.740759694792,-3.3391275901624056
6533,True,"A4,B2,C3,D2,E3,F2",False,3.0,70577.05932569611,-5.640454871803499
6534,True,"A4,B2,C3,D2,E3,F2",False,3.0,75882.36846035368,-5.4995888401699204
6535,True,"A3,B2,C3,D1,E1,F2",True,0.0,90721.65110473677,-5.2224462183787494
6536,True,"A4,B2,C3,D2,E3,F1",False,4.0,2374979.6895807623,-14.737271221396604
6537,True,"A4,B2,C3,D2,E3,F2",False,3.0,1332395.910746677,-10.571577870116087
6538,True,"A3,B2,C3,D1,E1,F1",False,1.0,194339.075774195,-6.977293632671092
6539,True,"A3,B2,C3,D2,E1,F3",False,2.0,59177.9100988934,-4.3279592406315
6540,True,"A3,B2,C3,D2,E1,F3",False,2.0,15248.313777978145,-2.4124190897395152
6541,True,"A4,B2,C3,D2,E3,F1",False,4.0,8124.453382223019,-3.6240657701075065
6542,True,"A4,B2,C3,D2,E3,F2",False,3.0,191021.97486023555,-7.2819506244151455
6543,True,"A4,B2,C3,D2,E3,F2",False,3.0,2169924.5008907653,-12.968063819817033
6544,True,"A4,B2,C3,D2,E3,F2",False,3.0,3267169.2100580432,-15.877346336159526
6545,True,"A4,B2,C3,D2,E3,F2",False,3.0,118891.42265510611,-6.295832044758413
6546,True,"A4,B2,C3,D2,E3,F1",False,4.0,278556.4083464564,-8.455083333656773
6547,True,"A4,B2,C3,D2,E3,F2",False,3.0,1252275.6812665116,-11.059301507490332
6548,True,"A3,B2,C3,D2,E1,F1",False,2.0,1152965.6074703445,-12.238921120028365
6549,True,"A3,B2,C3,D1,E1,F2",True,0.0,2126564.1139393765,-13.659117957312908
6550,True,"A3,B2,C3,D2,E1,F1",False,2.0,599133.4722720289,-10.804319029760151
6551,True,"A3,B2,C3,D2,E1,F3",False,2.0,19851.841205583845,-3.6326039465959354
6552,True,"A4,B2,C3,D2,E3,F2",False,3.0,2414866.6130318893,-13.859176719928293
6553,True,"A3,B2,C3,D2,E1,F3",False,2.0,109215.81368752378,-5.619568522725899
6554,True,"A3,B2,C3,D1,E1,F2",True,0.0,24559.083117675687,-3.6186102211720623
6555,True,"A3,B2,C3,D2,E1,F2",False,1.0,836704.4444528352,-10.186363672549938
6556,True,"A3,B2,C3,D1,E1,F2",True,0.0,135531.76054453116,-4.772348394799991
6557,True,"A3,B2,C3,D2,E1,F2",False,1.0,2126178.059129334,-14.99332247453627
6558,True,"A3,B2,C3,D2,E1,F2",False,1.0,2982642.733514408,-13.473035113708633
6559,True,"A4,B2,C3,D2,E3,F1",False,4.0,199387.5550960641,-8.00768402658862
6560,True,"A3,B2,C3,D1,E1,F2",True,0.0,400245.1165786973,-7.704624862510755
6561,True,"A3,B2,C3,D2,E2,F3",False,3.0,2453927.9327541674,-15.325376890033276
6562,True,"A3,B2,C3,D1,E1,F1",False,1.0,45292.97367151747,-4.6685681190398896
6563,True,"A3,B2,C3,D1,E1,F2",True,0.0,71170.39258684737,-4.80177711467239
6564,True,"A3,B2,C3,D2,E1,F2",False,1.0,1194554.242837306,-10.6452749635598
6565,True,"A3,B2,C3,D2,E1,F3",False,2.0,2570763.6117829056,-14.051296278711582
6566,True,"A3,B2,C3,D2,E1,F3",False,2.0,2183601.872876697,-13.719137843196165
6567,True,"A3,B2,C3,D1,E1,F2",True,0.0,422585.77887456486,-8.215889374834575
6568,True,"A3,B2,C3,D1,E1,F2",True,0.0,1354608.7845030557,-11.086403320985383
6569,True,"A4,B2,C3,D2,E3,F1",False,4.0,477229.14646700624,-8.682681002287396
6570,True,"A3,B2,C3,D2,E1,F2",False,1.0,4789076.671823153,-15.210096044149672
6571,True,"A4,B2,C3,D2,E3,F2",False,3.0,1759892.6500338032,-12.175112314213926
6572,True,"A3,B2,C3,D2,E1,F3",False,2.0,28514.04620660392,-4.391093314116603
6573,True,"A3,B2,C3,D2,E1,F3",False,2.0,109994.47073139135,-6.261519387825345
6574,True,"A4,B2,C3,D2,E3,F2",False,3.0,1991791.1836936523,-12.707584633794887
6575,True,"A3,B2,C3,D1,E1,F2",True,0.0,646001.3710854405,-9.859930872970281
6576,True,"A3,B2,C3,D1,E1,F2",True,0.0,755536.0672202517,-10.54595111991182
6577,True,"A4,B2,C3,D2,E3,F1",False,4.0,22477.92633249667,-3.5011132368683775
6578,True,"A3,B2,C3,D2,E1,F3",False,2.0,894656.8305256374,-11.594788878267188
6579,True,"A4,B2,C3,D2,E3,F2",False,3.0,2344879.150936941,-14.974950671475568
6580,True,"A3,B2,C3,D2,E1,F3",False,2.0,567453.2384986472,-10.695129960526373
6581,True,"A4,B2,C3,D2,E3,F2",False,3.0,34137.078261025934,-4.867165726912546
6582,True,"A3,B2,C3,D1,E1,F1",False,1.0,477324.50483522785,-8.726324367011799
6583,True,"A3,B2,C3,D2,E1,F3",False,2.0,170788.1016055779,-7.601914844894566
6584,True,"A4,B2,C3,D2,E2,F1",False,4.0,1225028.6259072714,-12.943126922968354
6585,True,"A3,B2,C3,D1,E1,F2",True,0.0,2639955.405364611,-14.89745989859658
6586,True,"A3,B2,C3,D2,E1,F3",False,2.0,546967.2180503088,-9.751730399509157
6587,True,"A3,B2,C3,D2,E1,F2",False,1.0,1926126.0407236645,-11.5660876091412
6588,True,"A3,B2,C3,D2,E1,F2",False,1.0,2337118.7524511707,-13.372320949392645
6589,True,"A4,B2,C3,D2,E3,F1",False,4.0,19145.31589571294,-4.346020462968951
6590,True,"A3,B2,C3,D2,E1,F2",False,1.0,2183256.019371978,-14.199977615929697
6591,True,"A3,B2,C3,D1,E1,F2",True,0.0,667374.5313954931,-10.646911118030516
6592,True,"A3,B2,C3,D1,E1,F2",True,0.0,159437.7470590322,-6.898348703840767
6593,True,"A4,B2,C3,D2,E2,F1",False,4.0,559236.6759824717,-10.446712876689162
6594,True,"A3,B2,C3,D1,E1,F2",True,0.0,276034.697128572,-6.5757660416661
6595,True,"A4,B2,C3,D2,E3,F2",False,3.0,542844.824470775,-11.331940753422103
6596,True,"A3,B2,C3,D1,E1,F2",True,0.0,3244497.2071276912,-17.090481742097843
6597,True,"A4,B2,C3,D2,E3,F2",False,3.0,217081.408648599,-5.818716756292844
6598,True,"A3,B2,C3,D2,E1,F2",False,1.0,1746866.4439247479,-11.480700786636412
6599,True,"A3,B2,C3,D1,E1,F2",True,0.0,78132.66361289054,-4.309524061876147
6600,True,"A3,B2,C3,D2,E1,F2",False,1.0,2287320.8658289495,-12.348246813340715
6601,True,"A3,B2,C3,D2,E1,F1",False,2.0,3186674.5693059475,-15.678995836030978
6602,True,"A3,B2,C3,D1,E1,F2",True,0.0,109374.74872789293,-6.122570884303002
6603,True,"A3,B2,C3,D2,E1,F1",False,2.0,16275.650953832786,-3.3937494492365374
6604,True,"A3,B2,C3,D2,E1,F3",False,2.0,84929.07544962065,-4.990049271139341
6605,True,"A3,B2,C3,D2,E1,F2",False,1.0,4123717.8052591407,-15.82312112479049
6606,True,"A4,B2,C3,D2,E3,F2",False,3.0,1806522.1109776692,-13.488888470167865
6607,True,"A4,B2,C3,D2,E3,F1",False,4.0,8417.544591282105,-3.5511992155104934
6608,True,"A4,B2,C3,D2,E3,F2",False,3.0,757190.588322486,-11.090728616177408
6609,True,"A3,B2,C3,D2,E1,F3",False,2.0,51756.2839582657,-4.054518763938091
6610,True,"A3,B2,C3,D2,E1,F3",False,2.0,224666.31092887552,-7.168378757391352
6611,True,"A4,B2,C3,D2,E3,F2",False,3.0,3653260.2065808824,-14.81684521515897
6612,True,"A3,B2,C3,D2,E1,F1",False,2.0,674076.1551905808,-10.745394777993745
6613,True,"A4,B2,C3,D2,E3,F2",False,3.0,256959.75267860893,-7.485039373275342
6614,True,"A3,B2,C3,D1,E1,F2",True,0.0,3309156.019539375,-13.203166555012935
6615,True,"A3,B2,C3,D1,E1,F2",True,0.0,2869174.3099078927,-12.973835274122273
6616,True,"A3,B2,C3,D2,E1,F1",False,2.0,738427.0261792573,-10.75948936438342
6617,True,"A3,B2,C3,D2,E1,F3",False,2.0,101598.60272464143,-5.3126368326765885
6618,True,"A3,B2,C3,D2,E1,F3",False,2.0,781657.564839278,-10.128334619389605
6619,True,"A4,B2,C3,D2,E3,F2",False,3.0,28432.341361009676,-5.186202739131858
6620,True,"A4,B2,C3,D2,E3,F1",False,4.0,83349.79256744773,-6.220850078148587
6621,True,"A4,B2,C3,D2,E3,F1",False,4.0,197339.0215404984,-7.675836741895793
6622,True,"A3,B2,C3,D2,E1,F2",False,1.0,3889674.816400735,-15.237963065855048
6623,True,"A4,B2,C3,D2,E3,F2",False,3.0,3025415.0508504594,-14.17762011156811
6624,True,"A3,B2,C3,D1,E1,F2",True,0.0,432461.4853769164,-7.275557588489804
6625,True,"A3,B2,C3,D1,E1,F2",True,0.0,148552.00184772746,-6.16417933386893
6626,True,"A3,B2,C3,D2,E1,F3",False,2.0,459935.569420652,-9.589390464729604
6627,True,"A3,B2,C3,D1,E1,F2",True,0.0,575471.1260916884,-8.168576169019119
6628,True,"A4,B2,C3,D2,E3,F1",False,4.0,61948.11160885836,-5.93782102019253
6629,True,"A4,B2,C3,D2,E3,F1",False,4.0,95370.81980026963,-7.301969337355445
6630,True,"A3,B2,C3,D1,E1,F1",False,1.0,4554.144025188269,-2.784447572405341
6631,True,"A4,B2,C3,D2,E3,F2",False,3.0,617931.8990698451,-10.771144450376681
6632,True,"A3,B2,C3,D2,E1,F2",False,1.0,1531625.5314865424,-10.685817376753882
6633,True,"A3,B2,C3,D1,E1,F1",False,1.0,61916.23261357052,-5.389013407334772
6634,True,"A4,B2,C3,D2,E3,F2",False,3.0,33710.43393906818,-3.512756654410765
6635,True,"A3,B2,C3,D2,E1,F3",False,2.0,3955.3650136389765,-1.4162731250865477
6636,True,"A4,B2,C3,D2,E3,F1",False,4.0,75429.86766371547,-5.972947203152813
6637,True,"A3,B2,C3,D2,E1,F2",False,1.0,1556333.5898194173,-12.283180488321896
6638,True,"A4,B2,C3,D2,E3,F1",False,4.0,9450.175625060849,-3.3127688743510504
6639,True,"A3,B2,C3,D1,E1,F2",True,0.0,336997.9183862185,-7.69667622582854
6640,True,"A4,B2,C3,D2,E2,F1",False,4.0,19594.998217069493,-4.304595719556772
6641,True,"A3,B2,C3,D2,E1,F1",False,2.0,529122.4849993205,-9.144795668952128
6642,True,"A3,B2,C3,D2,E1,F1",False,2.0,116900.02163651903,-6.427344554869563
6643,True,"A4,B2,C3,D2,E2,F1",False,4.0,32655.06992164363,-4.773157441930266
6644,True,"A3,B2,C3,D1,E1,F2",True,0.0,65091.46263890242,-5.314399783373133
6645,True,"A3,B2,C3,D1,E1,F2",True,0.0,1524100.1643313903,-12.760997127792159
6646,True,"A3,B2,C3,D2,E1,F1",False,2.0,63529.306785218796,-5.0989514237738405
6647,True,"A3,B2,C3,D1,E1,F2",True,0.0,1492713.0380492257,-11.790379190165872
6648,True,"A3,B2,C3,D2,E1,F3",False,2.0,12090.628958202135,-3.540669675602814
6649,True,"A3,B2,C3,D1,E1,F1",False,1.0,10840.862644237915,-2.3068056229740392
6650,True,"A3,B2,C3,D1,E1,F2",True,0.0,1528253.1264532502,-11.27294585406456
6651,True,"A4,B2,C3,D2,E3,F2",False,3.0,1002142.793740936,-11.733021989831208
6652,True,"A3,B2,C3,D1,E1,F2",True,0.0,613902.1432713759,-8.436658608150736
6653,True,"A4,B2,C3,D2,E3,F2",False,3.0,937799.5310928652,-10.97161232227539
6654,True,"A3,B2,C3,D2,E1,F1",False,2.0,221445.26331608876,-6.13618538707108
6655,True,"A4,B2,C3,D2,E3,F2",False,3.0,293026.1264383304,-8.383037610666705
6656,True,"A3,B2,C3,D1,E1,F2",True,0.0,61656.371007101996,-3.9802885966547876
6657,True,"A3,B2,C3,D2,E1,F2",False,1.0,1783249.7698576218,-12.778320197209553
6658,True,"A3,B2,C3,D1,E1,F2",True,0.0,629987.8977617281,-9.202482810150372
6659,True,"A3,B2,C3,D1,E1,F2",True,0.0,407046.87258066016,-8.979972654473869
6660,True,"A4,B2,C3,D2,E2,F1",False,4.0,841865.7343676751,-12.296254294288495
6661,True,"A3,B2,C3,D2,E1,F1",False,2.0,964192.7332926264,-11.218280105895325
6662,True,"A4,B2,C3,D2,E3,F2",False,3.0,126188.31016437538,-7.753138342782634
6663,True,"A3,B2,C3,D2,E1,F3",False,2.0,120652.5220374291,-7.533477455598231
6664,True,"A3,B2,C3,D1,E1,F2",True,0.0,61129.93726998594,-4.122583477075736
6665,True,"A4,B2,C3,D2,E3,F2",False,3.0,61645.14745880085,-6.234287464839781
6666,True,"A4,B2,C3,D2,E3,F1",False,4.0,21513.915136713982,-5.078143178621147
6667,True,"A3,B2,C3,D2,E1,F2",False,1.0,4067259.378274987,-12.539101606870389
6668,True,"A3,B2,C3,D1,E1,F2",True,0.0,177882.59073894098,-6.398462989372007
6669,True,"A4,B2,C3,D2,E2,F1",False,4.0,448210.18748925166,-10.132353764586853
6670,True,"A4,B2,C3,D2,E3,F2",False,3.0,615655.355675383,-10.216268039594667
6671,True,"A3,B2,C3,D1,E1,F2",True,0.0,383614.4596872727,-8.492852259204867
6672,True,"A3,B2,C3,D2,E1,F3",False,2.0,121175.47588216132,-6.1174873338802485
6673,True,"A3,B2,C3,D2,E1,F3",False,2.0,136665.37066102365,-5.587962733284883
6674,True,"A4,B2,C3,D2,E2,F1",False,4.0,221245.48160055638,-7.531642219716133
6675,True,"A3,B2,C3,D2,E1,F1",False,2.0,1393731.5888572107,-13.077404168828664
6676,True,"A4,B2,C3,D2,E3,F2",False,3.0,932825.5150710908,-10.32208357625526
6677,True,"A3,B2,C3,D2,E1,F1",False,2.0,125430.47271794123,-6.41779917020628
6678,True,"A4,B2,C3,D2,E3,F2",False,3.0,331108.51981304894,-8.192906876553124
6679,True,"A3,B2,C3,D2,E1,F1",False,2.0,970518.8267206828,-11.298984364032876
6680,True,"A4,B2,C3,D2,E2,F1",False,4.0,60453.18189212416,-5.082208918134754
6681,True,"A3,B2,C3,D1,E1,F2",True,0.0,22925.429418191234,-2.5170910335903613
6682,True,"A4,B2,C3,D2,E3,F1",False,4.0,162303.393637597,-8.020782361396854
6683,True,"A3,B2,C3,D1,E1,F2",True,0.0,882068.6923785469,-8.912287269218702
6684,True,"A3,B2,C3,D2,E1,F3",False,2.0,277524.81415333034,-7.55839025695046
6685,True,"A3,B2,C3,D2,E1,F1",False,2.0,523697.5786553648,-10.41626804215889
6686,True,"A3,B2,C3,D1,E1,F1",False,1.0,8000.778992821309,-2.168381835212486
6687,True,"A3,B2,C3,D1,E1,F1",False,1.0,135730.09428607853,-5.76996307709625
6688,True,"A4,B2,C3,D2,E1,F2",False,2.0,68047.07040856146,-5.232819221477968
6689,True,"A3,B2,C3,D2,E1,F3",False,2.0,1719574.848528866,-14.166634056955608
6690,True,"A4,B2,C3,D2,E3,F2",False,3.0,48945.21255708888,-4.25317700451663
6691,True,"A3,B2,C3,D2,E1,F3",False,2.0,173557.34981632038,-6.167779455776369
6692,True,"A3,B2,C3,D2,E1,F3",False,2.0,185311.30262743565,-6.787296207842601
6693,True,"A4,B2,C3,D2,E3,F2",False,3.0,168373.4988920183,-5.601667360352508
6694,True,"A4,B2,C3,D2,E3,F2",False,3.0,2727709.761124759,-14.56439988797434
6695,True,"A3,B2,C3,D1,E1,F2",True,0.0,2541695.182763185,-13.778096454881805
6696,True,"A3,B2,C3,D2,E1,F3",False,2.0,1014568.3272269423,-10.66982539743313
6697,True,"A3,B2,C3,D1,E1,F1",False,1.0,83326.66786214578,-5.0528843862055055
6698,True,"A3,B2,C3,D1,E1,F2",True,0.0,282977.0007376816,-7.0136768093531145
6699,True,"A3,B2,C3,D2,E1,F3",False,2.0,590746.5493454104,-8.826078317608676
6700,True,"A3,B2,C3,D2,E1,F3",False,2.0,11564.443688977586,-3.6813995344281523
6701,True,"A3,B2,C3,D1,E1,F2",True,0.0,717697.2952064589,-9.923941760495786
6702,True,"A4,B2,C3,D2,E3,F2",False,3.0,417334.8639920169,-9.359746007304821
6703,True,"A4,B2,C3,D2,E3,F1",False,4.0,40252.50899560895,-4.951389874433829
6704,True,"A4,B2,C3,D2,E2,F1",False,4.0,3847217.480159993,-17.473670122317763
6705,True,"A3,B2,C3,D1,E1,F2",True,0.0,87424.49055798726,-4.846935334215388
6706,True,"A3,B2,C3,D2,E1,F3",False,2.0,37048.4622791921,-3.5179677046847786
6707,True,"A4,B2,C3,D2,E3,F1",False,4.0,1443294.6364991544,-12.480686042679821
6708,True,"A3,B2,C3,D1,E1,F2",True,0.0,80342.30741093127,-6.02909035673261
6709,True,"A4,B2,C3,D2,E3,F2",False,3.0,2231115.268918756,-13.690477645346938
6710,True,"A3,B2,C3,D2,E1,F1",False,2.0,303857.52374483587,-9.427005291011625
6711,True,"A4,B2,C3,D2,E3,F1",False,4.0,374826.237519895,-8.947215796495712
6712,True,"A4,B2,C3,D2,E3,F1",False,4.0,19737.722943017336,-3.5111353160379792
6713,True,"A4,B2,C3,D2,E3,F1",False,4.0,19772.294399908373,-4.467862981633502
6714,True,"A3,B2,C3,D2,E1,F3",False,2.0,649115.2374076354,-10.690214755284515
6715,True,"A4,B2,C3,D2,E3,F2",False,3.0,2987479.484547635,-14.664995646527991
6716,True,"A4,B2,C3,D2,E3,F2",False,3.0,137927.85043668444,-6.435759317519299
6717,True,"A3,B2,C3,D2,E1,F1",False,2.0,2830990.4051371384,-14.6391331829063
6718,True,"A3,B2,C3,D2,E1,F3",False,2.0,14002.396871914052,-2.4949012114215776
6719,True,"A4,B2,C3,D2,E3,F1",False,4.0,57741.203706128195,-5.521352497392087
6720,True,"A3,B2,C3,D1,E1,F2",True,0.0,162374.13378192217,-6.218386952930288
6721,True,"A3,B2,C3,D2,E1,F2",False,1.0,2943491.9314402365,-16.198108884844153
6722,True,"A3,B2,C3,D1,E1,F2",True,0.0,318845.2933868053,-7.1410230408252175
6723,True,"A3,B2,C3,D2,E1,F3",False,2.0,263633.57587995485,-8.318902688773036
6724,True,"A3,B2,C3,D2,E1,F2",False,1.0,3244068.99673046,-14.690629825546871
6725,True,"A3,B2,C3,D2,E1,F1",False,2.0,446490.5278162245,-8.817090866159418
6726,True,"A4,B2,C3,D2,E3,F2",False,3.0,573782.0612147632,-11.355189109908565
6727,True,"A3,B2,C3,D1,E1,F2",True,0.0,46344.76682828761,-5.026476535717734
6728,True,"A3,B2,C3,D2,E1,F1",False,2.0,1038182.8297977044,-12.044491755935546
6729,True,"A4,B2,C3,D2,E3,F2",False,3.0,2072698.6878412962,-13.445602799852757
6730,True,"A3,B2,C3,D2,E1,F3",False,2.0,16241.273838942008,-3.1796920897043606
6731,True,"A3,B2,C3,D1,E1,F2",True,0.0,3562255.7677523727,-16.73190028217065
6732,True,"A3,B2,C3,D1,E1,F2",True,0.0,608789.1864764964,-8.13945378548219
6733,True,"A3,B2,C3,D2,E1,F2",False,1.0,2860650.9214226985,-14.351870254303229
6734,True,"A3,B2,C3,D2,E1,F2",False,1.0,3009814.922545037,-12.217887823502892
6735,True,"A3,B2,C3,D1,E1,F2",True,0.0,891052.9099465878,-11.400425073356715
6736,True,"A4,B2,C3,D2,E3,F1",False,4.0,241260.35148138064,-8.350150014036416
6737,True,"A3,B2,C3,D1,E1,F2",True,0.0,730758.5800351308,-9.625910656833
6738,True,"A3,B2,C3,D2,E1,F3",False,2.0,3858049.4729451076,-15.185191696574073
6739,True,"A3,B2,C3,D2,E1,F3",False,2.0,440779.4884812415,-9.781600097343727
6740,True,"A3,B2,C3,D2,E1,F1",False,2.0,2518126.6156716654,-13.977124072272588
6741,True,"A3,B2,C3,D1,E1,F2",True,0.0,119508.81525175828,-5.855620414089927
6742,True,"A3,B2,C3,D2,E1,F1",False,2.0,2716029.5100964075,-15.210056574355782
6743,True,"A3,B2,C3,D2,E1,F2",False,1.0,2085738.0818919176,-12.555139231847292
6744,True,"A4,B2,C3,D2,E3,F2",False,3.0,228023.8987200909,-7.875863885842094
6745,True,"A3,B2,C3,D1,E1,F2",True,0.0,1448450.369763176,-11.73820731155535
6746,True,"A3,B2,C3,D2,E1,F3",False,2.0,19825.55985218249,-2.427588031903497
6747,True,"A3,B2,C3,D1,E1,F2",True,0.0,346438.7998872102,-6.72072610224059
6748,True,"A4,B2,C3,D2,E3,F1",False,4.0,829886.9213047577,-11.593982197285719
6749,True,"A4,B2,C3,D2,E3,F2",False,3.0,80677.22208188697,-5.575019508124001
6750,True,"A3,B2,C3,D1,E1,F2",True,0.0,158229.04698006678,-5.986554378618806
6751,True,"A3,B2,C3,D1,E1,F2",True,0.0,89937.13336713551,-5.037686857524534
6752,True,"A3,B2,C3,D1,E1,F2",True,0.0,218626.72721185395,-7.001793124940193
6753,True,"A3,B2,C3,D2,E1,F3",False,2.0,563391.4997754506,-8.25993512897395
6754,True,"A3,B2,C3,D2,E1,F2",False,1.0,1588357.632242089,-12.322752614017098
6755,True,"A3,B2,C3,D2,E1,F3",False,2.0,2159162.1887378846,-14.216126448127696
6756,True,"A3,B2,C3,D1,E1,F2",True,0.0,2093011.118843492,-13.399600979633725
6757,True,"A3,B2,C3,D2,E1,F2",False,1.0,3121720.308788566,-13.753857095888677
6758,True,"A3,B2,C3,D2,E1,F2",False,1.0,3060931.635844139,-14.142320470763437
6759,True,"A3,B2,C3,D1,E1,F2",True,0.0,1933567.9515463165,-11.752891206899697
6760,True,"A4,B2,C3,D2,E3,F2",False,3.0,20413.439005488966,-4.007899359682838
6761,True,"A3,B2,C3,D1,E1,F2",True,0.0,42584.61607976835,-3.5853168152432744
6762,True,"A4,B2,C3,D2,E2,F1",False,4.0,3763594.309578658,-16.652510060220372
6763,True,"A4,B2,C3,D2,E3,F1",False,4.0,15544.884323246328,-4.403110108523009
6764,True,"A3,B2,C3,D1,E1,F1",False,1.0,8080.568840574128,-1.5785612010409835
6765,True,"A4,B2,C3,D2,E3,F2",False,3.0,1643449.7890145797,-11.854607836627594
6766,True,"A4,B2,C3,D2,E3,F2",False,3.0,61587.138913908864,-5.477365791849522
6767,True,"A3,B2,C3,D1,E1,F2",True,0.0,28415.48328894766,-3.6819301838482232
6768,True,"A4,B2,C3,D2,E3,F2",False,3.0,158289.6460825084,-6.831430376711566
6769,True,"A3,B2,C3,D2,E1,F2",False,1.0,2593002.1527564614,-13.2239471138246
6770,True,"A3,B2,C3,D1,E1,F2",True,0.0,69993.30793111339,-4.967660199574993
6771,True,"A4,B2,C3,D2,E3,F2",False,3.0,168249.935423043,-6.376800660696745
6772,True,"A3,B2,C3,D2,E1,F3",False,2.0,5431.803438176636,-2.365920783944844
6773,True,"A3,B2,C3,D1,E1,F2",True,0.0,1239153.960538774,-12.877568209319534
6774,True,"A3,B2,C3,D1,E1,F2",True,0.0,66440.09983012192,-4.793988051100953
6775,True,"A4,B2,C3,D2,E3,F2",False,3.0,304703.53860146605,-9.815760773066145
6776,True,"A4,B2,C3,D2,E3,F1",False,4.0,112899.93182194949,-6.9450787763146735
6777,True,"A4,B2,C3,D2,E3,F1",False,4.0,1177550.7746394435,-10.964176170230125
6778,True,"A4,B2,C3,D2,E3,F2",False,3.0,39896.01613230815,-5.609990241628978
6779,True,"A3,B2,C3,D2,E1,F2",False,1.0,1841691.8478146342,-12.156164790606539
6780,True,"A3,B2,C3,D1,E1,F1",False,1.0,287218.35274491215,-8.600414177106899
6781,True,"A3,B2,C3,D2,E1,F2",False,1.0,2418015.359601515,-14.51401254595364
6782,True,"A3,B2,C3,D2,E1,F1",False,2.0,82663.47780370117,-5.61931495918472
6783,True,"A4,B2,C3,D2,E3,F1",False,4.0,15869.750044517485,-3.9017205306546145
6784,True,"A4,B2,C3,D2,E3,F2",False,3.0,2131834.129896035,-13.255856742345628
6785,True,"A3,B2,C3,D1,E1,F2",True,0.0,1422756.6247363966,-12.49365352573841
6786,True,"A3,B2,C3,D2,E1,F3",False,2.0,513248.6739584454,-9.566182189854516
6787,True,"A4,B2,C3,D2,E2,F1",False,4.0,64811.67265127282,-5.332647167635216
6788,True,"A3,B2,C3,D1,E1,F2",True,0.0,19973.913069822393,-3.9538918546665087
6789,True,"A4,B2,C3,D2,E2,F1",False,4.0,62267.43238095281,-5.014346022237234
6790,True,"A3,B2,C3,D1,E1,F2",True,0.0,301553.61329706886,-8.611016589391966
6791,True,"A4,B2,C3,D2,E3,F2",False,3.0,849237.5182618944,-11.803944416322011
6792,True,"A4,B2,C3,D2,E3,F2",False,3.0,1364872.1559347946,-11.264529153994658
6793,True,"A3,B2,C3,D2,E1,F2",False,1.0,681305.9201415484,-9.433188677225218
6794,True,"A3,B2,C3,D2,E1,F2",False,1.0,1659692.2675805513,-11.145240089019254
6795,True,"A4,B2,C3,D2,E3,F1",False,4.0,65116.21352927511,-5.964186813120719
6796,True,"A3,B2,C3,D1,E1,F2",True,0.0,41048.6616357629,-3.289476528910157
6797,True,"A4,B2,C3,D2,E3,F2",False,3.0,374700.6559704118,-9.626316440406598
6798,True,"A3,B2,C3,D1,E1,F2",True,0.0,3949529.337482517,-15.228450627870401
6799,True,"A3,B2,C3,D2,E1,F2",False,1.0,1491630.8202929106,-12.916078211675831
6800,True,"A3,B2,C3,D2,E1,F1",False,2.0,1559672.2269492354,-12.497037651255262
6801,True,"A3,B2,C3,D2,E1,F1",False,2.0,3114316.1377571723,-14.254763884660562
6802,True,"A4,B2,C3,D2,E2,F2",False,3.0,3324498.8569543473,-15.16508990726009
6803,True,"A4,B2,C3,D2,E3,F2",False,3.0,112452.3817422278,-5.741881210276148
6804,True,"A4,B2,C3,D2,E3,F2",False,3.0,1995274.3641042043,-13.292130427296655
6805,True,"A4,B2,C3,D2,E3,F1",False,4.0,1614465.868912433,-14.372718978616888
6806,True,"A4,B2,C3,D2,E3,F1",False,4.0,18344.86928823129,-2.7350650172840005
6807,True,"A4,B2,C3,D2,E3,F2",False,3.0,628279.7271343827,-9.822325449769409
6808,True,"A3,B2,C3,D1,E1,F1",False,1.0,256162.53785988476,-8.585452749328894
6809,True,"A3,B2,C3,D1,E1,F1",False,1.0,115555.50658949857,-6.99486982145109
6810,True,"A3,B2,C3,D1,E1,F2",True,0.0,80350.78560602809,-5.227055412005512
6811,True,"A3,B2,C3,D1,E1,F2",True,0.0,906626.6300447367,-10.696484339380248
6812,True,"A4,B2,C3,D2,E3,F1",False,4.0,75861.05513925933,-7.554618253331256
6813,True,"A4,B2,C3,D2,E3,F2",False,3.0,1728747.907270359,-14.581633803201143
6814,True,"A3,B2,C3,D2,E1,F2",False,1.0,1934789.4210674553,-11.79155063660098
6815,True,"A3,B2,C3,D1,E1,F2",True,0.0,771581.8138575756,-10.79063972229909
6816,True,"A3,B2,C3,D2,E1,F2",False,1.0,604844.9030078198,-8.276716292299625
6817,True,"A3,B2,C3,D2,E1,F3",False,2.0,106626.87000244575,-4.649353438154094
6818,True,"A4,B2,C3,D2,E3,F2",False,3.0,565281.0370219128,-9.557033019836197
6819,True,"A3,B2,C3,D1,E1,F2",True,0.0,145390.06310767052,-5.389018635604515
6820,True,"A3,B2,C3,D2,E1,F3",False,2.0,334633.08094959287,-6.938894566920112
6821,True,"A3,B2,C3,D2,E1,F3",False,2.0,2512184.151818119,-15.452229544686318
6822,True,"A3,B2,C3,D2,E1,F3",False,2.0,1479443.1664775144,-11.928408189716343
6823,True,"A3,B2,C3,D2,E1,F1",False,2.0,284242.31864387856,-7.274332618341205
6824,True,"A4,B2,C3,D2,E3,F2",False,3.0,37985.95302204859,-5.020937045794909
6825,True,"A3,B2,C3,D2,E1,F3",False,2.0,167238.5311563935,-6.463833314392076
6826,True,"A3,B2,C3,D2,E1,F2",False,1.0,1982511.3467680109,-11.490448802488245
6827,True,"A3,B2,C3,D1,E1,F2",True,0.0,1331134.5325068308,-11.453842452566953
6828,True,"A3,B2,C3,D2,E1,F2",False,1.0,3779789.270766023,-16.369596403802248
6829,True,"A3,B2,C3,D1,E1,F2",True,0.0,192001.48404874685,-6.821700603124043
6830,True,"A3,B2,C3,D1,E1,F2",True,0.0,89395.32129342131,-4.65547572027657
6831,True,"A4,B2,C3,D2,E3,F1",False,4.0,233534.12359007506,-8.486699707666531
6832,True,"A3,B2,C3,D1,E1,F2",True,0.0,149769.22918418382,-6.465343348284165
6833,True,"A4,B2,C3,D2,E3,F2",False,3.0,260974.1118185333,-8.850274460159355
6834,True,"A4,B2,C3,D2,E3,F2",False,3.0,206821.93406130356,-8.534040314824423
6835,True,"A4,B2,C3,D2,E2,F1",False,4.0,38656.60283387518,-5.299686768627964
6836,True,"A3,B2,C3,D1,E1,F2",True,0.0,244457.24950613163,-8.317017903878764
6837,True,"A3,B2,C3,D1,E1,F2",True,0.0,2868355.623916581,-14.372472532640344
6838,True,"A3,B2,C3,D1,E1,F1",False,1.0,20745.90681474121,-4.450226288705437
6839,True,"A3,B2,C3,D2,E1,F3",False,2.0,46989.9383449517,-3.7323267949018657
6840,True,"A3,B2,C3,D1,E1,F1",False,1.0,1192389.7377903657,-11.640564858266224
6841,True,"A3,B2,C3,D1,E1,F2",True,0.0,104057.09270851717,-5.321397325346695
6842,True,"A3,B2,C3,D2,E1,F3",False,2.0,239432.37800402593,-6.615738485125462
6843,True,"A3,B2,C3,D2,E1,F1",False,2.0,855620.2006014929,-10.679420677876735
6844,True,"A4,B2,C3,D2,E3,F1",False,4.0,1330737.4562357012,-10.83398937354675
6845,True,"A3,B2,C3,D2,E1,F3",False,2.0,384302.5153000386,-9.656936920689006
6846,True,"A4,B2,C3,D2,E2,F1",False,4.0,62604.50083008555,-5.357157773110373
6847,True,"A4,B2,C3,D2,E3,F1",False,4.0,35870.30929683404,-6.116597701906031
6848,True,"A4,B2,C3,D2,E2,F1",False,4.0,255934.3895327343,-7.532913220947989
6849,True,"A4,B2,C3,D2,E3,F2",False,3.0,318258.6816239404,-9.537614189173183
6850,True,"A4,B2,C3,D2,E3,F2",False,3.0,1318832.1498724387,-14.049765540755153
6851,True,"A3,B2,C3,D1,E1,F2",True,0.0,608722.2003078288,-8.503983752895039
6852,True,"A3,B2,C3,D1,E1,F2",True,0.0,214633.64273592146,-7.358029878184894
6853,True,"A3,B2,C3,D2,E1,F3",False,2.0,646804.0295043642,-11.508901181983859
6854,True,"A4,B2,C3,D2,E3,F2",False,3.0,382926.2710590518,-10.032016791131511
6855,True,"A3,B2,C3,D1,E1,F2",True,0.0,2904980.5165715395,-14.481584230528213
6856,True,"A3,B2,C3,D1,E1,F2",True,0.0,1736758.6077401387,-13.696564457340166
6857,True,"A4,B2,C3,D2,E3,F2",False,3.0,235832.46812190014,-8.402854085522023
6858,True,"A3,B2,C3,D1,E1,F2",True,0.0,1620607.628850036,-12.275421907343599
6859,True,"A3,B2,C3,D2,E1,F1",False,2.0,3444234.1220840025,-14.639488215757922
6860,True,"A3,B2,C3,D1,E1,F2",True,0.0,673900.1550700036,-9.264958259500503
6861,True,"A3,B2,C3,D2,E1,F3",False,2.0,699701.0526281423,-8.56087887815766
6862,True,"A3,B2,C3,D2,E5,F3",False,3.0,13978.924953720305,-3.7803592893611864
6863,True,"A3,B2,C3,D1,E1,F2",True,0.0,45742.43101223416,-4.3541471231227575
6864,True,"A3,B2,C3,D1,E1,F1",False,1.0,11648.394709658087,-3.1854226365996396
6865,True,"A4,B2,C3,D2,E3,F1",False,4.0,364569.57288949034,-8.779671558743871
6866,True,"A3,B2,C3,D2,E1,F3",False,2.0,53015.02677866539,-3.6150819160607597
6867,True,"A3,B2,C3,D2,E1,F2",False,1.0,3622824.283267603,-14.227918032537993
6868,True,"A3,B2,C3,D1,E1,F1",False,1.0,74519.47866403576,-6.1565001958471015
6869,True,"A4,B2,C3,D2,E3,F2",False,3.0,4576272.50558408,-15.626060093880596
6870,True,"A3,B2,C3,D1,E1,F2",True,0.0,116235.32329341809,-5.068636312475391
6871,True,"A3,B2,C3,D1,E1,F1",False,1.0,39249.25970012305,-4.041567874608035
6872,True,"A3,B2,C3,D1,E1,F1",False,1.0,6770.575745125549,-2.5443977070649026
6873,True,"A3,B2,C3,D2,E1,F2",False,1.0,2595807.9159645024,-14.76562301669506
6874,True,"A3,B2,C3,D1,E1,F2",True,0.0,141223.3000347553,-5.981320933425025
6875,True,"A4,B2,C3,D2,E2,F1",False,4.0,1432268.7308969472,-13.368942770745214
6876,True,"A4,B2,C3,D2,E3,F1",False,4.0,525431.8154562331,-10.412038605070833
6877,True,"A4,B2,C3,D2,E3,F2",False,3.0,1011546.5104111005,-12.369422262541313
6878,True,"A3,B2,C3,D1,E1,F2",True,0.0,41986.99550951681,-3.7521848248864274
6879,True,"A3,B2,C3,D1,E1,F2",True,0.0,146207.2958269024,-6.363802470997399
6880,True,"A3,B2,C3,D2,E1,F3",False,2.0,481064.9346589204,-9.603077547400787
6881,True,"A3,B2,C3,D2,E1,F2",False,1.0,345141.8575120111,-7.555702173670113
6882,True,"A3,B2,C3,D1,E1,F2",True,0.0,312777.01857162616,-8.69453403492166
6883,True,"A3,B2,C3,D1,E1,F2",True,0.0,427237.1224986508,-8.528377740264887
6884,True,"A3,B2,C3,D2,E1,F1",False,2.0,2665209.1643164307,-14.591090848619103
6885,True,"A3,B2,C3,D2,E1,F2",False,1.0,3055561.4896267937,-12.969704763358202
6886,True,"A4,B2,C3,D2,E2,F1",False,4.0,68556.37951219807,-4.648494327556463
6887,True,"A3,B2,C3,D2,E1,F3",False,2.0,716850.6984951962,-9.260924555369016
6888,True,"A4,B2,C3,D2,E2,F1",False,4.0,71273.84782761201,-5.857412556164121
6889,True,"A4,B2,C3,D2,E3,F2",False,3.0,2358292.9366436945,-15.965360875310623
6890,True,"A3,B2,C3,D1,E1,F2",True,0.0,126521.39573633281,-6.349817203727454
6891,True,"A3,B2,C3,D2,E1,F1",False,2.0,97342.77104376859,-5.376595121371409
6892,True,"A3,B2,C3,D2,E1,F1",False,2.0,1217451.351710199,-11.372726389822624
6893,True,"A3,B2,C3,D1,E1,F2",True,0.0,43466.82429147211,-4.737102112495748
6894,True,"A4,B2,C3,D2,E2,F1",False,4.0,362788.1561382446,-9.210398874322678
6895,True,"A3,B2,C3,D1,E1,F2",True,0.0,1249620.5862273474,-11.67927004098074
6896,True,"A3,B2,C3,D1,E1,F2",True,0.0,720451.3997231144,-11.312627783017277
6897,True,"A3,B2,C3,D2,E1,F3",False,2.0,21659.796847441085,-3.8004622024365062
6898,True,"A3,B2,C3,D1,E1,F1",False,1.0,260340.95545850295,-8.008901633088144
6899,True,"A4,B2,C3,D2,E1,F2",False,2.0,3950709.6176649863,-17.75887117001384
6900,True,"A4,B2,C3,D2,E3,F2",False,3.0,62025.826176985254,-4.975357770270108
6901,True,"A4,B2,C3,D2,E2,F1",False,4.0,124533.4461144998,-7.601838420105935
6902,True,"A4,B2,C3,D2,E3,F1",False,4.0,1465493.4151197618,-13.511934612953837
6903,True,"A3,B2,C3,D2,E1,F2",False,1.0,538839.4446144286,-8.29375615805047
6904,True,"A4,B2,C3,D2,E3,F1",False,4.0,302373.15824064985,-9.38846725291178
6905,True,"A4,B2,C3,D2,E3,F1",False,4.0,48678.95144852532,-5.310991519017151
6906,True,"A3,B2,C3,D2,E1,F3",False,2.0,123519.79982448948,-6.424336201199594
6907,True,"A3,B2,C3,D2,E1,F2",False,1.0,3808258.8566581667,-15.616729795942959
6908,True,"A3,B2,C3,D2,E1,F2",False,1.0,946525.9245853546,-10.593714499562054
6909,True,"A4,B2,C3,D2,E3,F2",False,3.0,2949757.7455086797,-13.400197223864382
6910,True,"A3,B2,C3,D2,E1,F1",False,2.0,483646.50457226834,-7.792754088748694
6911,True,"A4,B2,C3,D2,E3,F1",False,4.0,12005.627224856575,-3.832396203043544
6912,True,"A3,B2,C3,D1,E1,F2",True,0.0,1065279.360685441,-9.3413481087657
6913,True,"A3,B2,C3,D2,E1,F3",False,2.0,2161664.547064694,-14.527295901649026
6914,True,"A4,B2,C3,D2,E3,F1",False,4.0,31957.425438028527,-4.528942918020249
6915,True,"A3,B2,C3,D2,E1,F2",False,1.0,3022184.2735706884,-13.957434987585984
6916,True,"A3,B2,C3,D2,E2,F3",False,3.0,2093849.2379380413,-14.212099851914942
6917,True,"A3,B2,C3,D1,E1,F1",False,1.0,233381.5470413906,-8.087214107494447
6918,True,"A3,B2,C3,D1,E1,F1",False,1.0,248371.6547404422,-9.870443484955501
6919,True,"A3,B2,C3,D1,E1,F2",True,0.0,381339.4403266925,-9.520970057806132
6920,True,"A3,B2,C3,D1,E1,F2",True,0.0,387702.8310653627,-7.9253800008313675
6921,True,"A3,B2,C3,D2,E1,F2",False,1.0,2167852.5784589117,-13.87502442709038
6922,True,"A3,B2,C3,D2,E1,F2",False,1.0,3261594.310521256,-14.578207952123378
6923,True,"A4,B2,C3,D2,E3,F2",False,3.0,1039541.9773626232,-11.352222276867494
6924,True,"A3,B2,C3,D2,E1,F3",False,2.0,85976.0908353406,-4.4102760322296035
6925,True,"A4,B2,C3,D2,E3,F1",False,4.0,9698.865705409386,-2.591763419983451
6926,True,"A3,B2,C3,D2,E1,F3",False,2.0,2349561.1140218605,-13.568956718030869
6927,True,"A3,B2,C3,D2,E1,F1",False,2.0,103040.65191086277,-6.321827842914772
6928,True,"A4,B2,C3,D2,E3,F1",False,4.0,15198.066432043552,-4.351565094814433
6929,True,"A4,B2,C3,D2,E3,F1",False,4.0,2555097.127950858,-13.182555431422323
6930,True,"A3,B2,C3,D2,E1,F1",False,2.0,92203.36273305758,-5.17619210334793
6931,True,"A4,B2,C3,D2,E1,F2",False,2.0,2036312.2717827628,-15.624945554938286
6932,True,"A3,B2,C3,D1,E1,F2",True,0.0,132100.20304918135,-4.782074072242736
6933,True,"A3,B2,C3,D1,E1,F2",True,0.0,1697776.3844111226,-13.409953495956394
6934,True,"A3,B2,C3,D1,E1,F2",True,0.0,2691933.330965793,-15.141571275234483
6935,True,"A3,B2,C3,D2,E1,F2",False,1.0,2820967.724148237,-13.96474593530543
6936,True,"A3,B2,C3,D2,E1,F2",False,1.0,3353177.3746343143,-14.207609931760437
6937,True,"A3,B2,C3,D2,E1,F2",False,1.0,4205176.030578243,-16.15456109444012
6938,True,"A3,B2,C3,D1,E1,F2",True,0.0,928699.0850125576,-10.53431912144086
6939,True,"A4,B2,C3,D2,E3,F2",False,3.0,3019592.6521130833,-13.691387755985566
6940,True,"A3,B2,C3,D2,E1,F3",False,2.0,2063809.5125696415,-12.477456916199003
6941,True,"A3,B2,C3,D1,E1,F2",True,0.0,2553990.871157845,-13.157283837098568
6942,True,"A3,B2,C3,D1,E1,F2",True,0.0,756822.1067102376,-9.652911008984923
6943,True,"A3,B2,C3,D2,E1,F3",False,2.0,250477.50277850011,-7.5661590145729605
6944,True,"A3,B2,C3,D2,E1,F3",False,2.0,3049550.704794523,-13.484661738010658
6945,True,"A4,B2,C3,D2,E3,F1",False,4.0,114246.48496267719,-6.14753842377813
6946,True,"A3,B2,C3,D2,E1,F3",False,2.0,19852.794562356037,-3.549582191454462
6947,True,"A3,B2,C3,D2,E1,F3",False,2.0,40833.431161491055,-2.510451923296344
6948,True,"A3,B2,C3,D2,E1,F2",False,1.0,3028425.9839393897,-13.801500907535882
6949,True,"A3,B2,C3,D1,E1,F2",True,0.0,631372.0299634152,-8.066060450649204
6950,True,"A4,B2,C3,D2,E3,F2",False,3.0,2655842.173012059,-14.944733359368605
6951,True,"A3,B2,C3,D1,E1,F2",True,0.0,12459.931478095714,-2.5528659279008536
6952,True,"A3,B2,C3,D2,E1,F3",False,2.0,1988949.9837092096,-14.458309391893195
6953,True,"A4,B2,C3,D2,E3,F2",False,3.0,946473.3414197366,-11.045707726393353
6954,True,"A4,B2,C3,D2,E2,F1",False,4.0,466939.96572533506,-11.221229588285127
6955,True,"A3,B2,C3,D1,E1,F2",True,0.0,83284.27519725132,-5.037925099061624
6956,True,"A4,B2,C3,D2,E3,F1",False,4.0,29350.741217030052,-4.852279041436972
6957,True,"A3,B2,C3,D1,E1,F1",False,1.0,316950.70878532797,-9.811454607180579
6958,True,"A4,B2,C3,D2,E3,F2",False,3.0,258538.15541916035,-9.416248198725498
6959,True,"A3,B2,C3,D2,E1,F1",False,2.0,160055.88524371447,-5.7984704239347025
6960,True,"A3,B2,C3,D1,E1,F2",True,0.0,115860.93905201566,-5.728895988223968
6961,True,"A3,B2,C3,D1,E1,F2",True,0.0,107471.3114049099,-7.286711421435612
6962,True,"A3,B2,C3,D1,E1,F2",True,0.0,292816.36264209566,-7.5150969258634746
6963,True,"A3,B2,C3,D1,E1,F2",True,0.0,93068.22506320846,-6.299281840008945
6964,True,"A3,B2,C3,D1,E1,F2",True,0.0,38955.09602422366,-5.438020440720308
6965,True,"A3,B2,C3,D1,E1,F2",True,0.0,626831.7243484013,-10.300185828926487
6966,True,"A3,B2,C3,D2,E1,F2",False,1.0,5069529.41653127,-14.96996157536595
6967,True,"A3,B2,C3,D2,E1,F1",False,2.0,407435.6468177075,-8.471757492830207
6968,True,"A3,B2,C3,D2,E1,F1",False,2.0,1167982.6590712399,-11.938293236297895
6969,True,"A4,B2,C3,D2,E3,F1",False,4.0,356694.2396405791,-10.48469008367428
6970,True,"A3,B2,C3,D2,E1,F2",False,1.0,1165539.2951425994,-10.869204333600045
6971,True,"A3,B2,C3,D1,E1,F2",True,0.0,98648.87339182843,-4.768776155326108
6972,True,"A3,B2,C3,D1,E1,F2",True,0.0,233472.8617969175,-7.398398629157498
6973,True,"A4,B2,C3,D2,E3,F2",False,3.0,781926.2762714075,-11.138622412231875
6974,True,"A3,B2,C3,D1,E1,F1",False,1.0,7132.7270757090855,-3.548160376546491
6975,True,"A3,B2,C3,D1,E1,F2",True,0.0,262291.6669250908,-6.794637265718151
6976,True,"A3,B2,C3,D1,E1,F2",True,0.0,51029.95036107657,-3.4329703074049007
6977,True,"A3,B2,C3,D2,E1,F2",False,1.0,2822662.7950589075,-14.204845078215719
6978,True,"A4,B2,C3,D2,E3,F1",False,4.0,499032.6304834148,-11.151859999625913
6979,True,"A3,B2,C3,D1,E1,F2",True,0.0,2880546.132133892,-15.561768714904034
6980,True,"A3,B2,C3,D2,E1,F1",False,2.0,358675.7141245447,-7.298141880442941
6981,True,"A4,B2,C3,D2,E3,F1",False,4.0,99379.92241173843,-6.07414840930295
6982,True,"A3,B2,C3,D1,E1,F2",True,0.0,2745665.94186293,-14.0294743967859
6983,True,"A3,B2,C3,D2,E1,F1",False,2.0,1342658.6714976705,-13.045887040406875
6984,True,"A3,B2,C3,D2,E1,F3",False,2.0,251359.13396751782,-6.992702977601752
6985,True,"A3,B2,C3,D2,E1,F3",False,2.0,479045.4222306152,-10.94295684954622
6986,True,"A3,B2,C3,D2,E1,F3",False,2.0,211248.74149420203,-7.07958579335201
6987,True,"A3,B2,C3,D2,E1,F2",False,1.0,2808373.13678574,-12.252998179651023
6988,True,"A3,B2,C3,D1,E1,F2",True,0.0,107857.64066054422,-4.222411438840908
6989,True,"A3,B2,C3,D2,E1,F2",False,1.0,1037307.8903507398,-8.98782162898226
6990,True,"A3,B2,C3,D2,E1,F3",False,2.0,1269538.799605358,-11.09681245972665
6991,True,"A4,B2,C3,D2,E3,F2",False,3.0,392228.5232264212,-10.645814980289572
6992,True,"A3,B2,C3,D2,E1,F2",False,1.0,680579.3428971337,-9.650414856263993
6993,True,"A4,B2,C3,D2,E3,F1",False,4.0,2972882.1960369707,-17.063467237745222
6994,True,"A3,B2,C3,D2,E1,F1",False,2.0,173202.03457363407,-7.268592952853439
6995,True,"A4,B2,C3,D2,E3,F2",False,3.0,331012.2644192448,-8.553256895151677
6996,True,"A3,B2,C3,D2,E1,F1",False,2.0,1911205.054389164,-12.721991268526864
6997,True,"A3,B2,C3,D2,E1,F2",False,1.0,1154280.8963028186,-11.487746728571253
6998,True,"A3,B2,C3,D1,E1,F2",True,0.0,48696.499772428346,-3.9977373780837837
6999,True,"A4,B2,C3,D2,E3,F2",False,3.0,1448483.2536237757,-13.582705472231389
7000,True,"A3,B2,C3,D2,E1,F3",False,2.0,1075603.1361419947,-11.040252799744692
7001,True,"A3,B2,C3,D1,E1,F2",True,0.0,20013.122288278068,-3.4233784790276616
7002,True,"A4,B2,C3,D2,E3,F1",False,4.0,98759.19009864668,-6.3772639874894
7003,True,"A4,B2,C3,D2,E3,F2",False,3.0,370374.695179676,-8.468167496287734
7004,True,"A3,B2,C3,D2,E1,F3",False,2.0,1583540.7051090363,-12.529051929256049
7005,True,"A3,B2,C3,D1,E1,F1",False,1.0,7026.351803352974,-2.384327518710336
7006,True,"A4,B2,C3,D2,E2,F1",False,4.0,543109.2899163209,-9.27238030193481
7007,True,"A3,B2,C3,D1,E1,F2",True,0.0,301396.5986699174,-7.893665202361447
7008,True,"A4,B2,C3,D2,E3,F2",False,3.0,1932423.8974391504,-13.994867950494879
7009,True,"A3,B2,C3,D1,E1,F2",True,0.0,222570.20961598578,-8.112452095549855
7010,True,"A3,B2,C3,D2,E1,F3",False,2.0,73718.50517422037,-5.553924209166965
7011,True,"A3,B2,C3,D2,E1,F3",False,2.0,286022.16610047896,-8.030019157587404
7012,True,"A3,B2,C3,D1,E1,F2",True,0.0,230159.93242315066,-6.463440810058117
7013,True,"A3,B2,C3,D2,E1,F3",False,2.0,2392636.31950867,-14.552036503638007
7014,True,"A3,B2,C3,D2,E1,F3",False,2.0,117039.49221980959,-5.767346637358216
7015,True,"A3,B2,C3,D2,E1,F1",False,2.0,391608.7279173305,-8.765160084448198
7016,True,"A3,B2,C3,D2,E1,F2",False,1.0,4102291.4911708147,-17.121641638145597
7017,True,"A4,B2,C3,D2,E3,F2",False,3.0,148594.16234168847,-7.008884710533124
7018,True,"A4,B2,C3,D2,E2,F1",False,4.0,18159.615534135537,-3.9803914002450114
7019,True,"A3,B2,C3,D2,E1,F1",False,2.0,643686.6424407165,-9.83745669135061
7020,True,"A3,B2,C3,D1,E1,F2",True,0.0,192487.2910461553,-6.9877886259808975
7021,True,"A3,B2,C3,D1,E1,F2",True,0.0,50705.526386931895,-4.68499547479351
7022,True,"A3,B2,C3,D2,E1,F3",False,2.0,14076.225346193136,-2.7061622280604496
7023,True,"A3,B2,C3,D1,E1,F2",True,0.0,1465391.8174037333,-12.302308646005422
7024,True,"A3,B2,C3,D1,E1,F2",True,0.0,1055124.8616642272,-10.74052895143754
7025,True,"A4,B2,C3,D2,E3,F2",False,3.0,19209.116879669775,-3.7646564346010223
7026,True,"A3,B2,C3,D1,E1,F1",False,1.0,75641.99512373445,-6.442290194942387
7027,True,"A3,B2,C3,D2,E1,F1",False,2.0,457212.2860304014,-10.288544024775163
7028,True,"A3,B2,C3,D2,E1,F1",False,2.0,1001948.0891992517,-10.922990979113365
7029,True,"A4,B2,C3,D2,E3,F2",False,3.0,3657188.4384551537,-16.428659096349534
7030,True,"A3,B2,C3,D1,E1,F2",True,0.0,51273.280629716115,-4.106427954772897
7031,True,"A3,B2,C3,D2,E1,F3",False,2.0,12417.688767787837,-1.6631499985207228
7032,True,"A3,B2,C3,D1,E1,F2",True,0.0,121952.95802924887,-6.320315745766038
7033,True,"A3,B2,C3,D1,E1,F2",True,0.0,343591.2476913086,-7.714588915399133
7034,True,"A3,B2,C3,D1,E1,F2",True,0.0,159039.00869068585,-6.453795166822616
7035,True,"A4,B2,C3,D2,E3,F2",False,3.0,3815431.933248561,-16.926328609736892
7036,True,"A4,B2,C3,D2,E3,F2",False,3.0,2388105.8621505434,-12.709262744556156
7037,True,"A4,B2,C3,D2,E3,F2",False,3.0,1522137.177845788,-12.487190380490368
7038,True,"A4,B2,C3,D2,E3,F2",False,3.0,1647760.5110554546,-12.109538309863623
7039,True,"A4,B2,C3,D2,E3,F2",False,3.0,328992.39788755256,-8.208872799330123
7040,True,"A3,B2,C3,D1,E1,F2",True,0.0,361638.5377594701,-8.875052622536373
7041,True,"A3,B2,C3,D1,E1,F2",True,0.0,365729.2921526366,-7.753391896361265
7042,True,"A3,B2,C3,D2,E1,F3",False,2.0,107305.48780155735,-5.047497351795187
7043,True,"A3,B2,C3,D1,E1,F1",False,1.0,71143.20198670741,-3.9927225833185673
7044,True,"A4,B2,C3,D2,E3,F1",False,4.0,17423.19908057198,-5.066185539597939
7045,True,"A4,B2,C3,D2,E3,F2",False,3.0,1513942.5599395607,-11.8269623605009
7046,True,"A4,B2,C3,D2,E3,F1",False,4.0,21415.59148510971,-4.684520617000516
7047,True,"A4,B2,C3,D2,E3,F2",False,3.0,790072.0058074979,-9.853098080047054
7048,True,"A4,B2,C3,D2,E3,F2",False,3.0,2292232.8586537796,-13.621122325094966
7049,True,"A3,B2,C3,D2,E1,F1",False,2.0,768088.0360312042,-10.64140707990866
7050,True,"A3,B2,C3,D2,E1,F3",False,2.0,1046554.1397901959,-11.160210586023545
7051,True,"A3,B2,C3,D1,E1,F2",True,0.0,1724406.8002752292,-12.167073638013413
7052,True,"A3,B2,C3,D2,E1,F3",False,2.0,170727.4409030832,-6.628768396554108
7053,True,"A3,B2,C3,D1,E1,F2",True,0.0,697969.5254914047,-11.228621577527996
7054,True,"A3,B2,C3,D1,E1,F2",True,0.0,792243.8287105624,-10.339338772609963
7055,True,"A3,B2,C3,D2,E1,F1",False,2.0,4128666.3067690204,-16.423128687693705
7056,True,"A4,B2,C3,D2,E3,F2",False,3.0,141106.49710422556,-7.763099658025567
7057,True,"A3,B2,C3,D1,E1,F2",True,0.0,830439.467276521,-11.624735508058507
7058,True,"A4,B2,C3,D2,E3,F2",False,3.0,2083239.4840957564,-15.491728404485812
7059,True,"A3,B2,C3,D2,E1,F3",False,2.0,868321.4089166336,-10.74686628120596
7060,True,"A3,B2,C3,D1,E1,F2",True,0.0,1635038.4374581333,-11.460965776951369
7061,True,"A3,B2,C3,D1,E1,F2",True,0.0,2071932.2717553792,-14.113797404007187
7062,True,"A3,B2,C3,D1,E1,F1",False,1.0,118832.78445533321,-7.501605158637929
7063,True,"A3,B2,C3,D2,E1,F2",False,1.0,3433702.3663285878,-13.97854183233153
7064,True,"A3,B2,C3,D2,E1,F3",False,2.0,57018.01235859211,-5.583242812145485
7065,True,"A4,B2,C3,D2,E3,F1",False,4.0,27889.37369438108,-4.901922546501154
7066,True,"A3,B2,C3,D1,E1,F2",True,0.0,1414734.8591621185,-12.066770618124899
7067,True,"A3,B2,C3,D1,E1,F2",True,0.0,2052431.7568138107,-12.09051865008719
7068,True,"A3,B2,C3,D2,E1,F3",False,2.0,372689.5581827715,-6.955145611813549
7069,True,"A3,B2,C3,D1,E1,F2",True,0.0,98398.1927498313,-5.9112861142222215
7070,True,"A4,B2,C3,D2,E3,F1",False,4.0,415910.27787188196,-7.560337570114825
7071,True,"A4,B2,C3,D2,E3,F1",False,4.0,183569.651353293,-8.712374929062833
7072,True,"A4,B2,C3,D2,E2,F1",False,4.0,34166.36963113526,-3.964787996230129
7073,True,"A3,B2,C3,D2,E1,F2",False,1.0,797440.0068068991,-10.002873655653922
7074,True,"A3,B2,C3,D2,E1,F2",False,1.0,2026858.4221010807,-13.159977144819607
7075,True,"A3,B2,C3,D2,E1,F3",False,2.0,1868671.8683302596,-14.275184402184045
7076,True,"A4,B2,C3,D2,E3,F1",False,4.0,132348.2714114511,-7.0819843148480714
7077,True,"A4,B2,C3,D2,E3,F2",False,3.0,34509.905074079375,-6.041531688482735
7078,True,"A3,B2,C3,D1,E1,F2",True,0.0,1162691.0048613148,-11.631489775440421
7079,True,"A3,B2,C3,D1,E1,F2",True,0.0,40824.71174235553,-3.3994395994483284
7080,True,"A3,B2,C3,D1,E1,F2",True,0.0,755267.9729780061,-9.855000493867955
7081,True,"A3,B2,C3,D1,E1,F2",True,0.0,816001.7702828794,-10.897078198239456
7082,True,"A3,B2,C3,D2,E1,F3",False,2.0,214199.6454169424,-6.97173115864986
7083,True,"A3,B2,C3,D1,E1,F2",True,0.0,647827.1157487365,-9.111787442072355
7084,True,"A3,B2,C3,D1,E1,F2",True,0.0,81294.56945447816,-4.765554164838022
7085,True,"A3,B2,C3,D2,E1,F3",False,2.0,21822.055052225234,-3.9930893534599505
7086,True,"A4,B2,C3,D2,E3,F2",False,3.0,4133004.332405026,-15.258622546769502
7087,True,"A4,B2,C3,D2,E3,F2",False,3.0,323178.5457661867,-8.967806521933767
7088,True,"A3,B2,C3,D2,E1,F3",False,2.0,2182295.030918057,-14.660967454151887
7089,True,"A3,B2,C3,D2,E1,F3",False,2.0,83732.77263661634,-4.039953405642109
7090,True,"A3,B2,C3,D1,E1,F2",True,0.0,886424.5867996803,-11.42365424604089
7091,True,"A3,B2,C3,D1,E1,F2",True,0.0,594468.8548148193,-8.701127925388974
7092,True,"A3,B2,C3,D2,E1,F3",False,2.0,427533.8603035051,-9.036052820158773
7093,True,"A4,B2,C3,D2,E2,F1",False,4.0,907266.7969448521,-10.811797450201958
7094,True,"A3,B2,C3,D1,E1,F2",True,0.0,554677.3212966716,-8.447410753182481
7095,True,"A4,B2,C3,D2,E3,F1",False,4.0,233226.65207000374,-9.275680489102271
7096,True,"A3,B2,C3,D2,E1,F3",False,2.0,1854386.0196726827,-12.899737459949058
7097,True,"A3,B2,C3,D2,E5,F3",False,3.0,4877.444705140456,-1.9009710965006263
7098,True,"A3,B2,C3,D2,E1,F2",False,1.0,1956238.5387871824,-14.044013399089586
7099,True,"A3,B2,C3,D1,E1,F2",True,0.0,416499.4870580569,-10.018996447945455
7100,True,"A3,B2,C3,D1,E1,F2",True,0.0,124654.79976030653,-5.495244104613576
7101,True,"A3,B2,C3,D1,E1,F2",True,0.0,1699404.6029945705,-11.073919226492698
7102,True,"A4,B2,C3,D2,E3,F2",False,3.0,543336.0603612848,-10.54924744795754
7103,True,"A3,B2,C3,D1,E1,F2",True,0.0,213850.20587961024,-6.6057983163548215
7104,True,"A3,B2,C3,D2,E1,F2",False,1.0,2450380.9942603153,-12.739410984695716
7105,True,"A3,B2,C3,D1,E1,F2",True,0.0,74498.13787704025,-4.141541127654818
7106,True,"A3,B2,C3,D1,E1,F2",True,0.0,53665.711309763385,-4.465674124551953
7107,True,"A3,B2,C3,D2,E1,F1",False,2.0,500144.6174832381,-10.008798421663741
7108,True,"A3,B2,C3,D2,E1,F2",False,1.0,2412588.278611528,-14.03542399082383
7109,True,"A3,B2,C3,D1,E1,F2",True,0.0,934541.3532746882,-9.408306135635328
7110,True,"A3,B2,C3,D1,E1,F2",True,0.0,1504170.4029605684,-10.751707910762292
7111,True,"A3,B2,C3,D1,E1,F2",True,0.0,2823439.8258484593,-13.733849064551862
7112,True,"A4,B2,C3,D2,E2,F1",False,4.0,293735.1730121287,-9.300751901426779
7113,True,"A3,B2,C3,D2,E1,F1",False,2.0,650582.9267346023,-8.622409588309452
7114,True,"A3,B2,C3,D1,E1,F2",True,0.0,413790.44282137434,-9.124277219707267
7115,True,"A3,B2,C3,D2,E1,F1",False,2.0,3423743.45839041,-15.24630792276458
7116,True,"A3,B2,C3,D1,E1,F2",True,0.0,90854.06551989561,-5.523568990288908
7117,True,"A3,B2,C3,D2,E1,F2",False,1.0,1231523.5550735781,-11.392715302448003
7118,True,"A3,B2,C3,D2,E1,F2",False,1.0,442021.61672878446,-7.879646044653967
7119,True,"A3,B2,C3,D2,E1,F3",False,2.0,121386.02263831442,-4.282682322633434
7120,True,"A3,B2,C3,D1,E1,F1",False,1.0,126761.92170604714,-6.400932060893169
7121,True,"A4,B2,C3,D2,E3,F1",False,4.0,30849.91544263669,-6.333464890464143
7122,True,"A4,B2,C3,D2,E3,F2",False,3.0,152459.01543670683,-5.855893567606472
7123,True,"A3,B2,C3,D2,E1,F2",False,1.0,2083966.9459769183,-12.909671445359798
7124,True,"A4,B2,C3,D2,E3,F2",False,3.0,1977539.1751209034,-12.71727594206321
7125,True,"A4,B2,C3,D2,E3,F2",False,3.0,527503.0686666737,-9.990283522570337
7126,True,"A4,B2,C3,D2,E3,F2",False,3.0,735350.3592535482,-11.486699846196103
7127,True,"A4,B2,C3,D2,E3,F2",False,3.0,904212.6270814377,-9.662542563322866
7128,True,"A3,B2,C3,D1,E1,F2",True,0.0,2949971.3020420903,-15.303798220227911
7129,True,"A3,B2,C3,D1,E1,F2",True,0.0,2874618.613797302,-15.716547158275588
7130,True,"A3,B2,C3,D1,E1,F2",True,0.0,999655.2596347112,-9.698261099486722
7131,True,"A3,B2,C3,D1,E1,F2",True,0.0,363032.24308516324,-8.458749539167599
7132,True,"A3,B2,C3,D2,E1,F2",False,1.0,2223621.6506071715,-13.339781341852209
7133,True,"A4,B2,C3,D2,E3,F2",False,3.0,560174.49195021,-9.907707337821634
7134,True,"A3,B2,C3,D2,E1,F1",False,2.0,2573949.7651548195,-14.082611454306893
7135,True,"A4,B2,C3,D2,E3,F2",False,3.0,3325153.775811221,-14.847894725328977
7136,True,"A3,B2,C3,D2,E1,F1",False,2.0,2330017.770571765,-12.31056996211106
7137,True,"A3,B2,C3,D2,E2,F3",False,3.0,1637804.0694064472,-12.948144172442873
7138,True,"A4,B2,C3,D2,E3,F2",False,3.0,2304644.418736754,-15.289770126175824
7139,True,"A3,B2,C3,D1,E1,F2",True,0.0,598161.0365186281,-9.226080401411764
7140,True,"A3,B2,C3,D2,E1,F1",False,2.0,779574.8272573039,-10.865552676096783
7141,True,"A4,B2,C3,D2,E3,F2",False,3.0,233288.0725039912,-8.873656798086117
7142,True,"A3,B2,C3,D1,E1,F1",False,1.0,16602.650845409604,-3.883039055801305
7143,True,"A3,B2,C3,D1,E1,F2",True,0.0,101575.61563038983,-5.630344316673131
7144,True,"A3,B2,C3,D1,E1,F2",True,0.0,57521.65842245372,-4.329558988406916
7145,True,"A3,B2,C3,D2,E1,F3",False,2.0,410637.28105521813,-7.050626841912376
7146,True,"A4,B2,C3,D2,E3,F2",False,3.0,255223.18304001668,-9.452167509273053
7147,True,"A4,B2,C3,D2,E3,F2",False,3.0,103829.89657173591,-4.925005714773491
7148,True,"A3,B2,C3,D1,E1,F1",False,1.0,105280.93183517062,-6.609571567637985
7149,True,"A4,B2,C3,D2,E3,F2",False,3.0,819801.490344713,-9.54799200209014
7150,True,"A3,B2,C3,D1,E1,F1",False,1.0,18670.23471383819,-4.248500729246899
7151,True,"A3,B2,C3,D1,E1,F2",True,0.0,2894422.7693942664,-14.467017320293905
7152,True,"A4,B2,C3,D2,E3,F2",False,3.0,227536.7063097323,-6.784113681235155
7153,True,"A3,B2,C3,D2,E1,F3",False,2.0,461075.3725954369,-7.911309033324613
7154,True,"A3,B2,C3,D2,E1,F3",False,2.0,2576743.0592450835,-13.37181963727717
7155,True,"A4,B2,C3,D2,E3,F2",False,3.0,1726175.3469342312,-12.750134863511228
7156,True,"A3,B2,C3,D2,E1,F2",False,1.0,4124119.4745249934,-15.378392878653607
7157,True,"A3,B2,C3,D1,E1,F1",False,1.0,12625.419628199157,-4.704418456743298
7158,True,"A3,B2,C3,D2,E1,F3",False,2.0,716696.1740173304,-9.285085414390316
7159,True,"A4,B2,C3,D2,E3,F2",False,3.0,1586126.0180933247,-11.644612542228607
7160,True,"A4,B2,C3,D2,E3,F2",False,3.0,258419.41036572345,-7.905216053944486
7161,True,"A3,B2,C3,D2,E1,F2",False,1.0,1521637.8712125367,-11.34246242654605
7162,True,"A3,B2,C3,D2,E1,F2",False,1.0,1317293.5356098101,-9.89949707020481
7163,True,"A3,B2,C3,D2,E1,F3",False,2.0,1868835.1395431357,-12.95535277098437
7164,True,"A3,B2,C3,D1,E1,F1",False,1.0,3245.005524895774,-2.1791178628389076
7165,True,"A3,B2,C3,D2,E1,F2",False,1.0,925799.8368000851,-11.041449272349723
7166,True,"A3,B2,C3,D1,E1,F2",True,0.0,254576.37878840612,-6.716632412168039
7167,True,"A3,B2,C3,D1,E1,F2",True,0.0,190383.75753823807,-8.179682039694612
7168,True,"A3,B2,C3,D1,E1,F2",True,0.0,290757.9125834804,-8.471905700741644
7169,True,"A3,B2,C3,D2,E1,F1",False,2.0,525345.2147635826,-10.4271637970308
7170,True,"A4,B2,C3,D2,E3,F2",False,3.0,276628.5966791516,-7.91028881188825
7171,True,"A4,B2,C3,D2,E3,F2",False,3.0,1372274.3655228734,-12.9208154103042
7172,True,"A3,B2,C3,D1,E1,F2",True,0.0,877088.1257700379,-10.361949209769662
7173,True,"A3,B2,C3,D2,E1,F3",False,2.0,579669.1104487117,-8.49224419958911
7174,True,"A4,B2,C3,D2,E3,F1",False,4.0,834988.5901938475,-12.916757048599507
7175,True,"A4,B2,C3,D2,E3,F2",False,3.0,2388877.6794734336,-15.977644710157882
7176,True,"A3,B2,C3,D2,E1,F2",False,1.0,572949.0052185501,-8.208506966972848
7177,True,"A4,B2,C3,D2,E3,F2",False,3.0,9520.770348636515,-2.388630549241185
7178,True,"A4,B2,C3,D2,E3,F2",False,3.0,852134.0635796086,-10.465299636735168
7179,True,"A3,B2,C3,D2,E1,F1",False,2.0,1313843.1647121846,-11.200979503904797
7180,True,"A4,B2,C3,D2,E3,F2",False,3.0,274682.51279684936,-7.287239146755084
7181,True,"A3,B2,C3,D2,E1,F2",False,1.0,860674.1909158974,-10.29257714159062
7182,True,"A3,B2,C3,D1,E1,F2",True,0.0,410672.34447578597,-9.494607481838528
7183,True,"A3,B2,C3,D2,E1,F3",False,2.0,25134.868372656336,-2.8824869044255195
7184,True,"A3,B2,C3,D1,E1,F2",True,0.0,21849.355944540122,-3.300035326518085
7185,True,"A3,B2,C3,D2,E1,F3",False,2.0,122531.08195874139,-5.578992920531604
7186,True,"A3,B2,C3,D2,E1,F2",False,1.0,2697846.2877245373,-13.771023284715262
7187,True,"A4,B2,C3,D2,E3,F2",False,3.0,745025.4019841236,-12.950636899508652
7188,True,"A3,B2,C3,D1,E1,F1",False,1.0,30937.826052559903,-3.842869286550041
7189,True,"A3,B2,C3,D2,E1,F3",False,2.0,36514.44999672217,-3.487243585860085
7190,True,"A4,B2,C3,D2,E2,F1",False,4.0,1899053.2465387697,-13.592876283236414
7191,True,"A3,B2,C3,D1,E1,F2",True,0.0,373449.73247027403,-7.812098630900536
7192,True,"A3,B2,C3,D2,E1,F1",False,2.0,1955081.3446503195,-13.487906682806617
7193,True,"A3,B2,C3,D1,E1,F2",True,0.0,1127770.0253189087,-10.041491312004695
7194,True,"A3,B2,C3,D2,E1,F1",False,2.0,141090.6241451023,-6.204969410221949
7195,True,"A3,B2,C3,D2,E1,F3",False,2.0,134147.25515539927,-5.805304998077489
7196,True,"A3,B2,C3,D1,E1,F2",True,0.0,223875.44381173665,-6.966726089295491
7197,True,"A3,B2,C3,D1,E1,F2",True,0.0,270558.5394859246,-7.307277707567451
7198,True,"A3,B2,C3,D1,E1,F1",False,1.0,333205.06367894646,-8.883310198981945
7199,True,"A3,B2,C3,D2,E1,F2",False,1.0,718965.3709487461,-9.928140551775599
7200,True,"A3,B2,C3,D1,E1,F1",False,1.0,272712.46083969687,-8.005088039315282
7201,True,"A3,B2,C3,D1,E1,F2",True,0.0,828296.1988550841,-9.832992353268509
7202,True,"A3,B2,C3,D1,E1,F2",True,0.0,2452111.370907514,-13.115238297416504
7203,True,"A4,B2,C3,D2,E3,F2",False,3.0,134449.95392853845,-6.749664078547497
7204,True,"A4,B2,C3,D2,E3,F2",False,3.0,903674.4641333533,-10.273533134088396
7205,True,"A3,B2,C3,D1,E1,F2",True,0.0,65777.87245327682,-5.16132242224262
7206,True,"A3,B2,C3,D1,E1,F2",True,0.0,845354.5206832269,-10.522460614704208
7207,True,"A4,B2,C3,D2,E3,F1",False,4.0,851549.3562489167,-10.69184917265872
7208,True,"A3,B2,C3,D2,E1,F3",False,2.0,22168.609545329273,-2.322640685655088
7209,True,"A3,B2,C3,D2,E1,F1",False,2.0,1279199.519952104,-11.608939074178735
7210,True,"A3,B2,C3,D1,E1,F2",True,0.0,30572.00928288953,-5.163585111584069
7211,True,"A3,B2,C3,D1,E1,F2",True,0.0,3108198.3231457123,-14.318257101308745
7212,True,"A3,B2,C3,D1,E1,F2",True,0.0,1138665.7786787616,-11.074176861209821
7213,True,"A3,B2,C3,D1,E1,F2",True,0.0,250960.87278862364,-7.422636369580559
7214,True,"A3,B2,C3,D1,E1,F2",True,0.0,14607.067245290458,-1.650405949525478
7215,True,"A3,B2,C3,D2,E1,F3",False,2.0,44005.37147626499,-5.236244144302447
7216,True,"A4,B2,C3,D2,E3,F1",False,4.0,4040.507364876489,-1.3031658933258257
7217,True,"A4,B2,C3,D2,E2,F1",False,4.0,655713.4619201348,-10.410325544145309
7218,True,"A3,B2,C3,D2,E1,F2",False,1.0,4084798.26334228,-14.78107595741556
7219,True,"A3,B2,C3,D1,E1,F2",True,0.0,201218.0824685119,-5.093604429326973
7220,True,"A3,B2,C3,D1,E1,F2",True,0.0,147621.20307585745,-6.415249145353215
7221,True,"A3,B2,C3,D1,E1,F2",True,0.0,726603.5052882365,-10.427037190648221
7222,True,"A4,B2,C3,D2,E3,F2",False,3.0,3327230.3477161108,-14.72147924949315
7223,True,"A3,B2,C3,D1,E1,F2",True,0.0,386385.0943710294,-8.201635912955368
7224,True,"A3,B2,C3,D2,E1,F3",False,2.0,13656.704952981163,-3.5994908522581426
7225,True,"A3,B2,C3,D1,E1,F2",True,0.0,660850.3632548971,-8.11104224521985
7226,True,"A4,B2,C3,D2,E3,F2",False,3.0,1331395.5710413188,-11.761474363218682
7227,True,"A3,B2,C3,D1,E1,F1",False,1.0,111496.29629637503,-6.943985246589008
7228,True,"A3,B2,C3,D2,E1,F1",False,2.0,1123095.6085176375,-12.627390536222073
7229,True,"A4,B2,C3,D2,E3,F1",False,4.0,35923.1243864783,-4.423227668620299
7230,True,"A3,B2,C3,D2,E1,F3",False,2.0,23068.167219981224,-2.6746946011022885
7231,True,"A3,B2,C3,D1,E1,F2",True,0.0,29217.848393346518,-6.091825853488714
7232,True,"A4,B2,C3,D2,E3,F1",False,4.0,28036.262406862617,-4.783288454774549
7233,True,"A3,B2,C3,D1,E1,F1",False,1.0,247032.4255440039,-9.065603652120842
7234,True,"A3,B2,C3,D2,E1,F3",False,2.0,233874.9949780777,-7.820111231566756
7235,True,"A3,B2,C3,D2,E1,F1",False,2.0,2556610.4646832733,-13.438412328987674
7236,True,"A3,B2,C3,D1,E1,F2",True,0.0,780523.8458579135,-11.094510983663149
7237,True,"A3,B2,C3,D2,E1,F3",False,2.0,847430.5667117346,-9.652409138097013
7238,True,"A3,B2,C3,D1,E1,F2",True,0.0,1063438.817630273,-10.954604577428029
7239,True,"A3,B2,C3,D2,E1,F2",False,1.0,510065.620634285,-8.576595445586548
7240,True,"A4,B2,C3,D2,E2,F1",False,4.0,16156.967987241833,-3.3602612343704266
7241,True,"A3,B2,C3,D2,E1,F3",False,2.0,259850.69210560026,-7.580069256547972
7242,True,"A3,B2,C3,D1,E1,F1",False,1.0,72186.61590246562,-6.519562181381403
7243,True,"A3,B2,C3,D2,E1,F3",False,2.0,1542070.0470797112,-12.216844902088098
7244,True,"A3,B2,C3,D2,E5,F3",False,3.0,18449.240383545053,-4.1173693073235285
7245,True,"A4,B2,C3,D2,E3,F2",False,3.0,167020.81401245965,-6.891712900057115
7246,True,"A4,B2,C3,D2,E3,F2",False,3.0,1553829.5307765645,-12.642903786652617
7247,True,"A3,B2,C3,D2,E1,F3",False,2.0,86031.5336883937,-4.877423136409604
7248,True,"A3,B2,C3,D1,E1,F2",True,0.0,11888.20289024605,-2.3392969294639556
7249,True,"A3,B2,C3,D1,E1,F2",True,0.0,159934.9154896334,-7.845373405187516
7250,True,"A4,B2,C3,D2,E3,F2",False,3.0,1356264.7405997578,-12.574804973201687
7251,True,"A4,B2,C3,D2,E3,F1",False,4.0,214691.71422562678,-7.94731035294366
7252,True,"A3,B2,C3,D1,E1,F2",True,0.0,986117.5047237433,-9.945956149191282
7253,True,"A3,B2,C3,D1,E1,F2",True,0.0,140494.34374108532,-5.617623075287611
7254,True,"A3,B2,C3,D2,E1,F1",False,2.0,392551.3589829597,-9.720668983058715
7255,True,"A3,B2,C3,D2,E1,F3",False,2.0,853459.8874022218,-10.800245370352101
7256,True,"A3,B2,C3,D2,E1,F3",False,2.0,2288495.0036303266,-12.904740644568307
7257,True,"A3,B2,C3,D1,E1,F2",True,0.0,129311.92703081638,-6.419699198356483
7258,True,"A3,B2,C3,D2,E1,F3",False,2.0,720573.2033482433,-10.009504348844395
7259,True,"A3,B2,C3,D2,E1,F3",False,2.0,153634.95787868593,-7.09312394737357
7260,True,"A3,B2,C3,D1,E1,F1",False,1.0,11188.515253153148,-2.6696311032825832
7261,True,"A3,B2,C3,D2,E1,F3",False,2.0,7712.304430952148,-2.5130870313435167
7262,True,"A3,B2,C3,D1,E1,F2",True,0.0,350146.0379207389,-8.597436678528837
7263,True,"A3,B2,C3,D1,E1,F2",True,0.0,40744.5624599806,-3.8478048481264153
7264,True,"A3,B2,C3,D1,E1,F2",True,0.0,184958.60972205515,-6.926596019533136
7265,True,"A3,B2,C3,D1,E1,F2",True,0.0,1861957.373702987,-14.239605868688848
7266,True,"A4,B2,C3,D2,E3,F2",False,3.0,74149.73836508038,-5.759776035140462
7267,True,"A4,B2,C3,D2,E3,F1",False,4.0,61256.122387156065,-6.223185310366944
7268,True,"A3,B2,C3,D2,E1,F2",False,1.0,3126685.0901072486,-15.955464122169765
7269,True,"A4,B2,C3,D2,E2,F1",False,4.0,183934.00117994743,-8.460748028835809
7270,True,"A3,B2,C3,D2,E1,F2",False,1.0,1300087.989669223,-10.628235653614006
7271,True,"A3,B2,C3,D2,E1,F1",False,2.0,1333732.211513533,-11.16639454834852
7272,True,"A3,B2,C3,D2,E1,F2",False,1.0,3065791.6958450945,-14.99774319966118
7273,True,"A3,B2,C3,D1,E1,F2",True,0.0,50247.43466403679,-3.8214170575101605
7274,True,"A3,B2,C3,D2,E1,F3",False,2.0,323888.56098984944,-7.915544385036114
7275,True,"A3,B2,C3,D2,E1,F3",False,2.0,160642.2698944085,-6.3968392864728685
7276,True,"A4,B2,C3,D2,E3,F1",False,4.0,27686.27440153744,-4.960945513965839
7277,True,"A4,B2,C3,D2,E2,F1",False,4.0,1024971.621905712,-11.773365979354907
7278,True,"A3,B2,C3,D2,E1,F2",False,1.0,4546563.117914311,-15.488218836346327
7279,True,"A3,B2,C3,D1,E1,F2",True,0.0,793525.7332058046,-10.099638675027833
7280,True,"A3,B2,C3,D1,E1,F2",True,0.0,169249.7012820909,-6.782423548584916
7281,True,"A3,B2,C3,D1,E1,F1",False,1.0,59019.4410747759,-6.318043559183181
7282,True,"A3,B2,C3,D1,E1,F2",True,0.0,436014.8401899023,-9.80089232961997
7283,True,"A3,B2,C3,D2,E1,F1",False,2.0,875428.2657409682,-10.981063934368045
7284,True,"A3,B2,C3,D2,E1,F3",False,2.0,31792.33565074496,-3.4628698114762386
7285,True,"A3,B2,C3,D1,E1,F2",True,0.0,609131.0185805339,-8.988264720329568
7286,True,"A3,B2,C3,D2,E1,F3",False,2.0,506522.78785665764,-9.209719958672707
7287,True,"A3,B2,C3,D2,E1,F3",False,2.0,296401.4116560136,-7.26652534267275
7288,True,"A3,B2,C3,D1,E1,F2",True,0.0,420479.6239454753,-8.090108927808672
7289,True,"A3,B2,C3,D1,E1,F2",True,0.0,2950848.908523021,-15.438095066571549
7290,True,"A4,B2,C3,D2,E3,F2",False,3.0,1287918.113854166,-13.654236902068192
7291,True,"A3,B2,C3,D2,E1,F3",False,2.0,127911.00808109778,-5.897701622069249
7292,True,"A3,B2,C3,D1,E1,F2",True,0.0,481516.58711531974,-8.255999776657362
7293,True,"A3,B2,C3,D2,E1,F1",False,2.0,1804184.7378074024,-13.444398124474382
7294,True,"A3,B2,C3,D1,E1,F2",True,0.0,1039169.1546575361,-11.918739502492237
7295,True,"A4,B2,C3,D2,E3,F2",False,3.0,619174.5660739789,-9.960357872413674
7296,True,"A3,B2,C3,D2,E1,F3",False,2.0,150557.90654941395,-5.985543263053373
7297,True,"A4,B2,C3,D2,E2,F1",False,4.0,138922.97726901527,-7.278897401986541
7298,True,"A4,B2,C3,D2,E3,F2",False,3.0,205402.9239250785,-7.583789928519224
7299,True,"A3,B2,C3,D1,E1,F2",True,0.0,2217550.121321844,-12.155470972961169
7300,True,"A3,B2,C3,D1,E1,F2",True,0.0,1693389.9834420995,-11.910310964582365
7301,True,"A3,B2,C3,D2,E1,F3",False,2.0,364067.4982926498,-9.771526820376678
7302,True,"A3,B2,C3,D2,E1,F2",False,1.0,4058153.0321757006,-14.480276970444663
7303,True,"A3,B2,C3,D2,E1,F2",False,1.0,3288054.4139479757,-13.643819109560162
7304,True,"A3,B2,C3,D1,E1,F1",False,1.0,27371.12677448629,-4.584932105835904
7305,True,"A3,B2,C3,D2,E1,F1",False,2.0,2936381.956547583,-15.76032843104273
7306,True,"A3,B2,C3,D2,E1,F3",False,2.0,240474.8483196731,-8.729753319920349
7307,True,"A3,B2,C3,D1,E1,F2",True,0.0,266285.8729827191,-8.02472688630398
7308,True,"A3,B2,C3,D1,E1,F2",True,0.0,767964.2845530832,-9.639803289369837
7309,True,"A3,B2,C3,D2,E1,F3",False,2.0,96590.08855884812,-5.141341599525802
7310,True,"A3,B2,C3,D1,E1,F2",True,0.0,39757.90114265319,-3.969436339119426
7311,True,"A3,B2,C3,D2,E1,F3",False,2.0,62710.24379566609,-4.619120774059951
7312,True,"A4,B2,C3,D2,E3,F2",False,3.0,870558.6172322936,-11.287313064330476
7313,True,"A4,B2,C3,D2,E3,F1",False,4.0,34425.29598454106,-5.869894122356641
7314,True,"A4,B2,C3,D2,E3,F2",False,3.0,54594.32859421658,-4.542094347056263
7315,True,"A3,B2,C3,D2,E1,F3",False,2.0,1575204.805503405,-12.483076987869396
7316,True,"A3,B2,C3,D2,E1,F2",False,1.0,3924802.512238016,-14.47485011776137
7317,True,"A3,B2,C3,D1,E1,F2",True,0.0,2545793.5807543835,-14.572429873665712
7318,True,"A3,B2,C3,D2,E1,F2",False,1.0,2286554.251226655,-11.884725089418438
7319,True,"A3,B2,C3,D1,E1,F2",True,0.0,862842.6055569991,-10.598932652505638
7320,True,"A4,B2,C3,D2,E3,F2",False,3.0,241494.7681113541,-6.460680632180001
7321,True,"A3,B2,C3,D1,E1,F1",False,1.0,97355.68101590735,-6.315148397273276
7322,True,"A3,B2,C3,D1,E1,F2",True,0.0,95068.64595405823,-4.829734444766004
7323,True,"A3,B2,C3,D1,E1,F1",False,1.0,975340.9862639614,-12.644029218646665
7324,True,"A4,B2,C3,D2,E3,F1",False,4.0,3203947.2656031107,-17.512350755641407
7325,True,"A3,B2,C3,D2,E1,F1",False,2.0,321197.18465224747,-8.622930883519317
7326,True,"A4,B2,C3,D2,E3,F1",False,4.0,32580.616091526404,-4.858416568129726
7327,True,"A3,B2,C3,D1,E1,F2",True,0.0,1002571.1599228751,-11.126583490149002
7328,True,"A3,B2,C3,D1,E1,F2",True,0.0,2274556.3032078794,-14.569300243159532
7329,True,"A3,B2,C3,D2,E1,F3",False,2.0,44423.24297948483,-5.101289509536301
7330,True,"A4,B2,C3,D2,E3,F2",False,3.0,502837.5920631511,-10.399857963897773
7331,True,"A3,B2,C3,D1,E1,F2",True,0.0,368555.25164280785,-7.294053542760523
7332,True,"A3,B2,C3,D1,E1,F2",True,0.0,172454.16193886817,-6.192782804821121
7333,True,"A3,B2,C3,D2,E1,F3",False,2.0,158617.2695004387,-5.417239967841198
7334,True,"A3,B2,C3,D2,E1,F3",False,2.0,1233188.203425538,-11.886071050429585
7335,True,"A3,B2,C3,D2,E1,F3",False,2.0,310191.8386873978,-7.563951670723682
7336,True,"A3,B2,C3,D1,E1,F2",True,0.0,1186688.177982971,-11.078945944379726
7337,True,"A3,B2,C3,D1,E1,F2",True,0.0,1255174.4670669702,-13.030467919405048
7338,True,"A3,B2,C3,D1,E1,F2",True,0.0,268132.57266602427,-7.985429614580994
7339,True,"A3,B2,C3,D1,E1,F2",True,0.0,63610.36539323172,-3.9476763174372422
7340,True,"A4,B2,C3,D2,E3,F1",False,4.0,14058.427592694643,-3.050259930527659
7341,True,"A4,B2,C3,D2,E3,F1",False,4.0,90795.17429503897,-6.522205100480036
7342,True,"A4,B2,C3,D2,E3,F2",False,3.0,472081.70055852033,-8.85931707522063
7343,True,"A3,B2,C3,D2,E1,F3",False,2.0,125770.07025683437,-5.349813761963475
7344,True,"A4,B2,C3,D2,E3,F1",False,4.0,24730.498894506403,-4.766319577258841
7345,True,"A3,B2,C3,D1,E1,F2",True,0.0,2631716.76260574,-13.757754725016014
7346,True,"A3,B2,C3,D2,E1,F3",False,2.0,4794404.700606134,-15.8657766737075
7347,True,"A4,B2,C3,D2,E3,F1",False,4.0,577948.8770995608,-10.068055802611866
7348,True,"A4,B2,C3,D2,E3,F2",False,3.0,3393800.241017773,-16.238086400646324
7349,True,"A3,B2,C3,D2,E1,F3",False,2.0,59582.34002424326,-4.434740231157448
7350,True,"A4,B2,C3,D2,E3,F1",False,4.0,42375.563946132985,-5.945085604184257
7351,True,"A4,B2,C3,D2,E3,F1",False,4.0,86594.89373448216,-6.9909127548548184
7352,True,"A3,B2,C3,D1,E1,F1",False,1.0,59485.58466566568,-5.543629830738098
7353,True,"A4,B2,C3,D2,E2,F1",False,4.0,20372.211532885685,-2.4172255647938528
7354,True,"A4,B2,C3,D2,E3,F1",False,4.0,104168.08322219088,-5.874111985459365
7355,True,"A3,B2,C3,D2,E1,F3",False,2.0,41558.10677360964,-3.6012289129233324
7356,True,"A4,B2,C3,D2,E3,F2",False,3.0,24729.48632119275,-4.4443276859503555
7357,True,"A4,B2,C3,D2,E3,F2",False,3.0,2532471.445619449,-13.102708347873012
7358,True,"A4,B2,C3,D2,E3,F2",False,3.0,1688811.2597967566,-13.834146630316404
7359,True,"A3,B2,C3,D1,E1,F2",True,0.0,134837.69005854652,-3.8043048402643223
7360,True,"A4,B2,C3,D2,E3,F1",False,4.0,34546.68782663653,-5.8022703469007695
7361,True,"A3,B2,C3,D1,E1,F2",True,0.0,126757.68863518782,-7.292253318696268
7362,True,"A3,B2,C3,D2,E1,F3",False,2.0,1353927.7360978292,-11.453620220085014
7363,True,"A4,B2,C3,D2,E3,F2",False,3.0,115644.69363783055,-6.943985602683114
7364,True,"A3,B2,C3,D2,E1,F3",False,2.0,1095056.8277855972,-10.476032045065004
7365,True,"A3,B2,C3,D2,E1,F1",False,2.0,122514.1468195159,-5.616648624535273
7366,True,"A4,B2,C3,D2,E3,F2",False,3.0,245296.71215858246,-7.913265568308503
7367,True,"A3,B2,C3,D1,E1,F2",True,0.0,1272314.7350572357,-9.484600833778089
7368,True,"A3,B2,C3,D1,E1,F1",False,1.0,87973.58867235218,-6.2133344731878
7369,True,"A4,B2,C3,D2,E3,F2",False,3.0,142215.87576062288,-7.658872356703242
7370,True,"A3,B2,C3,D2,E1,F2",False,1.0,2060117.2799319515,-13.456891345969886
7371,True,"A3,B2,C3,D1,E1,F2",True,0.0,44182.26339347335,-2.8742338957553955
7372,True,"A4,B2,C3,D2,E3,F1",False,4.0,1899.8329365822412,-1.6474567226028256
7373,True,"A3,B2,C3,D1,E1,F2",True,0.0,25769.130721442238,-4.257209904388816
7374,True,"A3,B2,C3,D1,E1,F1",False,1.0,9924.380502759705,-3.773001073905135
7375,True,"A3,B2,C3,D2,E1,F2",False,1.0,575808.556415396,-8.279330305530152
7376,True,"A4,B2,C3,D2,E3,F2",False,3.0,1167691.0201844377,-11.673225991580239
7377,True,"A3,B2,C3,D1,E1,F2",True,0.0,401186.81002846226,-9.584305292539185
7378,True,"A4,B2,C3,D2,E3,F1",False,4.0,687568.5582066812,-11.228340278262692
7379,True,"A3,B2,C3,D2,E1,F2",False,1.0,2785100.2264005495,-13.460360892940116
7380,True,"A4,B2,C3,D2,E3,F2",False,3.0,739237.3524351851,-10.979992363651476
7381,True,"A3,B2,C3,D1,E1,F2",True,0.0,602694.9556755157,-9.61630074765742
7382,True,"A4,B2,C3,D2,E3,F1",False,4.0,60352.19759740272,-6.262479474516738
7383,True,"A4,B2,C3,D2,E3,F2",False,3.0,1635545.6547641226,-13.838301348386011
7384,True,"A3,B2,C3,D2,E1,F1",False,2.0,1171961.662132869,-10.816917993471087
7385,True,"A4,B2,C3,D2,E3,F2",False,3.0,29037.973153921932,-4.487995422472977
7386,True,"A3,B2,C3,D2,E1,F2",False,1.0,3807115.673829772,-15.018128856054886
7387,True,"A4,B2,C3,D2,E3,F1",False,4.0,2987200.159950022,-16.444949815827755
7388,True,"A3,B2,C3,D2,E1,F1",False,2.0,146881.37995895027,-7.054521227198549
7389,True,"A3,B2,C3,D2,E1,F2",False,1.0,4789074.062016298,-15.775176877097877
7390,True,"A4,B2,C3,D2,E3,F2",False,3.0,41143.726358186235,-5.298038322725134
7391,True,"A4,B2,C3,D2,E3,F1",False,4.0,10145.074717314865,-3.6904659293760176
7392,True,"A4,B2,C3,D2,E2,F1",False,4.0,159328.826502824,-6.073010348751012
7393,True,"A4,B2,C3,D2,E3,F2",False,3.0,2046530.389319987,-12.658295794106188
7394,True,"A3,B2,C3,D2,E1,F2",False,1.0,3286904.0381688485,-14.889640353258834
7395,True,"A3,B2,C3,D1,E1,F2",True,0.0,429171.82570501947,-8.826314533968002
7396,True,"A3,B2,C3,D1,E1,F2",True,0.0,2009354.1226658004,-12.287026626763918
7397,True,"A4,B2,C3,D2,E3,F2",False,3.0,1407396.6286697886,-12.78477147674218
7398,True,"A3,B2,C3,D1,E1,F2",True,0.0,32728.310287769662,-3.954522745281949
7399,True,"A3,B2,C3,D2,E1,F3",False,2.0,74576.86221347905,-4.594442064115441
7400,True,"A3,B2,C3,D2,E1,F3",False,2.0,13128.703570545882,-3.0694399407705646
7401,True,"A3,B2,C3,D1,E1,F2",True,0.0,1771805.7714661546,-13.192834399900285
7402,True,"A4,B2,C3,D2,E3,F2",False,3.0,316890.48120085755,-8.037535341076165
7403,True,"A3,B2,C3,D1,E1,F2",True,0.0,1214429.1610027123,-9.690349664788926
7404,True,"A3,B2,C3,D2,E1,F2",False,1.0,2204245.4382314095,-13.063663942962485
7405,True,"A3,B2,C3,D2,E1,F3",False,2.0,3854225.440017058,-13.984886947384844
7406,True,"A3,B2,C3,D2,E1,F3",False,2.0,3542153.8441273877,-15.727215976030415
7407,True,"A3,B2,C3,D2,E1,F3",False,2.0,116665.09040827992,-4.765521932983248
7408,True,"A3,B2,C3,D1,E1,F1",False,1.0,12934.286719821195,-3.4929758495251804
7409,True,"A3,B2,C3,D1,E1,F2",True,0.0,1329968.7255664957,-11.662271084194565
7410,True,"A3,B2,C3,D2,E1,F1",False,2.0,150546.04116287123,-6.920085578871436
7411,True,"A3,B2,C3,D2,E1,F2",False,1.0,171354.03383943345,-5.650544502599843
7412,True,"A3,B2,C3,D2,E1,F3",False,2.0,888901.2975577728,-9.918569838543114
7413,True,"A3,B2,C3,D2,E1,F3",False,2.0,147580.84603290542,-6.173816693779017
7414,True,"A3,B2,C3,D2,E2,F3",False,3.0,1011899.5898335004,-11.053454277359172
7415,True,"A3,B2,C3,D2,E1,F1",False,2.0,390036.8369443234,-7.9249836436750485
7416,True,"A4,B2,C3,D2,E3,F2",False,3.0,134537.48164372868,-7.172308241127325
7417,True,"A3,B2,C3,D2,E1,F3",False,2.0,627626.9336313272,-8.867298000908505
7418,True,"A3,B2,C3,D1,E1,F2",True,0.0,619712.610913853,-10.225064856917555
7419,True,"A3,B2,C3,D2,E1,F3",False,2.0,52047.79213368841,-3.209292369760192
7420,True,"A4,B2,C3,D2,E3,F2",False,3.0,577919.7699178691,-9.365897321749856
7421,True,"A3,B2,C3,D1,E1,F1",False,1.0,9142.472706943841,-2.9598357649089166
7422,True,"A3,B2,C3,D1,E1,F2",True,0.0,25305.50169117832,-4.581849453999581
7423,True,"A4,B2,C3,D2,E3,F2",False,3.0,1480176.492102901,-12.829423369976006
7424,True,"A4,B2,C3,D2,E2,F1",False,4.0,21660.007325251256,-3.958634264153062
7425,True,"A3,B2,C3,D2,E1,F3",False,2.0,437527.62870686606,-6.897368174406765
7426,True,"A4,B2,C3,D2,E3,F1",False,4.0,18759.932220517338,-3.86734935312154
7427,True,"A3,B2,C3,D1,E1,F2",True,0.0,113815.29500926334,-6.626726322964629
7428,True,"A3,B2,C3,D2,E1,F1",False,2.0,2459567.7629707227,-14.267042750331463
7429,True,"A3,B2,C3,D2,E1,F3",False,2.0,921300.927629198,-10.834971524604718
7430,True,"A4,B2,C3,D2,E2,F1",False,4.0,64695.18558899593,-4.953942650319291
7431,True,"A3,B2,C3,D2,E1,F3",False,2.0,526438.8976585682,-8.421399186808088
7432,True,"A3,B2,C3,D2,E1,F2",False,1.0,1243708.6774949748,-9.524183979427903
7433,True,"A3,B2,C3,D1,E1,F2",True,0.0,150925.21801195588,-5.095724792254273
7434,True,"A3,B2,C3,D1,E1,F2",True,0.0,46576.9248625027,-3.6574253248842723
7435,True,"A3,B2,C3,D2,E1,F2",False,1.0,2490825.075535624,-13.612616893695929
7436,True,"A3,B2,C3,D2,E5,F3",False,3.0,18455.84687786128,-2.5279887573751125
7437,True,"A3,B2,C3,D1,E1,F2",True,0.0,321776.33854301734,-9.27259006332065
7438,True,"A4,B2,C3,D2,E3,F2",False,3.0,90260.82839214793,-4.832136903754275
7439,True,"A4,B2,C3,D2,E3,F1",False,4.0,1055752.3901037846,-12.166017367255215
7440,True,"A4,B2,C3,D2,E3,F2",False,3.0,151433.84091589582,-6.9131433179910005
7441,True,"A3,B2,C3,D2,E1,F3",False,2.0,21346.71771933051,-3.961154396105428
7442,True,"A3,B2,C3,D1,E1,F2",True,0.0,2436762.819629932,-13.87002971090753
7443,True,"A4,B2,C3,D2,E3,F1",False,4.0,2134329.2291145297,-15.039644273273282
7444,True,"A3,B2,C3,D2,E1,F2",False,1.0,2999642.804705152,-15.312599958255355
7445,True,"A3,B2,C3,D2,E1,F3",False,2.0,44911.40311194129,-4.535291749948897
7446,True,"A3,B2,C3,D1,E1,F2",True,0.0,399931.4653541779,-8.521120292413713
7447,True,"A4,B2,C3,D2,E2,F1",False,4.0,765929.8795149836,-10.194582907610375
7448,True,"A3,B2,C3,D2,E1,F3",False,2.0,2106285.981561316,-14.404093556370583
7449,True,"A4,B2,C3,D2,E3,F2",False,3.0,579543.7516173134,-9.139890289417892
7450,True,"A3,B2,C3,D2,E1,F3",False,2.0,70909.92059410788,-5.913134961084012
7451,True,"A4,B2,C3,D2,E3,F1",False,4.0,94023.99757918026,-7.65041137904899
7452,True,"A3,B2,C3,D2,E1,F3",False,2.0,4143407.1267018635,-16.37743149504351
7453,True,"A4,B2,C3,D2,E3,F2",False,3.0,141634.90982240593,-5.929199874998915
7454,True,"A3,B2,C3,D2,E1,F2",False,1.0,4216780.131745159,-14.589845179968485
7455,True,"A4,B2,C3,D2,E3,F2",False,3.0,3698429.27989348,-15.617992695532877
7456,True,"A3,B2,C3,D2,E1,F1",False,2.0,59963.75716054084,-5.278545965759406
7457,True,"A3,B2,C3,D2,E1,F3",False,2.0,1080035.122921632,-10.656315437144741
7458,True,"A3,B2,C3,D1,E1,F2",True,0.0,292830.34433172445,-7.680423068149864
7459,True,"A3,B2,C3,D1,E1,F2",True,0.0,303246.9942450934,-8.341832317826615
7460,True,"A3,B2,C3,D1,E1,F1",False,1.0,4750.776208410916,-2.5137957464220193
7461,True,"A4,B2,C3,D2,E3,F2",False,3.0,1112931.27809468,-12.84962324452868
7462,True,"A4,B2,C3,D2,E3,F2",False,3.0,258965.63542621405,-9.57678316838367
7463,True,"A3,B2,C3,D2,E1,F2",False,1.0,3094048.6999823744,-14.727664608241916
7464,True,"A3,B2,C3,D1,E1,F2",True,0.0,444741.1367144941,-8.39599746617678
7465,True,"A3,B2,C3,D2,E1,F1",False,2.0,1894573.8405491288,-13.545824239155948
7466,True,"A4,B2,C3,D2,E3,F2",False,3.0,3002740.8792064968,-14.437253802943935
7467,True,"A3,B2,C3,D1,E1,F1",False,1.0,10858.61204533255,-3.1887589691035885
7468,True,"A3,B2,C3,D1,E1,F2",True,0.0,73642.09913073585,-3.8432884622209684
7469,True,"A3,B2,C3,D2,E1,F3",False,2.0,147375.5572522169,-5.422961412281552
7470,True,"A4,B2,C3,D2,E3,F2",False,3.0,1031488.3849151799,-10.469963172293703
7471,True,"A4,B2,C3,D2,E3,F2",False,3.0,187501.94520055322,-8.088902582362564
7472,True,"A3,B2,C3,D1,E1,F2",True,0.0,836024.0005080512,-10.015880954712848
7473,True,"A3,B2,C3,D1,E1,F2",True,0.0,248217.9295152251,-5.847595636302103
7474,True,"A4,B2,C3,D2,E3,F2",False,3.0,2102217.2976618474,-15.522750501139
7475,True,"A3,B2,C3,D1,E1,F1",False,1.0,131991.27859567903,-6.122365239527838
7476,True,"A4,B2,C3,D2,E2,F1",False,4.0,37408.695208428944,-3.5415730438152764
7477,True,"A4,B2,C3,D2,E3,F1",False,4.0,4629.098001259989,-1.7910576505941407
7478,True,"A4,B2,C3,D2,E3,F1",False,4.0,381128.8456539922,-8.285289097119943
7479,True,"A3,B2,C3,D1,E1,F2",True,0.0,2257604.951570767,-13.983064448214193
7480,True,"A3,B2,C3,D2,E1,F2",False,1.0,1459318.0171247062,-11.837946468956112
7481,True,"A3,B2,C3,D1,E1,F2",True,0.0,974040.2171815705,-9.052012854090435
7482,True,"A4,B2,C3,D2,E3,F1",False,4.0,13901.218795884912,-3.9974131043724697
7483,True,"A3,B2,C3,D2,E1,F1",False,2.0,2297900.095718019,-13.639461026078088
7484,True,"A4,B2,C3,D2,E3,F2",False,3.0,420603.9589239059,-9.953415658508916
7485,True,"A3,B2,C3,D2,E1,F3",False,2.0,73046.49594591599,-5.338347467000602
7486,True,"A4,B2,C3,D2,E3,F2",False,3.0,131979.75610363178,-5.245949115569275
7487,True,"A4,B2,C3,D2,E3,F2",False,3.0,1995782.2413042618,-13.573365443334033
7488,True,"A4,B2,C3,D2,E3,F2",False,3.0,3215889.2977874526,-16.435554310175874
7489,True,"A3,B2,C3,D1,E1,F2",True,0.0,3024556.260720053,-15.884161429037619
7490,True,"A4,B2,C3,D2,E3,F2",False,3.0,226437.20566758816,-6.654501852470688
7491,True,"A3,B2,C3,D2,E1,F2",False,1.0,1052109.5756174421,-10.607211062006435
7492,True,"A3,B2,C3,D1,E1,F2",True,0.0,34447.759089782376,-2.7895240130464174
7493,True,"A3,B2,C3,D2,E1,F2",False,1.0,838955.6072716723,-11.3606116836147
7494,True,"A3,B2,C3,D1,E1,F2",True,0.0,1277462.841906822,-10.739274989723704
7495,True,"A3,B2,C3,D2,E1,F3",False,2.0,1630604.5275485665,-11.468601650947939
7496,True,"A3,B2,C3,D1,E1,F1",False,1.0,20221.175180605198,-4.001638486978322
7497,True,"A3,B2,C3,D2,E1,F3",False,2.0,280824.4623643391,-7.787323902851071
7498,True,"A3,B2,C3,D1,E1,F2",True,0.0,414859.2217560758,-7.841942833713858
7499,True,"A3,B2,C3,D1,E1,F1",False,1.0,16166.240808160546,-2.2798503584808287
7500,True,"A3,B2,C3,D2,E1,F2",False,1.0,2238144.9328110823,-12.438846401467295
7501,True,"A3,B2,C3,D1,E1,F2",True,0.0,33140.240714074906,-3.5128298818747226
7502,True,"A3,B2,C3,D1,E1,F1",False,1.0,5292.713302153008,-2.0334240867359057
7503,True,"A3,B2,C3,D2,E1,F2",False,1.0,3463144.772777326,-14.388556670224276
7504,True,"A3,B2,C3,D2,E5,F3",False,3.0,11290.610566832822,-3.4572139619999973
7505,True,"A3,B2,C3,D2,E1,F1",False,2.0,717233.1211868081,-10.21786877494074
7506,True,"A3,B2,C3,D1,E1,F2",True,0.0,52183.3108346631,-4.616168224455635
7507,True,"A3,B2,C3,D1,E1,F2",True,0.0,235277.0662575692,-5.9479133710125325
7508,True,"A3,B2,C3,D1,E1,F2",True,0.0,995808.5996200023,-10.87944812395692
7509,True,"A3,B2,C3,D2,E1,F3",False,2.0,1330054.041362566,-11.833832188033504
7510,True,"A4,B2,C3,D2,E1,F2",False,2.0,1236180.5320325817,-11.425350854015761
7511,True,"A3,B2,C3,D1,E1,F2",True,0.0,690797.9951876868,-9.242537668054581
7512,True,"A3,B2,C3,D1,E1,F2",True,0.0,84968.27291590598,-6.237713582869176
7513,True,"A4,B2,C3,D2,E3,F1",False,4.0,141582.65547259164,-7.642302953456365
7514,True,"A3,B2,C3,D1,E1,F2",True,0.0,807824.1939651656,-10.289921749304732
7515,True,"A4,B2,C3,D2,E3,F2",False,3.0,1307295.5077909548,-12.901817006103975
7516,True,"A4,B2,C3,D2,E3,F2",False,3.0,44995.30361500042,-4.955099912194001
7517,True,"A4,B2,C3,D2,E3,F2",False,3.0,2050795.332390084,-14.733427652188603
7518,True,"A3,B2,C3,D1,E1,F2",True,0.0,1532849.0537376676,-12.493834041771834
7519,True,"A3,B2,C3,D1,E1,F2",True,0.0,876200.4411480352,-10.200341486170373
7520,True,"A3,B2,C3,D2,E1,F3",False,2.0,58668.28311329879,-4.6031913754624725
7521,True,"A3,B2,C3,D1,E1,F2",True,0.0,3485773.059396788,-14.900636434326053
7522,True,"A3,B2,C3,D1,E1,F2",True,0.0,466813.3925257257,-10.189120985812792
7523,True,"A3,B2,C3,D2,E1,F3",False,2.0,70039.67680373744,-4.716549008311588
7524,True,"A3,B2,C3,D1,E1,F2",True,0.0,1944823.2362521316,-12.624978669873663
7525,True,"A4,B2,C3,D2,E3,F2",False,3.0,3728354.2376654656,-16.31349812846849
7526,True,"A4,B2,C3,D2,E3,F1",False,4.0,227200.3223897202,-8.517733061061037
7527,True,"A3,B2,C3,D2,E1,F3",False,2.0,238609.1523506798,-7.713909962544946
7528,True,"A4,B2,C3,D2,E3,F2",False,3.0,143982.11398114514,-5.723761417887943
7529,True,"A3,B2,C3,D1,E1,F2",True,0.0,1924245.4944686478,-12.799368923954034
7530,True,"A3,B2,C3,D2,E1,F1",False,2.0,101736.75871404517,-6.247908680212632
7531,True,"A4,B2,C3,D2,E1,F2",False,2.0,54816.7758468808,-5.248281606282987
7532,True,"A4,B2,C3,D2,E3,F2",False,3.0,2286478.1851763595,-14.79883636775726
7533,True,"A3,B2,C3,D2,E1,F3",False,2.0,568125.8950886249,-8.94659595006793
7534,True,"A3,B2,C3,D2,E1,F3",False,2.0,13000.887690479234,-3.841578443033285
7535,True,"A3,B2,C3,D1,E1,F1",False,1.0,56005.795202138,-5.2220616804432325
7536,True,"A3,B2,C3,D1,E1,F2",True,0.0,590781.5938547807,-9.299919785781327
7537,True,"A3,B2,C3,D2,E1,F2",False,1.0,3771505.7156550842,-13.40966529783448
7538,True,"A3,B2,C3,D2,E1,F3",False,2.0,1465554.2979789637,-12.745060625321543
7539,True,"A4,B2,C3,D2,E3,F2",False,3.0,163585.2561694885,-6.449066501620251
7540,True,"A3,B2,C3,D2,E1,F1",False,2.0,1008263.5954932726,-11.350212342198986
7541,True,"A3,B2,C3,D1,E1,F1",False,1.0,25338.683417944285,-4.07784822210489
7542,True,"A3,B2,C3,D2,E1,F1",False,2.0,3749453.728953175,-15.209773587083596
7543,True,"A3,B2,C3,D1,E1,F2",True,0.0,604535.8086472894,-11.177264321980154
7544,True,"A3,B2,C3,D1,E1,F2",True,0.0,179656.800987528,-5.866919272903672
7545,True,"A3,B2,C3,D1,E1,F1",False,1.0,28839.968784669913,-5.585790560548162
7546,True,"A4,B2,C3,D2,E3,F2",False,3.0,3350946.006217761,-16.251052807815533
7547,True,"A4,B2,C3,D2,E3,F2",False,3.0,1649879.3623349997,-14.043480138598241
7548,True,"A3,B2,C3,D2,E1,F3",False,2.0,11031.011368256894,-2.7265818431834106
7549,True,"A4,B2,C3,D2,E3,F2",False,3.0,67699.24035297568,-6.352311019428825
7550,True,"A3,B2,C3,D2,E1,F3",False,2.0,1593512.231021316,-11.67983097983705
7551,True,"A4,B2,C3,D2,E3,F2",False,3.0,3190638.4380963836,-15.119059502826374
7552,True,"A3,B2,C3,D1,E1,F1",False,1.0,133633.2049342661,-7.024082903547651
7553,True,"A3,B2,C3,D2,E1,F1",False,2.0,289702.90624514554,-8.890922922278136
7554,True,"A3,B2,C3,D1,E1,F2",True,0.0,547340.6111183555,-7.8222342213297935
7555,True,"A3,B2,C3,D2,E1,F3",False,2.0,157739.427106022,-7.603311406689286
7556,True,"A3,B2,C3,D1,E1,F1",False,1.0,58933.09954082235,-5.246987981942269
7557,True,"A4,B2,C3,D2,E3,F2",False,3.0,50813.59562711735,-3.992959894418007
7558,True,"A4,B2,C3,D2,E3,F2",False,3.0,331480.8301166295,-9.312022877449877
7559,True,"A3,B2,C3,D2,E1,F2",False,1.0,772762.0969849223,-9.459971162557991
7560,True,"A4,B2,C3,D2,E3,F1",False,4.0,67362.91046699828,-6.330558400501474
7561,True,"A3,B2,C3,D2,E1,F2",False,1.0,1415285.4529391788,-11.853622716368925
7562,True,"A3,B2,C3,D2,E1,F2",False,1.0,4118871.2953726053,-14.659562722137835
7563,True,"A4,B2,C3,D2,E3,F2",False,3.0,1112588.1425507225,-13.088575835890488
7564,True,"A3,B2,C3,D1,E1,F2",True,0.0,53273.77688333287,-3.8867153644374497
7565,True,"A3,B2,C3,D1,E1,F2",True,0.0,124952.37373980161,-6.87657273703708
7566,True,"A3,B2,C3,D2,E1,F3",False,2.0,391273.87086284027,-7.502262326231005
7567,True,"A4,B2,C3,D2,E3,F2",False,3.0,742899.5224789713,-10.63222786987005
7568,True,"A4,B2,C3,D2,E3,F2",False,3.0,839786.7770368047,-10.829791644813724
7569,True,"A3,B2,C3,D1,E1,F2",True,0.0,417575.83780037425,-7.359803830273748
7570,True,"A3,B2,C3,D2,E1,F3",False,2.0,1803771.3254695868,-13.59975196341825
7571,True,"A4,B2,C3,D2,E2,F1",False,4.0,2475022.4260590468,-15.854883787733009
7572,True,"A3,B2,C3,D1,E1,F2",True,0.0,521301.7809043573,-9.540350916329018
7573,True,"A3,B2,C3,D1,E1,F2",True,0.0,404247.4221457304,-8.995420526571408
7574,True,"A3,B2,C3,D1,E1,F1",False,1.0,6032.060110692494,-1.156395128665153
7575,True,"A4,B2,C3,D2,E3,F2",False,3.0,42924.79135573856,-4.713180224482954
7576,True,"A4,B2,C3,D2,E3,F2",False,3.0,619792.6913867836,-10.247345859828684
7577,True,"A4,B2,C3,D2,E3,F1",False,4.0,75374.23175817957,-5.499468151682876
7578,True,"A4,B2,C3,D2,E3,F2",False,3.0,65247.56873105932,-6.019502985333986
7579,True,"A3,B2,C3,D1,E1,F2",True,0.0,1245211.6417118201,-10.849556701794569
7580,True,"A4,B2,C3,D2,E3,F2",False,3.0,61783.0420344834,-4.495608064864257
7581,True,"A3,B2,C3,D2,E1,F3",False,2.0,3143814.17933255,-15.283772889252056
7582,True,"A4,B2,C3,D2,E3,F2",False,3.0,561944.4677524838,-9.593757098958676
7583,True,"A3,B2,C3,D1,E1,F1",False,1.0,21349.90269388195,-3.6806244770573215
7584,True,"A4,B2,C3,D2,E5,F2",False,3.0,18500.488065789654,-4.899116749577715
7585,True,"A4,B2,C3,D2,E3,F2",False,3.0,921642.8958883148,-10.541879486658566
7586,True,"A3,B2,C3,D1,E1,F2",True,0.0,27789.37600040515,-3.1030592714033247
7587,True,"A3,B2,C3,D2,E1,F2",False,1.0,1620637.341338721,-11.491001728539132
7588,True,"A4,B2,C3,D2,E3,F1",False,4.0,29248.681076795558,-4.385965863324429
7589,True,"A4,B2,C3,D2,E3,F2",False,3.0,282385.68058591936,-7.9599330223170455
7590,True,"A3,B2,C3,D1,E1,F1",False,1.0,64992.286829080025,-5.284349817800319
7591,True,"A4,B2,C3,D2,E3,F1",False,4.0,170095.99736497793,-7.642714189570583
7592,True,"A4,B2,C3,D2,E3,F2",False,3.0,2562641.3521295544,-14.750874005790763
7593,True,"A4,B2,C3,D2,E3,F1",False,4.0,2077488.2546745401,-13.729118119847172
7594,True,"A3,B2,C3,D1,E1,F2",True,0.0,141723.2419159454,-5.671750526222752
7595,True,"A4,B2,C3,D2,E3,F2",False,3.0,3797118.5464097173,-17.232731576630236
7596,True,"A3,B2,C3,D2,E1,F1",False,2.0,193807.84469635045,-7.536067304064531
7597,True,"A3,B2,C3,D2,E1,F3",False,2.0,417141.3109642518,-7.751653368085115
7598,True,"A3,B2,C3,D2,E1,F1",False,2.0,850204.2686111568,-10.016886717694334
7599,True,"A3,B2,C3,D1,E1,F2",True,0.0,603461.1409700213,-9.566946229132249
7600,True,"A3,B2,C3,D2,E1,F3",False,2.0,3019041.4671773263,-14.476471346185264
7601,True,"A3,B2,C3,D2,E1,F2",False,1.0,4427539.512981921,-15.740317606366716
7602,True,"A3,B2,C3,D1,E1,F1",False,1.0,17823.79483656751,-3.750361500271893
7603,True,"A3,B2,C3,D2,E1,F1",False,2.0,173100.44678972242,-7.527286600231108
7604,True,"A3,B2,C3,D2,E1,F3",False,2.0,50677.46743627602,-4.64365184149564
7605,True,"A4,B2,C3,D2,E3,F1",False,4.0,723447.2277041636,-10.616397311286548
7606,True,"A3,B2,C3,D2,E1,F2",False,1.0,2201183.1203153995,-12.02464404034503
7607,True,"A3,B2,C3,D1,E1,F2",True,0.0,132753.07774279595,-7.292846002769949
7608,True,"A3,B2,C3,D2,E1,F3",False,2.0,255826.1957554574,-8.55963601350824
7609,True,"A4,B2,C3,D2,E3,F2",False,3.0,268397.2421587578,-9.466449551876877
7610,True,"A3,B2,C3,D1,E1,F2",True,0.0,62625.30501950741,-5.128972039173419
7611,True,"A4,B2,C3,D2,E3,F2",False,3.0,1965625.4184184505,-15.389329614872977
7612,True,"A3,B2,C3,D1,E1,F2",True,0.0,31161.17006556201,-3.571853299499921
7613,True,"A4,B2,C3,D2,E3,F2",False,3.0,218404.0111941126,-7.543069895906783
7614,True,"A4,B2,C3,D2,E2,F1",False,4.0,171023.00783041198,-6.551665737116011
7615,True,"A4,B2,C3,D2,E3,F2",False,3.0,362207.63589826506,-8.883241992100423
7616,True,"A3,B2,C3,D1,E1,F2",True,0.0,3131853.9710150976,-15.349283298590173
7617,True,"A3,B2,C3,D1,E1,F2",True,0.0,153852.23076833674,-6.004774963637928
7618,True,"A3,B2,C3,D2,E1,F2",False,1.0,3254866.7025098894,-13.853322328025158
7619,True,"A4,B2,C3,D2,E3,F2",False,3.0,1462284.3134367517,-13.038829411499442
7620,True,"A3,B2,C3,D2,E1,F3",False,2.0,48238.543722088136,-4.159271378307281
7621,True,"A4,B2,C3,D2,E1,F2",False,2.0,1044129.136058638,-12.600852228459402
7622,True,"A4,B2,C3,D2,E3,F2",False,3.0,431000.12277110975,-8.517732422142757
7623,True,"A4,B2,C3,D2,E3,F2",False,3.0,273743.03311755985,-7.783010647312551
7624,True,"A3,B2,C3,D1,E1,F2",True,0.0,950678.1913057974,-9.778262143116763
7625,True,"A4,B2,C3,D2,E3,F1",False,4.0,115724.89733587581,-7.989861327865
7626,True,"A3,B2,C3,D2,E1,F3",False,2.0,437324.2826275293,-8.894844072554449
7627,True,"A4,B2,C3,D2,E3,F2",False,3.0,812975.6319343765,-12.253169397455892
7628,True,"A3,B2,C3,D2,E1,F3",False,2.0,1099871.5160601127,-11.210148383744233
7629,True,"A3,B2,C3,D2,E1,F2",False,1.0,659374.7414378504,-10.235427666353687
7630,True,"A4,B2,C3,D2,E3,F2",False,3.0,661365.0491269053,-10.155671885375398
7631,True,"A4,B2,C3,D2,E3,F2",False,3.0,2782223.4586490113,-14.107814445788307
7632,True,"A4,B2,C3,D2,E3,F1",False,4.0,13892.429853264346,-3.7853902736718226
7633,True,"A4,B2,C3,D2,E3,F2",False,3.0,1702043.3628523198,-12.964380392718006
7634,True,"A3,B2,C3,D1,E1,F1",False,1.0,6526.595237086402,-2.576515885852217
7635,True,"A4,B2,C3,D2,E3,F2",False,3.0,1267673.2368073256,-11.393536044868192
7636,True,"A3,B2,C3,D2,E1,F1",False,2.0,2835266.4642687747,-14.218762586230945
7637,True,"A3,B2,C3,D1,E1,F2",True,0.0,2357825.2036022474,-13.169455637186928
7638,True,"A4,B2,C3,D2,E3,F2",False,3.0,1894327.1738740588,-13.446638757346498
7639,True,"A3,B2,C3,D2,E1,F3",False,2.0,460781.4139570392,-7.883248952250227
7640,True,"A3,B2,C3,D2,E1,F3",False,2.0,166387.35608910496,-7.2301920292947415
7641,True,"A3,B2,C3,D1,E1,F2",True,0.0,1289077.7524201928,-11.736129039305652
7642,True,"A3,B2,C3,D2,E1,F2",False,1.0,2012909.1743418658,-12.927597320363049
7643,True,"A3,B2,C3,D2,E1,F1",False,2.0,4609778.76450993,-16.875116342681856
7644,True,"A4,B2,C3,D2,E3,F2",False,3.0,2954993.8686465914,-16.831957770430158
7645,True,"A3,B2,C3,D2,E1,F3",False,2.0,416029.5045419196,-8.980078020965934
7646,True,"A4,B2,C3,D2,E3,F2",False,3.0,776102.3319312285,-10.843258631838637
7647,True,"A3,B2,C3,D2,E1,F3",False,2.0,59616.34727262008,-4.501542009989194
7648,True,"A3,B2,C3,D2,E1,F3",False,2.0,16575.112814008968,-2.588104303630189
7649,True,"A4,B2,C3,D2,E3,F2",False,3.0,3711374.8471784615,-14.92837806592459
7650,True,"A4,B2,C3,D2,E3,F2",False,3.0,1850383.5082972262,-14.132139245451313
7651,True,"A3,B2,C3,D2,E1,F1",False,2.0,618443.1019625721,-8.225834089450132
7652,True,"A3,B2,C3,D1,E1,F2",True,0.0,18421.564484288683,-3.3461117733717316
7653,True,"A4,B2,C3,D2,E3,F2",False,3.0,553793.585675594,-8.430046726719851
7654,True,"A3,B2,C3,D1,E1,F2",True,0.0,19312.853455515924,-3.8939708472803147
7655,True,"A4,B2,C3,D2,E3,F2",False,3.0,28929.390017561305,-4.469888716839549
7656,True,"A3,B2,C3,D2,E1,F3",False,2.0,178541.845701535,-6.361154413636314
7657,True,"A3,B2,C3,D1,E1,F2",True,0.0,176035.38499471606,-5.929434322620395
7658,True,"A4,B2,C3,D2,E3,F2",False,3.0,915375.1304094404,-10.731137834773342
7659,True,"A3,B2,C3,D2,E1,F2",False,1.0,3740812.442996773,-13.966758988279537
7660,True,"A3,B2,C3,D1,E1,F1",False,1.0,40510.531953680606,-4.744962318695755
7661,True,"A3,B2,C3,D1,E1,F2",True,0.0,111624.3332142872,-4.701814999750923
7662,True,"A3,B2,C3,D2,E1,F3",False,2.0,49021.60559069123,-4.438043048800438
7663,True,"A4,B2,C3,D2,E3,F2",False,3.0,40376.35033684929,-3.55628260434014
7664,True,"A4,B2,C3,D2,E3,F2",False,3.0,364056.76024366566,-8.883989889997963
7665,True,"A3,B2,C3,D2,E1,F2",False,1.0,3050657.7799423044,-14.252382167237968
7666,True,"A3,B2,C3,D2,E1,F3",False,2.0,48264.481712333916,-5.142729603517282
7667,True,"A4,B2,C3,D2,E3,F1",False,4.0,453978.6880957129,-10.136755429756164
7668,True,"A3,B2,C3,D2,E1,F1",False,2.0,1358912.7914109554,-12.276416903028554
7669,True,"A3,B2,C3,D1,E1,F2",True,0.0,110917.0349512583,-7.346344121210876
7670,True,"A4,B2,C3,D2,E3,F2",False,3.0,51423.72822458337,-4.355608794252788
7671,True,"A4,B2,C3,D2,E3,F2",False,3.0,427426.71629941376,-8.855946580439962
7672,True,"A4,B2,C3,D2,E3,F1",False,4.0,191859.43593554126,-7.676929380523376
7673,True,"A3,B2,C3,D2,E1,F3",False,2.0,799392.6862445031,-9.726046568161038
7674,True,"A3,B2,C3,D2,E1,F3",False,2.0,612944.41630209,-9.268052009693122
7675,True,"A3,B2,C3,D2,E1,F3",False,2.0,1615914.6608250486,-11.955027451667782
7676,True,"A3,B2,C3,D1,E1,F2",True,0.0,15666.37062359308,-3.900054325427334
7677,True,"A4,B2,C3,D2,E3,F2",False,3.0,100738.75384742864,-7.67663013700944
7678,True,"A4,B2,C3,D2,E3,F2",False,3.0,3053327.8761332403,-16.160465853228885
7679,True,"A3,B2,C3,D2,E3,F3",False,3.0,1671476.926276084,-14.873657233539994
7680,True,"A3,B2,C3,D2,E1,F3",False,2.0,323542.13767219795,-7.9995576868497125
7681,True,"A3,B2,C3,D1,E1,F2",True,0.0,2085957.4569931787,-13.677827399320904
7682,True,"A3,B2,C3,D2,E1,F1",False,2.0,2130273.7515931767,-13.287997148722113
7683,True,"A4,B2,C3,D2,E3,F1",False,4.0,4855.374208734323,-2.061922524088075
7684,True,"A4,B2,C3,D2,E3,F2",False,3.0,1575982.475811577,-11.572841639009745
7685,True,"A4,B2,C3,D2,E3,F2",False,3.0,769120.3619843939,-10.639467322921234
7686,True,"A4,B2,C3,D2,E2,F1",False,4.0,158762.1169490455,-7.748787255323464
7687,True,"A4,B2,C3,D2,E2,F1",False,4.0,19339.21552584664,-2.409421095643637
7688,True,"A3,B2,C3,D1,E1,F2",True,0.0,238171.35506146913,-7.261511707277066
7689,True,"A3,B2,C3,D2,E1,F3",False,2.0,59043.539273436545,-4.074746841277147
7690,True,"A4,B2,C3,D2,E3,F2",False,3.0,238490.90055301186,-7.96618257374881
7691,True,"A4,B2,C3,D2,E2,F1",False,4.0,21169.88903169178,-3.7105475806031905
7692,True,"A3,B2,C3,D2,E1,F3",False,2.0,309316.78968390374,-7.6311826204796205
7693,True,"A3,B2,C3,D1,E1,F2",True,0.0,1104588.2948354546,-12.767951291474375
7694,True,"A3,B2,C3,D1,E1,F2",True,0.0,51795.27859625057,-4.654058148643912
7695,True,"A3,B2,C3,D1,E1,F1",False,1.0,3769.006925487241,-1.3356482356097104
7696,True,"A4,B2,C3,D2,E3,F2",False,3.0,729722.9659554176,-10.843564572183425
7697,True,"A4,B2,C3,D2,E3,F2",False,3.0,2821402.088043974,-15.963755500410485
7698,True,"A3,B2,C3,D1,E1,F2",True,0.0,3229115.5908719264,-14.689233345915362
7699,True,"A4,B2,C3,D2,E3,F2",False,3.0,25998.506308711734,-2.9323600528065157
7700,True,"A3,B2,C3,D1,E1,F2",True,0.0,357379.79497845087,-6.49736995865851
7701,True,"A3,B2,C3,D1,E1,F2",True,0.0,382683.5876794831,-8.583065319048245
7702,True,"A3,B2,C3,D1,E1,F2",True,0.0,895383.1485918493,-11.321440157665897
7703,True,"A3,B2,C3,D1,E1,F2",True,0.0,2557831.651920848,-12.645354099607317
7704,True,"A3,B2,C3,D2,E1,F3",False,2.0,2956189.9573289724,-14.286647539664735
7705,True,"A4,B2,C3,D2,E3,F2",False,3.0,2860298.6985734934,-15.15748563090942
7706,True,"A3,B2,C3,D1,E1,F2",True,0.0,846493.7127779234,-9.968647837313583
7707,True,"A3,B2,C3,D2,E1,F3",False,2.0,1651867.530440017,-14.20028123186512
7708,True,"A4,B2,C3,D2,E3,F2",False,3.0,2861922.1499372385,-16.265576489158697
7709,True,"A3,B2,C3,D1,E1,F2",True,0.0,8227.027210163144,-3.1684041362704676
7710,True,"A4,B2,C3,D2,E3,F2",False,3.0,101355.64181267192,-6.128429234384953
7711,True,"A3,B2,C3,D1,E1,F2",True,0.0,1045856.6779078722,-11.73169892526731
7712,True,"A3,B2,C3,D2,E1,F2",False,1.0,3001071.8721260154,-16.08729037394327
7713,True,"A3,B2,C3,D1,E1,F2",True,0.0,1085599.5740930955,-11.835801835039618
7714,True,"A3,B2,C3,D2,E1,F3",False,2.0,2737616.570778532,-15.395759644326105
7715,True,"A3,B2,C3,D1,E1,F2",True,0.0,1637716.5400606513,-12.45822352193585
7716,True,"A3,B2,C3,D1,E1,F1",False,1.0,45095.60185690616,-6.004907086974512
7717,True,"A3,B2,C3,D2,E1,F1",False,2.0,427916.74638410984,-7.885555039217479
7718,True,"A4,B2,C3,D2,E3,F1",False,4.0,66492.26181661648,-7.063143879010511
7719,True,"A3,B2,C3,D1,E1,F1",False,1.0,540274.2570472237,-10.414812311446283
7720,True,"A3,B2,C3,D1,E1,F2",True,0.0,193976.25005437082,-7.25512237167797
7721,True,"A3,B2,C3,D1,E1,F2",True,0.0,83279.36401141692,-3.6065761977087476
7722,True,"A3,B2,C3,D1,E1,F1",False,1.0,506543.6643867935,-11.261852925190695
7723,True,"A3,B2,C3,D2,E1,F2",False,1.0,2667237.5967314267,-13.559693305522032
7724,True,"A4,B2,C3,D2,E3,F2",False,3.0,4290272.380827323,-16.04873153103825
7725,True,"A3,B2,C3,D2,E1,F1",False,2.0,2747565.315288505,-13.560927497217655
7726,True,"A3,B2,C3,D2,E1,F1",False,2.0,1734023.6537695206,-13.346521441622691
7727,True,"A4,B2,C3,D2,E3,F1",False,4.0,1150.371250469476,-0.8390881566689217
7728,True,"A3,B2,C3,D1,E1,F2",True,0.0,319748.7713626682,-7.852236281050452
7729,True,"A3,B2,C3,D2,E1,F2",False,1.0,707787.7635948592,-9.39868573370893
7730,True,"A3,B2,C3,D1,E1,F2",True,0.0,432150.0100179644,-9.627077898610565
7731,True,"A3,B2,C3,D1,E1,F2",True,0.0,1868669.0882386225,-12.077730911258811
7732,True,"A3,B2,C3,D2,E1,F3",False,2.0,228279.4299825329,-6.223034311538001
7733,True,"A3,B2,C3,D2,E1,F1",False,2.0,1689829.1784610148,-13.10521583766019
7734,True,"A3,B2,C3,D2,E1,F3",False,2.0,95254.07273677597,-5.402841743609713
7735,True,"A3,B2,C3,D2,E1,F3",False,2.0,296352.1563251988,-7.3076139584046444
7736,True,"A3,B2,C3,D2,E1,F1",False,2.0,159359.68010251608,-6.3047757732437475
7737,True,"A4,B2,C3,D2,E3,F2",False,3.0,93642.33111326692,-7.354246867503093
7738,True,"A4,B2,C3,D2,E3,F2",False,3.0,410316.9771499423,-8.875689769622198
7739,True,"A3,B2,C3,D2,E1,F2",False,1.0,2827706.3934790823,-14.77271274916749
7740,True,"A3,B2,C3,D1,E1,F2",True,0.0,810724.8283452265,-10.143588113399325
7741,True,"A3,B2,C3,D2,E1,F3",False,2.0,1537080.3296552005,-11.488837936112624
7742,True,"A4,B2,C3,D2,E2,F1",False,4.0,752624.27534319,-11.593949869938037
7743,True,"A3,B2,C3,D2,E1,F2",False,1.0,1955431.2780566707,-13.356825684778983
7744,True,"A3,B2,C3,D1,E1,F1",False,1.0,53702.640988426116,-4.715073903118224
7745,True,"A4,B2,C3,D2,E3,F1",False,4.0,15881.583590118476,-3.7580846166814155
7746,True,"A3,B2,C3,D1,E1,F2",True,0.0,1466399.8984639882,-12.021621373796052
7747,True,"A4,B2,C3,D2,E2,F1",False,4.0,71522.06813683614,-6.164065803476902
7748,True,"A3,B2,C3,D1,E1,F2",True,0.0,597743.7915112452,-10.615364857209215
7749,True,"A3,B2,C3,D2,E1,F2",False,1.0,2972759.627012351,-14.655547686628118
7750,True,"A4,B2,C3,D2,E3,F1",False,4.0,168070.31493405544,-9.06819668138479
7751,True,"A4,B2,C3,D2,E3,F2",False,3.0,666315.4299309645,-9.712931286147622
7752,True,"A4,B2,C3,D2,E3,F2",False,3.0,123210.26250464524,-6.040667904062758
7753,True,"A3,B2,C3,D1,E1,F2",True,0.0,63736.340880478536,-4.270305763250448
7754,True,"A3,B2,C3,D1,E1,F2",True,0.0,841989.5013239736,-11.473200906413965
7755,True,"A3,B2,C3,D2,E1,F3",False,2.0,127596.34766183943,-5.372447161415366
7756,True,"A3,B2,C3,D2,E1,F1",False,2.0,35112.59972516079,-3.293960210638758
7757,True,"A4,B2,C3,D2,E2,F1",False,4.0,628734.5164189672,-10.776898378454888
7758,True,"A3,B2,C3,D1,E1,F2",True,0.0,14554.882324376444,-2.0343688083395364
7759,True,"A4,B2,C3,D2,E3,F1",False,4.0,16049.591745407908,-3.928220507562358
7760,True,"A3,B2,C3,D1,E1,F2",True,0.0,262211.9991794478,-7.681076722927344
7761,True,"A4,B2,C3,D2,E2,F1",False,4.0,1750088.521611953,-13.643915468574221
7762,True,"A3,B2,C3,D1,E1,F1",False,1.0,14160.672181734788,-3.041229766636391
7763,True,"A3,B2,C3,D2,E1,F3",False,2.0,45804.316412452776,-4.548447891025759
7764,True,"A3,B2,C3,D2,E1,F2",False,1.0,2275448.860668685,-13.562299673169932
7765,True,"A3,B2,C3,D2,E2,F3",False,3.0,2369786.644355581,-12.994489977602981
7766,True,"A3,B2,C3,D2,E1,F1",False,2.0,570003.2479730877,-10.629754056381529
7767,True,"A3,B2,C3,D1,E1,F2",True,0.0,179944.68286495673,-6.663393307159197
7768,True,"A3,B2,C3,D2,E1,F2",False,1.0,2671585.3257730883,-14.690492566091116
7769,True,"A4,B2,C3,D2,E3,F2",False,3.0,1302551.8420101046,-10.89364436178812
7770,True,"A4,B2,C3,D2,E3,F2",False,3.0,1582052.9170776834,-12.415605608871843
7771,True,"A4,B2,C3,D2,E3,F2",False,3.0,369724.7477260124,-8.570656584115568
7772,True,"A3,B2,C3,D1,E1,F2",True,0.0,457900.0488386712,-8.961151776491675
7773,True,"A3,B2,C3,D1,E1,F2",True,0.0,1486542.9281032411,-13.311691630909138
7774,True,"A3,B2,C3,D2,E1,F3",False,2.0,10645.708410716165,-2.0214053627549617
7775,True,"A3,B2,C3,D2,E1,F3",False,2.0,657681.8668618567,-9.081331946767634
7776,True,"A4,B2,C3,D2,E2,F2",False,3.0,2030195.646869171,-12.941597512581488
7777,True,"A3,B2,C3,D2,E1,F3",False,2.0,197542.80200073958,-7.146016540002009
7778,True,"A3,B2,C3,D1,E1,F1",False,1.0,20917.138064220082,-3.262400773866986
7779,True,"A4,B2,C3,D2,E3,F2",False,3.0,662579.5496043377,-10.865076413537352
7780,True,"A4,B2,C3,D2,E3,F2",False,3.0,1129339.793612949,-13.081357733560928
7781,True,"A4,B2,C3,D2,E3,F2",False,3.0,1163221.5282231993,-10.723387622800303
7782,True,"A4,B2,C3,D2,E3,F1",False,4.0,159831.36468073228,-6.28106068055763
7783,True,"A3,B2,C3,D2,E1,F2",False,1.0,445293.68809148634,-8.461696915870036
7784,True,"A4,B2,C3,D2,E3,F1",False,4.0,321706.7200003373,-7.753916927259368
7785,True,"A3,B2,C3,D1,E1,F2",True,0.0,637128.5973710251,-9.460289526685742
7786,True,"A4,B2,C3,D2,E3,F1",False,4.0,13259.055043966277,-3.914241351084513
7787,True,"A3,B2,C3,D2,E1,F1",False,2.0,18165.49909454829,-2.0391420823678885
7788,True,"A3,B2,C3,D2,E1,F1",False,2.0,1472110.0081409481,-11.483952644847726
7789,True,"A4,B2,C3,D2,E3,F2",False,3.0,252460.6514213654,-8.507804618996843
7790,True,"A4,B2,C3,D2,E3,F2",False,3.0,16501.131391662882,-3.1417765393725574
7791,True,"A3,B2,C3,D1,E1,F2",True,0.0,2417943.207894646,-13.426524171626212
7792,True,"A4,B2,C3,D2,E3,F2",False,3.0,117473.5497282175,-4.861456794614227
7793,True,"A3,B2,C3,D2,E1,F2",False,1.0,3334214.597563565,-15.590015968512759
7794,True,"A3,B2,C3,D2,E1,F3",False,2.0,516801.93981814396,-7.9049236956963185
7795,True,"A3,B2,C3,D1,E1,F2",True,0.0,21753.68854969681,-3.145705348949889
7796,True,"A4,B2,C3,D2,E3,F2",False,3.0,238930.7799615385,-8.476369337367998
7797,True,"A3,B2,C3,D1,E1,F2",True,0.0,38012.55246994687,-2.855279412442158
7798,True,"A4,B2,C3,D2,E3,F2",False,3.0,604167.0531431497,-8.566278337731191
7799,True,"A4,B2,C3,D2,E3,F2",False,3.0,761902.2667529647,-10.94541742144802
7800,True,"A3,B2,C3,D2,E1,F2",False,1.0,5032956.116847153,-15.040283083642663
7801,True,"A3,B2,C3,D1,E1,F2",True,0.0,116443.41505064016,-6.295574899119046
7802,True,"A3,B2,C3,D1,E1,F1",False,1.0,18122.164460458356,-3.9452268058619495
7803,True,"A3,B2,C3,D2,E1,F3",False,2.0,2033102.6523019325,-13.351514971213156
7804,True,"A3,B2,C3,D2,E1,F2",False,1.0,3189903.759565991,-13.704742347810267
7805,True,"A3,B2,C3,D2,E1,F3",False,2.0,24850.923157351004,-4.762137357141484
7806,True,"A3,B2,C3,D2,E1,F1",False,2.0,2854750.412901577,-14.409424940670291
7807,True,"A3,B2,C3,D1,E1,F2",True,0.0,245218.53481818116,-8.979354801995939
7808,True,"A4,B2,C3,D2,E3,F2",False,3.0,1067540.2210461076,-10.149371427452294
7809,True,"A3,B2,C3,D1,E1,F2",True,0.0,3932417.8366790405,-15.846733367405818
7810,True,"A3,B2,C3,D1,E1,F2",True,0.0,744570.5467507014,-9.97485472869883
7811,True,"A3,B2,C3,D2,E1,F3",False,2.0,402369.6566520277,-10.072308790343754
7812,True,"A4,B2,C3,D2,E2,F1",False,4.0,12098.92681834915,-3.779819852642575
7813,True,"A4,B2,C3,D2,E3,F2",False,3.0,154490.67102913986,-6.979010921962882
7814,True,"A4,B2,C3,D2,E3,F1",False,4.0,10890.310067795557,-3.448074731764393
7815,True,"A3,B2,C3,D2,E1,F3",False,2.0,563241.2694701948,-8.287979961785865
7816,True,"A4,B2,C3,D2,E3,F1",False,4.0,5821.636605567919,-1.970796693763134
7817,True,"A4,B2,C3,D2,E3,F2",False,3.0,988680.898621355,-11.022392184497235
7818,True,"A3,B2,C3,D1,E1,F2",True,0.0,151274.93778870886,-5.801145221976682
7819,True,"A4,B2,C3,D2,E3,F1",False,4.0,94693.05979485327,-7.506125173626316
7820,True,"A3,B2,C3,D2,E1,F3",False,2.0,1765092.125305995,-13.120408756609649
7821,True,"A3,B2,C3,D2,E1,F2",False,1.0,2018283.4523051684,-12.491152964378365
7822,True,"A3,B2,C3,D2,E1,F3",False,2.0,110884.25487911984,-4.600647456957091
7823,True,"A3,B2,C3,D1,E1,F2",True,0.0,121659.16251356987,-6.907461589115371
7824,True,"A3,B2,C3,D1,E1,F2",True,0.0,990940.8671000665,-9.234945166943255
7825,True,"A3,B2,C3,D2,E1,F3",False,2.0,125846.97886706096,-6.232144938581925
7826,True,"A3,B2,C3,D2,E1,F3",False,2.0,310904.0603712521,-6.674613622756098
7827,True,"A4,B2,C3,D2,E3,F2",False,3.0,563524.7002250522,-10.54297648595184
7828,True,"A4,B2,C3,D2,E3,F2",False,3.0,686023.6588345249,-10.873111866019869
7829,True,"A4,B2,C3,D2,E3,F1",False,4.0,25516.11246928586,-4.448866328352224
7830,True,"A3,B2,C3,D2,E1,F2",False,1.0,4325994.098232914,-16.09832300205744
7831,True,"A3,B2,C3,D2,E1,F3",False,2.0,224798.80217849487,-7.155893326717219
7832,True,"A4,B2,C3,D2,E3,F2",False,3.0,5023018.490091604,-19.06460506856672
7833,True,"A3,B2,C3,D2,E1,F1",False,2.0,839343.2523099197,-9.718129084657846
7834,True,"A4,B2,C3,D2,E3,F2",False,3.0,3903.284489460468,-2.0726023230598685
7835,True,"A3,B2,C3,D1,E1,F2",True,0.0,2704686.309817852,-15.916785150770345
7836,True,"A3,B2,C3,D2,E1,F2",False,1.0,563230.1988569335,-9.851116277436788
7837,True,"A4,B2,C3,D2,E3,F2",False,3.0,3534467.2268231143,-15.764344874769435
7838,True,"A3,B2,C3,D2,E1,F3",False,2.0,1056613.4213414926,-11.323182331516435
7839,True,"A4,B2,C3,D2,E3,F1",False,4.0,12994.363904920563,-4.4171866502153705
7840,True,"A3,B2,C3,D2,E1,F3",False,2.0,2272281.696533072,-13.961767198652858
7841,True,"A4,B2,C3,D2,E3,F1",False,4.0,12912.947789647958,-2.9902638671638186
7842,True,"A4,B2,C3,D2,E3,F2",False,3.0,912195.2371345421,-12.716649084601052
7843,True,"A3,B2,C3,D2,E1,F1",False,2.0,1495321.0018871892,-13.20811342121334
7844,True,"A3,B2,C3,D2,E1,F2",False,1.0,4540713.6027654335,-15.076288519996162
7845,True,"A3,B2,C3,D2,E1,F3",False,2.0,134295.77048117178,-7.6228768150551645
7846,True,"A4,B2,C3,D2,E3,F2",False,3.0,866698.4615078096,-11.809057345390997
7847,True,"A3,B2,C3,D2,E1,F3",False,2.0,52062.03886237898,-4.080956280397828
7848,True,"A3,B2,C3,D2,E1,F3",False,2.0,255186.73824862094,-8.676275324439558
7849,True,"A4,B2,C3,D2,E2,F1",False,4.0,2041275.5646923804,-13.56712493103155
7850,True,"A3,B2,C3,D1,E1,F2",True,0.0,60814.69728880158,-4.513256514946903
7851,True,"A4,B2,C3,D2,E3,F1",False,4.0,11897.892322904847,-3.3544855375491807
7852,True,"A3,B2,C3,D2,E1,F1",False,2.0,390262.24292559794,-9.834640815868255
7853,True,"A3,B2,C3,D1,E1,F2",True,0.0,1782956.2963109973,-12.50567351502034
7854,True,"A3,B2,C3,D2,E1,F2",False,1.0,370765.96098707337,-7.271561310480138
7855,True,"A3,B2,C3,D1,E1,F2",True,0.0,588257.1007537605,-9.955023072988972
7856,True,"A3,B2,C3,D2,E1,F3",False,2.0,20629.787905089273,-2.5384358990935425
7857,True,"A4,B2,C3,D2,E3,F1",False,4.0,97011.3258238807,-6.357827798642248
7858,True,"A4,B2,C3,D2,E3,F2",False,3.0,3129428.77568254,-15.0980065767194
7859,True,"A3,B2,C3,D2,E1,F3",False,2.0,121567.81712911032,-6.346951985937864
7860,True,"A4,B2,C3,D2,E3,F1",False,4.0,647998.7159894928,-9.277537741539469
7861,True,"A3,B2,C3,D2,E1,F3",False,2.0,466249.11608130136,-8.85645627585076
7862,True,"A3,B2,C3,D1,E1,F2",True,0.0,443552.36468792293,-9.030812307816873
7863,True,"A4,B2,C3,D2,E3,F2",False,3.0,233177.04136708673,-7.813310103315999
7864,True,"A3,B2,C3,D2,E1,F1",False,2.0,474702.93804492627,-8.846712502880308
7865,True,"A4,B2,C3,D2,E3,F1",False,4.0,39785.84040143958,-5.602313183849759
7866,True,"A4,B2,C3,D2,E3,F2",False,3.0,2832806.2770329993,-15.013970501242419
7867,True,"A4,B2,C3,D2,E3,F2",False,3.0,3594754.369183713,-16.346310661539917
7868,True,"A3,B2,C3,D2,E1,F3",False,2.0,57227.573727759955,-3.746725551979125
7869,True,"A4,B2,C3,D2,E2,F1",False,4.0,18585.242829146708,-3.9249245897994314
7870,True,"A3,B2,C3,D1,E1,F2",True,0.0,3752100.590058876,-13.574031218896508
7871,True,"A3,B2,C3,D2,E1,F3",False,2.0,29552.60837752781,-2.87501380517665
7872,True,"A4,B2,C3,D2,E3,F1",False,4.0,38000.215489617,-5.048283418072529
7873,True,"A3,B2,C3,D2,E1,F1",False,2.0,181812.1307475714,-8.007023932719193
7874,True,"A3,B2,C3,D2,E1,F2",False,1.0,1234744.3197780722,-10.13732945871157
7875,True,"A4,B2,C3,D2,E3,F1",False,4.0,12624.27150680783,-4.905358135502681
7876,True,"A4,B2,C3,D2,E3,F1",False,4.0,11776.56602253651,-3.9929027194435776
7877,True,"A3,B2,C3,D1,E1,F1",False,1.0,34688.37715205887,-5.1142523253154195
7878,True,"A4,B2,C3,D2,E2,F1",False,4.0,169783.16761608442,-8.596253845590184
7879,True,"A3,B2,C3,D1,E1,F1",False,1.0,43620.03504348758,-5.181851690695183
7880,True,"A4,B2,C3,D2,E3,F2",False,3.0,3219978.525357088,-16.127159039978437
7881,True,"A4,B2,C3,D2,E3,F2",False,3.0,118288.50070948096,-5.503433816184028
7882,True,"A4,B2,C3,D2,E3,F2",False,3.0,3584281.5253640977,-16.03093509427027
7883,True,"A3,B2,C3,D2,E1,F2",False,1.0,2505743.4327454194,-13.798198747672963
7884,True,"A3,B2,C3,D2,E1,F2",False,1.0,1747174.3286364952,-12.55753117136517
7885,True,"A3,B2,C3,D2,E1,F1",False,2.0,459923.4970783405,-8.742805711717907
7886,True,"A4,B2,C3,D2,E3,F1",False,4.0,13561.076597858335,-3.6511365477190907
7887,True,"A3,B2,C3,D2,E1,F2",False,1.0,839276.5572247086,-8.254749781743001
7888,True,"A3,B2,C3,D1,E1,F2",True,0.0,1207999.6036139159,-11.551100512467464
7889,True,"A3,B2,C3,D1,E1,F2",True,0.0,995480.1730024372,-10.734432641087423
7890,True,"A3,B2,C3,D1,E1,F2",True,0.0,1915735.409546584,-12.627937003148794
7891,True,"A3,B2,C3,D2,E1,F1",False,2.0,2708305.1122843674,-15.123649827620824
7892,True,"A3,B2,C3,D1,E1,F2",True,0.0,955249.3785151592,-10.288435208009197
7893,True,"A4,B2,C3,D2,E3,F1",False,4.0,549127.7080206842,-10.67875579905511
7894,True,"A4,B2,C3,D2,E3,F2",False,3.0,982052.782069039,-11.412230464652147
7895,True,"A4,B2,C3,D2,E3,F2",False,3.0,164977.32811857027,-7.638869177280299
7896,True,"A3,B2,C3,D2,E1,F2",False,1.0,508411.99273919367,-8.508725176546832
7897,True,"A4,B2,C3,D2,E3,F1",False,4.0,80073.40047796584,-4.470442303363967
7898,True,"A3,B2,C3,D2,E1,F1",False,2.0,133751.93491514886,-5.127654246851748
7899,True,"A3,B2,C3,D2,E1,F3",False,2.0,606519.5915921058,-9.812787347849692
7900,True,"A3,B2,C3,D1,E1,F1",False,1.0,436512.24363835115,-10.270798528130932
7901,True,"A3,B2,C3,D2,E1,F1",False,2.0,3609085.7951544286,-14.224140381106288
7902,True,"A3,B2,C3,D2,E1,F3",False,2.0,835326.7578602125,-11.10235546335067
7903,True,"A3,B2,C3,D2,E1,F2",False,1.0,934259.8388337838,-10.91725885002581
7904,True,"A3,B2,C3,D2,E1,F3",False,2.0,188600.51278461076,-5.411098092712152
7905,True,"A3,B2,C3,D2,E1,F3",False,2.0,19722.039799046852,-3.671665961325303
7906,True,"A3,B2,C3,D1,E1,F1",False,1.0,116945.02955478072,-5.8497847103957525
7907,True,"A4,B2,C3,D2,E3,F2",False,3.0,1326878.8477283125,-12.390453324486423
7908,True,"A4,B2,C3,D2,E3,F1",False,4.0,9816.324449097623,-4.178580385977654
7909,True,"A4,B2,C3,D2,E3,F1",False,4.0,28416.386576633533,-4.848082316104637
7910,True,"A3,B2,C3,D2,E1,F3",False,2.0,9124.24769287634,-2.593100257730981
7911,True,"A3,B2,C3,D2,E1,F1",False,2.0,1691928.0464202124,-14.119712817638948
7912,True,"A4,B2,C3,D2,E3,F2",False,3.0,336093.09707687394,-9.050620968218013
7913,True,"A3,B2,C3,D1,E1,F2",True,0.0,2958757.914138326,-14.274164912161822
7914,True,"A3,B2,C3,D1,E1,F2",True,0.0,1348378.3144851027,-10.003152601801368
7915,True,"A4,B2,C3,D2,E3,F2",False,3.0,1145564.967968366,-12.386345592246208
7916,True,"A3,B2,C3,D1,E1,F2",True,0.0,296560.35248360527,-7.256174590295501
7917,True,"A3,B2,C3,D1,E1,F2",True,0.0,287500.5239708961,-7.333053508505884
7918,True,"A4,B2,C3,D2,E2,F1",False,4.0,1769693.4888851163,-14.54910922739927
7919,True,"A4,B2,C3,D2,E3,F2",False,3.0,360212.2223282256,-8.06445038492248
7920,True,"A3,B2,C3,D1,E1,F1",False,1.0,83605.8820074801,-5.891360732142616
7921,True,"A3,B2,C3,D1,E1,F2",True,0.0,108626.78799848944,-5.367622994295161
7922,True,"A3,B2,C3,D2,E1,F2",False,1.0,3522796.534079306,-15.34952776078564
7923,True,"A3,B2,C3,D1,E1,F2",True,0.0,708985.9388983769,-9.945805210478312
7924,True,"A3,B2,C3,D1,E1,F2",True,0.0,416850.37574358645,-9.538233696941433
7925,True,"A3,B2,C3,D2,E1,F1",False,2.0,56053.158851509754,-5.188222655256226
7926,True,"A3,B2,C3,D1,E1,F2",True,0.0,368950.3268077563,-8.538619206215984
7927,True,"A3,B2,C3,D1,E1,F2",True,0.0,16982.865443519702,-4.067000314664057
7928,True,"A4,B2,C3,D2,E3,F2",False,3.0,1218103.7751438753,-11.348917951006172
7929,True,"A3,B2,C3,D1,E1,F1",False,1.0,232794.20790629953,-8.646505276769346
7930,True,"A3,B2,C3,D2,E1,F3",False,2.0,32677.857815732106,-3.331668727410033
7931,True,"A4,B2,C3,D2,E3,F2",False,3.0,97336.70150425036,-7.211359158001272
7932,True,"A3,B2,C3,D1,E1,F2",True,0.0,412665.9674473196,-8.433131427325549
7933,True,"A3,B2,C3,D2,E1,F3",False,2.0,8035.940192256343,-2.03918997418495
7934,True,"A3,B2,C3,D1,E1,F2",True,0.0,589648.8739858287,-8.326187298169202
7935,True,"A3,B2,C3,D2,E1,F2",False,1.0,2471588.4274167563,-15.815963617630288
7936,True,"A4,B2,C3,D2,E3,F2",False,3.0,823308.6349398575,-12.558282667131543
7937,True,"A4,B2,C3,D2,E1,F2",False,2.0,2080327.8426707939,-14.700833200693758
7938,True,"A4,B2,C3,D2,E3,F2",False,3.0,2347807.0790496147,-14.175681428163408
7939,True,"A3,B2,C3,D2,E1,F3",False,2.0,1718.5601894933814,-1.7026810989469823
7940,True,"A4,B2,C3,D2,E3,F2",False,3.0,204855.32731863295,-7.348765844298683
7941,True,"A3,B2,C3,D1,E1,F2",True,0.0,18119.474176206084,-3.7612769292578747
7942,True,"A3,B2,C3,D2,E1,F3",False,2.0,740011.258029468,-10.225959992406601
7943,True,"A4,B2,C3,D2,E3,F2",False,3.0,118850.1977047213,-5.802233309727882
7944,True,"A3,B2,C3,D2,E1,F2",False,1.0,1980175.01291877,-14.206147292730577
7945,True,"A3,B2,C3,D1,E1,F1",False,1.0,7306.0578582424405,-2.139970416382127
7946,True,"A3,B2,C3,D2,E1,F1",False,2.0,226551.8894461443,-7.190575132479154
7947,True,"A3,B2,C3,D1,E1,F2",True,0.0,1427728.6776047265,-10.57204435162869
7948,True,"A4,B2,C3,D2,E3,F2",False,3.0,712645.3496400964,-10.260312132393423
7949,True,"A4,B2,C3,D2,E2,F1",False,4.0,12390.227991538435,-3.3444846453757293
7950,True,"A4,B2,C3,D2,E3,F2",False,3.0,2279165.0139165465,-15.015776438777522
7951,True,"A4,B2,C3,D2,E2,F1",False,4.0,1052478.1225225274,-12.180140633089934
7952,True,"A4,B2,C3,D2,E3,F2",False,3.0,40710.109070844715,-5.508530010293796
7953,True,"A3,B2,C3,D1,E1,F2",True,0.0,1105826.2809343545,-11.711468351447976
7954,True,"A3,B2,C3,D1,E1,F2",True,0.0,1059458.957569098,-10.205376036020468
7955,True,"A3,B2,C3,D1,E1,F2",True,0.0,209849.7248921043,-5.953188623294679
7956,True,"A3,B2,C3,D1,E1,F2",True,0.0,765493.3864925238,-11.429632221224807
7957,True,"A3,B2,C3,D1,E1,F2",True,0.0,381863.2814848677,-6.335986835111285
7958,True,"A3,B2,C3,D2,E1,F2",False,1.0,2456158.1727770604,-13.892534144745738
7959,True,"A3,B2,C3,D1,E1,F2",True,0.0,193076.92525031086,-5.357313001187023
7960,True,"A3,B2,C3,D2,E1,F2",False,1.0,359485.8618248012,-7.807165994585034
7961,True,"A4,B2,C3,D2,E3,F1",False,4.0,252796.59688176605,-9.747614013368192
7962,True,"A3,B2,C3,D2,E1,F2",False,1.0,1210464.458725682,-11.66060378701102
7963,True,"A3,B2,C3,D2,E1,F3",False,2.0,599756.7094122956,-9.029764693266088
7964,True,"A3,B2,C3,D2,E1,F2",False,1.0,934253.5359856704,-9.645366949039968
7965,True,"A4,B2,C3,D2,E3,F2",False,3.0,2768443.45181842,-14.501858362955552
7966,True,"A3,B2,C3,D2,E1,F3",False,2.0,15189.709132871449,-2.474423438024857
7967,True,"A3,B2,C3,D2,E1,F1",False,2.0,1236299.5104383104,-11.929439986510353
7968,True,"A3,B2,C3,D2,E1,F3",False,2.0,95298.98094112136,-5.527241470884263
7969,True,"A3,B2,C3,D1,E1,F2",True,0.0,83298.1068842497,-4.26628266116613
7970,True,"A4,B2,C3,D2,E3,F2",False,3.0,153634.1339594559,-5.6006386283938525
7971,True,"A3,B2,C3,D2,E5,F3",False,3.0,44709.701643629945,-5.749383089368692
7972,True,"A3,B2,C3,D1,E1,F2",True,0.0,309790.7532574958,-6.655513102244939
7973,True,"A4,B2,C3,D2,E3,F2",False,3.0,2847352.873824576,-13.873085917353436
7974,True,"A4,B2,C3,D2,E3,F1",False,4.0,537766.4406602946,-10.83271010111541
7975,True,"A3,B2,C3,D2,E1,F2",False,1.0,3553011.9118652134,-14.996785682306204
7976,True,"A4,B2,C3,D2,E2,F1",False,4.0,1729477.5131788664,-13.26830220749374
7977,True,"A3,B2,C3,D2,E1,F3",False,2.0,134657.26086635567,-5.072761042634809
7978,True,"A3,B2,C3,D1,E1,F1",False,1.0,11605.605934740905,-2.7582270248769873
7979,True,"A4,B2,C3,D2,E3,F2",False,3.0,1657168.5658371581,-13.477513887334759
7980,True,"A3,B2,C3,D2,E1,F3",False,2.0,238907.71409544008,-8.621230416462481
7981,True,"A4,B2,C3,D2,E3,F1",False,4.0,20844.224910857884,-4.108293829847312
7982,True,"A3,B2,C3,D1,E1,F2",True,0.0,575562.4798252449,-10.640630463646474
7983,True,"A3,B2,C3,D1,E1,F1",False,1.0,185475.66963102462,-8.24508999789741
7984,True,"A4,B2,C3,D2,E3,F2",False,3.0,244456.4390328592,-7.868014297992033
7985,True,"A4,B2,C3,D2,E3,F1",False,4.0,98884.795710183,-6.2951965258665155
7986,True,"A4,B2,C3,D2,E2,F1",False,4.0,1223265.2401304315,-14.556760789640137
7987,True,"A3,B2,C3,D2,E1,F2",False,1.0,2374452.9890383636,-12.518055829084886
7988,True,"A3,B2,C3,D2,E1,F2",False,1.0,1293545.1297167798,-13.187242468585282
7989,True,"A4,B2,C3,D2,E3,F2",False,3.0,1409066.417200473,-14.659381643169617
7990,True,"A4,B2,C3,D2,E2,F1",False,4.0,548068.915776588,-10.640473004858109
7991,True,"A3,B2,C3,D2,E1,F2",False,1.0,2977237.8927885443,-14.053708432238352
7992,True,"A4,B2,C3,D2,E2,F1",False,4.0,93859.16582977156,-6.446517351163223
7993,True,"A3,B2,C3,D2,E1,F3",False,2.0,77241.44408766001,-5.257066308198176
7994,True,"A3,B2,C3,D1,E1,F1",False,1.0,49261.4728895734,-5.244689016406724
7995,True,"A3,B2,C3,D2,E1,F3",False,2.0,616161.5544446018,-10.419377996769015
7996,True,"A3,B2,C3,D2,E1,F3",False,2.0,18919.40461281749,-4.045657993263944
7997,True,"A4,B2,C3,D2,E3,F2",False,3.0,453060.75450279884,-9.619925743050743
7998,True,"A3,B2,C3,D1,E1,F2",True,0.0,746724.8529361225,-9.879309661798388
7999,True,"A3,B2,C3,D1,E1,F2",True,0.0,986774.4411916524,-10.968945179623539
8000,True,"A3,B2,C3,D1,E1,F2",True,0.0,907017.6430432131,-8.975310559477727
8001,True,"A3,B2,C3,D1,E1,F2",True,0.0,41653.17567887797,-4.448587746808158
8002,True,"A4,B2,C3,D2,E3,F1",False,4.0,69573.48226118945,-6.997527866757167
8003,True,"A3,B2,C3,D2,E1,F3",False,2.0,85557.72657813608,-3.9733718785737864
8004,True,"A3,B2,C3,D1,E1,F2",True,0.0,1558359.223884169,-11.023765291151683
8005,True,"A3,B2,C3,D1,E1,F2",True,0.0,813782.3851033248,-11.82992765704342
8006,True,"A3,B2,C3,D2,E1,F1",False,2.0,315000.5958487608,-8.747770827691994
8007,True,"A3,B2,C3,D2,E1,F3",False,2.0,1116082.7358630598,-11.311117496921149
8008,True,"A3,B2,C3,D1,E1,F1",False,1.0,382100.4297085338,-8.674945623460388
8009,True,"A4,B2,C3,D2,E2,F1",False,4.0,85964.31430228055,-5.9015858196728885
8010,True,"A4,B2,C3,D2,E3,F2",False,3.0,30240.424297684556,-3.0264758827984934
8011,True,"A4,B2,C3,D2,E3,F2",False,3.0,1186111.5887873727,-12.24449244650124
8012,True,"A3,B2,C3,D1,E1,F1",False,1.0,15820.916696137345,-3.1471074542796345
8013,True,"A3,B2,C3,D2,E1,F1",False,2.0,1512120.9031968815,-14.014490435852572
8014,True,"A4,B2,C3,D2,E3,F2",False,3.0,917317.6842438423,-10.28755689283647
8015,True,"A3,B2,C3,D2,E1,F2",False,1.0,4954769.227336831,-15.42941744256101
8016,True,"A4,B2,C3,D2,E3,F2",False,3.0,2977468.182795475,-13.907203038552431
8017,True,"A3,B2,C3,D2,E1,F1",False,2.0,1421342.7253355489,-13.100194023390863
8018,True,"A3,B2,C3,D2,E1,F2",False,1.0,967292.9083838982,-10.478174655892701
8019,True,"A3,B2,C3,D1,E1,F2",True,0.0,81775.9608515857,-5.2474688168695565
8020,True,"A4,B2,C3,D2,E3,F2",False,3.0,1690970.6727055395,-15.240230090558278
8021,True,"A3,B2,C3,D1,E1,F2",True,0.0,107756.7418856786,-6.172540050294245
8022,True,"A3,B2,C3,D2,E1,F3",False,2.0,435885.8531301354,-9.118400959658928
8023,True,"A4,B2,C3,D2,E3,F2",False,3.0,226477.818617375,-6.985484832423282
8024,True,"A4,B2,C3,D2,E3,F2",False,3.0,2467999.6051535322,-14.582955094497962
8025,True,"A4,B2,C3,D2,E3,F2",False,3.0,752480.8875953831,-10.801084892711252
8026,True,"A3,B2,C3,D2,E1,F1",False,2.0,517370.17666564696,-9.671826596866268
8027,True,"A3,B2,C3,D1,E1,F2",True,0.0,167740.90098362998,-6.4873413398320565
8028,True,"A4,B2,C3,D2,E3,F2",False,3.0,1692181.137969348,-12.63998160925172
8029,True,"A3,B2,C3,D1,E1,F2",True,0.0,2075830.0454720652,-13.76614509714151
8030,True,"A3,B2,C3,D1,E1,F2",True,0.0,571262.4133929013,-8.144855268379544
8031,True,"A3,B2,C3,D1,E1,F2",True,0.0,247037.53242466686,-7.933276949923467
8032,True,"A3,B2,C3,D1,E1,F2",True,0.0,2344022.5580684342,-14.428680001043546
8033,True,"A3,B2,C3,D1,E1,F2",True,0.0,1144602.3118581134,-12.47431470871664
8034,True,"A4,B2,C3,D2,E2,F1",False,4.0,45935.45968615312,-4.944319275484716
8035,True,"A4,B2,C3,D2,E3,F2",False,3.0,1546188.7867406448,-12.012465833755677
8036,True,"A3,B2,C3,D1,E1,F2",True,0.0,255767.3526405987,-7.589953375795602
8037,True,"A4,B2,C3,D2,E3,F2",False,3.0,3062796.9016551916,-14.300790852275767
8038,True,"A3,B2,C3,D1,E1,F2",True,0.0,1091686.1488071054,-12.472537724436393
8039,True,"A3,B2,C3,D2,E1,F1",False,2.0,1946895.7706325143,-12.841279951795656
8040,True,"A3,B2,C3,D2,E1,F1",False,2.0,981614.0731257936,-11.835028333290175
8041,True,"A4,B2,C3,D2,E2,F1",False,4.0,139815.48127400826,-5.99125476396874
8042,True,"A4,B2,C3,D2,E3,F1",False,4.0,10414.75619304823,-3.6359992888530286
8043,True,"A3,B2,C3,D1,E1,F2",True,0.0,122150.6319058229,-5.802419271104824
8044,True,"A3,B2,C3,D1,E1,F1",False,1.0,911964.3421828919,-10.182692448362836
8045,True,"A4,B2,C3,D2,E3,F1",False,4.0,18688.979606950714,-4.353869316007447
8046,True,"A3,B2,C3,D2,E1,F3",False,2.0,54733.893057896414,-4.299336668907586
8047,True,"A3,B2,C3,D2,E1,F2",False,1.0,2916260.3976590666,-14.449054338071335
8048,True,"A3,B2,C3,D1,E1,F2",True,0.0,160825.36975655262,-6.77628604898544
8049,True,"A3,B2,C3,D2,E1,F3",False,2.0,746504.6304909018,-11.280835346927674
8050,True,"A3,B2,C3,D1,E1,F2",True,0.0,1958253.403624379,-12.183481674535798
8051,True,"A3,B2,C3,D2,E1,F1",False,2.0,711215.1819810284,-10.977623889303757
8052,True,"A3,B2,C3,D1,E1,F1",False,1.0,1850.9310875129383,-1.2903350570533973
8053,True,"A4,B2,C3,D2,E2,F1",False,4.0,83794.38201998426,-5.510461328264881
8054,True,"A4,B2,C3,D2,E3,F2",False,3.0,1887614.5674674744,-14.248460698380896
8055,True,"A4,B2,C3,D2,E3,F1",False,4.0,67045.38802465626,-4.805035217102173
8056,True,"A3,B2,C3,D2,E1,F2",False,1.0,2881038.5634672022,-13.949898491536608
8057,True,"A3,B2,C3,D2,E1,F3",False,2.0,255557.18897014757,-8.941419633883086
8058,True,"A4,B2,C3,D2,E3,F1",False,4.0,100395.36610996224,-5.850323698585115
8059,True,"A3,B2,C3,D1,E1,F2",True,0.0,809356.2781528953,-9.196435222825222
8060,True,"A3,B2,C3,D2,E1,F2",False,1.0,966532.0843180716,-9.709825168571633
8061,True,"A3,B2,C3,D1,E1,F2",True,0.0,316342.91458868084,-8.120749824770897
8062,True,"A3,B2,C3,D2,E1,F3",False,2.0,381428.36474206083,-9.176664367597695
8063,True,"A3,B2,C3,D1,E1,F2",True,0.0,1611624.5316591372,-12.727889406590549
8064,True,"A3,B2,C3,D2,E1,F3",False,2.0,1798637.5071722884,-12.487026119868275
8065,True,"A4,B2,C3,D2,E3,F2",False,3.0,441960.5907381785,-9.684222563731907
8066,True,"A3,B2,C3,D1,E1,F2",True,0.0,216403.7913022776,-7.967776246852722
8067,True,"A3,B2,C3,D2,E1,F1",False,2.0,1823752.6759971739,-12.216626426981108
8068,True,"A4,B2,C3,D2,E3,F1",False,4.0,23759.792084678753,-5.065613464799696
8069,True,"A4,B2,C3,D2,E2,F1",False,4.0,26201.557945420453,-4.117372724751334
8070,True,"A3,B2,C3,D1,E1,F2",True,0.0,575481.9317827586,-9.066202366202575
8071,True,"A4,B2,C3,D2,E3,F2",False,3.0,67296.49016309984,-6.7500272063480224
8072,True,"A4,B2,C3,D2,E2,F1",False,4.0,93327.111695456,-6.505419045838963
8073,True,"A4,B2,C3,D2,E2,F1",False,4.0,492260.98329318035,-10.28575795296446
8074,True,"A3,B2,C3,D1,E1,F2",True,0.0,454156.2223670756,-9.02394206189112
8075,True,"A4,B2,C3,D2,E3,F2",False,3.0,869179.5219589805,-10.656272224084766
8076,True,"A4,B2,C3,D2,E3,F2",False,3.0,3938818.086930132,-17.159462939786543
8077,True,"A3,B2,C3,D1,E1,F2",True,0.0,300661.34290901304,-7.104080203530458
8078,True,"A3,B2,C3,D1,E1,F2",True,0.0,34036.21314034161,-3.85734774104138
8079,True,"A3,B2,C3,D1,E1,F1",False,1.0,98191.35543541057,-6.237149257380537
8080,True,"A4,B2,C3,D2,E3,F2",False,3.0,141331.57938477278,-7.123753381338361
8081,True,"A3,B2,C3,D2,E1,F3",False,2.0,1468144.5227090335,-13.20374808952927
8082,True,"A3,B2,C3,D2,E1,F2",False,1.0,3650309.467460997,-13.116823880487239
8083,True,"A3,B2,C3,D2,E1,F2",False,1.0,2501959.3026525765,-13.547835205424974
8084,True,"A3,B2,C3,D2,E1,F3",False,2.0,35858.08383754109,-2.9856622769530645
8085,True,"A4,B2,C3,D2,E2,F1",False,4.0,172539.7467571622,-6.6977390187998935
8086,True,"A4,B2,C3,D2,E3,F1",False,4.0,90593.53479173391,-5.381139868090585
8087,True,"A3,B2,C3,D1,E1,F2",True,0.0,621336.7000480782,-9.550033611431708
8088,True,"A4,B2,C3,D2,E3,F2",False,3.0,392243.0220944486,-8.297526561950221
8089,True,"A4,B2,C3,D2,E3,F2",False,3.0,2893399.414283125,-14.552944933578573
8090,True,"A3,B2,C3,D1,E1,F2",True,0.0,75756.48240296867,-5.461714707619805
8091,True,"A3,B2,C3,D1,E1,F2",True,0.0,3335388.745747688,-15.48676189776576
8092,True,"A3,B2,C3,D1,E1,F2",True,0.0,186952.7781539936,-6.1395294137991385
8093,True,"A3,B2,C3,D2,E1,F2",False,1.0,832228.3376772546,-10.089931667350797
8094,True,"A4,B2,C3,D2,E3,F1",False,4.0,179008.34853310158,-6.224192170229784
8095,True,"A3,B2,C3,D2,E1,F1",False,2.0,451190.3644200479,-8.690634355173117
8096,True,"A4,B2,C3,D2,E3,F1",False,4.0,75204.21237902014,-4.919558348326987
8097,True,"A3,B2,C3,D1,E1,F2",True,0.0,1098937.9631541441,-12.290217634171555
8098,True,"A4,B2,C3,D2,E3,F1",False,4.0,36104.693747999176,-5.240932587786332
8099,True,"A4,B2,C3,D2,E3,F2",False,3.0,2548306.528957624,-15.288570216289038
8100,True,"A4,B2,C3,D2,E3,F2",False,3.0,207513.31339116886,-7.533069541380513
8101,True,"A3,B2,C3,D1,E1,F2",True,0.0,126894.89836259371,-5.881493040950232
8102,True,"A4,B2,C3,D2,E2,F1",False,4.0,151656.64554979917,-7.781260950466518
8103,True,"A4,B2,C3,D2,E2,F1",False,4.0,313887.8545330791,-8.29517991871846
8104,True,"A4,B2,C3,D2,E3,F2",False,3.0,505103.3198619948,-10.711416059484762
8105,True,"A3,B2,C3,D1,E1,F2",True,0.0,113508.26849894815,-5.0664336724486105
8106,True,"A3,B2,C3,D2,E1,F3",False,2.0,2689399.5806894456,-12.557679365207484
8107,True,"A4,B2,C3,D2,E3,F2",False,3.0,30699.057511673444,-3.6460669933690752
8108,True,"A3,B2,C3,D1,E1,F2",True,0.0,2322652.126561193,-12.87318486531106
8109,True,"A3,B2,C3,D2,E1,F2",False,1.0,1291103.2891578313,-10.225100248392614
8110,True,"A3,B2,C3,D1,E1,F2",True,0.0,1150093.2081176022,-13.09879766869296
8111,True,"A3,B2,C3,D1,E1,F1",False,1.0,206942.47692368855,-7.656498609123474
8112,True,"A4,B2,C3,D2,E3,F2",False,3.0,2338303.5223967605,-14.13897381066029
8113,True,"A3,B2,C3,D1,E1,F2",True,0.0,1588814.5403959637,-11.65110008264012
8114,True,"A3,B2,C3,D1,E1,F1",False,1.0,95776.32107877231,-5.396745515231146
8115,True,"A4,B2,C3,D2,E3,F2",False,3.0,47692.261986266785,-4.083653106134051
8116,True,"A3,B2,C3,D2,E1,F3",False,2.0,435193.47914844425,-8.100956290793377
8117,True,"A4,B2,C3,D2,E3,F2",False,3.0,801062.3216221328,-10.194485865503694
8118,True,"A3,B2,C3,D2,E1,F3",False,2.0,1858139.111598004,-13.025688604246945
8119,True,"A4,B2,C3,D2,E3,F2",False,3.0,853084.2806974356,-10.351870694231977
8120,True,"A4,B2,C3,D2,E3,F2",False,3.0,482138.1508062848,-10.964274948369564
8121,True,"A3,B2,C3,D2,E1,F3",False,2.0,45580.162458510866,-5.49792958124857
8122,True,"A3,B2,C3,D2,E1,F2",False,1.0,588500.774357633,-9.686655919356582
8123,True,"A4,B2,C3,D2,E2,F1",False,4.0,2303361.448884647,-14.619167372896364
8124,True,"A3,B2,C3,D1,E1,F2",True,0.0,267084.89681424364,-8.23802105355658
8125,True,"A3,B2,C3,D1,E1,F2",True,0.0,139738.6258286193,-5.687582500279959
8126,True,"A4,B2,C3,D2,E3,F2",False,3.0,1237135.3183107933,-12.937014793555257
8127,True,"A3,B2,C3,D2,E1,F3",False,2.0,170372.8857908493,-5.588406867473154
8128,True,"A4,B2,C3,D2,E3,F2",False,3.0,3013215.5381144118,-15.306765075566723
8129,True,"A3,B2,C3,D2,E1,F3",False,2.0,430790.1755217367,-8.849540538178317
8130,True,"A3,B2,C3,D2,E1,F1",False,2.0,1168186.6365021924,-12.63063760306298
8131,True,"A3,B2,C3,D1,E1,F2",True,0.0,72025.61284961256,-5.611329148414228
8132,True,"A3,B2,C3,D1,E1,F1",False,1.0,58889.748941461294,-5.192109352443239
8133,True,"A3,B2,C3,D2,E1,F1",False,2.0,929735.4297485278,-10.384281571774423
8134,True,"A4,B2,C3,D2,E2,F1",False,4.0,2819845.6813592934,-15.259726596013017
8135,True,"A3,B2,C3,D1,E1,F1",False,1.0,11515.568495540098,-3.716667472797255
8136,True,"A4,B2,C3,D2,E3,F1",False,4.0,133824.37396044255,-8.624845598481272
8137,True,"A3,B2,C3,D2,E1,F3",False,2.0,84070.85144413935,-6.153257358975495
8138,True,"A3,B2,C3,D2,E1,F2",False,1.0,1763489.8205174278,-12.064201578601867
8139,True,"A4,B2,C3,D2,E2,F1",False,4.0,1900097.9628724891,-15.324701235339155
8140,True,"A3,B2,C3,D2,E1,F3",False,2.0,47083.314149235346,-4.367930939799336
8141,True,"A4,B2,C3,D2,E3,F2",False,3.0,821006.3070423328,-10.89898031633448
8142,True,"A3,B2,C3,D2,E1,F2",False,1.0,2830634.6010051584,-14.270010702945058
8143,True,"A3,B2,C3,D2,E1,F2",False,1.0,2670384.329084398,-14.11692974693284
8144,True,"A4,B2,C3,D2,E3,F1",False,4.0,19001.204095741214,-2.8632698092684166
8145,True,"A4,B2,C3,D2,E3,F2",False,3.0,755825.2399769755,-11.092999621142376
8146,True,"A4,B2,C3,D2,E3,F2",False,3.0,1090222.7721441507,-12.84396317888325
8147,True,"A4,B2,C3,D2,E3,F2",False,3.0,1522067.8534662211,-13.569721185435576
8148,True,"A4,B2,C3,D2,E3,F2",False,3.0,1896772.2213753562,-14.20168589621111
8149,True,"A3,B2,C3,D2,E1,F2",False,1.0,757176.1597160691,-10.101380039939357
8150,True,"A3,B2,C3,D2,E1,F1",False,2.0,1752892.981513729,-12.938778502427354
8151,True,"A3,B2,C3,D2,E1,F2",False,1.0,3455788.706953244,-15.139001317210003
8152,True,"A3,B2,C3,D2,E1,F3",False,2.0,2983519.447174551,-13.146412095750101
8153,True,"A4,B2,C3,D2,E3,F1",False,4.0,8204.914319505566,-1.355148415325914
8154,True,"A3,B2,C3,D2,E1,F1",False,2.0,2996818.5820912137,-15.576869212823176
8155,True,"A3,B2,C3,D2,E1,F1",False,2.0,1283535.4318712337,-12.519677910532245
8156,True,"A4,B2,C3,D2,E3,F2",False,3.0,3710644.071611735,-16.1801745377156
8157,True,"A3,B2,C3,D1,E1,F2",True,0.0,264336.5924386797,-8.125660651664617
8158,True,"A3,B2,C3,D2,E1,F3",False,2.0,657693.0493036952,-9.238085472527075
8159,True,"A3,B2,C3,D1,E1,F2",True,0.0,93006.58125087882,-5.240789917864177
8160,True,"A3,B2,C3,D1,E1,F2",True,0.0,34194.63827437234,-4.70054376246847
8161,True,"A3,B2,C3,D2,E1,F2",False,1.0,1900198.0273470448,-12.624311165246695
8162,True,"A4,B2,C3,D2,E3,F2",False,3.0,1913014.5946100892,-14.319639609421053
8163,True,"A4,B2,C3,D2,E3,F2",False,3.0,458286.9481740571,-9.429938527989762
8164,True,"A4,B2,C3,D2,E3,F2",False,3.0,546249.7142766655,-10.088572371612486
8165,True,"A4,B2,C3,D2,E3,F1",False,4.0,16035.305340095603,-4.508654627671433
8166,True,"A3,B2,C3,D1,E1,F2",True,0.0,2444343.721743128,-14.482887281487955
8167,True,"A3,B2,C3,D2,E1,F3",False,2.0,325091.4823195103,-7.064845369006875
8168,True,"A4,B2,C3,D2,E3,F2",False,3.0,1072428.7721564567,-11.35049773977682
8169,True,"A4,B2,C3,D2,E3,F1",False,4.0,8939.231593106762,-3.825962146797906
8170,True,"A4,B2,C3,D2,E3,F2",False,3.0,1133917.250998691,-12.193011591626181
8171,True,"A3,B2,C3,D1,E1,F2",True,0.0,287946.116079287,-9.127737805266747
8172,True,"A3,B2,C3,D1,E1,F2",True,0.0,1297370.9887916108,-13.267516956607409
8173,True,"A4,B2,C3,D2,E3,F2",False,3.0,867206.4751210096,-11.609290606147816
8174,True,"A3,B2,C3,D2,E1,F2",False,1.0,2265318.994609083,-12.46286781965157
8175,True,"A3,B2,C3,D2,E1,F2",False,1.0,2472370.8875271203,-12.42387034834357
8176,True,"A4,B2,C3,D2,E3,F2",False,3.0,38443.041845863845,-4.330977890872106
8177,True,"A3,B2,C3,D2,E1,F3",False,2.0,1100532.0039617142,-11.085469045645794
8178,True,"A4,B2,C3,D2,E3,F2",False,3.0,600848.944660347,-11.08665174047701
8179,True,"A4,B2,C3,D2,E3,F2",False,3.0,1682591.860144123,-12.314678425568836
8180,True,"A3,B2,C3,D2,E1,F3",False,2.0,43013.94118984719,-4.555242423215148
8181,True,"A3,B2,C3,D2,E1,F1",False,2.0,2974137.233519721,-13.851632770287658
8182,True,"A3,B2,C3,D2,E1,F1",False,2.0,1619771.241972497,-12.401276901650078
8183,True,"A3,B2,C3,D2,E1,F1",False,2.0,1649326.1273760065,-12.713204246775653
8184,True,"A3,B2,C3,D1,E1,F2",True,0.0,59528.27969443419,-4.877951219135653
8185,True,"A3,B2,C3,D1,E1,F2",True,0.0,2674787.371591048,-14.845752690572077
8186,True,"A3,B2,C3,D2,E1,F3",False,2.0,2210555.076372782,-13.962928977874704
8187,True,"A3,B2,C3,D2,E1,F2",False,1.0,1714244.773927328,-13.990050623193532
8188,True,"A4,B2,C3,D2,E3,F2",False,3.0,219766.3680173035,-8.088857937739164
8189,True,"A4,B2,C3,D2,E3,F1",False,4.0,28255.05717581741,-5.619967541782231
8190,True,"A3,B2,C3,D2,E1,F2",False,1.0,2180174.269030301,-13.812912718656897
8191,True,"A4,B2,C3,D2,E3,F2",False,3.0,698909.3119343332,-10.464183299494039
8192,True,"A3,B2,C3,D2,E1,F2",False,1.0,1386904.6064475698,-11.238003985756635
8193,True,"A3,B2,C3,D1,E1,F1",False,1.0,8536.258923359628,-2.349353444574618
8194,True,"A3,B2,C3,D2,E1,F2",False,1.0,2670930.3701461456,-12.424491919721198
8195,True,"A3,B2,C3,D2,E1,F3",False,2.0,19854.658685757477,-3.3540046152927943
8196,True,"A3,B2,C3,D1,E1,F2",True,0.0,160571.37491159324,-7.012995202830595
8197,True,"A3,B2,C3,D1,E1,F2",True,0.0,490332.76774845953,-8.162511883004385
8198,True,"A3,B2,C3,D2,E5,F3",False,3.0,81765.2505065103,-5.96182083446098
8199,True,"A4,B2,C3,D2,E2,F1",False,4.0,2829910.852166365,-15.135110501584698
8200,True,"A3,B2,C3,D1,E1,F2",True,0.0,194278.52709016894,-5.981804296305796
8201,True,"A4,B2,C3,D2,E3,F1",False,4.0,317456.0293023776,-10.414222435539827
8202,True,"A4,B2,C3,D2,E2,F1",False,4.0,44976.272252617804,-4.168511542592199
8203,True,"A3,B2,C3,D2,E3,F3",False,3.0,349752.31301813974,-9.296860602474425
8204,True,"A3,B2,C3,D2,E1,F3",False,2.0,126206.64474978733,-5.516876664001387
8205,True,"A3,B2,C3,D1,E1,F2",True,0.0,634617.4133963402,-9.63770003149682
8206,True,"A3,B2,C3,D1,E1,F2",True,0.0,41471.90735447155,-5.139044209893598
8207,True,"A3,B2,C3,D1,E1,F2",True,0.0,644371.9573316491,-9.876374503010958
8208,True,"A4,B2,C3,D2,E3,F2",False,3.0,619289.7399501028,-11.123200306734944
8209,True,"A3,B2,C3,D1,E1,F2",True,0.0,1600613.99100744,-12.351148191766022
8210,True,"A3,B2,C3,D1,E1,F2",True,0.0,411274.70192882884,-8.380636642036535
8211,True,"A3,B2,C3,D2,E1,F3",False,2.0,250366.99447945054,-6.53091580118722
8212,True,"A3,B2,C3,D1,E1,F2",True,0.0,20345.598071851953,-2.5716964215528577
8213,True,"A3,B2,C3,D1,E1,F2",True,0.0,56707.70539269105,-3.999812100582801
8214,True,"A3,B2,C3,D2,E1,F2",False,1.0,3830547.313125321,-15.489702773769679
8215,True,"A4,B2,C3,D2,E2,F1",False,4.0,1016929.2312578763,-12.247682492567897
8216,True,"A3,B2,C3,D2,E1,F3",False,2.0,149588.88288136097,-7.475938426043413
8217,True,"A3,B2,C3,D2,E1,F1",False,2.0,237108.86853554865,-7.2076918640564855
8218,True,"A3,B2,C3,D2,E1,F2",False,1.0,4620369.73597878,-13.221848491896324
8219,True,"A4,B2,C3,D2,E3,F2",False,3.0,627809.202827845,-9.768222282729127
8220,True,"A4,B2,C3,D2,E3,F1",False,4.0,200407.3233832449,-7.962842519336178
8221,True,"A4,B2,C3,D2,E3,F2",False,3.0,392507.12831108255,-8.90596689064219
8222,True,"A3,B2,C3,D1,E1,F1",False,1.0,221410.32850364802,-7.658331546716951
8223,True,"A3,B2,C3,D1,E1,F2",True,0.0,1488332.6967528616,-11.940212356090768
8224,True,"A3,B2,C3,D1,E1,F2",True,0.0,1741705.481191807,-12.208278627154648
8225,True,"A4,B2,C3,D2,E3,F2",False,3.0,1023227.7637432598,-12.489310931988108
8226,True,"A3,B2,C3,D2,E1,F2",False,1.0,1971813.8861295958,-13.876195757883877
8227,True,"A3,B2,C3,D2,E1,F2",False,1.0,3302603.231423898,-13.807087378627898
8228,True,"A4,B2,C3,D2,E3,F1",False,4.0,18522.22601682495,-3.3533035682783208
8229,True,"A3,B2,C3,D2,E1,F3",False,2.0,916817.733743611,-10.154558375294542
8230,True,"A3,B2,C3,D1,E1,F1",False,1.0,150692.26014228366,-8.01132988334524
8231,True,"A3,B2,C3,D2,E1,F1",False,2.0,527774.6606081917,-9.322215506077086
8232,True,"A3,B2,C3,D2,E1,F3",False,2.0,22427.945498961548,-4.57447817524303
8233,True,"A4,B2,C3,D2,E3,F1",False,4.0,27675.87877326564,-4.636242053157773
8234,True,"A3,B2,C3,D2,E1,F2",False,1.0,2126105.9390352885,-13.543156866879556
8235,True,"A3,B2,C3,D2,E1,F1",False,2.0,660041.5029010026,-11.266343949813113
8236,True,"A3,B2,C3,D2,E1,F3",False,2.0,104947.86920151908,-5.0952416293328895
8237,True,"A3,B2,C3,D2,E1,F3",False,2.0,3198224.5730149103,-14.86293506697772
8238,True,"A3,B2,C3,D1,E1,F2",True,0.0,1502438.493817402,-12.730895258984184
8239,True,"A4,B2,C3,D2,E3,F1",False,4.0,1142392.6322732205,-12.890505052788583
8240,True,"A4,B2,C3,D2,E2,F1",False,4.0,82963.79154359018,-6.263197877267444
8241,True,"A3,B2,C3,D1,E1,F1",False,1.0,15770.226474138397,-2.7896434733058157
8242,True,"A3,B2,C3,D2,E1,F2",False,1.0,2946272.271855839,-13.429193376848964
8243,True,"A3,B2,C3,D2,E1,F1",False,2.0,587919.7548545699,-8.662790633733252
8244,True,"A3,B2,C3,D1,E1,F2",True,0.0,248796.77274774923,-6.687286109271724
8245,True,"A4,B2,C3,D2,E3,F1",False,4.0,788372.7832950548,-10.945668650424018
8246,True,"A3,B2,C3,D1,E1,F1",False,1.0,74590.83400357155,-5.448197605049373
8247,True,"A3,B2,C3,D2,E1,F3",False,2.0,37025.786060078965,-3.726607218192143
8248,True,"A4,B2,C3,D2,E3,F2",False,3.0,255660.0731599431,-7.916761854711893
8249,True,"A4,B2,C3,D2,E3,F2",False,3.0,963724.6825242351,-11.192029228344452
8250,True,"A4,B2,C3,D2,E3,F2",False,3.0,113648.05607232354,-5.463180585741981
8251,True,"A3,B2,C3,D1,E1,F2",True,0.0,128240.10159229927,-5.278533881350356
8252,True,"A3,B2,C3,D2,E1,F2",False,1.0,1032339.2730529094,-10.55339506038375
8253,True,"A3,B2,C3,D2,E1,F3",False,2.0,347258.6004694622,-8.072504503276164
8254,True,"A4,B2,C3,D2,E3,F2",False,3.0,2171382.8471988174,-13.315180033266152
8255,True,"A3,B2,C3,D2,E1,F3",False,2.0,35994.805736776536,-4.223327651403537
8256,True,"A3,B2,C3,D2,E1,F2",False,1.0,1093508.3029482435,-9.983779321720043
8257,True,"A3,B2,C3,D1,E1,F2",True,0.0,183267.44954899105,-6.38847716730622
8258,True,"A3,B2,C3,D1,E1,F2",True,0.0,3523558.7739617936,-15.905174054985132
8259,True,"A3,B2,C3,D1,E1,F2",True,0.0,66955.53113602896,-4.4581475893944855
8260,True,"A3,B2,C3,D2,E1,F3",False,2.0,34134.088554614675,-3.2499361373438376
8261,True,"A3,B2,C3,D1,E1,F1",False,1.0,24653.802658846627,-3.666210312464429
8262,True,"A3,B2,C3,D2,E1,F1",False,2.0,289067.7260209512,-7.329469620403586
8263,True,"A3,B2,C3,D2,E1,F1",False,2.0,1442251.2627268427,-13.968149083141583
8264,True,"A3,B2,C3,D2,E1,F2",False,1.0,4026125.5548787857,-15.353964125004275
8265,True,"A4,B2,C3,D2,E3,F2",False,3.0,88142.76945788403,-5.295253452622717
8266,True,"A3,B2,C3,D2,E1,F3",False,2.0,332667.2436523109,-8.109955723932444
8267,True,"A3,B2,C3,D2,E1,F3",False,2.0,81929.01124965896,-4.85752688502167
8268,True,"A3,B2,C3,D2,E1,F3",False,2.0,2010453.1232139627,-13.969287632754337
8269,True,"A3,B2,C3,D2,E1,F2",False,1.0,2031652.4271840206,-12.217154995362314
8270,True,"A4,B2,C3,D2,E2,F1",False,4.0,1446095.4187434907,-12.799327015592922
8271,True,"A4,B2,C3,D2,E3,F2",False,3.0,589094.1758091045,-9.81107307418872
8272,True,"A3,B2,C3,D2,E1,F3",False,2.0,445062.4520140109,-9.55259185827525
8273,True,"A3,B2,C3,D2,E1,F3",False,2.0,387277.2491851032,-8.9461891009896
8274,True,"A3,B2,C3,D2,E1,F3",False,2.0,16193.88383252959,-3.5543616682384993
8275,True,"A3,B2,C3,D1,E1,F2",True,0.0,792131.4553922804,-10.107829815475128
8276,True,"A3,B2,C3,D1,E1,F2",True,0.0,79598.4843951463,-4.877755222781019
8277,True,"A3,B2,C3,D1,E1,F2",True,0.0,397430.8574930757,-8.744047692300242
8278,True,"A3,B2,C3,D2,E1,F2",False,1.0,3761279.0153074767,-15.729376151467477
8279,True,"A3,B2,C3,D2,E1,F2",False,1.0,2031350.0769059868,-11.592643136644071
8280,True,"A3,B2,C3,D1,E1,F2",True,0.0,88505.52542554523,-5.96637586041237
8281,True,"A4,B2,C3,D2,E3,F1",False,4.0,700850.0837437605,-10.075099210585407
8282,True,"A4,B2,C3,D2,E3,F2",False,3.0,1796992.4294426637,-14.247609359780292
8283,True,"A4,B2,C3,D2,E3,F2",False,3.0,2369012.835106214,-13.866260491849701
8284,True,"A3,B2,C3,D1,E1,F2",True,0.0,525746.0238290811,-9.062365000128821
8285,True,"A3,B2,C3,D2,E1,F1",False,2.0,3151713.493435934,-13.843783800950298
8286,True,"A3,B2,C3,D2,E1,F3",False,2.0,17250.59875440095,-2.971486537474547
8287,True,"A3,B2,C3,D1,E1,F2",True,0.0,754425.9093889162,-9.930768049295892
8288,True,"A4,B2,C3,D2,E3,F2",False,3.0,173020.2088238204,-7.104321124563427
8289,True,"A3,B2,C3,D2,E1,F3",False,2.0,534646.3061499146,-9.587201654284897
8290,True,"A4,B2,C3,D2,E3,F2",False,3.0,428595.75019701925,-8.653911041350085
8291,True,"A3,B2,C3,D1,E1,F1",False,1.0,12221.730351864757,-3.7804121909774437
8292,True,"A3,B2,C3,D1,E1,F2",True,0.0,721429.6107009038,-10.237388861079708
8293,True,"A4,B2,C3,D2,E3,F2",False,3.0,3172449.5437097726,-15.468415140605146
8294,True,"A4,B2,C3,D2,E3,F2",False,3.0,286317.56234816625,-9.427976705958727
8295,True,"A3,B2,C3,D1,E1,F2",True,0.0,640981.3812361545,-8.607644364483065
8296,True,"A4,B2,C3,D2,E1,F2",False,2.0,897562.0420353388,-12.448808379546492
8297,True,"A3,B2,C3,D1,E1,F2",True,0.0,1390408.4280240336,-10.470195141754346
8298,True,"A4,B2,C3,D2,E2,F1",False,4.0,49847.25964499273,-4.683665160677947
8299,True,"A3,B2,C3,D2,E1,F3",False,2.0,144672.1837727612,-5.372040738906136
8300,True,"A4,B2,C3,D2,E3,F2",False,3.0,1270698.3822646057,-13.21201790102311
8301,True,"A3,B2,C3,D1,E1,F2",True,0.0,10578.735247414663,-3.4777858512319
8302,True,"A4,B2,C3,D2,E2,F1",False,4.0,3307569.4154875544,-15.813323720600891
8303,True,"A3,B2,C3,D2,E1,F1",False,2.0,2752155.188722153,-14.795664890449046
8304,True,"A4,B2,C3,D2,E2,F1",False,4.0,2659763.3192675496,-15.39218006150086
8305,True,"A4,B2,C3,D2,E3,F2",False,3.0,2058885.5089898924,-14.49121892731823
8306,True,"A3,B2,C3,D2,E1,F2",False,1.0,2982270.1073172167,-15.871177110858412
8307,True,"A3,B2,C3,D1,E1,F2",True,0.0,232552.1006806821,-5.367370157860748
8308,True,"A4,B2,C3,D2,E3,F2",False,3.0,359812.35235640156,-8.593199285576546
8309,True,"A4,B2,C3,D2,E3,F2",False,3.0,1556769.843425058,-12.976762285448778
8310,True,"A4,B2,C3,D2,E3,F2",False,3.0,85885.75265927541,-5.626342491235221
8311,True,"A4,B2,C3,D2,E2,F1",False,4.0,157031.8898587698,-7.9172918435779
8312,True,"A3,B2,C3,D2,E1,F3",False,2.0,307804.26127088873,-6.336166688178949
8313,True,"A3,B2,C3,D2,E1,F1",False,2.0,502420.9498219484,-9.02293172312072
8314,True,"A4,B2,C3,D2,E3,F2",False,3.0,390125.9367734299,-9.003397607600633
8315,True,"A4,B2,C3,D2,E3,F1",False,4.0,20765.667992543848,-4.6454355624282755
8316,True,"A4,B2,C3,D2,E3,F1",False,4.0,2064376.0187336646,-15.542580369190297
8317,True,"A3,B2,C3,D2,E1,F1",False,2.0,173305.20945891354,-7.092156888987503
8318,True,"A3,B2,C3,D2,E1,F2",False,1.0,1884418.1626100843,-13.457784986274767
8319,True,"A3,B2,C3,D1,E1,F2",True,0.0,117940.29475938334,-6.150311026495743
8320,True,"A3,B2,C3,D2,E1,F3",False,2.0,85889.80394285813,-5.0364969695699955
8321,True,"A3,B2,C3,D1,E1,F2",True,0.0,215844.50871372825,-8.364758395657574
8322,True,"A3,B2,C3,D1,E1,F2",True,0.0,787954.5072031348,-10.24492259268591
8323,True,"A4,B2,C3,D2,E3,F2",False,3.0,37788.50173759532,-5.494105350762453
8324,True,"A3,B2,C3,D2,E1,F1",False,2.0,135914.96395528177,-6.630167466659756
8325,True,"A4,B2,C3,D2,E3,F2",False,3.0,2135436.422418929,-14.572411369308597
8326,True,"A3,B2,C3,D2,E1,F1",False,2.0,1387338.3506182376,-12.32610051720048
8327,True,"A3,B2,C3,D2,E1,F2",False,1.0,797178.1419841427,-9.777081010102862
8328,True,"A4,B2,C3,D2,E3,F2",False,3.0,1160802.1209599576,-11.780659741342284
8329,True,"A3,B2,C3,D2,E1,F3",False,2.0,192123.72059034294,-6.965025179801941
8330,True,"A3,B2,C3,D1,E1,F2",True,0.0,131216.73688960192,-4.8038790675064575
8331,True,"A3,B2,C3,D2,E1,F2",False,1.0,2146417.9799369234,-12.757346980824494
8332,True,"A3,B2,C3,D2,E1,F3",False,2.0,22988.194191960785,-3.283075596105519
8333,True,"A3,B2,C3,D1,E1,F2",True,0.0,684827.4194640815,-9.019310276050362
8334,True,"A3,B2,C3,D2,E1,F3",False,2.0,2268991.7894136687,-13.596735505138476
8335,True,"A3,B2,C3,D1,E1,F2",True,0.0,257322.4820360003,-8.046313230698544
8336,True,"A3,B2,C3,D1,E1,F2",True,0.0,613133.2435364379,-10.896943869270729
8337,True,"A3,B2,C3,D1,E1,F1",False,1.0,60558.327871117115,-4.975343708702113
8338,True,"A3,B2,C3,D2,E1,F3",False,2.0,354249.9920316385,-8.3419129867562
8339,True,"A4,B2,C3,D2,E3,F2",False,3.0,718492.8959752319,-9.384943871817768
8340,True,"A4,B2,C3,D2,E3,F2",False,3.0,958209.3300446213,-12.092931266688218
8341,True,"A4,B2,C3,D2,E1,F2",False,2.0,134173.75356488387,-7.450572466487941
8342,True,"A4,B2,C3,D2,E3,F2",False,3.0,1067291.9918888956,-11.361271456997777
8343,True,"A3,B2,C3,D1,E1,F1",False,1.0,6379.936515561208,-2.748596638920489
8344,True,"A3,B2,C3,D1,E1,F2",True,0.0,2256540.5066542346,-14.979804338359472
8345,True,"A4,B2,C3,D2,E3,F1",False,4.0,828577.6514540558,-11.6997234577628
8346,True,"A4,B2,C3,D2,E3,F2",False,3.0,809897.3763948326,-11.506183253234667
8347,True,"A3,B2,C3,D2,E1,F1",False,2.0,934063.8422710964,-11.694403051074318
8348,True,"A4,B2,C3,D2,E3,F1",False,4.0,21171.657038555182,-4.542848677039515
8349,True,"A3,B2,C3,D1,E1,F2",True,0.0,445374.13168007927,-8.954418352242143
8350,True,"A3,B2,C3,D2,E1,F2",False,1.0,1210763.2638034555,-12.089153646148588
8351,True,"A3,B2,C3,D2,E1,F3",False,2.0,30518.723860884904,-2.7645463658958818
8352,True,"A3,B2,C3,D2,E1,F3",False,2.0,35321.79940747896,-2.695521696309754
8353,True,"A3,B2,C3,D1,E1,F2",True,0.0,2362899.698025198,-12.789159523513241
8354,True,"A4,B2,C3,D2,E3,F2",False,3.0,970987.7287190928,-10.290974807654344
8355,True,"A4,B2,C3,D2,E3,F2",False,3.0,181428.44914649395,-6.59165443171554
8356,True,"A3,B2,C3,D2,E1,F2",False,1.0,670982.4692770907,-8.989949389435552
8357,True,"A3,B2,C3,D2,E1,F2",False,1.0,1772070.54494244,-12.30341921749477
8358,True,"A3,B2,C3,D2,E1,F3",False,2.0,3743.0025085374155,-2.3121077163729353
8359,True,"A3,B2,C3,D1,E1,F1",False,1.0,36333.27156307887,-4.708032213470133
8360,True,"A3,B2,C3,D1,E1,F2",True,0.0,1203965.6561051058,-11.991719302727518
8361,True,"A4,B2,C3,D2,E2,F1",False,4.0,153542.37208465207,-7.355903433789081
8362,True,"A4,B2,C3,D2,E3,F2",False,3.0,45262.88571360801,-4.951322004833074
8363,True,"A3,B2,C3,D2,E1,F1",False,2.0,507894.5478866819,-9.863747955415434
8364,True,"A4,B2,C3,D2,E3,F2",False,3.0,303966.5401765809,-7.888097307160066
8365,True,"A3,B2,C3,D2,E1,F3",False,2.0,184199.24984411022,-6.433349957171515
8366,True,"A3,B2,C3,D1,E1,F2",True,0.0,1353108.0220642406,-12.363471117188496
8367,True,"A3,B2,C3,D1,E1,F2",True,0.0,159487.88871969146,-6.771958218576287
8368,True,"A4,B2,C3,D2,E3,F2",False,3.0,2358185.9102856726,-15.804163282552445
8369,True,"A3,B2,C3,D1,E1,F2",True,0.0,1483156.0522271998,-11.716821076206344
8370,True,"A3,B2,C3,D2,E1,F3",False,2.0,557079.3152327093,-10.260974252561923
8371,True,"A3,B2,C3,D2,E1,F1",False,2.0,86752.8231452191,-3.6711019953417576
8372,True,"A3,B2,C3,D1,E1,F2",True,0.0,1265745.896818048,-10.794842886089576
8373,True,"A3,B2,C3,D2,E1,F3",False,2.0,70231.276905961,-4.424272889970865
8374,True,"A3,B2,C3,D2,E1,F2",False,1.0,2538247.56241344,-13.784642816944682
8375,True,"A4,B2,C3,D2,E3,F2",False,3.0,436311.17493104585,-10.42436126035227
8376,True,"A3,B2,C3,D2,E1,F3",False,2.0,469111.02206685516,-9.731070099158686
8377,True,"A3,B2,C3,D2,E1,F1",False,2.0,558896.4438887942,-8.89521439347375
8378,True,"A4,B2,C3,D2,E3,F2",False,3.0,1834654.1756034717,-12.960112942235341
8379,True,"A4,B2,C3,D2,E3,F2",False,3.0,340143.86694327486,-8.864016369253576
8380,True,"A4,B2,C3,D2,E2,F1",False,4.0,4025448.3793512997,-16.331465147671203
8381,True,"A4,B2,C3,D2,E3,F1",False,4.0,21650.12483091695,-4.724846491632192
8382,True,"A3,B2,C3,D1,E1,F2",True,0.0,2222657.3350310912,-13.552474374799552
8383,True,"A3,B2,C3,D1,E1,F2",True,0.0,57065.89877149572,-4.86595318244926
8384,True,"A3,B2,C3,D2,E1,F2",False,1.0,3834699.6268203375,-15.627552666547494
8385,True,"A4,B2,C3,D2,E3,F2",False,3.0,423786.8503324352,-9.507399493310686
8386,True,"A4,B2,C3,D2,E3,F2",False,3.0,15726.281256834765,-2.8226259283890016
8387,True,"A3,B2,C3,D1,E1,F2",True,0.0,1555474.2820416489,-10.751769393985889
8388,True,"A3,B2,C3,D2,E1,F3",False,2.0,32107.76861769595,-3.7495335904047664
8389,True,"A3,B2,C3,D2,E1,F1",False,2.0,1795594.6320360831,-12.129425145546442
8390,True,"A4,B2,C3,D2,E3,F1",False,4.0,27140.586407187733,-5.4776277083923475
8391,True,"A4,B2,C3,D2,E3,F1",False,4.0,251393.5282758873,-9.539450209057847
8392,True,"A3,B2,C3,D2,E1,F3",False,2.0,198150.4306442052,-6.903948201650465
8393,True,"A3,B2,C3,D2,E1,F1",False,2.0,162138.7095370263,-5.31038486845361
8394,True,"A4,B2,C3,D2,E3,F2",False,3.0,1221057.5210078459,-11.568567083670771
8395,True,"A3,B2,C3,D2,E1,F1",False,2.0,2630951.640012104,-14.562921894069383
8396,True,"A3,B2,C3,D2,E1,F3",False,2.0,212918.89836139913,-7.92896326457975
8397,True,"A3,B2,C3,D1,E1,F1",False,1.0,11428.589746276914,-2.5974104724924842
8398,True,"A3,B2,C3,D2,E1,F3",False,2.0,154342.2711580099,-7.702874095723303
8399,True,"A3,B2,C3,D1,E1,F2",True,0.0,434868.4481892997,-8.486988620574166
8400,True,"A3,B2,C3,D1,E1,F2",True,0.0,235118.58460721982,-7.7604966615431294
8401,True,"A3,B2,C3,D1,E1,F2",True,0.0,78583.57842595845,-7.187980669204734
8402,True,"A4,B2,C3,D2,E3,F2",False,3.0,1259214.1907333136,-11.541636227379875
8403,True,"A4,B2,C3,D2,E3,F2",False,3.0,1900383.0581577432,-12.880901633121617
8404,True,"A3,B2,C3,D2,E1,F3",False,2.0,63303.36427756519,-4.17483157336936
8405,True,"A3,B2,C3,D2,E1,F2",False,1.0,199930.87979588564,-6.764887905095236
8406,True,"A3,B2,C3,D2,E1,F1",False,2.0,1729905.0165290006,-12.088494703610664
8407,True,"A3,B2,C3,D2,E1,F1",False,2.0,492279.3357476569,-8.902196433687209
8408,True,"A3,B2,C3,D1,E1,F2",True,0.0,17669.054364166328,-3.3725797721011617
8409,True,"A3,B2,C3,D2,E1,F3",False,2.0,35922.55100558242,-3.717712959005226
8410,True,"A3,B2,C3,D2,E1,F1",False,2.0,3376466.9101266246,-16.299243897065594
8411,True,"A4,B2,C3,D2,E3,F2",False,3.0,13538.081893927727,-3.2836680109061973
8412,True,"A4,B2,C3,D2,E3,F2",False,3.0,3470022.4526608274,-15.650100688237316
8413,True,"A3,B2,C3,D1,E1,F2",True,0.0,67446.10431947219,-3.797163293960878
8414,True,"A3,B2,C3,D1,E1,F2",True,0.0,517604.85638276435,-9.698030506596723
8415,True,"A4,B2,C3,D2,E3,F2",False,3.0,1198609.4402213637,-10.922154256937873
8416,True,"A3,B2,C3,D2,E1,F1",False,2.0,3311372.8110229755,-16.49646795756579
8417,True,"A3,B2,C3,D2,E1,F2",False,1.0,2025865.1635379372,-11.953154642495704
8418,True,"A4,B2,C3,D2,E3,F1",False,4.0,264967.3410376089,-8.678557423558786
8419,True,"A4,B2,C3,D2,E2,F1",False,4.0,125521.08889913956,-6.375346030522266
8420,True,"A3,B2,C3,D2,E1,F3",False,2.0,86975.65556879819,-5.707547184016462
8421,True,"A3,B2,C3,D2,E1,F3",False,2.0,236434.29084448155,-6.557400423864522
8422,True,"A4,B2,C3,D2,E3,F1",False,4.0,976328.4446568411,-11.246938080074358
8423,True,"A4,B2,C3,D2,E3,F2",False,3.0,819532.3216576609,-10.465405058579655
8424,True,"A3,B2,C3,D2,E1,F2",False,1.0,1323276.8168491158,-12.090530494709974
8425,True,"A3,B2,C3,D1,E1,F2",True,0.0,3115498.0652636043,-14.917887832374639
8426,True,"A3,B2,C3,D1,E1,F2",True,0.0,80888.97889759461,-6.019485586719284
8427,True,"A3,B2,C3,D2,E1,F1",False,2.0,72764.553596774,-4.365651719558727
8428,True,"A4,B2,C3,D2,E3,F2",False,3.0,1785214.904053005,-13.150781352397495
8429,True,"A3,B2,C3,D1,E1,F2",True,0.0,1816152.4811695316,-14.3619719374625
8430,True,"A3,B2,C3,D1,E1,F2",True,0.0,177272.17854972198,-7.590609441623386
8431,True,"A3,B2,C3,D2,E1,F1",False,2.0,214211.58119932545,-7.257949195576856
8432,True,"A3,B2,C3,D1,E1,F2",True,0.0,275330.8981160796,-8.45402356892599
8433,True,"A3,B2,C3,D2,E1,F2",False,1.0,2957779.932295496,-12.0191777456644
8434,True,"A4,B2,C3,D2,E3,F2",False,3.0,353014.5174582577,-7.774016438347232
8435,True,"A4,B2,C3,D2,E2,F1",False,4.0,982941.7823314895,-11.779561042718669
8436,True,"A3,B2,C3,D1,E1,F2",True,0.0,310062.9282770659,-8.364360330298368
8437,True,"A4,B2,C3,D2,E3,F2",False,3.0,2234626.0842249608,-14.287728537714415
8438,True,"A3,B2,C3,D1,E1,F2",True,0.0,159134.13785160985,-7.23604657426381
8439,True,"A3,B2,C3,D2,E1,F3",False,2.0,40604.78515805495,-3.7666861390862465
8440,True,"A4,B2,C3,D2,E3,F2",False,3.0,67681.89143005549,-5.048508714947019
8441,True,"A3,B2,C3,D2,E1,F1",False,2.0,581796.7531484974,-9.343899279843214
8442,True,"A3,B2,C3,D1,E1,F2",True,0.0,158112.42061757323,-5.8434580718537745
8443,True,"A3,B2,C3,D2,E1,F2",False,1.0,3015026.4024003125,-14.090490453884065
8444,True,"A4,B2,C3,D2,E3,F2",False,3.0,2005664.4476103159,-13.573407462689836
8445,True,"A3,B2,C3,D2,E3,F3",False,3.0,2096125.027793958,-13.30090145448007
8446,True,"A4,B2,C3,D2,E3,F2",False,3.0,438572.67828576727,-9.88731149303348
8447,True,"A3,B2,C3,D2,E1,F1",False,2.0,398417.1948610738,-9.741571341022805
8448,True,"A4,B2,C3,D2,E3,F2",False,3.0,460201.8181786698,-10.948036817879668
8449,True,"A3,B2,C3,D2,E1,F3",False,2.0,220356.15550532128,-6.806923171848425
8450,True,"A3,B2,C3,D2,E1,F2",False,1.0,2530678.752271527,-12.595311263115207
8451,True,"A3,B2,C3,D2,E1,F1",False,2.0,21256.296538324375,-3.412913309965745
8452,True,"A3,B2,C3,D2,E1,F2",False,1.0,2427013.7217022916,-13.074658225147552
8453,True,"A3,B2,C3,D1,E1,F2",True,0.0,30128.94660171756,-2.719714542084816
8454,True,"A4,B2,C3,D2,E3,F2",False,3.0,536285.1799334846,-9.333408363369216
8455,True,"A4,B2,C3,D2,E3,F2",False,3.0,2378989.205942867,-15.488192847372623
8456,True,"A3,B2,C3,D1,E1,F2",True,0.0,333389.85394471005,-7.626701106389547
8457,True,"A4,B2,C3,D2,E3,F2",False,3.0,231956.05470895357,-7.2481309916292815
8458,True,"A3,B2,C3,D1,E1,F2",True,0.0,1066738.3520134732,-12.058919388169102
8459,True,"A3,B2,C3,D1,E1,F2",True,0.0,422848.4419428875,-8.218450135242506
8460,True,"A3,B2,C3,D1,E1,F2",True,0.0,1070343.3711743138,-11.593169554725016
8461,True,"A4,B2,C3,D2,E3,F2",False,3.0,3143097.486804182,-15.144031201344085
8462,True,"A4,B2,C3,D2,E2,F1",False,4.0,321058.053123636,-8.789732875021798
8463,True,"A4,B2,C3,D2,E3,F1",False,4.0,42560.96292651884,-6.128038390154927
8464,True,"A3,B2,C3,D1,E1,F1",False,1.0,59125.2300014403,-5.4787426780420105
8465,True,"A3,B2,C3,D2,E1,F3",False,2.0,145766.09550183668,-6.107088618733641
8466,True,"A4,B2,C3,D2,E2,F1",False,4.0,4056.9783552057283,-2.1132624409709564
8467,True,"A4,B2,C3,D2,E3,F1",False,4.0,2627350.859649959,-15.870498364339582
8468,True,"A3,B2,C3,D1,E1,F2",True,0.0,1144505.4881727388,-11.614440104430074
8469,True,"A3,B2,C3,D1,E1,F2",True,0.0,112524.76082423779,-4.611687084421007
8470,True,"A3,B2,C3,D1,E1,F2",True,0.0,65976.37768149642,-5.0105870272223
8471,True,"A3,B2,C3,D1,E1,F2",True,0.0,649219.6980138775,-9.670291989682198
8472,True,"A3,B2,C3,D1,E1,F2",True,0.0,83232.52972483255,-3.3971780529351747
8473,True,"A3,B2,C3,D2,E1,F3",False,2.0,22992.92052832078,-3.2356807996876
8474,True,"A4,B2,C3,D2,E3,F2",False,3.0,3296773.3222998776,-14.660861726409664
8475,True,"A3,B2,C3,D2,E1,F2",False,1.0,1779796.2365277954,-13.658304598479596
8476,True,"A4,B2,C3,D2,E3,F2",False,3.0,2115440.3435527477,-13.594885465166868
8477,True,"A4,B2,C3,D2,E3,F2",False,3.0,354982.92321089015,-9.561702705608752
8478,True,"A4,B2,C3,D2,E3,F2",False,3.0,654242.1117534608,-11.790748011794491
8479,True,"A3,B2,C3,D2,E1,F2",False,1.0,2201193.3098185607,-12.428738314808214
8480,True,"A3,B2,C3,D2,E1,F1",False,2.0,1442346.402584877,-10.59252465144818
8481,True,"A3,B2,C3,D1,E1,F2",True,0.0,189547.8744824918,-6.8385334077461835
8482,True,"A3,B2,C3,D1,E1,F2",True,0.0,46688.397304679886,-3.125139661671369
8483,True,"A4,B2,C3,D2,E3,F1",False,4.0,1516211.9027946924,-13.621221654013212
8484,True,"A3,B2,C3,D1,E1,F1",False,1.0,21055.53990283036,-4.29586022786188
8485,True,"A4,B2,C3,D2,E3,F2",False,3.0,28663.692848391926,-4.252453376225006
8486,True,"A3,B2,C3,D1,E1,F1",False,1.0,57766.012488196306,-5.766289412305639
8487,True,"A3,B2,C3,D2,E1,F1",False,2.0,227917.08902207814,-8.580348532076712
8488,True,"A4,B2,C3,D2,E3,F1",False,4.0,98699.25506707198,-6.695459603494953
8489,True,"A3,B2,C3,D2,E1,F3",False,2.0,245926.11374096235,-7.985369465200122
8490,True,"A3,B2,C3,D2,E1,F1",False,2.0,2160057.0882359724,-14.767188415773731
8491,True,"A3,B2,C3,D2,E1,F1",False,2.0,774473.8948209088,-9.288195110129905
8492,True,"A3,B2,C3,D1,E1,F1",False,1.0,468541.70705990953,-8.641127788200876
8493,True,"A4,B2,C3,D2,E3,F1",False,4.0,1339591.9115657322,-13.676731842157977
8494,True,"A4,B2,C3,D2,E3,F1",False,4.0,19568.1321135784,-4.8949590587836695
8495,True,"A3,B2,C3,D2,E1,F1",False,2.0,420082.66198232456,-8.8451146963763
8496,True,"A3,B2,C3,D2,E1,F3",False,2.0,46478.93107763233,-2.9857425995891163
8497,True,"A3,B2,C3,D1,E1,F2",True,0.0,486033.64037827274,-7.507453389535556
8498,True,"A3,B2,C3,D1,E1,F2",True,0.0,2438276.6787451995,-14.468279257815993
8499,True,"A3,B2,C3,D1,E1,F2",True,0.0,58315.83719533689,-3.7071308035048816
8500,True,"A3,B2,C3,D1,E1,F2",True,0.0,721008.5070288572,-10.81422539567118
8501,True,"A4,B2,C3,D2,E3,F2",False,3.0,22473.32386446918,-3.079012526496683
8502,True,"A3,B2,C3,D2,E1,F3",False,2.0,241697.08099985847,-5.369894783282049
8503,True,"A4,B2,C3,D2,E3,F2",False,3.0,465698.6857664275,-10.157461532101465
8504,True,"A4,B2,C3,D2,E3,F2",False,3.0,1367402.2917600772,-11.02451898338581
8505,True,"A3,B2,C3,D1,E1,F2",True,0.0,1133944.4712247914,-11.999662247512234
8506,True,"A3,B2,C3,D1,E1,F2",True,0.0,184669.53582832371,-6.463666146037042
8507,True,"A4,B2,C3,D2,E3,F2",False,3.0,3945660.6593632293,-15.832472788543889
8508,True,"A4,B2,C3,D2,E3,F2",False,3.0,1856863.8006125684,-13.591636311825894
8509,True,"A3,B2,C3,D2,E1,F3",False,2.0,89165.93972780542,-5.502877540622009
8510,True,"A4,B2,C3,D2,E2,F2",False,3.0,3222246.250507834,-14.725004110908579
8511,True,"A3,B2,C3,D2,E1,F3",False,2.0,355225.7240069423,-8.500535476680085
8512,True,"A3,B2,C3,D2,E1,F2",False,1.0,3203213.361712886,-14.479334035234757
8513,True,"A3,B2,C3,D1,E1,F2",True,0.0,200179.31386796193,-7.432913078710882
8514,True,"A3,B2,C3,D2,E1,F2",False,1.0,1649125.7406555638,-11.810327065335109
8515,True,"A4,B2,C3,D2,E1,F2",False,2.0,576421.5058832499,-9.623187824648532
8516,True,"A3,B2,C3,D1,E1,F2",True,0.0,215058.17044769658,-6.793761426645517
8517,True,"A3,B2,C3,D1,E1,F2",True,0.0,172837.4939701868,-7.846508471556163
8518,True,"A4,B2,C3,D2,E3,F2",False,3.0,917547.9402600458,-10.727775302092255
8519,True,"A4,B2,C3,D2,E3,F2",False,3.0,70751.41367298325,-5.496584827637108
8520,True,"A3,B2,C3,D2,E1,F3",False,2.0,240417.70903313416,-6.036258143555415
8521,True,"A3,B2,C3,D2,E1,F3",False,2.0,494158.3179945243,-9.232509129519784
8522,True,"A4,B2,C3,D2,E3,F2",False,3.0,1327037.7726479112,-12.13466594770609
8523,True,"A3,B2,C3,D1,E1,F2",True,0.0,25948.836416149323,-2.9652154820117573
8524,True,"A4,B2,C3,D2,E3,F2",False,3.0,44387.11184635974,-5.332063844005674
8525,True,"A3,B2,C3,D1,E1,F2",True,0.0,36283.76137919791,-3.84431240268124
8526,True,"A3,B2,C3,D1,E1,F2",True,0.0,1455003.581447022,-10.860437699837512
8527,True,"A3,B2,C3,D1,E1,F2",True,0.0,459626.32363660133,-7.746233784386703
8528,True,"A3,B2,C3,D1,E1,F1",False,1.0,99780.06096769456,-6.5262277152337305
8529,True,"A3,B2,C3,D1,E1,F2",True,0.0,55088.76145276231,-4.029720450995285
8530,True,"A3,B2,C3,D1,E1,F2",True,0.0,122578.58981083748,-6.374104826830958
8531,True,"A3,B2,C3,D2,E1,F3",False,2.0,366525.2868510531,-9.156921653024526
8532,True,"A3,B2,C3,D1,E1,F2",True,0.0,2514344.499455146,-15.7080585900393
8533,True,"A4,B2,C3,D2,E2,F1",False,4.0,2245514.3104018155,-14.437338542027554
8534,True,"A3,B2,C3,D2,E1,F3",False,2.0,967363.9665799548,-10.87677510158285
8535,True,"A4,B2,C3,D2,E3,F2",False,3.0,621747.2459756378,-9.372677023679586
8536,True,"A3,B2,C3,D1,E1,F2",True,0.0,105218.41611569113,-5.076740913956016
8537,True,"A3,B2,C3,D1,E1,F2",True,0.0,2177888.62749715,-14.78793861986263
8538,True,"A3,B2,C3,D1,E1,F2",True,0.0,125820.06976500918,-7.18371398994519
8539,True,"A3,B2,C3,D1,E1,F1",False,1.0,19171.33070872103,-3.738586869154531
8540,True,"A3,B2,C3,D2,E5,F3",False,3.0,21527.317583571574,-4.558070572404901
8541,True,"A3,B2,C3,D2,E1,F2",False,1.0,2573308.3284275425,-13.978757744992173
8542,True,"A4,B2,C3,D2,E3,F1",False,4.0,538494.2238228429,-10.521903428553394
8543,True,"A3,B2,C3,D2,E1,F2",False,1.0,3300342.6812064787,-15.961199432847707
8544,True,"A4,B2,C3,D2,E3,F2",False,3.0,2926238.3982299836,-15.978758531080246
8545,True,"A3,B2,C3,D1,E1,F2",True,0.0,371786.8383427627,-6.868294932909322
8546,True,"A3,B2,C3,D1,E1,F2",True,0.0,1047894.5733404405,-10.984157858311207
8547,True,"A3,B2,C3,D2,E1,F2",False,1.0,1429163.8533101408,-11.360628824163214
8548,True,"A3,B2,C3,D1,E1,F1",False,1.0,762915.0736223147,-9.777826845730374
8549,True,"A3,B2,C3,D2,E1,F1",False,2.0,1000359.1389759837,-11.864605777482971
8550,True,"A3,B2,C3,D2,E1,F1",False,2.0,376163.5000488884,-8.150975849879089
8551,True,"A4,B2,C3,D2,E3,F2",False,3.0,1234043.6525792356,-12.05354909906412
8552,True,"A4,B2,C3,D2,E3,F1",False,4.0,357055.8397871428,-7.9093189678333005
8553,True,"A3,B2,C3,D2,E1,F3",False,2.0,36646.11687450049,-3.9978343320497203
8554,True,"A3,B2,C3,D1,E1,F2",True,0.0,1904617.5815964732,-13.889775155624427
8555,True,"A3,B2,C3,D1,E1,F2",True,0.0,182209.82758496478,-6.5431033743377895
8556,True,"A3,B2,C3,D2,E1,F3",False,2.0,2350863.754949683,-14.98598327631558
8557,True,"A4,B2,C3,D2,E1,F2",False,2.0,140583.35616722927,-6.661741573710984
8558,True,"A4,B2,C3,D2,E2,F1",False,4.0,1272100.564758166,-11.959381976475555
8559,True,"A4,B2,C3,D2,E3,F2",False,3.0,2834140.073419625,-16.02468501466751
8560,True,"A3,B2,C3,D2,E1,F3",False,2.0,15867.514462899971,-3.7719624927297843
8561,True,"A3,B2,C3,D1,E1,F2",True,0.0,438111.61747787916,-8.426174708736312
8562,True,"A3,B2,C3,D2,E1,F3",False,2.0,204655.98976597172,-6.78219398899715
8563,True,"A3,B2,C3,D1,E1,F2",True,0.0,687268.762980635,-9.321142933385339
8564,True,"A3,B2,C3,D1,E1,F2",True,0.0,2220664.8542588614,-14.961338028562572
8565,True,"A4,B2,C3,D2,E3,F2",False,3.0,916670.5791401392,-10.686683522494675
8566,True,"A3,B2,C3,D2,E1,F1",False,2.0,2096652.6248064754,-12.714876158405303
8567,True,"A4,B2,C3,D2,E2,F1",False,4.0,2687229.398284021,-15.29880026840469
8568,True,"A3,B2,C3,D1,E1,F2",True,0.0,98283.3627320173,-6.776585187761427
8569,True,"A4,B2,C3,D2,E3,F2",False,3.0,805450.837827354,-11.835244674585063
8570,True,"A3,B2,C3,D1,E1,F1",False,1.0,45725.55415294017,-3.152684635145917
8571,True,"A4,B2,C3,D2,E3,F1",False,4.0,101938.35409253082,-7.991998418838364
8572,True,"A3,B2,C3,D1,E1,F2",True,0.0,288731.2672746844,-7.7711745836596435
8573,True,"A4,B2,C3,D2,E3,F1",False,4.0,643574.81948819,-11.055960467040407
8574,True,"A3,B2,C3,D2,E1,F2",False,1.0,3816178.870431994,-14.369995277422404
8575,True,"A3,B2,C3,D2,E1,F3",False,2.0,18658.427220816877,-3.5245046896116037
8576,True,"A3,B2,C3,D2,E1,F2",False,1.0,2651255.820483806,-13.633935945165739
8577,True,"A3,B2,C3,D2,E1,F2",False,1.0,3303923.2146107694,-15.41640550927324
8578,True,"A3,B2,C3,D2,E1,F3",False,2.0,6990.61247602181,-1.2439016219084635
8579,True,"A3,B2,C3,D2,E1,F3",False,2.0,264639.26490977587,-8.547372774745583
8580,True,"A3,B2,C3,D1,E1,F2",True,0.0,506963.02801263955,-8.957897087725769
8581,True,"A4,B2,C3,D2,E3,F2",False,3.0,569787.1048605065,-10.614716834612935
8582,True,"A3,B2,C3,D2,E1,F3",False,2.0,625860.0851333914,-9.078357678746691
8583,True,"A4,B2,C3,D2,E3,F2",False,3.0,1921665.714364418,-12.164293646715407
8584,True,"A3,B2,C3,D1,E1,F2",True,0.0,84830.47685423134,-5.249366967534456
8585,True,"A3,B2,C3,D2,E3,F3",False,3.0,2175554.196014081,-13.28575660715326
8586,True,"A4,B2,C3,D2,E3,F2",False,3.0,268632.2148860157,-7.604286326056354
8587,True,"A4,B2,C3,D2,E3,F2",False,3.0,1604430.9886661032,-12.658923050570266
8588,True,"A3,B2,C3,D2,E1,F2",False,1.0,3355380.5818174467,-13.351605717787024
8589,True,"A3,B2,C3,D1,E1,F2",True,0.0,24685.67268420939,-4.223738738779261
8590,True,"A4,B2,C3,D2,E3,F2",False,3.0,1500426.1376148756,-11.9517446256596
8591,True,"A3,B2,C3,D1,E1,F1",False,1.0,41569.76891390567,-4.675158994504784
8592,True,"A4,B2,C3,D2,E3,F1",False,4.0,37978.47578073924,-5.141245301701147
8593,True,"A3,B2,C3,D2,E1,F1",False,2.0,971582.4212904776,-10.826093453589898
8594,True,"A3,B2,C3,D1,E1,F1",False,1.0,197217.85971468154,-7.589091358844968
8595,True,"A4,B2,C3,D2,E3,F2",False,3.0,690884.2837906217,-11.034733500649793
8596,True,"A4,B2,C3,D2,E3,F1",False,4.0,116256.86714045858,-6.878482643226349
8597,True,"A3,B2,C3,D1,E1,F2",True,0.0,241423.79951489103,-7.440382816408572
8598,True,"A3,B2,C3,D1,E1,F1",False,1.0,387435.4248350741,-8.742804025779208
8599,True,"A3,B2,C3,D1,E1,F2",True,0.0,2940591.337697866,-12.810169068009976
8600,True,"A4,B2,C3,D2,E2,F1",False,4.0,209104.34675796985,-7.7218291752542285
8601,True,"A3,B2,C3,D2,E1,F2",False,1.0,3436995.3781224247,-16.444832574611823
8602,True,"A3,B2,C3,D2,E1,F3",False,2.0,625633.7696559299,-8.6758356875239
8603,True,"A3,B2,C3,D1,E1,F2",True,0.0,99976.77188674046,-5.216994686400582
8604,True,"A4,B2,C3,D2,E3,F2",False,3.0,515301.52067073015,-7.691292535585646
8605,True,"A3,B2,C3,D1,E1,F2",True,0.0,1174817.5352287064,-10.959467854969795
8606,True,"A3,B2,C3,D2,E1,F2",False,1.0,811582.4317293419,-10.596106621012083
8607,True,"A4,B2,C3,D2,E3,F2",False,3.0,415798.4554353709,-8.302852044503794
8608,True,"A4,B2,C3,D2,E3,F1",False,4.0,345195.8113548287,-8.906234107628464
8609,True,"A4,B2,C3,D2,E1,F2",False,2.0,586922.7837161616,-11.006687556217443
8610,True,"A4,B2,C3,D2,E3,F2",False,3.0,415408.95971495536,-10.510589884035412
8611,True,"A3,B2,C3,D1,E1,F2",True,0.0,1375638.8220390638,-11.082205848527991
8612,True,"A4,B2,C3,D2,E3,F1",False,4.0,167854.13518105575,-7.876707213299383
8613,True,"A3,B2,C3,D2,E1,F2",False,1.0,3734550.1650540205,-16.24417161499168
8614,True,"A4,B2,C3,D2,E3,F1",False,4.0,74061.33651641256,-6.476999384385962
8615,True,"A4,B2,C3,D2,E3,F2",False,3.0,141167.48757651966,-4.982411650607318
8616,True,"A3,B2,C3,D1,E1,F2",True,0.0,846821.5720198929,-11.11611027392184
8617,True,"A3,B2,C3,D2,E1,F1",False,2.0,1335361.9075464506,-11.88299321085573
8618,True,"A4,B2,C3,D2,E3,F2",False,3.0,356204.112830724,-8.02361154241973
8619,True,"A3,B2,C3,D2,E1,F1",False,2.0,1929265.076713833,-13.907514325055772
8620,True,"A4,B2,C3,D2,E3,F2",False,3.0,1347348.445614928,-12.257820857821443
8621,True,"A3,B2,C3,D1,E1,F2",True,0.0,83437.40915456809,-4.490918639141938
8622,True,"A3,B2,C3,D1,E1,F2",True,0.0,1423588.512508333,-11.909202363346544
8623,True,"A3,B2,C3,D1,E1,F1",False,1.0,12414.603113299838,-3.049772657305226
8624,True,"A3,B2,C3,D1,E1,F1",False,1.0,35084.763832971665,-4.867525995943183
8625,True,"A3,B2,C3,D1,E1,F2",True,0.0,154355.41601480654,-5.79418742899648
8626,True,"A3,B2,C3,D2,E1,F1",False,2.0,1579702.4651002411,-12.12724568525546
8627,True,"A4,B2,C3,D2,E3,F1",False,4.0,109654.6534518477,-6.293449526738499
8628,True,"A3,B2,C3,D2,E1,F3",False,2.0,192198.43885747727,-6.860031692194411
8629,True,"A4,B2,C3,D2,E1,F2",False,2.0,353925.7650234507,-10.488588840689673
8630,True,"A4,B2,C3,D2,E3,F2",False,3.0,45107.86186595342,-3.8528242528270624
8631,True,"A3,B2,C3,D2,E1,F2",False,1.0,1062765.4773063993,-10.884622626783155
8632,True,"A4,B2,C3,D2,E3,F2",False,3.0,53745.45406027896,-6.618759586541856
8633,True,"A3,B2,C3,D2,E1,F2",False,1.0,2409604.1959221703,-13.288400674867319
8634,True,"A4,B2,C3,D2,E3,F2",False,3.0,747300.4748499731,-12.873815654916562
8635,True,"A3,B2,C3,D2,E1,F1",False,2.0,620341.5152617365,-10.819886963737403
8636,True,"A4,B2,C3,D2,E3,F1",False,4.0,1459232.900463947,-13.46157759144868
8637,True,"A3,B2,C3,D1,E1,F2",True,0.0,317772.18698171986,-9.864419396442628
8638,True,"A3,B2,C3,D1,E1,F2",True,0.0,2878350.079674761,-13.266610400854397
8639,True,"A3,B2,C3,D2,E1,F3",False,2.0,226744.16967890918,-7.368311200320576
8640,True,"A3,B2,C3,D1,E1,F2",True,0.0,513666.7916074255,-8.653889284327576
8641,True,"A4,B2,C3,D2,E3,F2",False,3.0,76753.77227768107,-5.4814832272346194
8642,True,"A4,B2,C3,D2,E3,F2",False,3.0,325766.12777004746,-7.242458094251134
8643,True,"A4,B2,C3,D2,E2,F1",False,4.0,189623.51216449056,-7.07894354605628
8644,True,"A3,B2,C3,D2,E1,F3",False,2.0,43482.72360281022,-3.979047176595671
8645,True,"A3,B2,C3,D1,E1,F2",True,0.0,1588407.4982756665,-12.179809213429579
8646,True,"A4,B2,C3,D2,E3,F2",False,3.0,56981.489182684185,-3.876991764159712
8647,True,"A4,B2,C3,D2,E3,F2",False,3.0,92157.45279216235,-5.9118919159107435
8648,True,"A3,B2,C3,D2,E1,F2",False,1.0,4058662.2317783977,-14.741719124740527
8649,True,"A3,B2,C3,D2,E1,F3",False,2.0,1965936.8337491932,-13.335024697923323
8650,True,"A3,B2,C3,D2,E1,F3",False,2.0,12475.358130698567,-2.79168407112374
8651,True,"A3,B2,C3,D2,E1,F2",False,1.0,2254645.318040661,-13.45464560813572
8652,True,"A3,B2,C3,D1,E1,F2",True,0.0,1105439.0610577147,-12.709491512154969
8653,True,"A3,B2,C3,D2,E1,F1",False,2.0,1774784.0809864607,-12.449361317228714
8654,True,"A3,B2,C3,D1,E1,F2",True,0.0,1351836.7406588716,-11.40241425601645
8655,True,"A4,B2,C3,D2,E3,F2",False,3.0,1659572.402126809,-13.91387983971007
8656,True,"A3,B2,C3,D2,E1,F3",False,2.0,453348.91144110035,-10.76903346146186
8657,True,"A3,B2,C3,D1,E1,F2",True,0.0,209537.9458763115,-6.655608262510071
8658,True,"A4,B2,C3,D2,E2,F1",False,4.0,1112093.8523039867,-12.398510646343738
8659,True,"A4,B2,C3,D2,E3,F2",False,3.0,236030.6038393837,-7.539357743855618
8660,True,"A4,B2,C3,D2,E3,F2",False,3.0,903989.6659243853,-10.292069929968235
8661,True,"A3,B2,C3,D2,E1,F1",False,2.0,700075.3486894543,-9.194045459037014
8662,True,"A4,B2,C3,D2,E2,F1",False,4.0,106111.2986903716,-6.958722008422981
8663,True,"A3,B2,C3,D2,E1,F2",False,1.0,3350163.8157966826,-15.180468152810235
8664,True,"A4,B2,C3,D2,E3,F2",False,3.0,2177673.8886811766,-12.805897718987438
8665,True,"A4,B2,C3,D2,E2,F1",False,4.0,8404.569082597543,-1.6431450010822317
8666,True,"A3,B2,C3,D2,E1,F2",False,1.0,1813419.889305335,-12.664852486472917
8667,True,"A4,B2,C3,D2,E3,F2",False,3.0,767910.9256885841,-10.197557616630021
8668,True,"A4,B2,C3,D2,E3,F1",False,4.0,91679.06285460739,-6.357701703106599
8669,True,"A4,B2,C3,D2,E3,F1",False,4.0,48902.41506284498,-5.365151671569791
8670,True,"A3,B2,C3,D2,E1,F2",False,1.0,1849252.290008053,-13.297211942666863
8671,True,"A3,B2,C3,D1,E1,F2",True,0.0,702729.117184388,-9.664231366666591
8672,True,"A3,B2,C3,D2,E1,F3",False,2.0,1358403.8723056687,-12.717776360230943
8673,True,"A3,B2,C3,D1,E1,F2",True,0.0,1532231.3453456166,-11.73851590307779
8674,True,"A3,B2,C3,D1,E1,F2",True,0.0,992685.949569908,-10.54259040343478
8675,True,"A4,B2,C3,D2,E3,F1",False,4.0,493545.60061759327,-10.851548614394794
8676,True,"A3,B2,C3,D1,E1,F2",True,0.0,370476.47672867746,-8.301753425545002
8677,True,"A3,B2,C3,D2,E1,F1",False,2.0,248453.9960403042,-9.313256255048586
8678,True,"A3,B2,C3,D2,E1,F3",False,2.0,701009.2432054313,-10.87481874074912
8679,True,"A4,B2,C3,D2,E3,F2",False,3.0,2023187.6526791495,-14.954158130459057
8680,True,"A3,B2,C3,D1,E1,F2",True,0.0,132060.91360182042,-6.728557296585109
8681,True,"A3,B2,C3,D2,E1,F2",False,1.0,3982378.4138206355,-15.361936830031908
8682,True,"A3,B2,C3,D2,E5,F3",False,3.0,10842.820489209647,-3.120942867805553
8683,True,"A3,B2,C3,D1,E1,F1",False,1.0,24483.291014919963,-3.8379306863894556
8684,True,"A3,B2,C3,D2,E1,F1",False,2.0,236846.22598109423,-6.523145682573372
8685,True,"A3,B2,C3,D1,E1,F2",True,0.0,20432.670838639468,-2.908693312095778
8686,True,"A3,B2,C3,D1,E1,F2",True,0.0,55555.458381209784,-3.3192955774380835
8687,True,"A3,B2,C3,D2,E1,F2",False,1.0,2218542.246644822,-13.23361963799966
8688,True,"A4,B2,C3,D2,E3,F2",False,3.0,1341110.5871806282,-12.802947432201748
8689,True,"A3,B2,C3,D1,E1,F2",True,0.0,206737.63089117993,-7.660462533646879
8690,True,"A3,B2,C3,D1,E1,F2",True,0.0,994722.1206587114,-11.099080256732172
8691,True,"A3,B2,C3,D1,E1,F2",True,0.0,15615.963741437758,-3.2884154635348466
8692,True,"A3,B2,C3,D2,E1,F1",False,2.0,1201430.5581577579,-12.441010853868377
8693,True,"A3,B2,C3,D1,E1,F2",True,0.0,428508.0447749514,-8.092145345396503
8694,True,"A3,B2,C3,D1,E1,F2",True,0.0,2181160.9773888104,-14.124839778352843
8695,True,"A4,B2,C3,D2,E2,F1",False,4.0,88948.19645833937,-5.514663611710091
8696,True,"A4,B2,C3,D2,E3,F2",False,3.0,2339660.2621006435,-15.918915399548062
8697,True,"A4,B2,C3,D2,E3,F1",False,4.0,460164.050754751,-8.572968427780609
8698,True,"A4,B2,C3,D2,E3,F1",False,4.0,39331.87201866212,-5.117920642460035
8699,True,"A4,B2,C3,D2,E2,F1",False,4.0,3109480.3455762346,-16.10347340788443
8700,True,"A3,B2,C3,D2,E1,F1",False,2.0,937991.1537349037,-11.070438741971117
8701,True,"A3,B2,C3,D2,E1,F1",False,2.0,777165.1152295466,-11.643993296969334
8702,True,"A3,B2,C3,D2,E1,F3",False,2.0,16202.908730283185,-3.3636808432032836
8703,True,"A4,B2,C3,D2,E2,F1",False,4.0,422366.0895872275,-10.248073200992039
8704,True,"A4,B2,C3,D2,E3,F2",False,3.0,72376.49204010617,-4.8741097749825855
8705,True,"A3,B2,C3,D1,E1,F2",True,0.0,24278.04314137717,-4.3577180196116245
8706,True,"A3,B2,C3,D2,E1,F3",False,2.0,342263.9117117088,-7.43380640346885
8707,True,"A3,B2,C3,D2,E1,F2",False,1.0,1145362.95334859,-10.654354176030083
8708,True,"A3,B2,C3,D1,E1,F2",True,0.0,1028965.6031830296,-10.962326720092157
8709,True,"A3,B2,C3,D2,E1,F3",False,2.0,1013990.1003328153,-11.727555067189321
8710,True,"A4,B2,C3,D2,E3,F2",False,3.0,784554.4429065986,-11.475977406139585
8711,True,"A4,B2,C3,D2,E3,F2",False,3.0,245136.46926542078,-8.765784215820545
8712,True,"A3,B2,C3,D1,E1,F2",True,0.0,171109.7979482453,-6.316611727553692
8713,True,"A3,B2,C3,D2,E1,F2",False,1.0,2612642.8552906155,-13.481999656737159
8714,True,"A3,B2,C3,D1,E1,F2",True,0.0,429367.2162183314,-7.48347241568689
8715,True,"A4,B2,C3,D2,E3,F2",False,3.0,220300.74523792558,-7.242863034004827
8716,True,"A3,B2,C3,D1,E1,F2",True,0.0,1236458.19007037,-10.54185489762807
8717,True,"A4,B2,C3,D2,E3,F2",False,3.0,1684076.4655819435,-14.018965114999538
8718,True,"A3,B2,C3,D2,E1,F3",False,2.0,15039.00408872042,-3.064530970746418
8719,True,"A3,B2,C3,D1,E1,F2",True,0.0,374440.5729560759,-6.69405435024305
8720,True,"A3,B2,C3,D2,E1,F2",False,1.0,3198713.943320355,-15.477360255132588
8721,True,"A4,B2,C3,D2,E3,F2",False,3.0,324848.62102014694,-8.392392663959967
8722,True,"A4,B2,C3,D2,E3,F2",False,3.0,557069.5777228505,-9.298312955460716
8723,True,"A4,B2,C3,D2,E3,F2",False,3.0,1549683.8922110086,-12.524848232668141
8724,True,"A4,B2,C3,D2,E3,F2",False,3.0,127085.7580398674,-6.143947808585324
8725,True,"A4,B2,C3,D2,E3,F1",False,4.0,9406.304060644847,-2.8573660154530245
8726,True,"A4,B2,C3,D2,E3,F1",False,4.0,95025.79115898925,-6.726915143690832
8727,True,"A3,B2,C3,D2,E1,F2",False,1.0,5475401.217339659,-15.987212410679994
8728,True,"A3,B2,C3,D2,E1,F1",False,2.0,2621853.6569168097,-14.592607875244994
8729,True,"A3,B2,C3,D2,E1,F2",False,1.0,3673658.505754121,-15.253647738284599
8730,True,"A4,B2,C3,D2,E3,F2",False,3.0,368890.02078603185,-9.044578801479489
8731,True,"A3,B2,C3,D2,E1,F1",False,2.0,1935094.0869805226,-12.867109558282216
8732,True,"A3,B2,C3,D2,E1,F3",False,2.0,2916923.953067778,-15.624372991768517
8733,True,"A4,B2,C3,D2,E3,F2",False,3.0,90473.6226429111,-6.127344339273662
8734,True,"A3,B2,C3,D2,E1,F3",False,2.0,52252.35449931185,-3.6608438035892874
8735,True,"A3,B2,C3,D2,E1,F1",False,2.0,2039486.1420105253,-12.794475944874982
8736,True,"A3,B2,C3,D2,E1,F3",False,2.0,3377686.8814659147,-14.902809286649756
8737,True,"A3,B2,C3,D2,E1,F1",False,2.0,1177672.8138578138,-11.229602694159212
8738,True,"A4,B2,C3,D2,E3,F2",False,3.0,3646395.1939865863,-16.676758434216715
8739,True,"A4,B2,C3,D2,E3,F1",False,4.0,453957.0361313576,-10.506583420142547
8740,True,"A4,B2,C3,D2,E3,F1",False,4.0,104069.66232897007,-7.30603352105085
8741,True,"A3,B2,C3,D2,E1,F3",False,2.0,1121199.3424556085,-11.52349957582868
8742,True,"A3,B2,C3,D2,E1,F2",False,1.0,1740788.830618484,-12.051991431282211
8743,True,"A3,B2,C3,D1,E1,F2",True,0.0,55518.919992414885,-3.8408685281294623
8744,True,"A3,B2,C3,D2,E1,F3",False,2.0,980487.6496972177,-11.643803351326135
8745,True,"A3,B2,C3,D2,E1,F2",False,1.0,1740253.5131642376,-12.18602985288242
8746,True,"A4,B2,C3,D2,E3,F2",False,3.0,147282.97587270805,-6.463749900557332
8747,True,"A3,B2,C3,D1,E1,F2",True,0.0,139091.6631056112,-5.766050141695828
8748,True,"A3,B2,C3,D2,E1,F2",False,1.0,3987887.711616691,-15.630271000213575
8749,True,"A3,B2,C3,D1,E1,F2",True,0.0,3095527.3502114736,-15.57690166385337
8750,True,"A3,B2,C3,D1,E1,F2",True,0.0,216300.83779406207,-6.371202743890507
8751,True,"A3,B2,C3,D2,E1,F3",False,2.0,3147566.4293701095,-16.344117806398614
8752,True,"A3,B2,C3,D2,E1,F3",False,2.0,899049.683749777,-9.39257546000431
8753,True,"A3,B2,C3,D2,E1,F3",False,2.0,14440.242571325423,-2.513338991311983
8754,True,"A3,B2,C3,D1,E1,F2",True,0.0,896172.7396153144,-10.429278765988776
8755,True,"A4,B2,C3,D2,E3,F2",False,3.0,360679.3651875981,-6.7710325041023225
8756,True,"A3,B2,C3,D2,E1,F1",False,2.0,502085.0878965988,-10.219295102765187
8757,True,"A3,B2,C3,D2,E1,F3",False,2.0,2177725.8072680756,-12.515527269402568
8758,True,"A4,B2,C3,D2,E3,F2",False,3.0,303598.40652159444,-8.538842943541141
8759,True,"A3,B2,C3,D2,E1,F3",False,2.0,606983.0074655392,-8.416002117471436
8760,True,"A3,B2,C3,D1,E1,F1",False,1.0,42927.4786924441,-4.605487333142889
8761,True,"A3,B2,C3,D1,E1,F2",True,0.0,1874652.8247931139,-12.71927674254281
8762,True,"A3,B2,C3,D1,E1,F2",True,0.0,387197.5097175958,-7.395388532770994
8763,True,"A4,B2,C3,D2,E3,F2",False,3.0,1675288.5573632985,-11.95627876010957
8764,True,"A4,B2,C3,D2,E3,F2",False,3.0,2386683.0329256332,-14.771714930482865
8765,True,"A3,B2,C3,D1,E1,F2",True,0.0,631706.1504441279,-10.214209206115086
8766,True,"A3,B2,C3,D2,E1,F2",False,1.0,2181297.8894101004,-13.429316964356303
8767,True,"A3,B2,C3,D1,E1,F2",True,0.0,224733.74980712673,-7.4941639829316955
8768,True,"A3,B2,C3,D2,E1,F2",False,1.0,1778979.3022128649,-12.550398415155499
8769,True,"A3,B2,C3,D1,E1,F2",True,0.0,1750137.8550387996,-11.605630140873686
8770,True,"A3,B2,C3,D1,E1,F1",False,1.0,101331.34634790418,-6.398196373407913
8771,True,"A3,B2,C3,D1,E1,F2",True,0.0,251914.5777545342,-8.203003510086887
8772,True,"A4,B2,C3,D2,E3,F2",False,3.0,380561.91105309775,-9.423702740597818
8773,True,"A4,B2,C3,D2,E3,F1",False,4.0,122663.3930324288,-7.8172856369242965
8774,True,"A3,B2,C3,D2,E1,F1",False,2.0,1644483.2780058596,-12.906052209230864
8775,True,"A3,B2,C3,D1,E1,F2",True,0.0,948157.0856798495,-12.103660261888116
8776,True,"A4,B2,C3,D2,E3,F2",False,3.0,2547262.842694366,-13.380947251504757
8777,True,"A3,B2,C3,D1,E1,F2",True,0.0,823455.1772597579,-11.654201583409453
8778,True,"A3,B2,C3,D2,E1,F3",False,2.0,68223.10554984862,-3.6017976509898375
8779,True,"A3,B2,C3,D2,E1,F2",False,1.0,1835806.0325757717,-12.451530880089301
8780,True,"A3,B2,C3,D2,E1,F3",False,2.0,1036670.0336286229,-10.519576752616182
8781,True,"A4,B2,C3,D2,E3,F1",False,4.0,115512.47434247559,-7.576939981701912
8782,True,"A4,B2,C3,D2,E3,F1",False,4.0,31860.63292446592,-5.521511081559211
8783,True,"A4,B2,C3,D2,E3,F1",False,4.0,40034.92483444808,-4.977113675757224
8784,True,"A3,B2,C3,D2,E1,F2",False,1.0,1068058.2728424855,-12.167784221721327
8785,True,"A3,B2,C3,D1,E1,F1",False,1.0,34966.686528809216,-4.970171502699486
8786,True,"A3,B2,C3,D2,E1,F2",False,1.0,1304337.0579210098,-10.529412561614542
8787,True,"A4,B2,C3,D2,E3,F1",False,4.0,2083338.993493408,-15.750281368729425
8788,True,"A3,B2,C3,D2,E1,F3",False,2.0,1235442.9565498105,-11.802911810969498
8789,True,"A3,B2,C3,D2,E1,F1",False,2.0,2198393.104277086,-14.098428320121187
8790,True,"A3,B2,C3,D2,E1,F3",False,2.0,416351.6588264462,-8.873162039016648
8791,True,"A3,B2,C3,D2,E1,F3",False,2.0,2126742.273666005,-13.33021261038725
8792,True,"A3,B2,C3,D2,E1,F1",False,2.0,440824.75438305305,-8.944973981827914
8793,True,"A3,B2,C3,D1,E1,F2",True,0.0,721278.230479122,-9.79421615614222
8794,True,"A4,B2,C3,D2,E3,F2",False,3.0,802195.8319155368,-11.251349173209029
8795,True,"A4,B2,C3,D2,E3,F1",False,4.0,20832.378828085693,-4.935546241219868
8796,True,"A4,B2,C3,D2,E3,F1",False,4.0,18374.23364488881,-4.762198604096227
8797,True,"A4,B2,C3,D2,E3,F1",False,4.0,1990019.166182923,-14.599761694047125
8798,True,"A3,B2,C3,D1,E1,F2",True,0.0,274751.4145598993,-7.17117085400514
8799,True,"A4,B2,C3,D2,E1,F2",False,2.0,191808.36058157487,-8.500659863891087
8800,True,"A3,B2,C3,D2,E1,F1",False,2.0,274123.92115340196,-8.01567347618952
8801,True,"A4,B2,C3,D2,E2,F1",False,4.0,1023996.8996290235,-11.5803958780116
8802,True,"A4,B2,C3,D2,E1,F1",False,3.0,83543.5823620681,-6.836763111876451
8803,True,"A3,B2,C3,D2,E1,F3",False,2.0,2914200.5691640107,-13.710367171841526
8804,True,"A3,B2,C3,D1,E1,F2",True,0.0,835809.4983824963,-10.90293690740063
8805,True,"A3,B2,C3,D1,E1,F2",True,0.0,3345703.784005621,-15.72834782809091
8806,True,"A4,B2,C3,D2,E3,F2",False,3.0,3172858.668039873,-15.439796737780782
8807,True,"A4,B2,C3,D2,E3,F2",False,3.0,1956012.428378233,-14.458989806507184
8808,True,"A3,B2,C3,D2,E1,F1",False,2.0,807273.0207515565,-10.870816145915683
8809,True,"A3,B2,C3,D2,E1,F2",False,1.0,1905132.548833141,-13.50485517925273
8810,True,"A3,B2,C3,D1,E1,F2",True,0.0,2473145.5595561587,-13.676708933433972
8811,True,"A4,B2,C3,D2,E3,F1",False,4.0,436684.592616754,-8.521604029073735
8812,True,"A4,B2,C3,D2,E3,F1",False,4.0,523521.2345249297,-11.205801446920802
8813,True,"A4,B2,C3,D2,E3,F1",False,4.0,316524.6212944819,-9.050741360400721
8814,True,"A3,B2,C3,D2,E1,F3",False,2.0,6251.604648309796,-2.6963681876181766
8815,True,"A4,B2,C3,D2,E3,F2",False,3.0,547396.7493223125,-10.840942634297491
8816,True,"A3,B2,C3,D2,E1,F1",False,2.0,695276.8702153596,-9.819466403516813
8817,True,"A4,B2,C3,D2,E2,F2",False,3.0,828681.5642931104,-11.069471349889959
8818,True,"A3,B2,C3,D1,E1,F2",True,0.0,1027457.2421847462,-10.346492388644393
8819,True,"A3,B2,C3,D1,E1,F2",True,0.0,604775.3953814051,-10.008479209700454
8820,True,"A4,B2,C3,D2,E3,F2",False,3.0,1000305.6291678194,-10.729454110796667
8821,True,"A3,B2,C3,D2,E1,F1",False,2.0,1458680.1104509633,-12.779117875610666
8822,True,"A4,B2,C3,D2,E2,F1",False,4.0,444458.3828390392,-8.29303392183185
8823,True,"A3,B2,C3,D2,E1,F1",False,2.0,1885735.0444027744,-13.440080485075399
8824,True,"A4,B2,C3,D2,E3,F2",False,3.0,1669723.4244864068,-11.377441953741702
8825,True,"A3,B2,C3,D1,E1,F2",True,0.0,341543.5508806083,-7.9480649948700375
8826,True,"A3,B2,C3,D2,E1,F3",False,2.0,110510.97071630259,-5.898513964451851
8827,True,"A3,B2,C3,D2,E1,F3",False,2.0,2164198.339941382,-13.392846994393338
8828,True,"A3,B2,C3,D2,E1,F3",False,2.0,2007942.5744697743,-13.520541362963385
8829,True,"A3,B2,C3,D1,E1,F2",True,0.0,179993.8350486497,-5.463613119924972
8830,True,"A3,B2,C3,D1,E1,F1",False,1.0,3680.925393985122,-0.9362283737388708
8831,True,"A3,B2,C3,D1,E1,F2",True,0.0,40026.3263225699,-3.9215997917270187
8832,True,"A4,B2,C3,D2,E3,F2",False,3.0,415454.7263030306,-10.491092251217054
8833,True,"A4,B2,C3,D2,E3,F1",False,4.0,292392.2072891205,-8.293750248601782
8834,True,"A4,B2,C3,D2,E3,F1",False,4.0,4667.050814164749,-2.8895607721240424
8835,True,"A3,B2,C3,D1,E1,F2",True,0.0,806002.8337775732,-11.770484702413022
8836,True,"A4,B2,C3,D2,E3,F1",False,4.0,22828.933931183114,-4.378336078598267
8837,True,"A3,B2,C3,D1,E1,F2",True,0.0,429636.59732113883,-8.010883897599044
8838,True,"A3,B2,C3,D1,E1,F2",True,0.0,1802152.2268578622,-13.313663089384178
8839,True,"A4,B2,C3,D2,E3,F1",False,4.0,51088.779784227234,-5.486147301100885
8840,True,"A3,B2,C3,D2,E1,F3",False,2.0,2457330.183693131,-13.097333397360593
8841,True,"A4,B2,C3,D2,E3,F2",False,3.0,2095935.48849232,-15.044564731478275
8842,True,"A3,B2,C3,D2,E1,F1",False,2.0,316705.9132787332,-7.873535769949385
8843,True,"A3,B2,C3,D2,E1,F1",False,2.0,137942.7390846289,-7.5646517749284925
8844,True,"A3,B2,C3,D1,E1,F1",False,1.0,132496.952748791,-8.199108043383802
8845,True,"A3,B2,C3,D1,E1,F2",True,0.0,1080216.2157958176,-10.818623230835193
8846,True,"A3,B2,C3,D2,E1,F1",False,2.0,3492685.155597854,-15.939419507497782
8847,True,"A4,B2,C3,D2,E3,F1",False,4.0,46664.12938038381,-5.376469621045771
8848,True,"A3,B2,C3,D2,E1,F1",False,2.0,901828.9255201141,-11.451755793856712
8849,True,"A3,B2,C3,D2,E1,F3",False,2.0,337329.7026032496,-8.26795419581076
8850,True,"A3,B2,C3,D2,E1,F2",False,1.0,1143905.078380524,-12.312180591858969
8851,True,"A3,B2,C3,D1,E1,F2",True,0.0,829424.4236828573,-11.242289151010404
8852,True,"A4,B2,C3,D2,E3,F1",False,4.0,96292.24501046898,-6.354724657171047
8853,True,"A4,B2,C3,D2,E3,F2",False,3.0,162292.78463163032,-6.049874830569948
8854,True,"A4,B2,C3,D2,E3,F2",False,3.0,3497780.235821473,-14.931058205239715
8855,True,"A3,B2,C3,D2,E1,F3",False,2.0,177166.8717754732,-7.823834676568907
8856,True,"A3,B2,C3,D2,E1,F3",False,2.0,614683.5219504861,-10.236627761615097
8857,True,"A3,B2,C3,D1,E1,F2",True,0.0,213079.3102278761,-7.058837403395714
8858,True,"A3,B2,C3,D2,E1,F2",False,1.0,2965711.0370513867,-13.64850060963012
8859,True,"A3,B2,C3,D1,E1,F2",True,0.0,157232.60446565275,-8.050933806808146
8860,True,"A3,B2,C3,D2,E1,F3",False,2.0,17897.217627358994,-2.429487007827589
8861,True,"A4,B2,C3,D2,E3,F1",False,4.0,195591.4078674077,-7.119650761902122
8862,True,"A3,B2,C3,D1,E1,F2",True,0.0,172030.6701569089,-6.946187937396388
8863,True,"A3,B2,C3,D2,E1,F2",False,1.0,4536115.549766526,-16.36110037806195
8864,True,"A4,B2,C3,D2,E3,F2",False,3.0,233196.8933144128,-7.844094602497307
8865,True,"A3,B2,C3,D1,E1,F1",False,1.0,692696.9880740859,-11.189621370602175
8866,True,"A3,B2,C3,D1,E1,F2",True,0.0,424626.1876548446,-8.9391684523317
8867,True,"A3,B2,C3,D2,E1,F2",False,1.0,2166771.2673389544,-12.870494504574019
8868,True,"A3,B2,C3,D2,E1,F2",False,1.0,1205620.6693622856,-10.259523044608585
8869,True,"A3,B2,C3,D2,E1,F3",False,2.0,1456098.121879623,-11.505817070901315
8870,True,"A4,B2,C3,D2,E3,F2",False,3.0,1250551.2927296837,-13.061245088161058
8871,True,"A3,B2,C3,D2,E1,F3",False,2.0,2486.20022903936,-1.0507709142147519
8872,True,"A4,B2,C3,D2,E3,F1",False,4.0,130552.13956285747,-7.138040672292433
8873,True,"A3,B2,C3,D1,E1,F1",False,1.0,62223.235888787814,-5.96497012480701
8874,True,"A4,B2,C3,D2,E3,F2",False,3.0,690940.471706525,-9.347880758416117
8875,True,"A4,B2,C3,D2,E3,F2",False,3.0,215445.31044540714,-7.419353983993531
8876,True,"A3,B2,C3,D2,E1,F2",False,1.0,572047.3632599601,-8.113722781092207
8877,True,"A3,B2,C3,D2,E1,F2",False,1.0,2871264.9673635433,-13.679496604833915
8878,True,"A4,B2,C3,D2,E3,F2",False,3.0,57612.78702249463,-5.0795314445268644
8879,True,"A3,B2,C3,D1,E1,F2",True,0.0,61573.07821572885,-5.006791823315993
8880,True,"A4,B2,C3,D2,E2,F1",False,4.0,822710.3460434102,-10.804936916557821
8881,True,"A3,B2,C3,D1,E1,F2",True,0.0,16423.275246442627,-3.6924700423842722
8882,True,"A4,B2,C3,D2,E3,F2",False,3.0,534621.0226048054,-10.745027807435065
8883,True,"A3,B2,C3,D2,E1,F3",False,2.0,2038649.0996810799,-13.233681002298646
8884,True,"A3,B2,C3,D1,E1,F2",True,0.0,1045091.7263939098,-9.41816041499586
8885,True,"A3,B2,C3,D1,E1,F1",False,1.0,73938.32539979456,-5.883911019119267
8886,True,"A4,B2,C3,D2,E3,F2",False,3.0,46517.84172839289,-4.380757873251568
8887,True,"A4,B2,C3,D2,E3,F2",False,3.0,2651014.6963088773,-12.70127749469524
8888,True,"A3,B2,C3,D2,E1,F2",False,1.0,3598251.3563985797,-12.962355777606312
8889,True,"A4,B2,C3,D2,E3,F2",False,3.0,383747.8078525385,-7.433153407243381
8890,True,"A3,B2,C3,D2,E1,F3",False,2.0,13514.58387051039,-3.780888933169095
8891,True,"A4,B2,C3,D2,E3,F1",False,4.0,498687.4258435058,-10.951393320275287
8892,True,"A3,B2,C3,D1,E1,F2",True,0.0,258980.94862848194,-6.122922282287902
8893,True,"A3,B2,C3,D1,E1,F2",True,0.0,646836.6822364005,-10.163538433620019
8894,True,"A3,B2,C3,D2,E1,F2",False,1.0,2586855.6955874003,-12.586298157381876
8895,True,"A3,B2,C3,D2,E1,F2",False,1.0,461915.6902092338,-10.325313952473465
8896,True,"A4,B2,C3,D2,E3,F2",False,3.0,335694.54264501133,-9.870922521840939
8897,True,"A3,B2,C3,D1,E1,F2",True,0.0,1115699.8680004608,-9.971180072376079
8898,True,"A3,B2,C3,D1,E1,F2",True,0.0,251046.38102645878,-8.21197461080007
8899,True,"A3,B2,C3,D2,E1,F1",False,2.0,2810506.9239283074,-14.62544708143075
8900,True,"A3,B2,C3,D1,E1,F2",True,0.0,2695162.570686576,-13.583937552617357
8901,True,"A4,B2,C3,D2,E3,F1",False,4.0,95715.23877167312,-6.728730668272661
8902,True,"A3,B2,C3,D2,E1,F3",False,2.0,2428649.6314428137,-15.018829879160421
8903,True,"A3,B2,C3,D2,E1,F3",False,2.0,1271930.63675475,-11.980849086183653
8904,True,"A3,B2,C3,D2,E1,F3",False,2.0,1491586.0866068688,-11.771494784056337
8905,True,"A4,B2,C3,D2,E3,F2",False,3.0,524570.3259621318,-9.909374816313402
8906,True,"A3,B2,C3,D2,E1,F3",False,2.0,902079.4803336012,-11.241642535143463
8907,True,"A4,B2,C3,D2,E2,F1",False,4.0,569380.2399922962,-9.339743969838665
8908,True,"A3,B2,C3,D1,E1,F2",True,0.0,890742.5463594309,-12.497067670862428
8909,True,"A4,B2,C3,D2,E3,F2",False,3.0,1604185.036104579,-13.765314792608343
8910,True,"A4,B2,C3,D2,E2,F1",False,4.0,903363.1489100484,-10.072819189831776
8911,True,"A3,B2,C3,D2,E1,F2",False,1.0,1747892.3739654643,-11.575030114075787
8912,True,"A3,B2,C3,D2,E1,F3",False,2.0,1730560.1366906937,-11.110526293344918
8913,True,"A3,B2,C3,D2,E5,F3",False,3.0,7029.731994867025,-2.3159869653652976
8914,True,"A3,B2,C3,D2,E1,F3",False,2.0,462947.4253031335,-8.154039791164536
8915,True,"A3,B2,C3,D2,E1,F1",False,2.0,1604864.3674318925,-12.89895285074553
8916,True,"A3,B2,C3,D2,E1,F3",False,2.0,179876.9845747988,-6.159198222617604
8917,True,"A3,B2,C3,D1,E1,F2",True,0.0,217800.18650090217,-5.883388053166925
8918,True,"A3,B2,C3,D2,E1,F2",False,1.0,4990432.447463453,-16.367440214719977
8919,True,"A3,B2,C3,D2,E1,F1",False,2.0,2579108.0900135254,-13.593456270132513
8920,True,"A4,B2,C3,D2,E3,F2",False,3.0,3009587.8219276206,-15.415417097374572
8921,True,"A3,B2,C3,D1,E1,F2",True,0.0,3774969.93956093,-14.208715592116768
8922,True,"A4,B2,C3,D2,E2,F1",False,4.0,219752.84334618042,-8.656726942112286
8923,True,"A3,B2,C3,D2,E1,F3",False,2.0,10612.122634639187,-2.1005248295977594
8924,True,"A3,B2,C3,D2,E1,F3",False,2.0,174225.5168450714,-6.919201765671872
8925,True,"A3,B2,C3,D1,E1,F2",True,0.0,118969.59078676655,-4.869557630567968
8926,True,"A4,B2,C3,D2,E3,F2",False,3.0,411407.51439595915,-9.608018446953807
8927,True,"A4,B2,C3,D2,E3,F2",False,3.0,1027350.2399065609,-11.642141169464935
8928,True,"A3,B2,C3,D2,E1,F2",False,1.0,466478.329083064,-8.475123578402048
8929,True,"A4,B2,C3,D2,E2,F1",False,4.0,160587.03803390873,-6.701150829136324
8930,True,"A3,B2,C3,D2,E1,F2",False,1.0,3146381.4792540865,-13.630263495548533
8931,True,"A3,B2,C3,D1,E1,F2",True,0.0,405042.2654743468,-8.797461315803474
8932,True,"A4,B2,C3,D2,E3,F2",False,3.0,334143.45275670075,-8.472498373687998
8933,True,"A3,B2,C3,D2,E1,F1",False,2.0,1711866.1144408146,-13.054362499958714
8934,True,"A4,B2,C3,D2,E3,F2",False,3.0,232768.69803452204,-7.987176897146355
8935,True,"A3,B2,C3,D1,E1,F2",True,0.0,2072124.7058223113,-11.89743124831152
8936,True,"A3,B2,C3,D1,E1,F2",True,0.0,118355.07614919238,-4.771020198914897
8937,True,"A3,B2,C3,D1,E1,F2",True,0.0,131151.31776264415,-4.748057378455684
8938,True,"A4,B2,C3,D2,E3,F1",False,4.0,30750.002930329738,-6.0680196747100155
8939,True,"A3,B2,C3,D1,E1,F2",True,0.0,1319829.2679300776,-10.832924401930839
8940,True,"A3,B2,C3,D2,E1,F3",False,2.0,87832.68870543609,-6.420978526748513
8941,True,"A4,B2,C3,D2,E2,F1",False,4.0,226785.53114885034,-7.066748512665356
8942,True,"A3,B2,C3,D2,E1,F3",False,2.0,144830.8782805103,-5.8397819451040505
8943,True,"A4,B2,C3,D2,E3,F2",False,3.0,1064332.0891536986,-10.493636770843295
8944,True,"A4,B2,C3,D2,E2,F1",False,4.0,12819.549694572164,-3.7524132374868344
8945,True,"A4,B2,C3,D2,E2,F1",False,4.0,30162.718892457626,-4.4533712223318105
8946,True,"A3,B2,C3,D2,E1,F3",False,2.0,97051.84894185147,-6.347602501379967
8947,True,"A3,B2,C3,D2,E1,F3",False,2.0,20292.94653503715,-3.3576965943850468
8948,True,"A4,B2,C3,D2,E3,F2",False,3.0,412387.6422753903,-8.715204436670945
8949,True,"A4,B2,C3,D2,E3,F1",False,4.0,8910.319446442973,-4.145446296480472
8950,True,"A3,B2,C3,D1,E1,F2",True,0.0,253027.2139649141,-7.411816422684311
8951,True,"A3,B2,C3,D1,E1,F1",False,1.0,28108.139523148384,-3.660870545952605
8952,True,"A3,B2,C3,D2,E1,F2",False,1.0,3843374.465789766,-14.199897407306139
8953,True,"A3,B2,C3,D2,E1,F3",False,2.0,2849603.04212839,-14.093724003591149
8954,True,"A3,B2,C3,D1,E1,F2",True,0.0,649782.3455670958,-9.600608679129948
8955,True,"A3,B2,C3,D1,E1,F2",True,0.0,2278028.3532183524,-13.929564088608942
8956,True,"A4,B2,C3,D2,E3,F2",False,3.0,1605076.246119583,-12.344703744802949
8957,True,"A3,B2,C3,D1,E1,F1",False,1.0,119579.99678191677,-7.332802029804853
8958,True,"A3,B2,C3,D2,E1,F3",False,2.0,72675.26800652887,-5.337088069353086
8959,True,"A3,B2,C3,D1,E1,F2",True,0.0,3012997.284362297,-14.410429212337974
8960,True,"A4,B2,C3,D2,E3,F2",False,3.0,125925.64770884953,-5.079493886943268
8961,True,"A4,B2,C3,D2,E3,F2",False,3.0,308933.5957175294,-8.609479271374838
8962,True,"A3,B2,C3,D1,E1,F2",True,0.0,2281534.5749606523,-13.520721585053025
8963,True,"A4,B2,C3,D2,E3,F2",False,3.0,575896.0383241883,-9.657935793218684
8964,True,"A3,B2,C3,D1,E1,F2",True,0.0,24418.34150106546,-3.349607388694949
8965,True,"A3,B2,C3,D1,E1,F1",False,1.0,53339.46428896012,-5.28421290864074
8966,True,"A3,B2,C3,D2,E1,F3",False,2.0,39362.43853091356,-4.262137701616567
8967,True,"A4,B2,C3,D2,E3,F2",False,3.0,160826.75793422494,-7.090498984080497
8968,True,"A3,B2,C3,D1,E1,F2",True,0.0,524722.2649214519,-8.89288554178728
8969,True,"A3,B2,C3,D2,E1,F1",False,2.0,2799935.334841948,-14.647357264946812
8970,True,"A3,B2,C3,D2,E1,F2",False,1.0,3513386.994470213,-13.207504614045227
8971,True,"A3,B2,C3,D1,E1,F1",False,1.0,823051.1710807761,-10.143445534089302
8972,True,"A3,B2,C3,D2,E5,F3",False,3.0,11461.934308824026,-3.03793503191352
8973,True,"A3,B2,C3,D2,E1,F3",False,2.0,1916123.6283960626,-12.666305955852543
8974,True,"A3,B2,C3,D1,E1,F2",True,0.0,125660.89441540495,-5.076641495345939
8975,True,"A3,B2,C3,D1,E1,F2",True,0.0,2050881.421481833,-13.07080319568005
8976,True,"A3,B2,C3,D2,E1,F3",False,2.0,78345.7962074522,-5.437233988052398
8977,True,"A4,B2,C3,D2,E2,F1",False,4.0,71210.57600143373,-5.227783848763423
8978,True,"A3,B2,C3,D2,E1,F3",False,2.0,109587.53405387935,-5.316304262001793
8979,True,"A3,B2,C3,D1,E1,F2",True,0.0,336168.9258365547,-7.069995052022833
8980,True,"A3,B2,C3,D1,E1,F2",True,0.0,2307598.524475105,-15.700657417444184
8981,True,"A4,B2,C3,D2,E3,F2",False,3.0,37487.37998075798,-3.7267013730210152
8982,True,"A3,B2,C3,D2,E1,F2",False,1.0,1419490.9695959298,-13.001148059058842
8983,True,"A3,B2,C3,D2,E1,F2",False,1.0,3459627.9267421784,-13.888124413971603
8984,True,"A4,B2,C3,D2,E3,F2",False,3.0,1170902.8456890811,-12.986223446066859
8985,True,"A4,B2,C3,D2,E3,F1",False,4.0,83008.5359164417,-7.007981076281311
8986,True,"A4,B2,C3,D2,E3,F1",False,4.0,74017.52314489771,-6.495270036298692
8987,True,"A3,B2,C3,D2,E1,F2",False,1.0,3706714.6800637133,-13.641867950096547
8988,True,"A4,B2,C3,D2,E3,F2",False,3.0,1227106.4962790376,-12.90541082983841
8989,True,"A3,B2,C3,D2,E1,F3",False,2.0,156777.20667665335,-5.170702292408933
8990,True,"A3,B2,C3,D2,E1,F1",False,2.0,957758.5360957925,-11.436448352326856
8991,True,"A4,B2,C3,D2,E2,F1",False,4.0,42259.091844186856,-4.514655514974649
8992,True,"A4,B2,C3,D2,E3,F2",False,3.0,806331.6611237825,-10.484622000973616
8993,True,"A3,B2,C3,D2,E1,F2",False,1.0,2246511.1645494686,-15.817237633772756
8994,True,"A4,B2,C3,D2,E3,F1",False,4.0,422275.8288139432,-8.298100671782933
8995,True,"A3,B2,C3,D2,E1,F1",False,2.0,2177909.100795899,-13.361403894560596
8996,True,"A3,B2,C3,D2,E1,F1",False,2.0,759086.3822675495,-10.205818376931973
8997,True,"A4,B2,C3,D2,E3,F2",False,3.0,1170930.2821903254,-12.637193372018196
8998,True,"A4,B2,C3,D2,E3,F2",False,3.0,562265.2793251319,-8.749065622780506
8999,True,"A3,B2,C3,D2,E1,F2",False,1.0,3280521.128108316,-14.959480119656078
9000,True,"A3,B2,C3,D1,E1,F1",False,1.0,4678.481029907102,-2.6777451233506753
9001,True,"A4,B2,C3,D2,E3,F2",False,3.0,80089.47120622978,-5.967138963475392
9002,True,"A4,B2,C3,D2,E3,F1",False,4.0,454324.692068318,-10.227262208583895
9003,True,"A4,B2,C3,D2,E3,F2",False,3.0,400935.239140792,-7.854649575387043
9004,True,"A3,B2,C3,D2,E1,F2",False,1.0,1724676.2583341307,-12.497304295973692
9005,True,"A4,B2,C3,D2,E3,F2",False,3.0,2225692.7388316384,-15.214541627328252
9006,True,"A4,B2,C3,D2,E2,F1",False,4.0,1133281.7055093332,-11.574318250340582
9007,True,"A4,B2,C3,D2,E2,F1",False,4.0,51480.28159939211,-3.8062859254531958
9008,True,"A3,B2,C3,D2,E1,F3",False,2.0,1061409.398236585,-10.270284173023654
9009,True,"A3,B2,C3,D2,E1,F1",False,2.0,77538.93884919143,-5.754997800807672
9010,True,"A4,B2,C3,D2,E2,F1",False,4.0,1091940.6152129602,-10.623000278012483
9011,True,"A3,B2,C3,D1,E1,F1",False,1.0,77103.29110586725,-6.589275267557326
9012,True,"A3,B2,C3,D1,E1,F2",True,0.0,1084376.273765272,-11.427845496010569
9013,True,"A3,B2,C3,D2,E1,F3",False,2.0,2378743.831486348,-14.503286202417534
9014,True,"A3,B2,C3,D1,E1,F2",True,0.0,85132.72410974365,-6.3511695541603785
9015,True,"A3,B2,C3,D2,E1,F1",False,2.0,2217039.426694105,-14.066618439127303
9016,True,"A3,B2,C3,D1,E1,F1",False,1.0,224692.83502778926,-6.877317451635491
9017,True,"A3,B2,C3,D1,E1,F2",True,0.0,166704.70123494134,-5.96585270323655
9018,True,"A4,B2,C3,D2,E3,F2",False,3.0,3275334.3651447804,-16.64334566443798
9019,True,"A4,B2,C3,D2,E3,F2",False,3.0,1009697.8659575068,-11.195603805253214
9020,True,"A3,B2,C3,D1,E1,F1",False,1.0,55435.98039956002,-5.220062954638124
9021,True,"A4,B2,C3,D2,E2,F1",False,4.0,22878.084535908707,-3.2470818739999174
9022,True,"A4,B2,C3,D2,E3,F1",False,4.0,15201.467502851427,-3.738284094610222
9023,True,"A4,B2,C3,D2,E3,F1",False,4.0,21623.914703561422,-4.571710450829443
9024,True,"A3,B2,C3,D2,E1,F2",False,1.0,1356646.9176716388,-10.170781378212332
9025,True,"A3,B2,C3,D1,E1,F2",True,0.0,14608.406856546333,-3.8149315470234626
9026,True,"A3,B2,C3,D2,E1,F3",False,2.0,87248.30431427703,-5.552384790890187
9027,True,"A3,B2,C3,D1,E1,F1",False,1.0,58669.38293350758,-6.41983763603605
9028,True,"A3,B2,C3,D2,E1,F3",False,2.0,1561511.6234913897,-12.926077528062102
9029,True,"A3,B2,C3,D2,E1,F3",False,2.0,401105.03173473675,-8.646273779631656
9030,True,"A4,B2,C3,D2,E3,F1",False,4.0,10841.521294113643,-3.533128286776261
9031,True,"A3,B2,C3,D1,E1,F2",True,0.0,756972.2447962393,-9.72224238480539
9032,True,"A3,B2,C3,D2,E1,F1",False,2.0,203884.1087546143,-7.143340372765792
9033,True,"A3,B2,C3,D1,E1,F2",True,0.0,1605785.9397333593,-12.152516455353116
9034,True,"A3,B2,C3,D2,E1,F1",False,2.0,193522.22543762263,-7.238843753939818
9035,True,"A3,B2,C3,D2,E1,F1",False,2.0,809380.586726561,-10.040422347039076
9036,True,"A3,B2,C3,D2,E1,F3",False,2.0,20133.291123982104,-3.9166413838973
9037,True,"A3,B2,C3,D2,E1,F1",False,2.0,211699.6250632704,-7.528251216381676
9038,True,"A3,B2,C3,D2,E1,F1",False,2.0,1509180.6634961274,-11.484132856048994
9039,True,"A4,B2,C3,D2,E3,F2",False,3.0,150193.73473274187,-7.796883382080523
9040,True,"A4,B2,C3,D2,E3,F2",False,3.0,3918479.765593652,-17.07292472521246
9041,True,"A4,B2,C3,D2,E2,F1",False,4.0,29379.07960749973,-4.452987927204134
9042,True,"A4,B2,C3,D2,E3,F1",False,4.0,85915.35084101991,-6.859031013759051
9043,True,"A3,B2,C3,D2,E1,F2",False,1.0,4829221.951517613,-15.158965324672273
9044,True,"A4,B2,C3,D2,E2,F1",False,4.0,1336719.9916021947,-13.22229184799965
9045,True,"A3,B2,C3,D2,E1,F3",False,2.0,1511559.403083273,-11.121892764952392
9046,True,"A4,B2,C3,D2,E3,F2",False,3.0,1243411.2544394229,-12.830214642823343
9047,True,"A3,B2,C3,D1,E1,F2",True,0.0,2823957.3473711493,-15.14782180759942
9048,True,"A4,B2,C3,D2,E3,F1",False,4.0,19844.553785600605,-4.530947107132718
9049,True,"A4,B2,C3,D2,E2,F1",False,4.0,28493.851933646434,-4.620115012878259
9050,True,"A3,B2,C3,D2,E1,F3",False,2.0,173262.24937699505,-7.131757097664149
9051,True,"A4,B2,C3,D2,E3,F2",False,3.0,443075.0074823247,-7.47183313136415
9052,True,"A4,B2,C3,D2,E3,F2",False,3.0,966398.187942215,-11.668988578690765
9053,True,"A3,B2,C3,D1,E1,F2",True,0.0,76725.16105146089,-4.720813020537975
9054,True,"A3,B2,C3,D2,E1,F2",False,1.0,3197080.0199180446,-14.80560524557984
9055,True,"A3,B2,C3,D2,E1,F1",False,2.0,2311551.9515626715,-13.98029436616087
9056,True,"A3,B2,C3,D2,E1,F3",False,2.0,276862.1878158169,-6.7211422292168805
9057,True,"A3,B2,C3,D2,E1,F2",False,1.0,529335.2268148337,-7.738680206780586
9058,True,"A3,B2,C3,D1,E1,F2",True,0.0,155839.79293651727,-6.854726414048827
9059,True,"A3,B2,C3,D1,E1,F1",False,1.0,2781.735585957643,-1.0289512943008674
9060,True,"A4,B2,C3,D2,E3,F2",False,3.0,2935136.5471530166,-15.632868252099357
9061,True,"A3,B2,C3,D2,E1,F1",False,2.0,4134095.2464818214,-16.994268556962204
9062,True,"A3,B2,C3,D2,E1,F3",False,2.0,70424.2427480009,-4.780042852158303
9063,True,"A3,B2,C3,D2,E1,F1",False,2.0,745093.1990528831,-10.445967418667657
9064,True,"A3,B2,C3,D1,E1,F1",False,1.0,12976.318178606452,-2.4930047683410947
9065,True,"A3,B2,C3,D1,E1,F2",True,0.0,156581.04782830342,-5.592270019196917
9066,True,"A3,B2,C3,D1,E1,F1",False,1.0,19233.38553588142,-3.71216615581325
9067,True,"A3,B2,C3,D1,E1,F2",True,0.0,908606.3551319863,-10.12715038465769
9068,True,"A3,B2,C3,D2,E1,F2",False,1.0,2273333.0626728055,-13.079273410835228
9069,True,"A4,B2,C3,D2,E3,F1",False,4.0,96017.33270128841,-7.4223514714731635
9070,True,"A4,B2,C3,D2,E3,F1",False,4.0,1727514.6467117302,-15.034518446789
9071,True,"A4,B2,C3,D2,E3,F2",False,3.0,90142.95956039563,-4.4302243230041825
9072,True,"A3,B2,C3,D2,E1,F3",False,2.0,150474.93399518737,-7.005518383651278
9073,True,"A3,B2,C3,D2,E1,F3",False,2.0,1081168.8588566477,-10.394498653931606
9074,True,"A3,B2,C3,D1,E1,F1",False,1.0,210040.5099261253,-8.035104563924563
9075,True,"A3,B2,C3,D2,E1,F3",False,2.0,627847.250692993,-9.515755475677281
9076,True,"A3,B2,C3,D2,E1,F3",False,2.0,61289.916721561545,-4.21962503224519
9077,True,"A4,B2,C3,D2,E3,F2",False,3.0,1542636.3021913753,-13.722539260138035
9078,True,"A4,B2,C3,D2,E3,F2",False,3.0,1325640.3853568577,-10.755688091106364
9079,True,"A3,B2,C3,D1,E1,F1",False,1.0,838954.0419188811,-11.607999256868531
9080,True,"A3,B2,C3,D1,E1,F2",True,0.0,918716.8949036319,-10.879013244944645
9081,True,"A3,B2,C3,D2,E1,F3",False,2.0,430724.2151807412,-8.395392710785131
9082,True,"A4,B2,C3,D2,E3,F2",False,3.0,99293.30900308373,-5.493276970561482
9083,True,"A3,B2,C3,D1,E1,F1",False,1.0,28876.692348859182,-4.305095373309044
9084,True,"A4,B2,C3,D2,E2,F1",False,4.0,1680896.166319149,-13.213603228376357
9085,True,"A3,B2,C3,D2,E1,F1",False,2.0,238499.40922981466,-8.360884629944081
9086,True,"A3,B2,C3,D2,E1,F2",False,1.0,3613429.4871400255,-14.441628919889155
9087,True,"A3,B2,C3,D2,E1,F1",False,2.0,758902.8236977886,-9.551143440395705
9088,True,"A3,B2,C3,D1,E1,F2",True,0.0,663182.1907658037,-9.015623851062074
9089,True,"A3,B2,C3,D2,E1,F2",False,1.0,265762.8621936462,-6.734603007642363
9090,True,"A4,B2,C3,D2,E3,F2",False,3.0,355387.4369280209,-9.468483215329599
9091,True,"A4,B2,C3,D2,E3,F1",False,4.0,100832.5395849643,-7.325117091718312
9092,True,"A4,B2,C3,D2,E3,F1",False,4.0,36414.29010853215,-5.3690173603577875
9093,True,"A3,B2,C3,D1,E1,F2",True,0.0,50229.436229033294,-5.640444818289623
9094,True,"A4,B2,C3,D2,E3,F2",False,3.0,44113.28653213091,-6.039396382734964
9095,True,"A4,B2,C3,D2,E2,F1",False,4.0,655665.5017436031,-11.081263989648775
9096,True,"A3,B2,C3,D2,E1,F3",False,2.0,3818392.888906587,-14.62998894766094
9097,True,"A3,B2,C3,D2,E1,F3",False,2.0,1220581.3357515002,-13.094617979079914
9098,True,"A4,B2,C3,D2,E3,F2",False,3.0,738366.2982058504,-10.269402521207809
9099,True,"A3,B2,C3,D2,E1,F3",False,2.0,974561.4962086065,-12.041623941529771
9100,True,"A3,B2,C3,D1,E1,F2",True,0.0,299215.25154802285,-7.5309008385761445
9101,True,"A4,B2,C3,D2,E3,F1",False,4.0,8188.617083242378,-3.28104969099212
9102,True,"A4,B2,C3,D2,E3,F1",False,4.0,506454.9434521006,-11.067389864878209
9103,True,"A4,B2,C3,D2,E3,F2",False,3.0,1148138.358289445,-11.392273872105001
9104,True,"A4,B2,C3,D2,E3,F1",False,4.0,1348932.5844820472,-12.96912368543832
9105,True,"A3,B2,C3,D2,E1,F1",False,2.0,2492405.4632605514,-14.88269135097429
9106,True,"A3,B2,C3,D1,E1,F2",True,0.0,16381.444725070955,-2.7796145903668474
9107,True,"A3,B2,C3,D1,E1,F1",False,1.0,2880.71876519759,-2.5069271309461953
9108,True,"A3,B2,C3,D1,E1,F1",False,1.0,141005.01261677637,-7.515562070236854
9109,True,"A3,B2,C3,D1,E1,F2",True,0.0,35961.25130304421,-3.9800041417409915
9110,True,"A3,B2,C3,D1,E1,F1",False,1.0,27276.331834310437,-5.235753748906603
9111,True,"A4,B2,C3,D2,E3,F2",False,3.0,1530556.5554420988,-11.518905512423991
9112,True,"A3,B2,C3,D2,E1,F2",False,1.0,2993663.7274225,-14.01817750103146
9113,True,"A3,B2,C3,D2,E1,F3",False,2.0,49308.630575418196,-3.6699578999185576
9114,True,"A4,B2,C3,D2,E3,F2",False,3.0,878693.0568676608,-10.350386931231462
9115,True,"A4,B2,C3,D2,E3,F2",False,3.0,1295162.2060955877,-14.33674801438417
9116,True,"A4,B2,C3,D2,E3,F2",False,3.0,756680.8338425172,-11.8001127883836
9117,True,"A3,B2,C3,D1,E1,F2",True,0.0,554378.0974241751,-8.620430290837476
9118,True,"A3,B2,C3,D1,E1,F1",False,1.0,38969.15215615526,-3.635472089905292
9119,True,"A4,B2,C3,D2,E3,F1",False,4.0,716932.454017593,-11.125441872848036
9120,True,"A3,B2,C3,D2,E1,F3",False,2.0,1713058.970140744,-12.335512465172592
9121,True,"A4,B2,C3,D2,E3,F2",False,3.0,99856.18363724397,-5.400082047725675
9122,True,"A3,B2,C3,D1,E1,F1",False,1.0,21394.555260060773,-3.7673949806490583
9123,True,"A3,B2,C3,D1,E1,F2",True,0.0,377620.3477727083,-7.551606360245884
9124,True,"A3,B2,C3,D1,E1,F1",False,1.0,127187.40878057232,-7.074794715381799
9125,True,"A4,B2,C3,D2,E3,F2",False,3.0,227994.2849255051,-8.503963258746737
9126,True,"A3,B2,C3,D1,E1,F2",True,0.0,1645048.4404396024,-11.328056275693598
9127,True,"A3,B2,C3,D2,E1,F1",False,2.0,632009.4817592807,-10.883740178398547
9128,True,"A3,B2,C3,D2,E1,F3",False,2.0,569906.1154141974,-8.98123801044757
9129,True,"A3,B2,C3,D2,E1,F2",False,1.0,1948556.7851960096,-12.834373759463176
9130,True,"A4,B2,C3,D2,E3,F2",False,3.0,32828.03411474663,-3.335001899674978
9131,True,"A4,B2,C3,D2,E2,F1",False,4.0,407510.6714621959,-10.266481641978189
9132,True,"A3,B2,C3,D2,E1,F1",False,2.0,1404323.1336834414,-12.32012707440208
9133,True,"A3,B2,C3,D1,E1,F2",True,0.0,1197668.5409587221,-11.43182979782199
9134,True,"A3,B2,C3,D2,E1,F2",False,1.0,3604969.04124606,-14.914269470275357
9135,True,"A3,B2,C3,D2,E1,F3",False,2.0,142386.81591941568,-7.7146766501338675
9136,True,"A3,B2,C3,D2,E1,F1",False,2.0,1651377.2191251232,-13.626088083262417
9137,True,"A4,B2,C3,D2,E3,F1",False,4.0,67215.09779071555,-5.043719485254556
9138,True,"A3,B2,C3,D2,E1,F3",False,2.0,88011.93197207116,-4.967576156207855
9139,True,"A3,B2,C3,D1,E1,F1",False,1.0,6958.0880856472995,-2.116066602625068
9140,True,"A3,B2,C3,D2,E1,F2",False,1.0,1215580.304780013,-11.94308264192368
9141,True,"A4,B2,C3,D2,E3,F2",False,3.0,300402.26712260646,-8.875356009109424
9142,True,"A3,B2,C3,D1,E1,F2",True,0.0,126932.10725669295,-5.579626605827357
9143,True,"A3,B2,C3,D2,E1,F1",False,2.0,347223.39027420105,-9.321121180847712
9144,True,"A3,B2,C3,D2,E1,F3",False,2.0,189888.40297501933,-6.520254045881657
9145,True,"A3,B2,C3,D1,E1,F2",True,0.0,1925589.9145165873,-13.834119340589574
9146,True,"A3,B2,C3,D2,E1,F1",False,2.0,1608735.742580598,-13.245740672172936
9147,True,"A3,B2,C3,D1,E1,F2",True,0.0,359096.269624227,-7.737428810001717
9148,True,"A3,B2,C3,D2,E1,F2",False,1.0,2303027.5910539995,-12.740337380511946
9149,True,"A3,B2,C3,D2,E1,F1",False,2.0,1641071.9267216513,-12.883037030627627
9150,True,"A4,B2,C3,D2,E3,F2",False,3.0,3506379.6486272505,-14.704291206255185
9151,True,"A3,B2,C3,D2,E1,F3",False,2.0,325823.5254015751,-7.449737856431639
9152,True,"A4,B2,C3,D2,E3,F2",False,3.0,2983649.1033690926,-14.830169808939054
9153,True,"A4,B2,C3,D2,E2,F1",False,4.0,449198.0968691234,-8.289444722361992
9154,True,"A3,B2,C3,D2,E1,F3",False,2.0,42232.307992467526,-5.486503984382352
9155,True,"A4,B2,C3,D2,E3,F2",False,3.0,361253.7435956044,-8.92094543899654
9156,True,"A3,B2,C3,D2,E1,F2",False,1.0,2387998.1221278333,-14.083961487585576
9157,True,"A4,B2,C3,D2,E3,F2",False,3.0,1428962.8719921738,-13.121986893478116
9158,True,"A3,B2,C3,D2,E1,F1",False,2.0,430741.60367927916,-8.708984249126146
9159,True,"A4,B2,C3,D2,E3,F2",False,3.0,1839897.3444349153,-12.480327716342245
9160,True,"A4,B2,C3,D2,E3,F1",False,4.0,101709.4607108538,-7.011705769811144
9161,True,"A3,B2,C3,D1,E1,F2",True,0.0,10111.21391611241,-2.652633508832281
9162,True,"A3,B2,C3,D1,E1,F2",True,0.0,241884.11501262544,-7.562929133741477
9163,True,"A3,B2,C3,D2,E1,F2",False,1.0,434092.19071664376,-8.712785107725665
9164,True,"A3,B2,C3,D1,E1,F1",False,1.0,557011.4770567789,-10.317330096580505
9165,True,"A3,B2,C3,D2,E1,F3",False,2.0,3234589.53824754,-14.336019497123004
9166,True,"A3,B2,C3,D2,E1,F3",False,2.0,393492.7555590155,-9.001731642747146
9167,True,"A4,B2,C3,D2,E2,F1",False,4.0,22436.873280683816,-4.619498637206888
9168,True,"A3,B2,C3,D1,E1,F1",False,1.0,8492.271865755662,-2.296923668289196
9169,True,"A3,B2,C3,D1,E1,F2",True,0.0,860878.3205748348,-10.90860298728149
9170,True,"A3,B2,C3,D1,E1,F2",True,0.0,95413.35433707228,-6.082311425004022
9171,True,"A4,B2,C3,D2,E2,F1",False,4.0,14349.070534277771,-2.1151538570780843
9172,True,"A3,B2,C3,D2,E1,F1",False,2.0,169298.407285847,-7.208452163855597
9173,True,"A4,B2,C3,D2,E3,F2",False,3.0,1041849.2819921499,-11.5635858244205
9174,True,"A3,B2,C3,D2,E1,F3",False,2.0,326562.6975319376,-8.071095611282857
9175,True,"A3,B2,C3,D2,E1,F2",False,1.0,3812227.148433221,-15.669649967864189
9176,True,"A4,B2,C3,D2,E3,F2",False,3.0,14048.864340744523,-3.3309160705875485
9177,True,"A3,B2,C3,D2,E1,F2",False,1.0,2971744.2857899074,-16.349733501142758
9178,True,"A3,B2,C3,D2,E1,F3",False,2.0,188789.97329823434,-5.061281351676314
9179,True,"A3,B2,C3,D1,E1,F2",True,0.0,104922.29503135213,-5.205697451446795
9180,True,"A3,B2,C3,D1,E1,F2",True,0.0,87922.05757711726,-5.420964311146463
9181,True,"A4,B2,C3,D2,E3,F1",False,4.0,70382.18369038327,-5.410309504581363
9182,True,"A3,B2,C3,D2,E1,F3",False,2.0,23081.77609449051,-3.4975163942798986
9183,True,"A4,B2,C3,D2,E3,F2",False,3.0,292633.9660980541,-8.050948182751767
9184,True,"A3,B2,C3,D1,E1,F2",True,0.0,1225028.2604444239,-12.224763930086567
9185,True,"A3,B2,C3,D1,E1,F2",True,0.0,52349.36860524871,-6.007715901760008
9186,True,"A4,B2,C3,D2,E3,F2",False,3.0,1286080.0792797059,-12.41136156950958
9187,True,"A3,B2,C3,D1,E1,F2",True,0.0,34898.81683883238,-3.478838598264076
9188,True,"A4,B2,C3,D2,E3,F2",False,3.0,2591816.1056643906,-14.351953950346534
9189,True,"A4,B2,C3,D2,E2,F1",False,4.0,609381.207566935,-8.824546446105927
9190,True,"A3,B2,C3,D1,E1,F2",True,0.0,1542055.67928414,-12.311262216203552
9191,True,"A4,B2,C3,D2,E3,F2",False,3.0,159267.93155776509,-6.99323030864177
9192,True,"A4,B2,C3,D2,E3,F2",False,3.0,2946019.513902821,-15.917727479425174
9193,True,"A3,B2,C3,D1,E1,F2",True,0.0,2157483.74370928,-13.76287894248771
9194,True,"A3,B2,C3,D1,E1,F2",True,0.0,51615.569747148395,-2.5121875510778438
9195,True,"A3,B2,C3,D1,E1,F1",False,1.0,168091.7950805316,-8.065222485547565
9196,True,"A3,B2,C3,D1,E1,F2",True,0.0,48845.18709454192,-4.06045657422294
9197,True,"A3,B2,C3,D2,E1,F1",False,2.0,2493578.135320243,-15.547451524676745
9198,True,"A4,B2,C3,D2,E3,F1",False,4.0,31876.99017329808,-4.746721543845382
9199,True,"A3,B2,C3,D2,E1,F1",False,2.0,683346.4692398105,-10.665973537314784
9200,True,"A3,B2,C3,D2,E1,F3",False,2.0,93326.96266192979,-6.170904259368513
9201,True,"A3,B2,C3,D2,E1,F2",False,1.0,2254335.0545693734,-13.577998609596818
9202,True,"A4,B2,C3,D2,E3,F1",False,4.0,539782.5854647243,-10.489944630784976
9203,True,"A3,B2,C3,D1,E1,F2",True,0.0,356302.09390768973,-9.45926281906523
9204,True,"A3,B2,C3,D2,E1,F2",False,1.0,1054496.81581898,-9.09647519619191
9205,True,"A3,B2,C3,D1,E1,F2",True,0.0,460938.94573119975,-8.562343050756752
9206,True,"A4,B2,C3,D2,E3,F1",False,4.0,66914.1597506352,-6.094325338913293
9207,True,"A3,B2,C3,D2,E1,F3",False,2.0,93105.11041699379,-6.90081964733929
9208,True,"A3,B2,C3,D1,E1,F1",False,1.0,211633.05529384856,-8.065497275839576
9209,True,"A3,B2,C3,D2,E1,F1",False,2.0,1875500.370205998,-13.439841493366536
9210,True,"A3,B2,C3,D1,E1,F2",True,0.0,88285.90465432603,-5.823355191451938
9211,True,"A4,B2,C3,D2,E2,F1",False,4.0,1917018.8147015106,-14.194055811355291
9212,True,"A3,B2,C3,D1,E1,F2",True,0.0,166627.79238749502,-5.846024430802544
9213,True,"A3,B2,C3,D2,E1,F3",False,2.0,235998.63493578354,-9.055970231768427
9214,True,"A3,B2,C3,D2,E1,F2",False,1.0,3410548.874541236,-14.680089071371789
9215,True,"A3,B2,C3,D2,E1,F2",False,1.0,3042292.3205275103,-13.309403714788672
9216,True,"A4,B2,C3,D2,E3,F2",False,3.0,1133095.2864202599,-12.355586950838926
9217,True,"A3,B2,C3,D2,E1,F3",False,2.0,3467752.212801735,-15.723975158496017
9218,True,"A3,B2,C3,D1,E1,F2",True,0.0,464314.30665959744,-8.64548445712073
9219,True,"A3,B2,C3,D1,E1,F2",True,0.0,163610.6347289324,-5.928164798247977
9220,True,"A3,B2,C3,D1,E1,F1",False,1.0,185365.8128976684,-6.799863079706029
9221,True,"A3,B2,C3,D1,E1,F2",True,0.0,102404.86077852017,-5.882611416137252
9222,True,"A3,B2,C3,D1,E1,F2",True,0.0,74325.11057665189,-4.91291454835536
9223,True,"A3,B2,C3,D1,E1,F2",True,0.0,1047070.9998279678,-11.697006497905676
9224,True,"A3,B2,C3,D1,E1,F2",True,0.0,58502.63990105221,-3.969826246042558
9225,True,"A3,B2,C3,D2,E1,F2",False,1.0,1049217.4138543506,-11.029725515475043
9226,True,"A4,B2,C3,D2,E3,F2",False,3.0,3957731.363450964,-17.189717058026574
9227,True,"A3,B2,C3,D2,E1,F3",False,2.0,104078.21276303571,-4.324080159773402
9228,True,"A3,B2,C3,D2,E1,F3",False,2.0,11935.583362901996,-1.8484556876539813
9229,True,"A4,B2,C3,D2,E3,F2",False,3.0,312703.99420272216,-7.663617516314332
9230,True,"A4,B2,C3,D2,E3,F1",False,4.0,346788.4138368967,-9.79161131980294
9231,True,"A3,B2,C3,D2,E1,F2",False,1.0,3379749.886575049,-15.947579396499286
9232,True,"A3,B2,C3,D1,E1,F2",True,0.0,865588.7232971543,-10.42709158776158
9233,True,"A3,B2,C3,D1,E1,F2",True,0.0,3305835.4662261866,-15.45618263330038
9234,True,"A3,B2,C3,D2,E1,F3",False,2.0,352964.02387309313,-8.032071292143172
9235,True,"A4,B2,C3,D2,E3,F1",False,4.0,131575.17641921926,-8.129755528285926
9236,True,"A3,B2,C3,D2,E1,F3",False,2.0,525792.8504556582,-9.173013037345129
9237,True,"A4,B2,C3,D2,E3,F2",False,3.0,145662.7829078747,-6.224532191573786
9238,True,"A4,B2,C3,D2,E3,F1",False,4.0,164181.56257040775,-7.359024328999396
9239,True,"A4,B2,C3,D2,E3,F2",False,3.0,1525039.8408270236,-13.024262013838943
9240,True,"A4,B2,C3,D2,E3,F2",False,3.0,552174.3581935443,-9.395482473276545
9241,True,"A3,B2,C3,D2,E1,F2",False,1.0,2741008.6391102304,-15.77645922865323
9242,True,"A4,B2,C3,D2,E3,F1",False,4.0,52688.228561040225,-5.822787500658123
9243,True,"A3,B2,C3,D1,E1,F1",False,1.0,16867.28578011611,-3.176133305089081
9244,True,"A3,B2,C3,D2,E1,F3",False,2.0,72705.7143430181,-4.084918682588295
9245,True,"A3,B2,C3,D2,E1,F3",False,2.0,528998.9079178107,-9.593614996951821
9246,True,"A3,B2,C3,D2,E1,F3",False,2.0,1518091.8077658932,-11.625559798184803
9247,True,"A3,B2,C3,D2,E1,F3",False,2.0,175217.05225923835,-6.4091755749316945
9248,True,"A3,B2,C3,D1,E1,F2",True,0.0,76248.33620128849,-4.976326156533716
9249,True,"A4,B2,C3,D2,E2,F1",False,4.0,401771.9721749132,-8.6230125781817
9250,True,"A3,B2,C3,D1,E1,F2",True,0.0,2029816.3326131636,-13.85641495128852
9251,True,"A3,B2,C3,D2,E1,F3",False,2.0,5388.815252026477,-2.150494897253722
9252,True,"A3,B2,C3,D1,E1,F2",True,0.0,3094.5823097840075,-2.979898223906318
9253,True,"A3,B2,C3,D2,E1,F3",False,2.0,55248.63720735237,-3.4750875029118475
9254,True,"A3,B2,C3,D1,E1,F2",True,0.0,329276.6714900293,-7.902732557818624
9255,True,"A4,B2,C3,D2,E3,F2",False,3.0,230178.86624627173,-7.4387170662005815
9256,True,"A3,B2,C3,D2,E1,F3",False,2.0,114269.47879352763,-5.765945654849034
9257,True,"A3,B2,C3,D1,E1,F2",True,0.0,330972.84158598696,-7.614882011239473
9258,True,"A3,B2,C3,D2,E2,F3",False,3.0,3962380.5707306345,-15.831434892179367
9259,True,"A3,B2,C3,D1,E1,F2",True,0.0,1566368.578943444,-12.191967356689183
9260,True,"A3,B2,C3,D1,E1,F2",True,0.0,631901.1290367735,-9.426008720299023
9261,True,"A3,B2,C3,D2,E1,F3",False,2.0,12375.6403800818,-2.032271288174087
9262,True,"A4,B2,C3,D2,E3,F1",False,4.0,110078.35447250631,-6.613928385224199
9263,True,"A4,B2,C3,D2,E3,F2",False,3.0,44093.72226902186,-4.450617301800989
9264,True,"A3,B2,C3,D2,E1,F3",False,2.0,66051.49240783516,-3.9670548473171294
9265,True,"A4,B2,C3,D2,E3,F1",False,4.0,458052.5101208621,-9.402377034480125
9266,True,"A4,B2,C3,D2,E3,F2",False,3.0,158589.49403410568,-6.440643569843843
9267,True,"A4,B2,C3,D2,E5,F2",False,3.0,12095.84718238703,-4.433373689878351
9268,True,"A3,B2,C3,D2,E1,F3",False,2.0,812494.7647720958,-10.045654658429228
9269,True,"A3,B2,C3,D2,E1,F2",False,1.0,2189630.2200502004,-14.240658777877016
9270,True,"A3,B2,C3,D1,E1,F1",False,1.0,21547.855286575024,-3.5346337110243695
9271,True,"A3,B2,C3,D2,E1,F2",False,1.0,3392518.605036322,-14.804870590372275
9272,True,"A3,B2,C3,D2,E1,F2",False,1.0,159440.32636950936,-6.289880876864146
9273,True,"A3,B2,C3,D2,E1,F2",False,1.0,2606374.4902271256,-13.163944431384664
9274,True,"A4,B2,C3,D2,E3,F2",False,3.0,1403547.6043893583,-13.523210228195126
9275,True,"A4,B2,C3,D2,E3,F1",False,4.0,153740.2001970665,-8.19558048590305
9276,True,"A3,B2,C3,D2,E1,F3",False,2.0,203734.1137693753,-7.445336021766565
9277,True,"A4,B2,C3,D2,E3,F1",False,4.0,202579.4016851434,-8.092341491661088
9278,True,"A3,B2,C3,D1,E1,F2",True,0.0,441434.5552711255,-10.230748700843293
9279,True,"A3,B2,C3,D1,E1,F2",True,0.0,44755.927423515925,-2.462313467388725
9280,True,"A3,B2,C3,D2,E1,F3",False,2.0,49857.592866403415,-5.4100914217020915
9281,True,"A3,B2,C3,D1,E1,F2",True,0.0,640484.1029678972,-10.111399473569477
9282,True,"A4,B2,C3,D2,E3,F2",False,3.0,514020.941841814,-11.42543834968275
9283,True,"A3,B2,C3,D2,E1,F1",False,2.0,356442.35382221686,-8.944639539622443
9284,True,"A4,B2,C3,D2,E3,F1",False,4.0,81857.05510388866,-7.082736905066909
9285,True,"A4,B2,C3,D2,E3,F2",False,3.0,406622.5752399733,-8.381108099048674
9286,True,"A4,B2,C3,D2,E3,F1",False,4.0,98893.83201135317,-7.5089179634756675
9287,True,"A3,B2,C3,D2,E1,F1",False,2.0,671970.9262088644,-9.168652927615042
9288,True,"A3,B2,C3,D2,E1,F2",False,1.0,1794646.4231821462,-12.3485783513539
9289,True,"A3,B2,C3,D2,E1,F3",False,2.0,244290.72877550556,-8.468791958723244
9290,True,"A4,B2,C3,D2,E2,F2",False,3.0,1314833.0273836649,-11.489880454536404
9291,True,"A3,B2,C3,D1,E1,F2",True,0.0,805474.6825383193,-9.704320658491952
9292,True,"A3,B2,C3,D2,E1,F3",False,2.0,1002251.2575612712,-9.2682542669395
9293,True,"A3,B2,C3,D2,E1,F2",False,1.0,1695646.122376717,-10.791157701218168
9294,True,"A4,B2,C3,D2,E3,F1",False,4.0,25858.71081075714,-4.988752148892303
9295,True,"A4,B2,C3,D2,E3,F2",False,3.0,2335095.4187142923,-14.816909770540626
9296,True,"A3,B2,C3,D2,E1,F2",False,1.0,2084510.086675896,-11.770560076368916
9297,True,"A3,B2,C3,D2,E1,F2",False,1.0,2570349.0249568615,-13.295327324565982
9298,True,"A3,B2,C3,D1,E1,F2",True,0.0,2505856.691186394,-13.491778600146063
9299,True,"A3,B2,C3,D2,E1,F1",False,2.0,1607809.9533725474,-11.856929802703142
9300,True,"A3,B2,C3,D2,E1,F3",False,2.0,209579.26600009878,-7.214731391975008
9301,True,"A4,B2,C3,D2,E3,F2",False,3.0,87184.70333011395,-4.966576846642624
9302,True,"A3,B2,C3,D2,E1,F3",False,2.0,407956.70810158126,-8.136464368936728
9303,True,"A3,B2,C3,D2,E1,F3",False,2.0,24023.008766192506,-5.18769040358454
9304,True,"A4,B2,C3,D2,E3,F2",False,3.0,1428360.842839866,-13.088348041451695
9305,True,"A3,B2,C3,D1,E1,F2",True,0.0,10684.91534945314,-1.9698824440053784
9306,True,"A3,B2,C3,D2,E1,F1",False,2.0,2970996.6757391896,-14.749665419248842
9307,True,"A4,B2,C3,D2,E3,F2",False,3.0,62586.30952049012,-4.575233160080117
9308,True,"A3,B2,C3,D2,E1,F3",False,2.0,32971.656200512225,-3.8001223895778082
9309,True,"A4,B2,C3,D2,E2,F1",False,4.0,377258.22714856366,-8.572157074244387
9310,True,"A3,B2,C3,D2,E1,F2",False,1.0,1513127.4026722957,-11.601556549755173
9311,True,"A4,B2,C3,D2,E3,F2",False,3.0,201679.50267935317,-6.172188728796442
9312,True,"A4,B2,C3,D2,E2,F1",False,4.0,16657.85946135396,-5.064256367669273
9313,True,"A4,B2,C3,D2,E3,F1",False,4.0,33799.08048303248,-6.304018686136757
9314,True,"A3,B2,C3,D2,E1,F3",False,2.0,56280.71159297865,-3.455474676520822
9315,True,"A4,B2,C3,D2,E3,F2",False,3.0,275858.89596038614,-7.491697973757056
9316,True,"A3,B2,C3,D1,E1,F2",True,0.0,144628.16470482913,-6.381413178038741
9317,True,"A3,B2,C3,D2,E1,F3",False,2.0,800174.3933275678,-10.850210401188285
9318,True,"A3,B2,C3,D2,E1,F2",False,1.0,435646.95187342755,-8.20708260718611
9319,True,"A4,B2,C3,D2,E3,F1",False,4.0,1415886.1276083319,-12.95608925389849
9320,True,"A3,B2,C3,D1,E1,F2",True,0.0,23354.98329267579,-2.8130063438647994
9321,True,"A4,B2,C3,D2,E2,F1",False,4.0,817987.3398227134,-10.805874135872763
9322,True,"A3,B2,C3,D1,E1,F2",True,0.0,231094.60417025036,-6.26404972334862
9323,True,"A4,B2,C3,D2,E2,F1",False,4.0,180915.992627676,-8.44005628654439
9324,True,"A4,B2,C3,D2,E3,F2",False,3.0,2806206.9364858153,-16.854707774797248
9325,True,"A3,B2,C3,D1,E1,F2",True,0.0,1349867.152594016,-12.968348928397461
9326,True,"A3,B2,C3,D2,E1,F2",False,1.0,440341.83955814666,-8.357538562291396
9327,True,"A4,B2,C3,D2,E3,F2",False,3.0,107622.62958327854,-6.412415807805118
9328,True,"A3,B2,C3,D2,E1,F3",False,2.0,45282.20651588141,-2.656129672044756
9329,True,"A4,B2,C3,D2,E3,F2",False,3.0,207944.56963673708,-6.377853711339597
9330,True,"A4,B2,C3,D2,E3,F2",False,3.0,1503119.7846401522,-11.62401094434584
9331,True,"A3,B2,C3,D1,E1,F2",True,0.0,763246.4878790214,-11.810637945872926
9332,True,"A4,B2,C3,D2,E3,F2",False,3.0,1184525.621263969,-12.515043533309147
9333,True,"A4,B2,C3,D2,E3,F1",False,4.0,757265.3492314798,-10.622752577601375
9334,True,"A3,B2,C3,D2,E1,F1",False,2.0,732930.6995042493,-9.878698914709418
9335,True,"A3,B2,C3,D2,E1,F3",False,2.0,41554.96355539645,-4.206972863084445
9336,True,"A3,B2,C3,D2,E1,F3",False,2.0,1593928.3057799898,-13.008094097534858
9337,True,"A3,B2,C3,D1,E1,F2",True,0.0,93070.29495514467,-4.722100686878093
9338,True,"A3,B2,C3,D1,E1,F1",False,1.0,46221.72218981658,-4.92365244153126
9339,True,"A3,B2,C3,D1,E1,F1",False,1.0,325244.40367909876,-8.873926656803334
9340,True,"A3,B2,C3,D1,E1,F2",True,0.0,2519471.1119316057,-13.40173654675641
9341,True,"A4,B2,C3,D2,E3,F2",False,3.0,4834132.295695163,-18.89809713032352
9342,True,"A4,B2,C3,D2,E3,F2",False,3.0,744359.1474837636,-9.05803031504933
9343,True,"A3,B2,C3,D1,E1,F2",True,0.0,536303.9008358753,-10.832265763814206
9344,True,"A4,B2,C3,D2,E2,F1",False,4.0,200176.020180334,-7.600442007174948
9345,True,"A3,B2,C3,D1,E1,F2",True,0.0,149301.8956509081,-6.176311442561115
9346,True,"A3,B2,C3,D1,E1,F2",True,0.0,228562.42858388004,-6.223842952821357
9347,True,"A3,B2,C3,D1,E1,F1",False,1.0,29346.39561794238,-3.7795131844816154
9348,True,"A3,B2,C3,D2,E1,F1",False,2.0,437246.8814280978,-8.674189822365676
9349,True,"A3,B2,C3,D2,E1,F1",False,2.0,3195161.2912886953,-15.733264329042058
9350,True,"A3,B2,C3,D2,E1,F3",False,2.0,128139.27765546081,-6.203010616960057
9351,True,"A4,B2,C3,D2,E3,F1",False,4.0,129141.95607372392,-7.518384729324282
9352,True,"A3,B2,C3,D1,E1,F2",True,0.0,2972758.8466533185,-15.359386352647498
9353,True,"A3,B2,C3,D2,E1,F1",False,2.0,2765232.897605718,-14.580492661222799
9354,True,"A3,B2,C3,D1,E1,F2",True,0.0,562568.5345698994,-8.522590685537828
9355,True,"A4,B2,C3,D2,E3,F1",False,4.0,551373.4464150857,-10.371628397252465
9356,True,"A4,B2,C3,D2,E3,F1",False,4.0,40787.11894945724,-6.000068949313004
9357,True,"A3,B2,C3,D1,E1,F2",True,0.0,104588.89033570306,-6.662281911864511
9358,True,"A4,B2,C3,D2,E3,F2",False,3.0,1720361.9854454962,-12.288750935179607
9359,True,"A3,B2,C3,D2,E1,F2",False,1.0,867507.803907784,-10.617414519376155
9360,True,"A3,B2,C3,D2,E1,F3",False,2.0,653041.7766393439,-10.377049054521656
9361,True,"A3,B2,C3,D2,E1,F3",False,2.0,31407.63104634455,-3.804156251099755
9362,True,"A4,B2,C3,D2,E3,F2",False,3.0,222564.33897958044,-8.532493725330554
9363,True,"A4,B2,C3,D2,E3,F2",False,3.0,737691.9152937841,-10.869677522254854
9364,True,"A4,B2,C3,D2,E3,F1",False,4.0,416132.3695248722,-9.011745790413059
9365,True,"A3,B2,C3,D1,E1,F2",True,0.0,914457.61473159,-10.033659109914304
9366,True,"A3,B2,C3,D2,E1,F3",False,2.0,64261.27855668343,-5.254517968617421
9367,True,"A4,B2,C3,D2,E3,F2",False,3.0,1196089.4356066384,-10.902137202806927
9368,True,"A4,B2,C3,D2,E3,F2",False,3.0,3553195.5627543167,-16.159939180900928
9369,True,"A3,B2,C3,D2,E1,F1",False,2.0,797151.7069526218,-9.332716297117713
9370,True,"A3,B2,C3,D1,E1,F2",True,0.0,1727110.0297405713,-11.484502618750774
9371,True,"A3,B2,C3,D1,E1,F2",True,0.0,3164628.27028193,-14.812660129803405
9372,True,"A3,B2,C3,D2,E1,F2",False,1.0,3958708.7985417964,-15.94604318038676
9373,True,"A3,B2,C3,D1,E1,F2",True,0.0,2261989.581403858,-14.906882807673952
9374,True,"A4,B2,C3,D2,E3,F2",False,3.0,3175897.2013900825,-16.867735399914743
9375,True,"A3,B2,C3,D2,E1,F3",False,2.0,244722.28444533783,-7.626044673867867
9376,True,"A3,B2,C3,D1,E1,F2",True,0.0,1325230.8281958806,-12.253323937718648
9377,True,"A3,B2,C3,D2,E1,F3",False,2.0,4035982.0751463952,-15.025840361274092
9378,True,"A3,B2,C3,D2,E1,F2",False,1.0,2841951.1759355525,-13.57924510985685
9379,True,"A3,B2,C3,D1,E1,F2",True,0.0,313766.3371475623,-8.575890801187683
9380,True,"A4,B2,C3,D2,E2,F1",False,4.0,831456.3459600863,-10.98426722607816
9381,True,"A3,B2,C3,D1,E1,F1",False,1.0,90968.66835261436,-6.569243999153272
9382,True,"A3,B2,C3,D1,E1,F2",True,0.0,1680674.7117637284,-12.375708168647016
9383,True,"A4,B2,C3,D2,E3,F2",False,3.0,3003840.0162897483,-15.984856948447693
9384,True,"A3,B2,C3,D1,E1,F2",True,0.0,2754036.18225218,-15.137882254472508
9385,True,"A4,B2,C3,D2,E3,F1",False,4.0,167489.00864174782,-7.483569111324542
9386,True,"A4,B2,C3,D2,E2,F1",False,4.0,26372.43955244351,-3.597596349147139
9387,True,"A3,B2,C3,D1,E1,F2",True,0.0,449345.90044743055,-9.014071734124116
9388,True,"A3,B2,C3,D2,E1,F3",False,2.0,272049.3628209618,-6.683313933417992
9389,True,"A3,B2,C3,D2,E1,F1",False,2.0,2885047.747588466,-15.382686928738721
9390,True,"A3,B2,C3,D1,E1,F2",True,0.0,123396.61126915443,-5.301300853303275
9391,True,"A3,B2,C3,D1,E1,F2",True,0.0,1768788.9560537331,-13.895827613794225
9392,True,"A3,B2,C3,D2,E1,F3",False,2.0,35505.203704637686,-4.665116723569568
9393,True,"A3,B2,C3,D1,E1,F2",True,0.0,404267.20708088804,-7.869475380434054
9394,True,"A3,B2,C3,D2,E1,F2",False,1.0,2759427.4021654148,-13.542496495811648
9395,True,"A3,B2,C3,D2,E1,F1",False,2.0,364701.26596005954,-8.32753269421454
9396,True,"A3,B2,C3,D2,E1,F3",False,2.0,87833.41527005486,-4.9230963550860025
9397,True,"A3,B2,C3,D1,E1,F2",True,0.0,32701.113526274163,-2.972695522081608
9398,True,"A3,B2,C3,D1,E1,F2",True,0.0,56060.98230543003,-4.194702871926538
9399,True,"A3,B2,C3,D2,E1,F3",False,2.0,30590.206921044908,-4.303059776230981
9400,True,"A3,B2,C3,D1,E1,F2",True,0.0,1169728.9872090206,-11.165726305122575
9401,True,"A3,B2,C3,D2,E1,F1",False,2.0,650867.3381827278,-9.305171483434677
9402,True,"A4,B2,C3,D2,E3,F1",False,4.0,961447.9312171573,-10.96179028262538
9403,True,"A3,B2,C3,D2,E1,F1",False,2.0,1258514.528482172,-11.692949096967908
9404,True,"A4,B2,C3,D2,E3,F2",False,3.0,1122733.4558805907,-13.055437548281645
9405,True,"A3,B2,C3,D2,E1,F3",False,2.0,553630.398762556,-9.389495082294914
9406,True,"A3,B2,C3,D1,E1,F1",False,1.0,2335.6712730053964,-1.3044508093930034
9407,True,"A4,B2,C3,D2,E2,F1",False,4.0,111282.37502073628,-6.980794842221769
9408,True,"A4,B2,C3,D2,E2,F1",False,4.0,128296.20034132342,-7.010184768500324
9409,True,"A3,B2,C3,D2,E1,F3",False,2.0,112143.92929386013,-6.6329319179479285
9410,True,"A3,B2,C3,D2,E2,F3",False,3.0,1870884.3135549175,-12.967682823147285
9411,True,"A4,B2,C3,D2,E3,F1",False,4.0,435326.0134446723,-11.20180906833501
9412,True,"A3,B2,C3,D1,E1,F2",True,0.0,299666.0017254162,-7.923832801420332
9413,True,"A3,B2,C3,D2,E1,F3",False,2.0,1444198.2398023002,-12.956827443482432
9414,True,"A4,B2,C3,D2,E3,F2",False,3.0,1150378.1693647695,-13.606435430931135
9415,True,"A4,B2,C3,D2,E3,F2",False,3.0,68966.85785622426,-4.698517351626464
9416,True,"A3,B2,C3,D1,E1,F2",True,0.0,142043.61888903248,-5.765704562520625
9417,True,"A3,B2,C3,D1,E1,F2",True,0.0,132064.32090491074,-4.204107607301793
9418,True,"A4,B2,C3,D2,E3,F2",False,3.0,1693496.519998583,-12.232596593990465
9419,True,"A3,B2,C3,D2,E1,F3",False,2.0,1487603.4503768524,-12.473070513573596
9420,True,"A3,B2,C3,D2,E1,F3",False,2.0,47436.60909276448,-4.443299799480542
9421,True,"A3,B2,C3,D1,E1,F2",True,0.0,284520.9919207817,-7.075891072730897
9422,True,"A4,B2,C3,D2,E3,F2",False,3.0,181375.60783433268,-7.2267327870455915
9423,True,"A3,B2,C3,D2,E1,F2",False,1.0,1683350.8604873982,-12.146684547003431
9424,True,"A3,B2,C3,D1,E1,F2",True,0.0,2542041.5305346064,-15.11229889944908
9425,True,"A4,B2,C3,D2,E3,F2",False,3.0,2422719.232935788,-14.13174446454451
9426,True,"A4,B2,C3,D2,E3,F2",False,3.0,334203.6340115373,-8.189698228796871
9427,True,"A3,B2,C3,D2,E1,F2",False,1.0,1445814.9184372434,-11.707189126308755
9428,True,"A3,B2,C3,D2,E1,F3",False,2.0,21426.676700338085,-3.956157121745562
9429,True,"A4,B2,C3,D2,E3,F2",False,3.0,4249764.3424552865,-16.049267287826446
9430,True,"A3,B2,C3,D1,E1,F1",False,1.0,46365.11386562798,-4.2317439247496935
9431,True,"A3,B2,C3,D2,E1,F3",False,2.0,12669.100384527428,-2.47633940791151
9432,True,"A4,B2,C3,D2,E3,F1",False,4.0,12382.795943432191,-4.220272398621063
9433,True,"A3,B2,C3,D2,E1,F3",False,2.0,138693.00531864923,-6.058364886202881
9434,True,"A4,B2,C3,D2,E3,F1",False,4.0,33855.188888106604,-5.776362854243274
9435,True,"A3,B2,C3,D1,E1,F2",True,0.0,131752.2062079974,-6.034276864939926
9436,True,"A3,B2,C3,D1,E1,F2",True,0.0,3271238.8104851036,-14.259823543048178
9437,True,"A4,B2,C3,D2,E3,F2",False,3.0,188070.69071234626,-6.343612109505855
9438,True,"A4,B2,C3,D2,E3,F2",False,3.0,250904.14516846868,-8.025275213041809
9439,True,"A3,B2,C3,D1,E1,F2",True,0.0,36936.61188778605,-4.227688236634592
9440,True,"A3,B2,C3,D2,E1,F3",False,2.0,54077.879342164975,-4.74798937918203
9441,True,"A4,B2,C3,D2,E3,F1",False,4.0,32818.13149034074,-6.046281572348136
9442,True,"A4,B2,C3,D2,E2,F1",False,4.0,2441126.8861765363,-14.003190201092785
9443,True,"A3,B2,C3,D1,E1,F2",True,0.0,1836162.39932359,-14.43756238446457
9444,True,"A4,B2,C3,D2,E2,F1",False,4.0,113764.43873760157,-6.896478506480818
9445,True,"A3,B2,C3,D2,E1,F2",False,1.0,534991.6124219955,-9.807983102752047
9446,True,"A3,B2,C3,D2,E1,F2",False,1.0,5084195.10216094,-16.02881067662932
9447,True,"A3,B2,C3,D1,E1,F2",True,0.0,139460.3666891949,-6.059880435251671
9448,True,"A3,B2,C3,D1,E1,F2",True,0.0,1647049.4415794513,-12.858102184604626
9449,True,"A4,B2,C3,D2,E3,F2",False,3.0,3453766.870116712,-16.688530095501626
9450,True,"A3,B2,C3,D2,E1,F1",False,2.0,1895954.710428479,-13.18122574046236
9451,True,"A4,B2,C3,D2,E3,F1",False,4.0,4087.879733657065,-2.6050346171683856
9452,True,"A3,B2,C3,D2,E1,F3",False,2.0,356591.930441468,-6.762733418183444
9453,True,"A4,B2,C3,D2,E3,F1",False,4.0,117662.94507282629,-6.2403830323924865
9454,True,"A4,B2,C3,D2,E3,F2",False,3.0,1380237.4828375296,-12.27896269679546
9455,True,"A4,B2,C3,D2,E3,F2",False,3.0,155879.45100873554,-5.950195536235782
9456,True,"A3,B2,C3,D1,E1,F1",False,1.0,15775.110113588325,-4.435455912857108
9457,True,"A4,B2,C3,D2,E3,F1",False,4.0,884003.0615235452,-11.876071811016594
9458,True,"A3,B2,C3,D1,E1,F2",True,0.0,29760.15656378402,-2.980846478550262
9459,True,"A3,B2,C3,D2,E1,F3",False,2.0,344702.00133272517,-8.563069454468007
9460,True,"A3,B2,C3,D2,E1,F3",False,2.0,35289.77184512531,-4.788504040756877
9461,True,"A4,B2,C3,D2,E3,F2",False,3.0,1306372.691797592,-11.449813369776948
9462,True,"A3,B2,C3,D1,E1,F2",True,0.0,1319472.6003748663,-12.039091699112191
9463,True,"A3,B2,C3,D2,E1,F2",False,1.0,2392438.998010847,-13.949245891693252
9464,True,"A4,B2,C3,D2,E3,F2",False,3.0,3598393.292211262,-15.069836884071492
9465,True,"A4,B2,C3,D2,E3,F2",False,3.0,1386643.5048910854,-12.353844185955523
9466,True,"A4,B2,C3,D2,E2,F1",False,4.0,407007.45009336935,-8.248192885469237
9467,True,"A3,B2,C3,D1,E1,F2",True,0.0,14193.982938324258,-1.4335922344746308
9468,True,"A3,B2,C3,D1,E1,F1",False,1.0,32292.393466864447,-4.125851890826155
9469,True,"A4,B2,C3,D2,E3,F2",False,3.0,67062.8422586744,-3.451759412999465
9470,True,"A3,B2,C3,D1,E1,F2",True,0.0,1284131.0299796215,-12.483325233278087
9471,True,"A3,B2,C3,D2,E1,F2",False,1.0,884252.2860118845,-9.904748630794856
9472,True,"A3,B2,C3,D2,E1,F2",False,1.0,2128444.1830937425,-12.652357524161246
9473,True,"A3,B2,C3,D2,E1,F1",False,2.0,1481722.4867331244,-12.010109819685368
9474,True,"A3,B2,C3,D1,E1,F2",True,0.0,26362.476539124134,-3.575932832700346
9475,True,"A3,B2,C3,D2,E1,F3",False,2.0,1371583.7235004562,-11.929395864447194
9476,True,"A3,B2,C3,D2,E1,F3",False,2.0,1290828.2674539827,-12.813086311726892
9477,True,"A4,B2,C3,D2,E3,F2",False,3.0,1290251.9758461206,-11.909590639392604
9478,True,"A3,B2,C3,D2,E1,F1",False,2.0,2127643.800860036,-14.116057441152996
9479,True,"A4,B2,C3,D2,E3,F2",False,3.0,1377441.3357731642,-12.354321639228452
9480,True,"A3,B2,C3,D2,E1,F3",False,2.0,2099913.9715231787,-12.727083794146658
9481,True,"A3,B2,C3,D2,E1,F3",False,2.0,1564107.301051089,-13.717377833380617
9482,True,"A4,B2,C3,D2,E3,F2",False,3.0,2156832.489752054,-14.02194758650991
9483,True,"A4,B2,C3,D2,E3,F2",False,3.0,1687564.3530428645,-13.838625419416083
9484,True,"A3,B2,C3,D1,E1,F1",False,1.0,48325.25577140073,-5.349008172131633
9485,True,"A3,B2,C3,D2,E1,F3",False,2.0,785463.7054618419,-9.685442754705072
9486,True,"A4,B2,C3,D2,E3,F2",False,3.0,14930.003624533932,-2.2364930311127296
9487,True,"A3,B2,C3,D1,E1,F2",True,0.0,2244460.9879421443,-14.438776584417312
9488,True,"A3,B2,C3,D1,E1,F2",True,0.0,259670.47686128577,-6.679278422345973
9489,True,"A3,B2,C3,D2,E1,F3",False,2.0,881216.4095332322,-10.370950004213917
9490,True,"A3,B2,C3,D1,E1,F2",True,0.0,13474.310207024091,-3.0040633599294466
9491,True,"A3,B2,C3,D2,E1,F3",False,2.0,507123.8463285485,-9.889747546853954
9492,True,"A3,B2,C3,D2,E1,F3",False,2.0,96713.80933040607,-4.830596567543424
9493,True,"A3,B2,C3,D2,E1,F2",False,1.0,2166412.332902558,-12.296884525122074
9494,True,"A4,B2,C3,D2,E3,F2",False,3.0,2800480.6460861987,-14.149339172506913
9495,True,"A3,B2,C3,D1,E1,F2",True,0.0,72879.89027789382,-3.990385624823176
9496,True,"A3,B2,C3,D2,E1,F3",False,2.0,11965.943635159068,-2.356581590055484
9497,True,"A3,B2,C3,D2,E1,F3",False,2.0,1218588.116969949,-10.914930665996366
9498,True,"A3,B2,C3,D2,E1,F3",False,2.0,401384.7839376628,-7.609468225518327
9499,True,"A3,B2,C3,D2,E1,F3",False,2.0,635001.6230270803,-10.623533469718623
9500,True,"A3,B2,C3,D2,E1,F3",False,2.0,55144.7768536863,-3.70124002027913
9501,True,"A3,B2,C3,D2,E1,F3",False,2.0,126507.29425617652,-5.767570439137941
9502,True,"A3,B2,C3,D1,E1,F2",True,0.0,2168157.040228868,-12.588847489686458
9503,True,"A3,B2,C3,D2,E1,F2",False,1.0,2848822.9853494884,-14.408884148508832
9504,True,"A4,B2,C3,D2,E3,F2",False,3.0,1626082.4620852007,-12.626929191007711
9505,True,"A3,B2,C3,D2,E1,F3",False,2.0,21423.679028543404,-2.6338094523557345
9506,True,"A4,B2,C3,D2,E2,F1",False,4.0,27808.955185199095,-5.108258048817547
9507,True,"A3,B2,C3,D1,E1,F2",True,0.0,18006.653613435803,-1.9968922806503429
9508,True,"A4,B2,C3,D2,E3,F2",False,3.0,2046937.9627851192,-13.586177856836102
9509,True,"A4,B2,C3,D2,E2,F1",False,4.0,21019.062149197092,-3.934801493824736
9510,True,"A4,B2,C3,D2,E3,F1",False,4.0,50944.725301864986,-5.088787306190028
9511,True,"A3,B2,C3,D2,E1,F3",False,2.0,72243.75058458657,-5.300751438954094
9512,True,"A4,B2,C3,D2,E3,F2",False,3.0,1066329.1127970489,-12.644931442336599
9513,True,"A4,B2,C3,D2,E3,F2",False,3.0,2175909.198416756,-13.257804491999934
9514,True,"A4,B2,C3,D2,E3,F2",False,3.0,1082681.33018579,-12.722642170209419
9515,True,"A4,B2,C3,D2,E3,F1",False,4.0,18015.574424794613,-3.7196378936516368
9516,True,"A3,B2,C3,D2,E1,F3",False,2.0,113768.26355054753,-6.127512616501605
9517,True,"A3,B2,C3,D2,E1,F2",False,1.0,2133944.999803602,-13.66559836771902
9518,True,"A3,B2,C3,D2,E1,F3",False,2.0,63261.77148581443,-5.520827218934642
9519,True,"A4,B2,C3,D2,E3,F2",False,3.0,583238.8182233621,-9.72328357532021
9520,True,"A4,B2,C3,D2,E3,F2",False,3.0,2660924.2271515382,-15.008322653440018
9521,True,"A3,B2,C3,D1,E1,F1",False,1.0,12970.457901187478,-3.364914257331307
9522,True,"A3,B2,C3,D2,E1,F3",False,2.0,2194137.8529157448,-12.237087198156026
9523,True,"A3,B2,C3,D1,E1,F2",True,0.0,200601.9475110133,-7.047279861626151
9524,True,"A3,B2,C3,D2,E1,F3",False,2.0,68175.09694227813,-4.3341100770606715
9525,True,"A3,B2,C3,D1,E1,F2",True,0.0,1649741.8864927096,-11.329546934417351
9526,True,"A3,B2,C3,D2,E1,F3",False,2.0,377349.37942090654,-8.070653672724774
9527,True,"A4,B2,C3,D2,E3,F1",False,4.0,290251.3527938057,-9.751868953999974
9528,True,"A3,B2,C3,D1,E1,F2",True,0.0,1121984.161013742,-12.034784525687066
9529,True,"A4,B2,C3,D2,E3,F2",False,3.0,1080885.182871321,-11.260852350293987
9530,True,"A3,B2,C3,D2,E1,F2",False,1.0,2251901.572953608,-13.353568898571481
9531,True,"A4,B2,C3,D2,E3,F2",False,3.0,56717.25771728948,-5.928437276686964
9532,True,"A4,B2,C3,D2,E3,F1",False,4.0,98431.126376548,-6.561421744848673
9533,True,"A4,B2,C3,D2,E3,F1",False,4.0,37537.087597615544,-4.9195547179180465
9534,True,"A3,B2,C3,D1,E1,F2",True,0.0,6665.561616431093,-1.8439534441836827
9535,True,"A4,B2,C3,D2,E3,F1",False,4.0,33536.88169656423,-4.909180333190534
9536,True,"A3,B2,C3,D2,E1,F3",False,2.0,302275.01172145124,-7.911400640056286
9537,True,"A3,B2,C3,D1,E1,F2",True,0.0,898908.5562955448,-11.211013281364963
9538,True,"A3,B2,C3,D1,E1,F2",True,0.0,137687.9732178128,-5.5447961793878875
9539,True,"A4,B2,C3,D2,E3,F1",False,4.0,142842.5658234473,-7.632787780163085
9540,True,"A4,B2,C3,D2,E3,F2",False,3.0,84672.06574973845,-4.265662442958032
9541,True,"A3,B2,C3,D2,E1,F1",False,2.0,1300894.6374376793,-12.561449889102
9542,True,"A3,B2,C3,D1,E1,F2",True,0.0,2354036.070084889,-13.658091302076137
9543,True,"A4,B2,C3,D2,E3,F1",False,4.0,547614.9069432762,-11.517340444594169
9544,True,"A3,B2,C3,D1,E1,F2",True,0.0,3625774.7516363296,-15.383925457227711
9545,True,"A4,B2,C3,D2,E3,F1",False,4.0,68983.317687435,-5.73787394009409
9546,True,"A4,B2,C3,D2,E3,F2",False,3.0,51065.68782962826,-5.296209641408552
9547,True,"A4,B2,C3,D2,E3,F2",False,3.0,3054973.0061985324,-14.453773669057583
9548,True,"A4,B2,C3,D2,E3,F2",False,3.0,276258.36207891046,-9.014030299129999
9549,True,"A3,B2,C3,D2,E1,F2",False,1.0,3742237.9857569877,-13.683620838501504
9550,True,"A4,B2,C3,D2,E3,F2",False,3.0,121258.56467064295,-7.514379512948707
9551,True,"A3,B2,C3,D2,E1,F1",False,2.0,1550910.4082445519,-13.148988811929904
9552,True,"A3,B2,C3,D1,E1,F2",True,0.0,1224040.2906977218,-11.275621132085945
9553,True,"A3,B2,C3,D2,E1,F3",False,2.0,18684.16264935645,-3.5308691182708287
9554,True,"A3,B2,C3,D2,E1,F1",False,2.0,304623.06144188007,-8.560584232931447
9555,True,"A3,B2,C3,D1,E1,F2",True,0.0,1698427.8271037356,-12.922229932497736
9556,True,"A4,B2,C3,D2,E2,F1",False,4.0,566107.8173470548,-8.853650485938047
9557,True,"A3,B2,C3,D2,E1,F3",False,2.0,31893.58245994656,-3.961856797478873
9558,True,"A4,B2,C3,D2,E3,F2",False,3.0,32498.88586959946,-3.9692839083705707
9559,True,"A4,B2,C3,D2,E3,F2",False,3.0,659841.6095467418,-10.719132592527977
9560,True,"A3,B2,C3,D2,E1,F2",False,1.0,2947910.698815634,-14.411488764262998
9561,True,"A4,B2,C3,D2,E3,F2",False,3.0,2996559.936034397,-15.281351563506114
9562,True,"A3,B2,C3,D1,E1,F2",True,0.0,1006335.276787663,-11.454717848539431
9563,True,"A4,B2,C3,D2,E3,F1",False,4.0,20684.533624174794,-5.488258164920268
9564,True,"A3,B2,C3,D1,E1,F2",True,0.0,2351300.681426531,-13.601089788916916
9565,True,"A3,B2,C3,D2,E1,F3",False,2.0,284893.6969681331,-7.831273339350787
9566,True,"A4,B2,C3,D2,E3,F2",False,3.0,121027.60014868261,-6.7408181947945
9567,True,"A3,B2,C3,D1,E1,F2",True,0.0,1693681.8282983105,-13.109285706214393
9568,True,"A3,B2,C3,D2,E1,F3",False,2.0,200769.0210867713,-8.205818884360994
9569,True,"A4,B2,C3,D2,E3,F1",False,4.0,60321.34218098523,-6.459680272792625
9570,True,"A3,B2,C3,D2,E1,F3",False,2.0,2401531.426063268,-13.854974824590435
9571,True,"A3,B2,C3,D2,E1,F1",False,2.0,57980.808138168424,-4.907734051613744
9572,True,"A4,B2,C3,D2,E3,F1",False,4.0,32191.985078990678,-6.058714085224381
9573,True,"A3,B2,C3,D1,E1,F1",False,1.0,11206.419948484658,-3.0740945457060462
9574,True,"A3,B2,C3,D1,E1,F1",False,1.0,81757.71409906923,-5.6001518046473535
9575,True,"A4,B2,C3,D2,E3,F2",False,3.0,261395.54800156993,-7.583295865025008
9576,True,"A3,B2,C3,D1,E1,F1",False,1.0,27063.21932359439,-3.644784832838596
9577,True,"A3,B2,C3,D2,E1,F1",False,2.0,79328.313021456,-5.603844069362054
9578,True,"A3,B2,C3,D2,E1,F1",False,2.0,2039575.2350868145,-13.056035360970988
9579,True,"A4,B2,C3,D2,E3,F2",False,3.0,265354.7687797038,-7.976864571724391
9580,True,"A3,B2,C3,D1,E1,F2",True,0.0,723690.9615217218,-9.533378898970291
9581,True,"A4,B2,C3,D2,E3,F1",False,4.0,4955.879642851645,-2.2900500093133473
9582,True,"A3,B2,C3,D1,E1,F2",True,0.0,436404.6758623833,-8.845770597526482
9583,True,"A3,B2,C3,D1,E1,F1",False,1.0,31650.561698973746,-4.05363804218598
9584,True,"A3,B2,C3,D1,E1,F2",True,0.0,1141458.0062866036,-10.983379824631967
9585,True,"A3,B2,C3,D2,E2,F3",False,3.0,1686789.2433995565,-13.178339691354822
9586,True,"A3,B2,C3,D2,E1,F3",False,2.0,475704.68152968446,-8.678184233003265
9587,True,"A3,B2,C3,D1,E1,F2",True,0.0,1027604.4340920642,-10.766840234661537
9588,True,"A3,B2,C3,D2,E1,F2",False,1.0,471114.03812579997,-9.680298407893147
9589,True,"A4,B2,C3,D2,E3,F2",False,3.0,59183.659425635495,-4.463291025645134
9590,True,"A4,B2,C3,D2,E3,F2",False,3.0,1060019.5836753554,-10.431816179260345
9591,True,"A3,B2,C3,D2,E1,F2",False,1.0,471495.40931466914,-8.816349377673234
9592,True,"A4,B2,C3,D2,E3,F1",False,4.0,843462.9786625437,-11.270981183267303
9593,True,"A4,B2,C3,D2,E3,F2",False,3.0,553884.2903063927,-9.741542407897867
9594,True,"A3,B2,C3,D2,E1,F2",False,1.0,4227070.295427955,-15.466408263424064
9595,True,"A3,B2,C3,D1,E1,F2",True,0.0,1539425.081423493,-10.806732336414179
9596,True,"A4,B2,C3,D2,E3,F2",False,3.0,1412599.0872402093,-14.072229082282803
9597,True,"A3,B2,C3,D2,E1,F2",False,1.0,1983057.0250838993,-11.827463053122024
9598,True,"A3,B2,C3,D2,E1,F1",False,2.0,2452658.879588235,-13.388566539336665
9599,True,"A4,B2,C3,D2,E3,F2",False,3.0,423089.9337365454,-9.136459057812274
9600,True,"A3,B2,C3,D1,E1,F2",True,0.0,143791.14932603424,-6.34589714792935
9601,True,"A3,B2,C3,D2,E1,F1",False,2.0,2483511.235246316,-14.471439554757204
9602,True,"A3,B2,C3,D2,E1,F1",False,2.0,225525.43373131932,-7.337654703210944
9603,True,"A3,B2,C3,D2,E1,F2",False,1.0,1964074.3038772827,-12.528828013587905
9604,True,"A3,B2,C3,D2,E1,F1",False,2.0,678600.724491392,-9.86562382799113
9605,True,"A3,B2,C3,D2,E1,F3",False,2.0,594985.2210730243,-10.626090950358659
9606,True,"A3,B2,C3,D2,E1,F3",False,2.0,50475.46299375566,-4.617494302984937
9607,True,"A3,B2,C3,D1,E1,F2",True,0.0,1915859.9343038446,-13.016675233704255
9608,True,"A3,B2,C3,D1,E1,F2",True,0.0,69345.90389585409,-5.868059975684787
9609,True,"A3,B2,C3,D1,E1,F2",True,0.0,71404.9633800217,-5.015151793427464
9610,True,"A3,B2,C3,D2,E1,F1",False,2.0,857862.0724394378,-11.853201032801884
9611,True,"A3,B2,C3,D1,E1,F2",True,0.0,125389.9439560088,-5.82024367738903
9612,True,"A4,B2,C3,D2,E3,F2",False,3.0,1764789.5447656037,-13.938384385765069
9613,True,"A3,B2,C3,D2,E1,F3",False,2.0,2892092.1397132217,-15.572667971713614
9614,True,"A3,B2,C3,D2,E1,F3",False,2.0,39175.39420726601,-5.966476450718488
9615,True,"A4,B2,C3,D2,E3,F2",False,3.0,1088813.0914181373,-12.176989083427713
9616,True,"A3,B2,C3,D1,E1,F2",True,0.0,51991.788983320046,-5.095709668535946
9617,True,"A3,B2,C3,D1,E1,F2",True,0.0,1531655.7942423783,-12.323941248850346
9618,True,"A3,B2,C3,D1,E1,F2",True,0.0,62577.11082388991,-3.983762672875045
9619,True,"A3,B2,C3,D1,E1,F2",True,0.0,280866.901532126,-7.823941822748253
9620,True,"A3,B2,C3,D2,E1,F2",False,1.0,3142213.0762603064,-12.84885924052135
9621,True,"A3,B2,C3,D2,E1,F2",False,1.0,2072860.8409676005,-14.482461498863643
9622,True,"A3,B2,C3,D1,E1,F2",True,0.0,1691647.915503616,-12.372820679305946
9623,True,"A4,B2,C3,D2,E3,F1",False,4.0,40552.68557437676,-6.242073726409814
9624,True,"A3,B2,C3,D2,E1,F3",False,2.0,79887.29780752318,-5.667053428021234
9625,True,"A3,B2,C3,D1,E1,F2",True,0.0,2599329.9155524713,-14.284164066839047
9626,True,"A3,B2,C3,D2,E1,F3",False,2.0,318698.5037968517,-8.694944162814181
9627,True,"A4,B2,C3,D2,E3,F2",False,3.0,2284619.321694635,-13.576265110323597
9628,True,"A3,B2,C3,D2,E1,F1",False,2.0,2886665.263014893,-13.586557619490428
9629,True,"A3,B2,C3,D1,E1,F2",True,0.0,298360.00038889993,-8.161548521301171
9630,True,"A3,B2,C3,D2,E1,F2",False,1.0,2871532.2909408817,-12.670625386078605
9631,True,"A3,B2,C3,D1,E1,F2",True,0.0,3199755.3453680654,-16.586244399669596
9632,True,"A3,B2,C3,D1,E1,F2",True,0.0,2116085.1089384602,-12.20776865642263
9633,True,"A3,B2,C3,D2,E1,F1",False,2.0,1563407.2868096498,-11.906258703576349
9634,True,"A3,B2,C3,D2,E1,F3",False,2.0,768915.157617558,-11.474669714107847
9635,True,"A3,B2,C3,D1,E1,F2",True,0.0,42273.222242742166,-3.627048103825288
9636,True,"A4,B2,C3,D2,E3,F2",False,3.0,555404.9478744003,-9.187106625685956
9637,True,"A3,B2,C3,D2,E1,F3",False,2.0,2064363.4983154358,-14.231625715493124
9638,True,"A3,B2,C3,D1,E1,F2",True,0.0,2292578.714460481,-13.904087419227409
9639,True,"A4,B2,C3,D2,E3,F1",False,4.0,35579.54365075398,-5.213365261888384
9640,True,"A3,B2,C3,D1,E1,F2",True,0.0,274350.0270123687,-7.864157819441687
9641,True,"A3,B2,C3,D2,E1,F3",False,2.0,537119.4705753229,-8.614987008433161
9642,True,"A4,B2,C3,D2,E3,F2",False,3.0,65403.14815988904,-4.612147074624389
9643,True,"A3,B2,C3,D2,E1,F3",False,2.0,202132.96126675064,-7.041845571619817
9644,True,"A3,B2,C3,D2,E1,F1",False,2.0,369006.11248952267,-9.414772472535319
9645,True,"A4,B2,C3,D2,E2,F1",False,4.0,74070.64259894387,-5.95622110403427
9646,True,"A4,B2,C3,D2,E3,F1",False,4.0,64313.4492291047,-5.654687846117056
9647,True,"A3,B2,C3,D2,E1,F3",False,2.0,30424.24155235107,-2.8456573745884555
9648,True,"A3,B2,C3,D2,E1,F3",False,2.0,918483.1349224314,-11.032174494047212
9649,True,"A3,B2,C3,D1,E1,F2",True,0.0,355719.27441223833,-8.006046831434318
9650,True,"A4,B2,C3,D2,E3,F2",False,3.0,1109218.7292601361,-12.754762468965396
9651,True,"A4,B2,C3,D2,E3,F2",False,3.0,394378.83258180297,-9.687898519808812
9652,True,"A3,B2,C3,D2,E1,F2",False,1.0,4229311.946073498,-15.202813697432795
9653,True,"A3,B2,C3,D2,E1,F3",False,2.0,423932.6960268676,-7.890139348255744
9654,True,"A3,B2,C3,D2,E1,F3",False,2.0,3244262.625013894,-14.809530809498519
9655,True,"A3,B2,C3,D2,E1,F2",False,1.0,802648.5820856228,-10.19809726975953
9656,True,"A3,B2,C3,D2,E1,F3",False,2.0,462626.8182748028,-8.801666371352155
9657,True,"A3,B2,C3,D2,E1,F3",False,2.0,2367780.4960172665,-13.274911457694401
9658,True,"A3,B2,C3,D2,E1,F1",False,2.0,1059125.824379803,-10.586024958304492
9659,True,"A3,B2,C3,D2,E1,F3",False,2.0,99385.13504652663,-5.934093375131198
9660,True,"A4,B2,C3,D2,E3,F1",False,4.0,16732.048421364554,-4.503516611336451
9661,True,"A3,B2,C3,D2,E1,F1",False,2.0,2394485.7119993526,-13.470416190722581
9662,True,"A4,B2,C3,D2,E3,F2",False,3.0,2334720.6866139886,-14.721510488064808
9663,True,"A3,B2,C3,D2,E1,F1",False,2.0,104316.04656683843,-6.494410254289619
9664,True,"A3,B2,C3,D2,E1,F1",False,2.0,1469892.2945307803,-12.620142446780761
9665,True,"A3,B2,C3,D2,E1,F1",False,2.0,2024390.803856596,-14.133385050794374
9666,True,"A4,B2,C3,D2,E3,F1",False,4.0,56119.91748975796,-5.707660898476917
9667,True,"A4,B2,C3,D2,E3,F1",False,4.0,366795.54365078144,-9.270506127142667
9668,True,"A3,B2,C3,D2,E1,F3",False,2.0,81042.05180730172,-4.916748654731677
9669,True,"A3,B2,C3,D2,E1,F2",False,1.0,669996.0936016045,-10.250518153922869
9670,True,"A3,B2,C3,D1,E1,F1",False,1.0,9268.205321404797,-2.6193269908544465
9671,True,"A4,B2,C3,D2,E2,F1",False,4.0,24564.456464704435,-4.373907238262007
9672,True,"A3,B2,C3,D1,E1,F2",True,0.0,37290.11747832759,-4.753993415986017
9673,True,"A3,B2,C3,D2,E1,F3",False,2.0,66321.38545684103,-5.276715394573785
9674,True,"A3,B2,C3,D2,E1,F1",False,2.0,303403.443644226,-8.225735915861577
9675,True,"A3,B2,C3,D1,E1,F2",True,0.0,462561.2281866032,-8.57289666362945
9676,True,"A3,B2,C3,D1,E1,F2",True,0.0,350830.419806738,-6.640134704371121
9677,True,"A4,B2,C3,D2,E2,F1",False,4.0,1221714.3227383606,-12.799264877732519
9678,True,"A3,B2,C3,D1,E1,F2",True,0.0,80498.30807869142,-4.590572112089632
9679,True,"A3,B2,C3,D1,E1,F2",True,0.0,194658.23423537947,-7.052543535294248
9680,True,"A3,B2,C3,D1,E1,F1",False,1.0,1357822.38784219,-12.792509388936757
9681,True,"A3,B2,C3,D1,E1,F2",True,0.0,472398.1872911411,-8.82792267974709
9682,True,"A3,B2,C3,D2,E1,F1",False,2.0,3385555.8096752316,-16.56291492222637
9683,True,"A4,B2,C3,D2,E3,F2",False,3.0,1236733.6085843833,-11.477205112278341
9684,True,"A3,B2,C3,D2,E1,F3",False,2.0,614265.447722983,-9.570721105097675
9685,True,"A3,B2,C3,D2,E1,F1",False,2.0,2109548.789341201,-13.72108400330115
9686,True,"A3,B2,C3,D2,E1,F3",False,2.0,839779.361602964,-9.82313465551897
9687,True,"A3,B2,C3,D1,E1,F2",True,0.0,2523981.4605775457,-15.362199130161201
9688,True,"A3,B2,C3,D2,E1,F2",False,1.0,449117.91147132486,-8.103961700160681
9689,True,"A4,B2,C3,D2,E3,F2",False,3.0,512430.063068947,-9.324131513676306
9690,True,"A3,B2,C3,D1,E1,F2",True,0.0,206899.98190431666,-7.912177845458828
9691,True,"A3,B2,C3,D1,E1,F1",False,1.0,86655.82609778893,-5.523591677690433
9692,True,"A4,B2,C3,D2,E3,F2",False,3.0,2353706.14749428,-14.350481655418939
9693,True,"A3,B2,C3,D2,E1,F1",False,2.0,3397283.6951002707,-15.684359591517236
9694,True,"A3,B2,C3,D1,E1,F2",True,0.0,243458.53526514242,-7.294517335454415
9695,True,"A3,B2,C3,D2,E1,F3",False,2.0,533476.5243102737,-8.73198216400246
9696,True,"A3,B2,C3,D1,E1,F1",False,1.0,18169.436505483114,-4.263110886757502
9697,True,"A3,B2,C3,D2,E1,F3",False,2.0,1906259.405859269,-13.408643344481462
9698,True,"A3,B2,C3,D2,E1,F3",False,2.0,73478.08443341481,-3.0577267263283687
9699,True,"A3,B2,C3,D1,E1,F2",True,0.0,2112355.8120073345,-13.78705584915783
9700,True,"A3,B2,C3,D2,E1,F1",False,2.0,1460616.962661935,-12.130959177534386
9701,True,"A3,B2,C3,D2,E1,F2",False,1.0,2305796.1903970796,-12.78241336527585
9702,True,"A3,B2,C3,D2,E1,F1",False,2.0,2110029.9321741713,-14.151626693718093
9703,True,"A4,B2,C3,D2,E3,F1",False,4.0,45374.218639232546,-6.044309817559196
9704,True,"A4,B2,C3,D2,E2,F1",False,4.0,1031287.0613225109,-12.1735430181459
9705,True,"A4,B2,C3,D2,E3,F2",False,3.0,1545727.6479595378,-13.357608980797892
9706,True,"A4,B2,C3,D2,E3,F2",False,3.0,415033.38631225564,-10.173797243170668
9707,True,"A3,B2,C3,D1,E1,F2",True,0.0,2527943.3844054034,-13.484909613359015
9708,True,"A3,B2,C3,D2,E1,F3",False,2.0,2122206.7134020994,-13.299145319467002
9709,True,"A3,B2,C3,D1,E1,F2",True,0.0,29413.79065360125,-3.681266454828176
9710,True,"A4,B2,C3,D2,E3,F2",False,3.0,177801.23390691087,-7.815381631947162
9711,True,"A4,B2,C3,D2,E3,F2",False,3.0,10962.77648213776,-1.4724349513130903
9712,True,"A3,B2,C3,D2,E1,F2",False,1.0,2713602.154526383,-13.977145581595522
9713,True,"A3,B2,C3,D1,E1,F2",True,0.0,617498.898248859,-10.08170881868267
9714,True,"A3,B2,C3,D2,E1,F1",False,2.0,1194110.9705527239,-12.090240306217126
9715,True,"A3,B2,C3,D1,E1,F2",True,0.0,3449932.201587421,-14.480346430617523
9716,True,"A3,B2,C3,D2,E1,F1",False,2.0,437874.3940534591,-8.169848639352509
9717,True,"A3,B2,C3,D1,E1,F1",False,1.0,16509.467438523003,-3.5330516184299796
9718,True,"A3,B2,C3,D1,E1,F2",True,0.0,449646.5133886479,-8.612122453334862
9719,True,"A4,B2,C3,D2,E3,F2",False,3.0,812547.1782621358,-9.12935595827095
9720,True,"A3,B2,C3,D2,E1,F1",False,2.0,90054.96038036737,-4.555314403981512
9721,True,"A4,B2,C3,D2,E3,F2",False,3.0,1284848.41113682,-12.534446900975823
9722,True,"A3,B2,C3,D2,E1,F2",False,1.0,3451691.568954503,-14.617672712188046
9723,True,"A3,B2,C3,D1,E1,F1",False,1.0,3214.3384028609485,-2.0516561800912427
9724,True,"A3,B2,C3,D2,E1,F3",False,2.0,857400.879238173,-10.960004118754178
9725,True,"A3,B2,C3,D1,E1,F2",True,0.0,3604840.836642973,-14.79483695189483
9726,True,"A4,B2,C3,D2,E3,F1",False,4.0,229697.833771979,-8.58964207496524
9727,True,"A3,B2,C3,D1,E1,F1",False,1.0,71972.79542131914,-5.566988607113359
9728,True,"A3,B2,C3,D2,E1,F1",False,2.0,3090580.4769163113,-14.170161867199347
9729,True,"A3,B2,C3,D1,E1,F2",True,0.0,27204.46307509368,-4.367808038946961
9730,True,"A4,B2,C3,D2,E2,F1",False,4.0,19942.563754167313,-3.832648827323709
9731,True,"A4,B2,C3,D2,E3,F2",False,3.0,2674356.5245639435,-15.19596412220065
9732,True,"A4,B2,C3,D2,E3,F1",False,4.0,681341.657423027,-11.05358754572049
9733,True,"A3,B2,C3,D2,E1,F2",False,1.0,2927644.6031798576,-13.822773166564993
9734,True,"A3,B2,C3,D2,E1,F1",False,2.0,650958.1145745113,-11.48640773062641
9735,True,"A3,B2,C3,D2,E2,F3",False,3.0,3549398.737147774,-15.306723388185205
9736,True,"A3,B2,C3,D2,E1,F1",False,2.0,1265404.902800497,-11.994625680321384
9737,True,"A3,B2,C3,D2,E1,F3",False,2.0,277178.99704606424,-7.74922151584218
9738,True,"A4,B2,C3,D2,E3,F1",False,4.0,2501051.7417519316,-13.461373298129274
9739,True,"A3,B2,C3,D2,E1,F3",False,2.0,51453.739171540175,-4.041243701798194
9740,True,"A3,B2,C3,D1,E1,F2",True,0.0,678931.1204439518,-10.350357809962503
9741,True,"A3,B2,C3,D1,E1,F2",True,0.0,206956.89950514317,-6.017770028731405
9742,True,"A4,B2,C3,D2,E3,F2",False,3.0,47396.362645002846,-5.207716591168079
9743,True,"A3,B2,C3,D2,E1,F1",False,2.0,127919.74315634655,-7.395943129615219
9744,True,"A4,B2,C3,D2,E3,F1",False,4.0,98233.72221039503,-4.896309725891854
9745,True,"A4,B2,C3,D2,E3,F2",False,3.0,214217.64825269874,-8.043378737492048
9746,True,"A3,B2,C3,D1,E1,F2",True,0.0,1536992.4628227102,-11.755097179549466
9747,True,"A3,B2,C3,D2,E1,F3",False,2.0,33070.530661275494,-4.273257540470965
9748,True,"A3,B2,C3,D2,E1,F3",False,2.0,501031.98399267404,-8.863798831294517
9749,True,"A3,B2,C3,D2,E1,F2",False,1.0,522572.72102894715,-9.473021571836526
9750,True,"A4,B2,C3,D2,E1,F2",False,2.0,368696.1012533777,-10.917226063260344
9751,True,"A3,B2,C3,D2,E1,F3",False,2.0,529635.4982399083,-9.393013817628656
9752,True,"A4,B2,C3,D2,E2,F1",False,4.0,23387.693524684404,-3.4943388165930855
9753,True,"A3,B2,C3,D2,E1,F2",False,1.0,3461473.461740914,-15.250258570513552
9754,True,"A4,B2,C3,D2,E3,F1",False,4.0,29463.265088965334,-5.518020764210831
9755,True,"A3,B2,C3,D2,E1,F2",False,1.0,3885690.8220525547,-16.03679920762253
9756,True,"A3,B2,C3,D2,E1,F2",False,1.0,581702.5886145299,-7.986020717039253
9757,True,"A4,B2,C3,D2,E3,F2",False,3.0,263242.9212992636,-7.962836410462259
9758,True,"A3,B2,C3,D1,E1,F1",False,1.0,39693.23519000941,-4.656510673240646
9759,True,"A4,B2,C3,D2,E3,F2",False,3.0,911912.3667562137,-9.429146736955907
9760,True,"A3,B2,C3,D1,E1,F2",True,0.0,226280.1237786035,-7.407627883042352
9761,True,"A3,B2,C3,D2,E1,F2",False,1.0,1162290.5899611406,-10.125170448298078
9762,True,"A3,B2,C3,D2,E1,F2",False,1.0,3326069.0884176875,-14.348327310072378
9763,True,"A3,B2,C3,D1,E1,F2",True,0.0,138551.8281984992,-6.798445156537156
9764,True,"A3,B2,C3,D2,E1,F1",False,2.0,35050.428042800304,-2.747409202865285
9765,True,"A3,B2,C3,D2,E1,F1",False,2.0,3359476.0045260927,-15.35884476334894
9766,True,"A3,B2,C3,D2,E1,F1",False,2.0,358835.5597663476,-8.688727169300606
9767,True,"A3,B2,C3,D1,E1,F2",True,0.0,581527.7787178081,-10.769116224154615
9768,True,"A4,B2,C3,D2,E2,F1",False,4.0,3012504.936179741,-17.067242343050367
9769,True,"A4,B2,C3,D2,E3,F2",False,3.0,1698979.1818907375,-13.350000653808706
9770,True,"A3,B2,C3,D1,E1,F2",True,0.0,1002959.3887178532,-11.039873077060136
9771,True,"A3,B2,C3,D2,E1,F2",False,1.0,3894530.940045339,-13.965462603077825
9772,True,"A3,B2,C3,D1,E1,F2",True,0.0,190687.69454738757,-6.196673269811299
9773,True,"A3,B2,C3,D1,E1,F1",False,1.0,2000.6140584703223,-1.9229911943452436
9774,True,"A4,B2,C3,D2,E3,F2",False,3.0,315546.3589698487,-9.937920284746184
9775,True,"A4,B2,C3,D2,E3,F1",False,4.0,1066350.7346753688,-11.100777330107476
9776,True,"A4,B2,C3,D2,E3,F1",False,4.0,21921.53998232673,-4.904987642626523
9777,True,"A4,B2,C3,D2,E2,F1",False,4.0,1575414.2485389004,-11.848745837418512
9778,True,"A4,B2,C3,D2,E3,F1",False,4.0,725588.9087371855,-10.656493833274162
9779,True,"A3,B2,C3,D1,E1,F2",True,0.0,64614.84918738498,-4.68383428747687
9780,True,"A4,B2,C3,D2,E3,F2",False,3.0,32342.278462349772,-4.572526744986163
9781,True,"A3,B2,C3,D1,E1,F2",True,0.0,2442349.2632644726,-13.191256433363328
9782,True,"A4,B2,C3,D2,E3,F2",False,3.0,2459185.2383301407,-14.259219987186619
9783,True,"A3,B2,C3,D1,E1,F1",False,1.0,26547.00180493822,-4.164857424298859
9784,True,"A3,B2,C3,D2,E1,F3",False,2.0,1128697.770113826,-12.677127237780546
9785,True,"A4,B2,C3,D2,E3,F1",False,4.0,153779.2837826358,-8.577681749621604
9786,True,"A3,B2,C3,D1,E1,F2",True,0.0,111034.83615222936,-4.100766850555274
9787,True,"A3,B2,C3,D1,E1,F2",True,0.0,504311.06258037535,-9.397833232819693
9788,True,"A4,B2,C3,D2,E3,F2",False,3.0,352978.75334714784,-7.660156228186423
9789,True,"A3,B2,C3,D2,E1,F2",False,1.0,2998792.52683036,-12.962359614676487
9790,True,"A4,B2,C3,D2,E3,F1",False,4.0,15778.7650137083,-3.476812386543145
9791,True,"A3,B2,C3,D2,E1,F2",False,1.0,4093919.5187708843,-14.562824970386046
9792,True,"A4,B2,C3,D2,E3,F2",False,3.0,791433.8508576133,-10.658095946434912
9793,True,"A3,B2,C3,D1,E1,F2",True,0.0,570313.4180542311,-9.072586153710262
9794,True,"A3,B2,C3,D2,E1,F3",False,2.0,23676.808366929425,-2.326554298172809
9795,True,"A3,B2,C3,D1,E1,F2",True,0.0,209908.0866593154,-8.065456731015502
9796,True,"A3,B2,C3,D2,E1,F2",False,1.0,2233811.5788200325,-12.679117196271037
9797,True,"A4,B2,C3,D2,E3,F2",False,3.0,970567.0054327818,-11.63743796111899
9798,True,"A4,B2,C3,D2,E3,F2",False,3.0,815527.8755884756,-10.319731091332073
9799,True,"A3,B2,C3,D1,E1,F2",True,0.0,1029383.8736743843,-10.148429254329066
9800,True,"A3,B2,C3,D1,E1,F2",True,0.0,161523.8441391001,-7.692471485701944
9801,True,"A4,B2,C3,D2,E3,F1",False,4.0,257013.30842615463,-8.1288942486416
9802,True,"A4,B2,C3,D2,E3,F1",False,4.0,12899.508614648657,-3.7550702486151266
9803,True,"A3,B2,C3,D1,E1,F2",True,0.0,184818.54371007354,-4.933819310702347
9804,True,"A3,B2,C3,D2,E1,F1",False,2.0,1996323.5062665283,-14.25006355996615
9805,True,"A4,B2,C3,D2,E3,F1",False,4.0,332576.22980016074,-8.851538468097687
9806,True,"A3,B2,C3,D2,E1,F2",False,1.0,1208693.6856985295,-10.379077027871915
9807,True,"A3,B2,C3,D2,E1,F3",False,2.0,73318.0435999187,-5.017653208306669
9808,True,"A4,B2,C3,D2,E2,F1",False,4.0,3205612.879392823,-15.09236197290602
9809,True,"A3,B2,C3,D2,E1,F1",False,2.0,1101343.540354774,-13.295124892430856
9810,True,"A3,B2,C3,D1,E1,F2",True,0.0,458540.2155684859,-8.770780686883157
9811,True,"A3,B2,C3,D2,E1,F3",False,2.0,2242623.4228856456,-14.418119562937243
9812,True,"A3,B2,C3,D1,E1,F2",True,0.0,110260.83638870176,-5.300727521729598
9813,True,"A3,B2,C3,D1,E1,F2",True,0.0,28950.575392470248,-2.993814319542949
9814,True,"A4,B2,C3,D2,E3,F2",False,3.0,2401903.2747659124,-14.25223021377748
9815,True,"A3,B2,C3,D1,E1,F2",True,0.0,7716.674040248404,-1.8457282864115143
9816,True,"A3,B2,C3,D2,E1,F2",False,1.0,2934598.101100846,-13.6051111599999
9817,True,"A3,B2,C3,D1,E1,F2",True,0.0,2471492.4741752874,-14.325994057564891
9818,True,"A3,B2,C3,D1,E1,F2",True,0.0,207801.94407232117,-7.373682116699555
9819,True,"A3,B2,C3,D2,E1,F2",False,1.0,1130461.5109126205,-9.817288090606048
9820,True,"A4,B2,C3,D2,E2,F1",False,4.0,113358.19876962616,-4.982039294888878
9821,True,"A3,B2,C3,D2,E1,F2",False,1.0,2132263.155874809,-13.193172415703131
9822,True,"A3,B2,C3,D1,E1,F2",True,0.0,411743.41764991207,-8.81202525448748
9823,True,"A3,B2,C3,D1,E1,F2",True,0.0,710065.7275831187,-10.267483809445046
9824,True,"A3,B2,C3,D1,E1,F2",True,0.0,639728.6871708155,-10.303753616540966
9825,True,"A4,B2,C3,D2,E3,F2",False,3.0,264243.6289160059,-8.601656654548435
9826,True,"A3,B2,C3,D1,E1,F2",True,0.0,1032115.4263342305,-9.79196969704423
9827,True,"A3,B2,C3,D1,E1,F2",True,0.0,243533.54964533125,-7.671709366183137
9828,True,"A3,B2,C3,D1,E1,F2",True,0.0,679777.1265240179,-9.269088412560038
9829,True,"A4,B2,C3,D2,E3,F1",False,4.0,6487.545701515509,-2.321781662307785
9830,True,"A4,B2,C3,D2,E3,F2",False,3.0,27500.0425248409,-3.0400140552660844
9831,True,"A3,B2,C3,D1,E1,F2",True,0.0,316937.22127910814,-8.0702128030116
9832,True,"A3,B2,C3,D2,E1,F3",False,2.0,556832.6614716919,-8.361551740990734
9833,True,"A3,B2,C3,D2,E1,F3",False,2.0,95123.6561441278,-5.639530598002352
9834,True,"A3,B2,C3,D2,E1,F3",False,2.0,754673.4202515169,-10.445589604889278
9835,True,"A3,B2,C3,D1,E1,F2",True,0.0,237104.37307673518,-7.998361947235907
9836,True,"A3,B2,C3,D2,E1,F2",False,1.0,3067670.2755471384,-14.531101745744799
9837,True,"A4,B2,C3,D2,E3,F2",False,3.0,2532751.251791428,-15.027420537167025
9838,True,"A3,B2,C3,D2,E1,F3",False,2.0,421754.9840350432,-8.873910992863884
9839,True,"A3,B2,C3,D2,E1,F2",False,1.0,2525658.183600473,-15.006691601636405
9840,True,"A4,B2,C3,D2,E3,F2",False,3.0,1677857.6261691183,-14.66967088425389
9841,True,"A4,B2,C3,D2,E3,F2",False,3.0,831159.7071980843,-10.984704939543626
9842,True,"A4,B2,C3,D2,E3,F1",False,4.0,91598.1211688113,-7.146024048583115
9843,True,"A3,B2,C3,D1,E1,F2",True,0.0,116558.8862853889,-5.378286794599063
9844,True,"A4,B2,C3,D2,E3,F2",False,3.0,1205745.0468444536,-12.52005502843285
9845,True,"A4,B2,C3,D2,E3,F2",False,3.0,954539.2844301473,-11.745945108803724
9846,True,"A3,B2,C3,D1,E1,F1",False,1.0,38246.43954829911,-4.239165539076112
9847,True,"A3,B2,C3,D1,E1,F2",True,0.0,2646018.375033704,-14.329383498099233
9848,True,"A3,B2,C3,D1,E1,F2",True,0.0,521378.73569898994,-7.155267027924509
9849,True,"A4,B2,C3,D2,E3,F2",False,3.0,3343968.8955323338,-15.555418486729984
9850,True,"A3,B2,C3,D1,E1,F2",True,0.0,1557341.0125088212,-12.65357460177001
9851,True,"A3,B2,C3,D2,E1,F3",False,2.0,103321.05861745153,-6.426021584672739
9852,True,"A3,B2,C3,D2,E1,F3",False,2.0,1157532.0409719823,-13.304768059553894
9853,True,"A3,B2,C3,D2,E1,F3",False,2.0,109828.54029065062,-6.806540650155185
9854,True,"A3,B2,C3,D1,E1,F2",True,0.0,1319915.1619216297,-12.993817378898932
9855,True,"A3,B2,C3,D1,E1,F2",True,0.0,86484.06950428094,-5.430045738129053
9856,True,"A3,B2,C3,D2,E1,F3",False,2.0,245659.35006516072,-7.9857048765994705
9857,True,"A3,B2,C3,D1,E1,F2",True,0.0,242612.2069687082,-6.929344600821537
9858,True,"A3,B2,C3,D2,E1,F3",False,2.0,2071170.0814879169,-14.440634605155317
9859,True,"A3,B2,C3,D1,E1,F2",True,0.0,99214.8135765565,-4.886709245317249
9860,True,"A3,B2,C3,D1,E1,F2",True,0.0,283637.0639447755,-8.094175758169925
9861,True,"A4,B2,C3,D2,E3,F2",False,3.0,557715.5778459236,-10.426981392227745
9862,True,"A3,B2,C3,D2,E1,F3",False,2.0,38544.958752148115,-3.8376162649737324
9863,True,"A3,B2,C3,D2,E1,F3",False,2.0,90576.06135840384,-6.191268411916553
9864,True,"A3,B2,C3,D1,E1,F1",False,1.0,29973.641799042147,-3.889879891760131
9865,True,"A3,B2,C3,D2,E1,F2",False,1.0,1683834.38035077,-12.474106174901465
9866,True,"A3,B2,C3,D1,E1,F2",True,0.0,761451.2238088867,-9.036939500590172
9867,True,"A3,B2,C3,D1,E1,F2",True,0.0,395421.18196763546,-8.132621293893791
9868,True,"A3,B2,C3,D1,E1,F1",False,1.0,948619.9624536884,-12.925404235641075
9869,True,"A4,B2,C3,D2,E2,F1",False,4.0,88296.38398381404,-6.4755506383669825
9870,True,"A3,B2,C3,D2,E1,F3",False,2.0,1767852.426549928,-12.356413559050303
9871,True,"A3,B2,C3,D2,E1,F1",False,2.0,2561102.7153139766,-15.250871278203476
9872,True,"A4,B2,C3,D2,E3,F2",False,3.0,3002909.0421200283,-16.051858692822883
9873,True,"A3,B2,C3,D2,E1,F2",False,1.0,2923763.4560217583,-13.45005238438791
9874,True,"A4,B2,C3,D2,E2,F1",False,4.0,595263.6860704644,-9.973966478997525
9875,True,"A3,B2,C3,D2,E1,F2",False,1.0,2836245.590488396,-15.110643947133568
9876,True,"A3,B2,C3,D1,E1,F2",True,0.0,1241121.4677011597,-11.474349940755296
9877,True,"A3,B2,C3,D2,E1,F1",False,2.0,483442.65017912857,-9.157276029307539
9878,True,"A3,B2,C3,D2,E1,F2",False,1.0,1574736.9140147683,-10.81065163252326
9879,True,"A3,B2,C3,D1,E1,F2",True,0.0,106281.74802416425,-6.566280979404198
9880,True,"A3,B2,C3,D1,E1,F2",True,0.0,1156779.7593770025,-11.147342867765765
9881,True,"A4,B2,C3,D2,E2,F1",False,4.0,95322.6242051535,-6.578850092480508
9882,True,"A4,B2,C3,D2,E3,F2",False,3.0,218724.11228802087,-8.20210930509117
9883,True,"A3,B2,C3,D1,E1,F2",True,0.0,37052.363226557936,-4.917668587522655
9884,True,"A3,B2,C3,D2,E1,F3",False,2.0,4903201.78026015,-15.843695712552893
9885,True,"A4,B2,C3,D2,E3,F1",False,4.0,8865.332767087802,-2.954122709679453
9886,True,"A3,B2,C3,D1,E1,F2",True,0.0,816571.356258473,-11.428002832593478
9887,True,"A4,B2,C3,D2,E3,F2",False,3.0,1330562.607295802,-12.610574797431617
9888,True,"A3,B2,C3,D1,E1,F2",True,0.0,2646612.9598303144,-13.818248710726515
9889,True,"A4,B2,C3,D2,E3,F2",False,3.0,1340019.1750815576,-12.915846930750106
9890,True,"A3,B2,C3,D1,E1,F2",True,0.0,324875.16447480355,-8.887746947131987
9891,True,"A3,B2,C3,D2,E1,F2",False,1.0,3769435.233837926,-14.52172827408419
9892,True,"A4,B2,C3,D2,E3,F2",False,3.0,1562799.5588627928,-12.474879838764082
9893,True,"A3,B2,C3,D1,E1,F2",True,0.0,755084.7356559839,-10.242222121236402
9894,True,"A3,B2,C3,D2,E1,F2",False,1.0,2774463.1775290477,-12.757597529179165
9895,True,"A3,B2,C3,D1,E1,F2",True,0.0,49236.00725084991,-4.0230644839157605
9896,True,"A4,B2,C3,D2,E3,F1",False,4.0,1326953.0168005114,-13.499454247166831
9897,True,"A4,B2,C3,D2,E3,F2",False,3.0,314064.72626929084,-9.149923185492497
9898,True,"A3,B2,C3,D1,E1,F1",False,1.0,40120.77300024274,-4.146864101460807
9899,True,"A3,B2,C3,D1,E1,F1",False,1.0,77055.19041474757,-5.558873915723325
9900,True,"A3,B2,C3,D2,E1,F3",False,2.0,440206.02252937004,-8.481920223218879
9901,True,"A4,B2,C3,D2,E2,F1",False,4.0,39117.14528000772,-4.389602727267942
9902,True,"A3,B2,C3,D2,E1,F1",False,2.0,1701936.3560340058,-12.912586461791804
9903,True,"A3,B2,C3,D2,E1,F1",False,2.0,250518.4297656317,-7.718339474132549
9904,True,"A4,B2,C3,D2,E3,F2",False,3.0,2778280.8916666205,-14.96673812760006
9905,True,"A3,B2,C3,D1,E1,F2",True,0.0,1333861.9715402487,-11.841172488429166
9906,True,"A3,B2,C3,D2,E1,F2",False,1.0,905192.2623706745,-11.885754278848573
9907,True,"A3,B2,C3,D2,E1,F2",False,1.0,1627469.1423885543,-12.33714794253887
9908,True,"A4,B2,C3,D2,E5,F2",False,3.0,1925.327822515302,-2.5176624935126455
9909,True,"A3,B2,C3,D2,E1,F2",False,1.0,1342452.8161143279,-10.518772489584762
9910,True,"A3,B2,C3,D2,E1,F3",False,2.0,246502.3152189574,-8.537371989935636
9911,True,"A3,B2,C3,D2,E1,F2",False,1.0,4012160.0521929343,-15.302781506471064
9912,True,"A3,B2,C3,D1,E1,F2",True,0.0,126238.75535012069,-5.8872961250376505
9913,True,"A3,B2,C3,D2,E1,F2",False,1.0,433901.9352998054,-8.416971235600798
9914,True,"A3,B2,C3,D2,E1,F1",False,2.0,409815.39138668514,-7.465849739991313
9915,True,"A4,B2,C3,D2,E2,F1",False,4.0,2205739.305170594,-14.904804042237949
9916,True,"A3,B2,C3,D2,E1,F1",False,2.0,701004.1059089229,-10.788593547298277
9917,True,"A4,B2,C3,D2,E3,F1",False,4.0,75719.65185021222,-6.078519566961049
9918,True,"A4,B2,C3,D2,E2,F2",False,3.0,675021.5968249185,-11.315038083872523
9919,True,"A3,B2,C3,D1,E1,F1",False,1.0,78605.7168048642,-6.1879289530413075
9920,True,"A3,B2,C3,D2,E1,F2",False,1.0,1522921.099473392,-11.599322282102975
9921,True,"A3,B2,C3,D2,E1,F1",False,2.0,559307.4891905328,-9.12286042723153
9922,True,"A3,B2,C3,D1,E1,F2",True,0.0,36829.66227913251,-3.6549375004696856
9923,True,"A3,B2,C3,D2,E1,F3",False,2.0,1760193.8622980975,-11.595430170779558
9924,True,"A3,B2,C3,D2,E1,F2",False,1.0,946624.9118521268,-10.233075831483525
9925,True,"A3,B2,C3,D2,E1,F2",False,1.0,1789633.9935080153,-12.620662830438874
9926,True,"A3,B2,C3,D1,E1,F2",True,0.0,2070927.540237526,-13.76259358453251
9927,True,"A3,B2,C3,D2,E1,F2",False,1.0,3322909.857616243,-14.792130680439016
9928,True,"A4,B2,C3,D2,E3,F2",False,3.0,998639.8383587138,-10.127990866026671
9929,True,"A3,B2,C3,D2,E1,F3",False,2.0,55870.749954486644,-3.6764812467328056
9930,True,"A3,B2,C3,D1,E1,F2",True,0.0,840358.4727118486,-9.042213410729225
9931,True,"A4,B2,C3,D2,E3,F2",False,3.0,2247532.89412818,-15.332436702258661
9932,True,"A3,B2,C3,D1,E1,F2",True,0.0,3695549.250764952,-15.753532364795717
9933,True,"A4,B2,C3,D2,E3,F2",False,3.0,3124218.985963573,-15.55637158355843
9934,True,"A3,B2,C3,D2,E1,F3",False,2.0,15503.142531928637,-2.2439215968668265
9935,True,"A3,B2,C3,D2,E1,F1",False,2.0,443219.15970409865,-9.482053772547943
9936,True,"A3,B2,C3,D1,E1,F2",True,0.0,10542.458658921714,-1.996839765595027
9937,True,"A3,B2,C3,D2,E1,F2",False,1.0,3072731.615551636,-13.772877797328704
9938,True,"A3,B2,C3,D1,E1,F2",True,0.0,263251.4437943514,-6.203408525101935
9939,True,"A4,B2,C3,D2,E3,F1",False,4.0,91068.56762857873,-5.240738257743786
9940,True,"A3,B2,C3,D1,E1,F2",True,0.0,351473.25259697693,-8.898567666797774
9941,True,"A3,B2,C3,D2,E1,F2",False,1.0,1855777.7795975471,-12.367890764663223
9942,True,"A4,B2,C3,D2,E3,F2",False,3.0,142898.2038440299,-6.525964118336972
9943,True,"A3,B2,C3,D1,E1,F2",True,0.0,546727.9503438795,-9.822083045911782
9944,True,"A3,B2,C3,D1,E1,F2",True,0.0,117549.08400419253,-5.434711445834822
9945,True,"A4,B2,C3,D2,E3,F2",False,3.0,424889.3357913583,-7.896752344225078
9946,True,"A3,B2,C3,D1,E1,F1",False,1.0,61146.51390566335,-4.534285356184114
9947,True,"A4,B2,C3,D2,E3,F2",False,3.0,2274952.246529306,-15.367912126804008
9948,True,"A3,B2,C3,D1,E1,F2",True,0.0,183582.94516340713,-6.991396656373112
9949,True,"A3,B2,C3,D2,E1,F2",False,1.0,189180.2600294393,-6.421766399530739
9950,True,"A3,B2,C3,D2,E1,F2",False,1.0,190041.93112712723,-6.985166801668896
9951,True,"A3,B2,C3,D2,E1,F2",False,1.0,1906468.2245223885,-11.32602335044949
9952,True,"A3,B2,C3,D1,E1,F1",False,1.0,45118.66148595806,-4.725211376582152
9953,True,"A3,B2,C3,D2,E1,F3",False,2.0,1501602.659341679,-12.685440979799722
9954,True,"A3,B2,C3,D1,E1,F2",True,0.0,118215.78511681168,-8.385042923618954
9955,True,"A3,B2,C3,D2,E1,F3",False,2.0,305537.7021558684,-9.544378932282541
9956,True,"A3,B2,C3,D2,E1,F1",False,2.0,1798532.5998138138,-13.239723218656117
9957,True,"A4,B2,C3,D2,E3,F2",False,3.0,4720787.904097115,-16.682773126254894
9958,True,"A3,B2,C3,D2,E1,F2",False,1.0,1628070.7471709973,-11.161509333695292
9959,True,"A3,B2,C3,D2,E1,F3",False,2.0,235766.0780988069,-6.673001433608192
9960,True,"A3,B2,C3,D2,E1,F3",False,2.0,674899.0052555248,-10.60441143866452
9961,True,"A3,B2,C3,D2,E1,F2",False,1.0,3971773.7174097574,-16.21598995680079
9962,True,"A3,B2,C3,D2,E1,F2",False,1.0,1907400.402770202,-12.591996598331988
9963,True,"A3,B2,C3,D1,E1,F2",True,0.0,1061323.1829200706,-10.844400911901417
9964,True,"A3,B2,C3,D2,E1,F2",False,1.0,3688332.0485153105,-14.05912655621298
9965,True,"A3,B2,C3,D2,E1,F3",False,2.0,25875.829516147453,-3.7012374806677
9966,True,"A4,B2,C3,D2,E2,F1",False,4.0,669909.8636989081,-10.708948559455614
9967,True,"A3,B2,C3,D1,E1,F2",True,0.0,2206551.3840705967,-14.960172986602252
9968,True,"A3,B2,C3,D2,E1,F1",False,2.0,1954679.7713552627,-13.742005976082751
9969,True,"A3,B2,C3,D2,E1,F2",False,1.0,2724711.777206363,-14.549374716360283
9970,True,"A3,B2,C3,D1,E1,F2",True,0.0,30076.054450715408,-5.038056011908708
9971,True,"A3,B2,C3,D2,E1,F1",False,2.0,362516.05644941283,-8.74194952650285
9972,True,"A3,B2,C3,D1,E1,F2",True,0.0,845357.04107332,-10.835940108028758
9973,True,"A4,B2,C3,D2,E3,F2",False,3.0,2315253.997064493,-14.285063118200895
9974,True,"A3,B2,C3,D2,E1,F2",False,1.0,713502.2918150797,-9.983672184015248
9975,True,"A3,B2,C3,D1,E1,F2",True,0.0,160883.75942390293,-7.128777027023929
9976,True,"A4,B2,C3,D2,E3,F2",False,3.0,142213.75013590298,-7.131443026098594
9977,True,"A3,B2,C3,D2,E1,F3",False,2.0,1586333.980601646,-13.463562811934132
9978,True,"A3,B2,C3,D2,E1,F1",False,2.0,953047.9133844511,-11.451991917148966
9979,True,"A3,B2,C3,D2,E1,F3",False,2.0,72502.37910122742,-4.903853573187135
9980,True,"A3,B2,C3,D1,E1,F2",True,0.0,15108.317301326868,-3.359505201721575
9981,True,"A3,B2,C3,D2,E1,F3",False,2.0,760379.8084505599,-10.04994997720842
9982,True,"A3,B2,C3,D1,E1,F2",True,0.0,95176.01301695134,-5.875573077979851
9983,True,"A3,B2,C3,D1,E1,F2",True,0.0,29186.37604564467,-3.5207252140209278
9984,True,"A3,B2,C3,D2,E1,F2",False,1.0,310256.2025209354,-7.87040650764699
9985,True,"A3,B2,C3,D1,E1,F2",True,0.0,173669.10328376232,-6.7253328408611
9986,True,"A3,B2,C3,D1,E1,F2",True,0.0,98640.8078904325,-4.899541451068842
9987,True,"A4,B2,C3,D2,E2,F1",False,4.0,317208.9861723851,-9.124501632745378
9988,True,"A4,B2,C3,D2,E3,F2",False,3.0,3222456.0073543633,-15.90143156863148
9989,True,"A4,B2,C3,D2,E2,F1",False,4.0,410619.06205462944,-9.025213993086268
9990,True,"A3,B2,C3,D1,E1,F1",False,1.0,52354.200428339675,-6.18593531371917
9991,True,"A4,B2,C3,D2,E3,F1",False,4.0,6012.153050731033,-1.4184298465065268
9992,True,"A3,B2,C3,D2,E2,F3",False,3.0,3780617.914003922,-15.043101859559968
9993,True,"A3,B2,C3,D2,E1,F2",False,1.0,4560601.156452776,-15.366345939115128
9994,True,"A3,B2,C3,D1,E1,F2",True,0.0,13589.763384795773,-2.309785290721976
9995,True,"A3,B2,C3,D1,E1,F1",False,1.0,5083.765783263292,-1.6667025553720265
9996,True,"A3,B2,C3,D2,E1,F1",False,2.0,1638925.5706017253,-12.573139140767942
9997,True,"A3,B2,C3,D2,E1,F1",False,2.0,293902.6971448315,-7.962879260443401
9998,True,"A3,B2,C3,D1,E1,F2",True,0.0,1127841.1273460272,-10.265900281970822
9999,True,"A4,B2,C3,D2,E3,F2",False,3.0,4029003.94271466,-16.126806096552748
