sample_id,Municipalities and Local Governments,Public Health Authorities,Forestry Services and Landowners,Environmental NGOs,General Public and Community Groups
0,60.880691552265,60.880691552265,60.880691552265,60.880691552265,60.880691552265
1,59.157493926536915,59.157493926536915,59.157493926536915,59.157493926536915,59.157493926536915
2,60.52033948405498,60.52033948405498,60.52033948405498,60.52033948405498,60.52033948405498
3,59.04447313797824,59.04447313797824,59.04447313797824,59.04447313797824,59.04447313797824
4,66.88012350470251,66.88012350470251,66.88012350470251,66.88012350470251,66.88012350470251
5,60.95589275409279,60.95589275409279,60.95589275409279,60.95589275409279,60.95589275409279
6,66.88440098795992,66.88440098795992,66.88440098795992,66.88440098795992,66.88440098795992
7,70.06369562194767,70.06369562194767,70.06369562194767,70.06369562194767,70.06369562194767
8,64.32611096903919,64.32611096903919,64.32611096903919,64.32611096903919,64.32611096903919
9,60.1871868425417,60.1871868425417,60.1871868425417,60.1871868425417,60.1871868425417
10,65.98488311193606,65.98488311193606,65.98488311193606,65.98488311193606,65.98488311193606
11,59.52127955993647,59.52127955993647,59.52127955993647,59.52127955993647,59.52127955993647
12,69.10547393311938,69.10547393311938,69.10547393311938,69.10547393311938,69.10547393311938
13,68.47770185911534,68.47770185911534,68.47770185911534,68.47770185911534,68.47770185911534
14,70.29941862929127,70.29941862929127,70.29941862929127,70.29941862929127,70.29941862929127
15,63.49560990583146,63.49560990583146,63.49560990583146,63.49560990583146,63.49560990583146
16,62.968239035088,62.968239035088,62.968239035088,62.968239035088,62.968239035088
17,58.72823610448238,58.72823610448238,58.72823610448238,58.72823610448238,58.72823610448238
18,64.08234890438563,64.08234890438563,64.08234890438563,64.08234890438563,64.08234890438563
19,62.488157249863676,62.488157249863676,62.488157249863676,62.488157249863676,62.488157249863676
20,65.04288396784852,65.04288396784852,65.04288396784852,65.04288396784852,65.04288396784852
21,70.21375317123393,70.21375317123393,70.21375317123393,70.21375317123393,70.21375317123393
22,67.17757101522385,67.17757101522385,67.17757101522385,67.17757101522385,67.17757101522385
23,66.0471186267327,66.0471186267327,66.0471186267327,66.0471186267327,66.0471186267327
24,71.37951604155633,71.37951604155633,71.37951604155633,71.37951604155633,71.37951604155633
25,62.13985092221905,62.13985092221905,62.13985092221905,62.13985092221905,62.13985092221905
26,63.38321847992239,63.38321847992239,63.38321847992239,63.38321847992239,63.38321847992239
27,63.098727090182344,63.098727090182344,63.098727090182344,63.098727090182344,63.098727090182344
28,60.396718177102514,60.396718177102514,60.396718177102514,60.396718177102514,60.396718177102514
29,68.20105700030014,68.20105700030014,68.20105700030014,68.20105700030014,68.20105700030014
30,62.792057923126606,62.792057923126606,62.792057923126606,62.792057923126606,62.792057923126606
31,62.29373734002901,62.29373734002901,62.29373734002901,62.29373734002901,62.29373734002901
32,61.63851436820699,61.63851436820699,61.63851436820699,61.63851436820699,61.63851436820699
33,64.91764889975599,64.91764889975599,64.91764889975599,64.91764889975599,64.91764889975599
34,68.66542276641533,68.66542276641533,68.66542276641533,68.66542276641533,68.66542276641533
35,61.52022406878413,61.52022406878413,61.52022406878413,61.52022406878413,61.52022406878413
36,64.97792429389823,64.97792429389823,64.97792429389823,64.97792429389823,64.97792429389823
37,65.90831565363712,65.90831565363712,65.90831565363712,65.90831565363712,65.90831565363712
38,63.215072592442795,63.215072592442795,63.215072592442795,63.215072592442795,63.215072592442795
39,62.31167616540837,62.31167616540837,62.31167616540837,62.31167616540837,62.31167616540837
40,59.42953823316492,59.42953823316492,59.42953823316492,59.42953823316492,59.42953823316492
41,63.0402378136648,63.0402378136648,63.0402378136648,63.0402378136648,63.0402378136648
42,60.388976749612915,60.388976749612915,60.388976749612915,60.388976749612915,60.388976749612915
43,62.70719686343133,62.70719686343133,62.70719686343133,62.70719686343133,62.70719686343133
44,62.419532938388336,62.419532938388336,62.419532938388336,62.419532938388336,62.419532938388336
45,59.25305132844817,59.25305132844817,59.25305132844817,59.25305132844817,59.25305132844817
46,58.519099850002064,58.519099850002064,58.519099850002064,58.519099850002064,58.519099850002064
47,69.0909815663811,69.0909815663811,69.0909815663811,69.0909815663811,69.0909815663811
48,60.241407761266665,60.241407761266665,60.241407761266665,60.241407761266665,60.241407761266665
49,69.44539106371492,69.44539106371492,69.44539106371492,69.44539106371492,69.44539106371492
50,65.6717086095321,65.6717086095321,65.6717086095321,65.6717086095321,65.6717086095321
51,66.06626524786574,66.06626524786574,66.06626524786574,66.06626524786574,66.06626524786574
52,66.33446258672691,66.33446258672691,66.33446258672691,66.33446258672691,66.33446258672691
53,66.01912508622026,66.01912508622026,66.01912508622026,66.01912508622026,66.01912508622026
54,65.03313828805835,65.03313828805835,65.03313828805835,65.03313828805835,65.03313828805835
55,60.83810906142775,60.83810906142775,60.83810906142775,60.83810906142775,60.83810906142775
56,62.29408561554262,62.29408561554262,62.29408561554262,62.29408561554262,62.29408561554262
57,68.76593544796849,68.76593544796849,68.76593544796849,68.76593544796849,68.76593544796849
58,64.34264358254777,64.34264358254777,64.34264358254777,64.34264358254777,64.34264358254777
59,66.91094906593992,66.91094906593992,66.91094906593992,66.91094906593992,66.91094906593992
60,67.98409507804983,67.98409507804983,67.98409507804983,67.98409507804983,67.98409507804983
61,59.7758306732389,59.7758306732389,59.7758306732389,59.7758306732389,59.7758306732389
62,64.77923181579582,64.77923181579582,64.77923181579582,64.77923181579582,64.77923181579582
63,65.80969883335709,65.80969883335709,65.80969883335709,65.80969883335709,65.80969883335709
64,60.437675037213495,60.437675037213495,60.437675037213495,60.437675037213495,60.437675037213495
65,67.43869187508973,67.43869187508973,67.43869187508973,67.43869187508973,67.43869187508973
66,69.41071918700554,69.41071918700554,69.41071918700554,69.41071918700554,69.41071918700554
67,60.9448211442539,60.9448211442539,60.9448211442539,60.9448211442539,60.9448211442539
68,66.75130908120039,66.75130908120039,66.75130908120039,66.75130908120039,66.75130908120039
69,67.70689361669801,67.70689361669801,67.70689361669801,67.70689361669801,67.70689361669801
70,69.37736902036022,69.37736902036022,69.37736902036022,69.37736902036022,69.37736902036022
71,66.06453088019977,66.06453088019977,66.06453088019977,66.06453088019977,66.06453088019977
72,68.37182761474398,68.37182761474398,68.37182761474398,68.37182761474398,68.37182761474398
73,70.2459880288399,70.2459880288399,70.2459880288399,70.2459880288399,70.2459880288399
74,63.54566835861832,63.54566835861832,63.54566835861832,63.54566835861832,63.54566835861832
75,58.51413017747724,58.51413017747724,58.51413017747724,58.51413017747724,58.51413017747724
76,65.62366750276003,65.62366750276003,65.62366750276003,65.62366750276003,65.62366750276003
77,59.37288137029815,59.37288137029815,59.37288137029815,59.37288137029815,59.37288137029815
78,68.87958683245475,68.87958683245475,68.87958683245475,68.87958683245475,68.87958683245475
79,58.89473014697326,58.89473014697326,58.89473014697326,58.89473014697326,58.89473014697326
80,68.4573473019769,68.4573473019769,68.4573473019769,68.4573473019769,68.4573473019769
81,61.862939969806284,61.862939969806284,61.862939969806284,61.862939969806284,61.862939969806284
82,67.31793711768063,67.31793711768063,67.31793711768063,67.31793711768063,67.31793711768063
83,60.26242023308123,60.26242023308123,60.26242023308123,60.26242023308123,60.26242023308123
84,60.626247331870985,60.626247331870985,60.626247331870985,60.626247331870985,60.626247331870985
85,71.19207435404543,71.19207435404543,71.19207435404543,71.19207435404543,71.19207435404543
86,66.08120516847181,66.08120516847181,66.08120516847181,66.08120516847181,66.08120516847181
87,62.82641256454911,62.82641256454911,62.82641256454911,62.82641256454911,62.82641256454911
88,66.82451735243004,66.82451735243004,66.82451735243004,66.82451735243004,66.82451735243004
89,64.1720302037189,64.1720302037189,64.1720302037189,64.1720302037189,64.1720302037189
90,61.883112976751626,61.883112976751626,61.883112976751626,61.883112976751626,61.883112976751626
91,63.88298695428605,63.88298695428605,63.88298695428605,63.88298695428605,63.88298695428605
92,69.87278694176136,69.87278694176136,69.87278694176136,69.87278694176136,69.87278694176136
93,62.76375906018228,62.76375906018228,62.76375906018228,62.76375906018228,62.76375906018228
94,69.43708334241865,69.43708334241865,69.43708334241865,69.43708334241865,69.43708334241865
95,60.23418276487616,60.23418276487616,60.23418276487616,60.23418276487616,60.23418276487616
96,68.14272049250967,68.14272049250967,68.14272049250967,68.14272049250967,68.14272049250967
97,66.88789157021296,66.88789157021296,66.88789157021296,66.88789157021296,66.88789157021296
98,71.00844436404357,71.00844436404357,71.00844436404357,71.00844436404357,71.00844436404357
99,62.93063710410354,62.93063710410354,62.93063710410354,62.93063710410354,62.93063710410354
100,61.79635897269514,61.79635897269514,61.79635897269514,61.79635897269514,61.79635897269514
101,63.11018099342327,63.11018099342327,63.11018099342327,63.11018099342327,63.11018099342327
102,68.18426551646638,68.18426551646638,68.18426551646638,68.18426551646638,68.18426551646638
103,59.16422850791704,59.16422850791704,59.16422850791704,59.16422850791704,59.16422850791704
104,63.034092686163476,63.034092686163476,63.034092686163476,63.034092686163476,63.034092686163476
105,63.848310335378684,63.848310335378684,63.848310335378684,63.848310335378684,63.848310335378684
106,69.24627268619344,69.24627268619344,69.24627268619344,69.24627268619344,69.24627268619344
107,67.56222916753808,67.56222916753808,67.56222916753808,67.56222916753808,67.56222916753808
108,64.70436174582936,64.70436174582936,64.70436174582936,64.70436174582936,64.70436174582936
109,59.35263912830127,59.35263912830127,59.35263912830127,59.35263912830127,59.35263912830127
110,61.46345531105463,61.46345531105463,61.46345531105463,61.46345531105463,61.46345531105463
111,58.791298979006214,58.791298979006214,58.791298979006214,58.791298979006214,58.791298979006214
112,69.48945497474955,69.48945497474955,69.48945497474955,69.48945497474955,69.48945497474955
113,60.06399354254734,60.06399354254734,60.06399354254734,60.06399354254734,60.06399354254734
114,68.18305225356278,68.18305225356278,68.18305225356278,68.18305225356278,68.18305225356278
115,68.68972987672622,68.68972987672622,68.68972987672622,68.68972987672622,68.68972987672622
116,65.81818716653764,65.81818716653764,65.81818716653764,65.81818716653764,65.81818716653764
117,59.986774138530585,59.986774138530585,59.986774138530585,59.986774138530585,59.986774138530585
118,64.59748110183978,64.59748110183978,64.59748110183978,64.59748110183978,64.59748110183978
119,62.22099957667487,62.22099957667487,62.22099957667487,62.22099957667487,62.22099957667487
120,69.72500705782363,69.72500705782363,69.72500705782363,69.72500705782363,69.72500705782363
121,59.2427407458526,59.2427407458526,59.2427407458526,59.2427407458526,59.2427407458526
122,68.88071110858085,68.88071110858085,68.88071110858085,68.88071110858085,68.88071110858085
123,69.18859486875489,69.18859486875489,69.18859486875489,69.18859486875489,69.18859486875489
124,66.73099006668674,66.73099006668674,66.73099006668674,66.73099006668674,66.73099006668674
125,68.01123078016968,68.01123078016968,68.01123078016968,68.01123078016968,68.01123078016968
126,67.64654339517854,67.64654339517854,67.64654339517854,67.64654339517854,67.64654339517854
127,59.415439321108025,59.415439321108025,59.415439321108025,59.415439321108025,59.415439321108025
128,63.05344032479263,63.05344032479263,63.05344032479263,63.05344032479263,63.05344032479263
129,58.54754147949063,58.54754147949063,58.54754147949063,58.54754147949063,58.54754147949063
130,70.59556389135903,70.59556389135903,70.59556389135903,70.59556389135903,70.59556389135903
131,62.026704489954646,62.026704489954646,62.026704489954646,62.026704489954646,62.026704489954646
132,69.64702895563674,69.64702895563674,69.64702895563674,69.64702895563674,69.64702895563674
133,67.85176888082958,67.85176888082958,67.85176888082958,67.85176888082958,67.85176888082958
134,68.48479425558648,68.48479425558648,68.48479425558648,68.48479425558648,68.48479425558648
135,61.25830129708614,61.25830129708614,61.25830129708614,61.25830129708614,61.25830129708614
136,65.27858544702465,65.27858544702465,65.27858544702465,65.27858544702465,65.27858544702465
137,64.69940282955756,64.69940282955756,64.69940282955756,64.69940282955756,64.69940282955756
138,66.04785259375699,66.04785259375699,66.04785259375699,66.04785259375699,66.04785259375699
139,61.18853118737209,61.18853118737209,61.18853118737209,61.18853118737209,61.18853118737209
140,67.86915043123554,67.86915043123554,67.86915043123554,67.86915043123554,67.86915043123554
141,69.57666588149986,69.57666588149986,69.57666588149986,69.57666588149986,69.57666588149986
142,65.48075250982717,65.48075250982717,65.48075250982717,65.48075250982717,65.48075250982717
143,66.45026018677625,66.45026018677625,66.45026018677625,66.45026018677625,66.45026018677625
144,69.82724503175656,69.82724503175656,69.82724503175656,69.82724503175656,69.82724503175656
145,62.754405970132346,62.754405970132346,62.754405970132346,62.754405970132346,62.754405970132346
146,63.47549785105966,63.47549785105966,63.47549785105966,63.47549785105966,63.47549785105966
147,59.66142652010829,59.66142652010829,59.66142652010829,59.66142652010829,59.66142652010829
148,66.9227955138722,66.9227955138722,66.9227955138722,66.9227955138722,66.9227955138722
149,61.44854925676103,61.44854925676103,61.44854925676103,61.44854925676103,61.44854925676103
150,63.65650118300337,63.65650118300337,63.65650118300337,63.65650118300337,63.65650118300337
151,64.59044581131528,64.59044581131528,64.59044581131528,64.59044581131528,64.59044581131528
152,68.81416144189967,68.81416144189967,68.81416144189967,68.81416144189967,68.81416144189967
153,68.81202159222696,68.81202159222696,68.81202159222696,68.81202159222696,68.81202159222696
154,67.73268152464954,67.73268152464954,67.73268152464954,67.73268152464954,67.73268152464954
155,67.28599721104715,67.28599721104715,67.28599721104715,67.28599721104715,67.28599721104715
156,58.82481389870933,58.82481389870933,58.82481389870933,58.82481389870933,58.82481389870933
157,58.87296984440661,58.87296984440661,58.87296984440661,58.87296984440661,58.87296984440661
158,63.53808981480303,63.53808981480303,63.53808981480303,63.53808981480303,63.53808981480303
159,68.42361244732135,68.42361244732135,68.42361244732135,68.42361244732135,68.42361244732135
160,58.53881082410697,58.53881082410697,58.53881082410697,58.53881082410697,58.53881082410697
161,68.96375937044354,68.96375937044354,68.96375937044354,68.96375937044354,68.96375937044354
162,67.20346880639475,67.20346880639475,67.20346880639475,67.20346880639475,67.20346880639475
163,59.20155895125452,59.20155895125452,59.20155895125452,59.20155895125452,59.20155895125452
164,66.12079337877265,66.12079337877265,66.12079337877265,66.12079337877265,66.12079337877265
165,67.15493651312278,67.15493651312278,67.15493651312278,67.15493651312278,67.15493651312278
166,66.25969761597517,66.25969761597517,66.25969761597517,66.25969761597517,66.25969761597517
167,65.33689855202688,65.33689855202688,65.33689855202688,65.33689855202688,65.33689855202688
168,65.71627719484668,65.71627719484668,65.71627719484668,65.71627719484668,65.71627719484668
169,69.82237490324655,69.82237490324655,69.82237490324655,69.82237490324655,69.82237490324655
170,63.236186934784925,63.236186934784925,63.236186934784925,63.236186934784925,63.236186934784925
171,61.22219894465849,61.22219894465849,61.22219894465849,61.22219894465849,61.22219894465849
172,70.63854723061982,70.63854723061982,70.63854723061982,70.63854723061982,70.63854723061982
173,58.54250720102868,58.54250720102868,58.54250720102868,58.54250720102868,58.54250720102868
174,60.21831040610714,60.21831040610714,60.21831040610714,60.21831040610714,60.21831040610714
175,68.25462202581666,68.25462202581666,68.25462202581666,68.25462202581666,68.25462202581666
176,67.37526138235914,67.37526138235914,67.37526138235914,67.37526138235914,67.37526138235914
177,69.74141863481643,69.74141863481643,69.74141863481643,69.74141863481643,69.74141863481643
178,60.44410186611278,60.44410186611278,60.44410186611278,60.44410186611278,60.44410186611278
179,65.72142007293098,65.72142007293098,65.72142007293098,65.72142007293098,65.72142007293098
180,70.76216962115018,70.76216962115018,70.76216962115018,70.76216962115018,70.76216962115018
181,62.15844850162786,62.15844850162786,62.15844850162786,62.15844850162786,62.15844850162786
182,62.53497518870372,62.53497518870372,62.53497518870372,62.53497518870372,62.53497518870372
183,69.82966157402902,69.82966157402902,69.82966157402902,69.82966157402902,69.82966157402902
184,66.2439989720392,66.2439989720392,66.2439989720392,66.2439989720392,66.2439989720392
185,60.60151108105103,60.60151108105103,60.60151108105103,60.60151108105103,60.60151108105103
186,67.37066347823142,67.37066347823142,67.37066347823142,67.37066347823142,67.37066347823142
187,65.01798890911058,65.01798890911058,65.01798890911058,65.01798890911058,65.01798890911058
188,69.81220405547616,69.81220405547616,69.81220405547616,69.81220405547616,69.81220405547616
189,61.65140633485627,61.65140633485627,61.65140633485627,61.65140633485627,61.65140633485627
190,61.437363411421785,61.437363411421785,61.437363411421785,61.437363411421785,61.437363411421785
191,70.51586262154593,70.51586262154593,70.51586262154593,70.51586262154593,70.51586262154593
192,64.70558060846409,64.70558060846409,64.70558060846409,64.70558060846409,64.70558060846409
193,69.46539916889857,69.46539916889857,69.46539916889857,69.46539916889857,69.46539916889857
194,68.45924023734672,68.45924023734672,68.45924023734672,68.45924023734672,68.45924023734672
195,69.1372556413935,69.1372556413935,69.1372556413935,69.1372556413935,69.1372556413935
196,68.40014343862123,68.40014343862123,68.40014343862123,68.40014343862123,68.40014343862123
197,63.762639600838504,63.762639600838504,63.762639600838504,63.762639600838504,63.762639600838504
198,70.10041753345581,70.10041753345581,70.10041753345581,70.10041753345581,70.10041753345581
199,67.72446102504988,67.72446102504988,67.72446102504988,67.72446102504988,67.72446102504988
200,61.37580614017295,61.37580614017295,61.37580614017295,61.37580614017295,61.37580614017295
201,66.72919453363252,66.72919453363252,66.72919453363252,66.72919453363252,66.72919453363252
202,58.975587529599785,58.975587529599785,58.975587529599785,58.975587529599785,58.975587529599785
203,59.99772475391972,59.99772475391972,59.99772475391972,59.99772475391972,59.99772475391972
204,66.27820891735442,66.27820891735442,66.27820891735442,66.27820891735442,66.27820891735442
205,62.65620785982943,62.65620785982943,62.65620785982943,62.65620785982943,62.65620785982943
206,59.26175653901692,59.26175653901692,59.26175653901692,59.26175653901692,59.26175653901692
207,63.38460642878235,63.38460642878235,63.38460642878235,63.38460642878235,63.38460642878235
208,70.30810192824976,70.30810192824976,70.30810192824976,70.30810192824976,70.30810192824976
209,71.01289954049003,71.01289954049003,71.01289954049003,71.01289954049003,71.01289954049003
210,64.45990491662356,64.45990491662356,64.45990491662356,64.45990491662356,64.45990491662356
211,69.34449663202305,69.34449663202305,69.34449663202305,69.34449663202305,69.34449663202305
212,64.70117579157831,64.70117579157831,64.70117579157831,64.70117579157831,64.70117579157831
213,63.18981285462211,63.18981285462211,63.18981285462211,63.18981285462211,63.18981285462211
214,61.31073441741677,61.31073441741677,61.31073441741677,61.31073441741677,61.31073441741677
215,68.65600662116341,68.65600662116341,68.65600662116341,68.65600662116341,68.65600662116341
216,65.91394934950111,65.91394934950111,65.91394934950111,65.91394934950111,65.91394934950111
217,58.96890769182625,58.96890769182625,58.96890769182625,58.96890769182625,58.96890769182625
218,63.56194312729241,63.56194312729241,63.56194312729241,63.56194312729241,63.56194312729241
219,64.36955193923762,64.36955193923762,64.36955193923762,64.36955193923762,64.36955193923762
220,60.872446745634576,60.872446745634576,60.872446745634576,60.872446745634576,60.872446745634576
221,70.95611908321963,70.95611908321963,70.95611908321963,70.95611908321963,70.95611908321963
222,59.234592431832645,59.234592431832645,59.234592431832645,59.234592431832645,59.234592431832645
223,70.32802433079547,70.32802433079547,70.32802433079547,70.32802433079547,70.32802433079547
224,68.13708546536351,68.13708546536351,68.13708546536351,68.13708546536351,68.13708546536351
225,67.55992581069229,67.55992581069229,67.55992581069229,67.55992581069229,67.55992581069229
226,61.20788765192595,61.20788765192595,61.20788765192595,61.20788765192595,61.20788765192595
227,67.53441733412417,67.53441733412417,67.53441733412417,67.53441733412417,67.53441733412417
228,60.909927680298495,60.909927680298495,60.909927680298495,60.909927680298495,60.909927680298495
229,66.5954472775163,66.5954472775163,66.5954472775163,66.5954472775163,66.5954472775163
230,70.52571802759101,70.52571802759101,70.52571802759101,70.52571802759101,70.52571802759101
231,61.504713150761134,61.504713150761134,61.504713150761134,61.504713150761134,61.504713150761134
232,67.58083584967285,67.58083584967285,67.58083584967285,67.58083584967285,67.58083584967285
233,60.893960088465555,60.893960088465555,60.893960088465555,60.893960088465555,60.893960088465555
234,63.58431278318981,63.58431278318981,63.58431278318981,63.58431278318981,63.58431278318981
235,63.262962379679095,63.262962379679095,63.262962379679095,63.262962379679095,63.262962379679095
236,68.26999839333402,68.26999839333402,68.26999839333402,68.26999839333402,68.26999839333402
237,65.6286632482953,65.6286632482953,65.6286632482953,65.6286632482953,65.6286632482953
238,66.69466246178419,66.69466246178419,66.69466246178419,66.69466246178419,66.69466246178419
239,63.86134958426796,63.86134958426796,63.86134958426796,63.86134958426796,63.86134958426796
240,71.1906612705385,71.1906612705385,71.1906612705385,71.1906612705385,71.1906612705385
241,63.035980486603826,63.035980486603826,63.035980486603826,63.035980486603826,63.035980486603826
242,67.19663994489173,67.19663994489173,67.19663994489173,67.19663994489173,67.19663994489173
243,61.23719332620092,61.23719332620092,61.23719332620092,61.23719332620092,61.23719332620092
244,65.0824530798986,65.0824530798986,65.0824530798986,65.0824530798986,65.0824530798986
245,70.09256637101107,70.09256637101107,70.09256637101107,70.09256637101107,70.09256637101107
246,63.695276621990374,63.695276621990374,63.695276621990374,63.695276621990374,63.695276621990374
247,69.89184202173435,69.89184202173435,69.89184202173435,69.89184202173435,69.89184202173435
248,68.00434506503579,68.00434506503579,68.00434506503579,68.00434506503579,68.00434506503579
249,63.55062308620005,63.55062308620005,63.55062308620005,63.55062308620005,63.55062308620005
250,66.94780338442713,66.94780338442713,66.94780338442713,66.94780338442713,66.94780338442713
251,62.30556060234895,62.30556060234895,62.30556060234895,62.30556060234895,62.30556060234895
252,69.1949764560746,69.1949764560746,69.1949764560746,69.1949764560746,69.1949764560746
253,68.31190452500832,68.31190452500832,68.31190452500832,68.31190452500832,68.31190452500832
254,65.43075207091279,65.43075207091279,65.43075207091279,65.43075207091279,65.43075207091279
255,63.853879090888626,63.853879090888626,63.853879090888626,63.853879090888626,63.853879090888626
256,71.43944405557762,71.43944405557762,71.43944405557762,71.43944405557762,71.43944405557762
257,64.2154259053109,64.2154259053109,64.2154259053109,64.2154259053109,64.2154259053109
258,61.2013647820057,61.2013647820057,61.2013647820057,61.2013647820057,61.2013647820057
259,65.57630742733144,65.57630742733144,65.57630742733144,65.57630742733144,65.57630742733144
260,59.003643789644634,59.003643789644634,59.003643789644634,59.003643789644634,59.003643789644634
261,66.58903245485806,66.58903245485806,66.58903245485806,66.58903245485806,66.58903245485806
262,69.04682382175162,69.04682382175162,69.04682382175162,69.04682382175162,69.04682382175162
263,69.51241235156135,69.51241235156135,69.51241235156135,69.51241235156135,69.51241235156135
264,67.5762235957405,67.5762235957405,67.5762235957405,67.5762235957405,67.5762235957405
265,67.88818618274158,67.88818618274158,67.88818618274158,67.88818618274158,67.88818618274158
266,58.600674433071454,58.600674433071454,58.600674433071454,58.600674433071454,58.600674433071454
267,65.51450874818664,65.51450874818664,65.51450874818664,65.51450874818664,65.51450874818664
268,70.90678504381897,70.90678504381897,70.90678504381897,70.90678504381897,70.90678504381897
269,65.57163031271544,65.57163031271544,65.57163031271544,65.57163031271544,65.57163031271544
270,66.39823569011557,66.39823569011557,66.39823569011557,66.39823569011557,66.39823569011557
271,62.651700496576964,62.651700496576964,62.651700496576964,62.651700496576964,62.651700496576964
272,67.84764613171701,67.84764613171701,67.84764613171701,67.84764613171701,67.84764613171701
273,60.618740755189684,60.618740755189684,60.618740755189684,60.618740755189684,60.618740755189684
274,68.07708249433293,68.07708249433293,68.07708249433293,68.07708249433293,68.07708249433293
275,62.78496808269331,62.78496808269331,62.78496808269331,62.78496808269331,62.78496808269331
276,62.36287089822741,62.36287089822741,62.36287089822741,62.36287089822741,62.36287089822741
277,64.11601196106447,64.11601196106447,64.11601196106447,64.11601196106447,64.11601196106447
278,61.080642310309884,61.080642310309884,61.080642310309884,61.080642310309884,61.080642310309884
279,62.03343801622904,62.03343801622904,62.03343801622904,62.03343801622904,62.03343801622904
280,65.63043666201142,65.63043666201142,65.63043666201142,65.63043666201142,65.63043666201142
281,62.29680574717793,62.29680574717793,62.29680574717793,62.29680574717793,62.29680574717793
282,64.4524320286661,64.4524320286661,64.4524320286661,64.4524320286661,64.4524320286661
283,71.41688570216705,71.41688570216705,71.41688570216705,71.41688570216705,71.41688570216705
284,66.2288219342432,66.2288219342432,66.2288219342432,66.2288219342432,66.2288219342432
285,58.79939834845148,58.79939834845148,58.79939834845148,58.79939834845148,58.79939834845148
286,60.68273637425801,60.68273637425801,60.68273637425801,60.68273637425801,60.68273637425801
287,67.30905037466015,67.30905037466015,67.30905037466015,67.30905037466015,67.30905037466015
288,64.89197390158853,64.89197390158853,64.89197390158853,64.89197390158853,64.89197390158853
289,66.96365203699176,66.96365203699176,66.96365203699176,66.96365203699176,66.96365203699176
290,63.188483240174726,63.188483240174726,63.188483240174726,63.188483240174726,63.188483240174726
291,59.28142098473597,59.28142098473597,59.28142098473597,59.28142098473597,59.28142098473597
292,60.83576564487171,60.83576564487171,60.83576564487171,60.83576564487171,60.83576564487171
293,64.74817402256139,64.74817402256139,64.74817402256139,64.74817402256139,64.74817402256139
294,69.41216869627358,69.41216869627358,69.41216869627358,69.41216869627358,69.41216869627358
295,59.331092484687986,59.331092484687986,59.331092484687986,59.331092484687986,59.331092484687986
296,61.14240243827407,61.14240243827407,61.14240243827407,61.14240243827407,61.14240243827407
297,65.76435122653683,65.76435122653683,65.76435122653683,65.76435122653683,65.76435122653683
298,69.52132662527016,69.52132662527016,69.52132662527016,69.52132662527016,69.52132662527016
299,67.04702769306252,67.04702769306252,67.04702769306252,67.04702769306252,67.04702769306252
300,63.68166063869842,63.68166063869842,63.68166063869842,63.68166063869842,63.68166063869842
301,67.23377816810596,67.23377816810596,67.23377816810596,67.23377816810596,67.23377816810596
302,69.81545249346625,69.81545249346625,69.81545249346625,69.81545249346625,69.81545249346625
303,59.27717523626054,59.27717523626054,59.27717523626054,59.27717523626054,59.27717523626054
304,70.0463659482929,70.0463659482929,70.0463659482929,70.0463659482929,70.0463659482929
305,63.52129146117158,63.52129146117158,63.52129146117158,63.52129146117158,63.52129146117158
306,66.37176556211129,66.37176556211129,66.37176556211129,66.37176556211129,66.37176556211129
307,70.62861354252242,70.62861354252242,70.62861354252242,70.62861354252242,70.62861354252242
308,59.36661315119053,59.36661315119053,59.36661315119053,59.36661315119053,59.36661315119053
309,63.50854918957047,63.50854918957047,63.50854918957047,63.50854918957047,63.50854918957047
310,66.3098680263116,66.3098680263116,66.3098680263116,66.3098680263116,66.3098680263116
311,59.08225098638488,59.08225098638488,59.08225098638488,59.08225098638488,59.08225098638488
312,59.28790293346624,59.28790293346624,59.28790293346624,59.28790293346624,59.28790293346624
313,65.77170759731881,65.77170759731881,65.77170759731881,65.77170759731881,65.77170759731881
314,59.59630157776966,59.59630157776966,59.59630157776966,59.59630157776966,59.59630157776966
315,69.42758326400013,69.42758326400013,69.42758326400013,69.42758326400013,69.42758326400013
316,65.37532146861655,65.37532146861655,65.37532146861655,65.37532146861655,65.37532146861655
317,64.89420239731997,64.89420239731997,64.89420239731997,64.89420239731997,64.89420239731997
318,61.76027655999584,61.76027655999584,61.76027655999584,61.76027655999584,61.76027655999584
319,68.93353632080267,68.93353632080267,68.93353632080267,68.93353632080267,68.93353632080267
320,67.8618126911606,67.8618126911606,67.8618126911606,67.8618126911606,67.8618126911606
321,66.36019383695204,66.36019383695204,66.36019383695204,66.36019383695204,66.36019383695204
322,68.08593095607077,68.08593095607077,68.08593095607077,68.08593095607077,68.08593095607077
323,62.81486731012661,62.81486731012661,62.81486731012661,62.81486731012661,62.81486731012661
324,60.51803505848293,60.51803505848293,60.51803505848293,60.51803505848293,60.51803505848293
325,63.05948180546664,63.05948180546664,63.05948180546664,63.05948180546664,63.05948180546664
326,62.21504808317491,62.21504808317491,62.21504808317491,62.21504808317491,62.21504808317491
327,70.1342347191791,70.1342347191791,70.1342347191791,70.1342347191791,70.1342347191791
328,70.70074666323232,70.70074666323232,70.70074666323232,70.70074666323232,70.70074666323232
329,67.66503933170054,67.66503933170054,67.66503933170054,67.66503933170054,67.66503933170054
330,59.10736452796809,59.10736452796809,59.10736452796809,59.10736452796809,59.10736452796809
331,62.498624600142776,62.498624600142776,62.498624600142776,62.498624600142776,62.498624600142776
332,67.35025093662269,67.35025093662269,67.35025093662269,67.35025093662269,67.35025093662269
333,69.55684437560767,69.55684437560767,69.55684437560767,69.55684437560767,69.55684437560767
334,70.16765657751615,70.16765657751615,70.16765657751615,70.16765657751615,70.16765657751615
335,60.66993872401434,60.66993872401434,60.66993872401434,60.66993872401434,60.66993872401434
336,59.23234375328736,59.23234375328736,59.23234375328736,59.23234375328736,59.23234375328736
337,64.79221814490792,64.79221814490792,64.79221814490792,64.79221814490792,64.79221814490792
338,69.67337770747557,69.67337770747557,69.67337770747557,69.67337770747557,69.67337770747557
339,70.16208287708236,70.16208287708236,70.16208287708236,70.16208287708236,70.16208287708236
340,69.36037977999379,69.36037977999379,69.36037977999379,69.36037977999379,69.36037977999379
341,60.761346971620725,60.761346971620725,60.761346971620725,60.761346971620725,60.761346971620725
342,58.788803530833356,58.788803530833356,58.788803530833356,58.788803530833356,58.788803530833356
343,67.25595592598886,67.25595592598886,67.25595592598886,67.25595592598886,67.25595592598886
344,70.81332919791444,70.81332919791444,70.81332919791444,70.81332919791444,70.81332919791444
345,65.54083736119111,65.54083736119111,65.54083736119111,65.54083736119111,65.54083736119111
346,69.65110961579096,69.65110961579096,69.65110961579096,69.65110961579096,69.65110961579096
347,64.77511980853103,64.77511980853103,64.77511980853103,64.77511980853103,64.77511980853103
348,67.25895473271069,67.25895473271069,67.25895473271069,67.25895473271069,67.25895473271069
349,65.57458034144292,65.57458034144292,65.57458034144292,65.57458034144292,65.57458034144292
350,69.63680596982437,69.63680596982437,69.63680596982437,69.63680596982437,69.63680596982437
351,71.08883274546523,71.08883274546523,71.08883274546523,71.08883274546523,71.08883274546523
352,65.7085248226993,65.7085248226993,65.7085248226993,65.7085248226993,65.7085248226993
353,70.603389141235,70.603389141235,70.603389141235,70.603389141235,70.603389141235
354,70.02434956470071,70.02434956470071,70.02434956470071,70.02434956470071,70.02434956470071
355,69.78237869915958,69.78237869915958,69.78237869915958,69.78237869915958,69.78237869915958
356,69.63986839199652,69.63986839199652,69.63986839199652,69.63986839199652,69.63986839199652
357,61.587923574095285,61.587923574095285,61.587923574095285,61.587923574095285,61.587923574095285
358,70.1483436873506,70.1483436873506,70.1483436873506,70.1483436873506,70.1483436873506
359,60.213333093782786,60.213333093782786,60.213333093782786,60.213333093782786,60.213333093782786
360,71.1762624092923,71.1762624092923,71.1762624092923,71.1762624092923,71.1762624092923
361,67.25106441842738,67.25106441842738,67.25106441842738,67.25106441842738,67.25106441842738
362,70.85963923350823,70.85963923350823,70.85963923350823,70.85963923350823,70.85963923350823
363,59.46421052483516,59.46421052483516,59.46421052483516,59.46421052483516,59.46421052483516
364,61.07730971564285,61.07730971564285,61.07730971564285,61.07730971564285,61.07730971564285
365,69.47470044810535,69.47470044810535,69.47470044810535,69.47470044810535,69.47470044810535
366,63.996677557363114,63.996677557363114,63.996677557363114,63.996677557363114,63.996677557363114
367,69.06192431155674,69.06192431155674,69.06192431155674,69.06192431155674,69.06192431155674
368,61.26360437209932,61.26360437209932,61.26360437209932,61.26360437209932,61.26360437209932
369,71.48244679631779,71.48244679631779,71.48244679631779,71.48244679631779,71.48244679631779
370,67.12157097317714,67.12157097317714,67.12157097317714,67.12157097317714,67.12157097317714
371,68.67518539297781,68.67518539297781,68.67518539297781,68.67518539297781,68.67518539297781
372,71.4076713981519,71.4076713981519,71.4076713981519,71.4076713981519,71.4076713981519
373,60.2772741542351,60.2772741542351,60.2772741542351,60.2772741542351,60.2772741542351
374,62.67440799383626,62.67440799383626,62.67440799383626,62.67440799383626,62.67440799383626
375,65.5365083024735,65.5365083024735,65.5365083024735,65.5365083024735,65.5365083024735
376,62.21882075657416,62.21882075657416,62.21882075657416,62.21882075657416,62.21882075657416
377,61.10257332955601,61.10257332955601,61.10257332955601,61.10257332955601,61.10257332955601
378,67.24489070370306,67.24489070370306,67.24489070370306,67.24489070370306,67.24489070370306
379,68.54734268113805,68.54734268113805,68.54734268113805,68.54734268113805,68.54734268113805
380,67.00726689134225,67.00726689134225,67.00726689134225,67.00726689134225,67.00726689134225
381,61.24122043258485,61.24122043258485,61.24122043258485,61.24122043258485,61.24122043258485
382,62.85455556235336,62.85455556235336,62.85455556235336,62.85455556235336,62.85455556235336
383,70.07811211054182,70.07811211054182,70.07811211054182,70.07811211054182,70.07811211054182
384,65.32708384815275,65.32708384815275,65.32708384815275,65.32708384815275,65.32708384815275
385,65.27261803599137,65.27261803599137,65.27261803599137,65.27261803599137,65.27261803599137
386,67.7249038006072,67.7249038006072,67.7249038006072,67.7249038006072,67.7249038006072
387,59.01819023425042,59.01819023425042,59.01819023425042,59.01819023425042,59.01819023425042
388,60.88766975957284,60.88766975957284,60.88766975957284,60.88766975957284,60.88766975957284
389,59.37491924660822,59.37491924660822,59.37491924660822,59.37491924660822,59.37491924660822
390,69.88501956656933,69.88501956656933,69.88501956656933,69.88501956656933,69.88501956656933
391,59.821134687189364,59.821134687189364,59.821134687189364,59.821134687189364,59.821134687189364
392,59.699771225917345,59.699771225917345,59.699771225917345,59.699771225917345,59.699771225917345
393,69.80599524159086,69.80599524159086,69.80599524159086,69.80599524159086,69.80599524159086
394,65.39339067178528,65.39339067178528,65.39339067178528,65.39339067178528,65.39339067178528
395,69.82889135839234,69.82889135839234,69.82889135839234,69.82889135839234,69.82889135839234
396,66.08545057580952,66.08545057580952,66.08545057580952,66.08545057580952,66.08545057580952
397,68.26123616436942,68.26123616436942,68.26123616436942,68.26123616436942,68.26123616436942
398,59.96629376105023,59.96629376105023,59.96629376105023,59.96629376105023,59.96629376105023
399,61.87520170675012,61.87520170675012,61.87520170675012,61.87520170675012,61.87520170675012
400,66.36784055834042,66.36784055834042,66.36784055834042,66.36784055834042,66.36784055834042
401,69.35007525410765,69.35007525410765,69.35007525410765,69.35007525410765,69.35007525410765
402,71.12371494391581,71.12371494391581,71.12371494391581,71.12371494391581,71.12371494391581
403,62.83026615843496,62.83026615843496,62.83026615843496,62.83026615843496,62.83026615843496
404,59.98600259754268,59.98600259754268,59.98600259754268,59.98600259754268,59.98600259754268
405,61.3558168547455,61.3558168547455,61.3558168547455,61.3558168547455,61.3558168547455
406,65.58418499328613,65.58418499328613,65.58418499328613,65.58418499328613,65.58418499328613
407,70.37380352504695,70.37380352504695,70.37380352504695,70.37380352504695,70.37380352504695
408,65.07732958413789,65.07732958413789,65.07732958413789,65.07732958413789,65.07732958413789
409,61.606384067899334,61.606384067899334,61.606384067899334,61.606384067899334,61.606384067899334
410,70.33080795602874,70.33080795602874,70.33080795602874,70.33080795602874,70.33080795602874
411,61.78061120820675,61.78061120820675,61.78061120820675,61.78061120820675,61.78061120820675
412,69.97676722388798,69.97676722388798,69.97676722388798,69.97676722388798,69.97676722388798
413,60.43826952916001,60.43826952916001,60.43826952916001,60.43826952916001,60.43826952916001
414,59.11843050725964,59.11843050725964,59.11843050725964,59.11843050725964,59.11843050725964
415,64.01074179094581,64.01074179094581,64.01074179094581,64.01074179094581,64.01074179094581
416,65.90259806689484,65.90259806689484,65.90259806689484,65.90259806689484,65.90259806689484
417,63.91952907256654,63.91952907256654,63.91952907256654,63.91952907256654,63.91952907256654
418,70.80923752295824,70.80923752295824,70.80923752295824,70.80923752295824,70.80923752295824
419,62.64165866683686,62.64165866683686,62.64165866683686,62.64165866683686,62.64165866683686
420,62.922078785827956,62.922078785827956,62.922078785827956,62.922078785827956,62.922078785827956
421,61.61203178659458,61.61203178659458,61.61203178659458,61.61203178659458,61.61203178659458
422,70.3315769245747,70.3315769245747,70.3315769245747,70.3315769245747,70.3315769245747
423,71.33258243970475,71.33258243970475,71.33258243970475,71.33258243970475,71.33258243970475
424,71.10820858304277,71.10820858304277,71.10820858304277,71.10820858304277,71.10820858304277
425,59.82004219592788,59.82004219592788,59.82004219592788,59.82004219592788,59.82004219592788
426,65.56538539747253,65.56538539747253,65.56538539747253,65.56538539747253,65.56538539747253
427,66.64559707589011,66.64559707589011,66.64559707589011,66.64559707589011,66.64559707589011
428,64.58256664419008,64.58256664419008,64.58256664419008,64.58256664419008,64.58256664419008
429,67.35021055727333,67.35021055727333,67.35021055727333,67.35021055727333,67.35021055727333
430,69.67937783150498,69.67937783150498,69.67937783150498,69.67937783150498,69.67937783150498
431,63.214158655645775,63.214158655645775,63.214158655645775,63.214158655645775,63.214158655645775
432,63.554883195553856,63.554883195553856,63.554883195553856,63.554883195553856,63.554883195553856
433,60.05597088843219,60.05597088843219,60.05597088843219,60.05597088843219,60.05597088843219
434,68.93716783240627,68.93716783240627,68.93716783240627,68.93716783240627,68.93716783240627
435,60.159108580109354,60.159108580109354,60.159108580109354,60.159108580109354,60.159108580109354
436,65.32754529404339,65.32754529404339,65.32754529404339,65.32754529404339,65.32754529404339
437,59.6949643065235,59.6949643065235,59.6949643065235,59.6949643065235,59.6949643065235
438,71.32782040248384,71.32782040248384,71.32782040248384,71.32782040248384,71.32782040248384
439,68.83345779320395,68.83345779320395,68.83345779320395,68.83345779320395,68.83345779320395
440,65.54874753330284,65.54874753330284,65.54874753330284,65.54874753330284,65.54874753330284
441,61.679528503795886,61.679528503795886,61.679528503795886,61.679528503795886,61.679528503795886
442,63.35689437636993,63.35689437636993,63.35689437636993,63.35689437636993,63.35689437636993
443,65.26528268312639,65.26528268312639,65.26528268312639,65.26528268312639,65.26528268312639
444,63.34264949126622,63.34264949126622,63.34264949126622,63.34264949126622,63.34264949126622
445,58.77306775328697,58.77306775328697,58.77306775328697,58.77306775328697,58.77306775328697
446,63.02175615148704,63.02175615148704,63.02175615148704,63.02175615148704,63.02175615148704
447,67.8380684002151,67.8380684002151,67.8380684002151,67.8380684002151,67.8380684002151
448,59.613325235125615,59.613325235125615,59.613325235125615,59.613325235125615,59.613325235125615
449,69.2474026493843,69.2474026493843,69.2474026493843,69.2474026493843,69.2474026493843
450,65.75417266495418,65.75417266495418,65.75417266495418,65.75417266495418,65.75417266495418
451,61.321167251285225,61.321167251285225,61.321167251285225,61.321167251285225,61.321167251285225
452,67.52924506650706,67.52924506650706,67.52924506650706,67.52924506650706,67.52924506650706
453,62.18731153658,62.18731153658,62.18731153658,62.18731153658,62.18731153658
454,61.288842370481646,61.288842370481646,61.288842370481646,61.288842370481646,61.288842370481646
455,71.06007703361294,71.06007703361294,71.06007703361294,71.06007703361294,71.06007703361294
456,58.718413667541434,58.718413667541434,58.718413667541434,58.718413667541434,58.718413667541434
457,70.09016024907169,70.09016024907169,70.09016024907169,70.09016024907169,70.09016024907169
458,60.146106804329406,60.146106804329406,60.146106804329406,60.146106804329406,60.146106804329406
459,68.57503773169695,68.57503773169695,68.57503773169695,68.57503773169695,68.57503773169695
460,64.06635788720833,64.06635788720833,64.06635788720833,64.06635788720833,64.06635788720833
461,70.75935154995096,70.75935154995096,70.75935154995096,70.75935154995096,70.75935154995096
462,58.551126534309645,58.551126534309645,58.551126534309645,58.551126534309645,58.551126534309645
463,69.98185896368068,69.98185896368068,69.98185896368068,69.98185896368068,69.98185896368068
464,59.59963965022862,59.59963965022862,59.59963965022862,59.59963965022862,59.59963965022862
465,66.00164031518236,66.00164031518236,66.00164031518236,66.00164031518236,66.00164031518236
466,68.82280759726731,68.82280759726731,68.82280759726731,68.82280759726731,68.82280759726731
467,67.08306142465399,67.08306142465399,67.08306142465399,67.08306142465399,67.08306142465399
468,61.27719617509347,61.27719617509347,61.27719617509347,61.27719617509347,61.27719617509347
469,67.26971526698625,67.26971526698625,67.26971526698625,67.26971526698625,67.26971526698625
470,70.41765499021396,70.41765499021396,70.41765499021396,70.41765499021396,70.41765499021396
471,68.96307371026155,68.96307371026155,68.96307371026155,68.96307371026155,68.96307371026155
472,60.87964293560039,60.87964293560039,60.87964293560039,60.87964293560039,60.87964293560039
473,64.2619165199049,64.2619165199049,64.2619165199049,64.2619165199049,64.2619165199049
474,70.95313772762981,70.95313772762981,70.95313772762981,70.95313772762981,70.95313772762981
475,64.18032999624651,64.18032999624651,64.18032999624651,64.18032999624651,64.18032999624651
476,64.41769760721529,64.41769760721529,64.41769760721529,64.41769760721529,64.41769760721529
477,68.55876977777076,68.55876977777076,68.55876977777076,68.55876977777076,68.55876977777076
478,62.925015322910724,62.925015322910724,62.925015322910724,62.925015322910724,62.925015322910724
479,71.10188834053416,71.10188834053416,71.10188834053416,71.10188834053416,71.10188834053416
480,67.9062021280145,67.9062021280145,67.9062021280145,67.9062021280145,67.9062021280145
481,71.31609835814643,71.31609835814643,71.31609835814643,71.31609835814643,71.31609835814643
482,63.03903235297107,63.03903235297107,63.03903235297107,63.03903235297107,63.03903235297107
483,58.83999168236618,58.83999168236618,58.83999168236618,58.83999168236618,58.83999168236618
484,66.85774862607329,66.85774862607329,66.85774862607329,66.85774862607329,66.85774862607329
485,59.08770218214276,59.08770218214276,59.08770218214276,59.08770218214276,59.08770218214276
486,62.734510270980984,62.734510270980984,62.734510270980984,62.734510270980984,62.734510270980984
487,65.84575437443314,65.84575437443314,65.84575437443314,65.84575437443314,65.84575437443314
488,66.09711127330527,66.09711127330527,66.09711127330527,66.09711127330527,66.09711127330527
489,60.85144317964209,60.85144317964209,60.85144317964209,60.85144317964209,60.85144317964209
490,68.60419238756782,68.60419238756782,68.60419238756782,68.60419238756782,68.60419238756782
491,67.76802427223537,67.76802427223537,67.76802427223537,67.76802427223537,67.76802427223537
492,63.413519083968175,63.413519083968175,63.413519083968175,63.413519083968175,63.413519083968175
493,65.21796557967731,65.21796557967731,65.21796557967731,65.21796557967731,65.21796557967731
494,67.00805974596635,67.00805974596635,67.00805974596635,67.00805974596635,67.00805974596635
495,62.70823321895301,62.70823321895301,62.70823321895301,62.70823321895301,62.70823321895301
496,62.06040947067669,62.06040947067669,62.06040947067669,62.06040947067669,62.06040947067669
497,66.76494610892259,66.76494610892259,66.76494610892259,66.76494610892259,66.76494610892259
498,61.36386547287318,61.36386547287318,61.36386547287318,61.36386547287318,61.36386547287318
499,68.47270718592995,68.47270718592995,68.47270718592995,68.47270718592995,68.47270718592995
500,67.80704072350571,67.80704072350571,67.80704072350571,67.80704072350571,67.80704072350571
501,62.16856446315377,62.16856446315377,62.16856446315377,62.16856446315377,62.16856446315377
502,59.10605841334846,59.10605841334846,59.10605841334846,59.10605841334846,59.10605841334846
503,69.12938714796388,69.12938714796388,69.12938714796388,69.12938714796388,69.12938714796388
504,65.87804870510439,65.87804870510439,65.87804870510439,65.87804870510439,65.87804870510439
505,68.32667399273382,68.32667399273382,68.32667399273382,68.32667399273382,68.32667399273382
506,66.698311702398,66.698311702398,66.698311702398,66.698311702398,66.698311702398
507,66.89042989625094,66.89042989625094,66.89042989625094,66.89042989625094,66.89042989625094
508,65.54826455313005,65.54826455313005,65.54826455313005,65.54826455313005,65.54826455313005
509,62.77262236649376,62.77262236649376,62.77262236649376,62.77262236649376,62.77262236649376
510,60.73212868130319,60.73212868130319,60.73212868130319,60.73212868130319,60.73212868130319
511,65.82639422243341,65.82639422243341,65.82639422243341,65.82639422243341,65.82639422243341
512,71.42290209167226,71.42290209167226,71.42290209167226,71.42290209167226,71.42290209167226
513,59.655886189235645,59.655886189235645,59.655886189235645,59.655886189235645,59.655886189235645
514,69.84556677468109,69.84556677468109,69.84556677468109,69.84556677468109,69.84556677468109
515,63.682449404529656,63.682449404529656,63.682449404529656,63.682449404529656,63.682449404529656
516,69.41541289594407,69.41541289594407,69.41541289594407,69.41541289594407,69.41541289594407
517,69.31920359005936,69.31920359005936,69.31920359005936,69.31920359005936,69.31920359005936
518,62.078998339151994,62.078998339151994,62.078998339151994,62.078998339151994,62.078998339151994
519,63.26936955659551,63.26936955659551,63.26936955659551,63.26936955659551,63.26936955659551
520,59.41968083668906,59.41968083668906,59.41968083668906,59.41968083668906,59.41968083668906
521,58.819185116819796,58.819185116819796,58.819185116819796,58.819185116819796,58.819185116819796
522,63.02825042645386,63.02825042645386,63.02825042645386,63.02825042645386,63.02825042645386
523,60.50400160371924,60.50400160371924,60.50400160371924,60.50400160371924,60.50400160371924
524,58.55582576571695,58.55582576571695,58.55582576571695,58.55582576571695,58.55582576571695
525,58.75560768319363,58.75560768319363,58.75560768319363,58.75560768319363,58.75560768319363
526,67.44004937596398,67.44004937596398,67.44004937596398,67.44004937596398,67.44004937596398
527,61.60339935443961,61.60339935443961,61.60339935443961,61.60339935443961,61.60339935443961
528,68.12540422953039,68.12540422953039,68.12540422953039,68.12540422953039,68.12540422953039
529,64.25094266572995,64.25094266572995,64.25094266572995,64.25094266572995,64.25094266572995
530,64.38117455163588,64.38117455163588,64.38117455163588,64.38117455163588,64.38117455163588
531,59.24415184852704,59.24415184852704,59.24415184852704,59.24415184852704,59.24415184852704
532,68.27929049840877,68.27929049840877,68.27929049840877,68.27929049840877,68.27929049840877
533,63.29573458811522,63.29573458811522,63.29573458811522,63.29573458811522,63.29573458811522
534,68.27869628449494,68.27869628449494,68.27869628449494,68.27869628449494,68.27869628449494
535,59.304413729691866,59.304413729691866,59.304413729691866,59.304413729691866,59.304413729691866
536,68.18824722524711,68.18824722524711,68.18824722524711,68.18824722524711,68.18824722524711
537,63.03824341956649,63.03824341956649,63.03824341956649,63.03824341956649,63.03824341956649
538,62.333955556906524,62.333955556906524,62.333955556906524,62.333955556906524,62.333955556906524
539,59.86226372021305,59.86226372021305,59.86226372021305,59.86226372021305,59.86226372021305
540,60.68927903924803,60.68927903924803,60.68927903924803,60.68927903924803,60.68927903924803
541,70.74210931631825,70.74210931631825,70.74210931631825,70.74210931631825,70.74210931631825
542,71.49258396970485,71.49258396970485,71.49258396970485,71.49258396970485,71.49258396970485
543,58.99042389779364,58.99042389779364,58.99042389779364,58.99042389779364,58.99042389779364
544,69.61843289030035,69.61843289030035,69.61843289030035,69.61843289030035,69.61843289030035
545,64.38085572194701,64.38085572194701,64.38085572194701,64.38085572194701,64.38085572194701
546,71.02585819477929,71.02585819477929,71.02585819477929,71.02585819477929,71.02585819477929
547,58.58586647211406,58.58586647211406,58.58586647211406,58.58586647211406,58.58586647211406
548,71.20069085067263,71.20069085067263,71.20069085067263,71.20069085067263,71.20069085067263
549,62.83789832660624,62.83789832660624,62.83789832660624,62.83789832660624,62.83789832660624
550,62.73893964201512,62.73893964201512,62.73893964201512,62.73893964201512,62.73893964201512
551,67.07052719616996,67.07052719616996,67.07052719616996,67.07052719616996,67.07052719616996
552,70.8445474362439,70.8445474362439,70.8445474362439,70.8445474362439,70.8445474362439
553,70.37509934046221,70.37509934046221,70.37509934046221,70.37509934046221,70.37509934046221
554,62.28943270024274,62.28943270024274,62.28943270024274,62.28943270024274,62.28943270024274
555,66.80711828241527,66.80711828241527,66.80711828241527,66.80711828241527,66.80711828241527
556,63.924681056320516,63.924681056320516,63.924681056320516,63.924681056320516,63.924681056320516
557,69.00170220998368,69.00170220998368,69.00170220998368,69.00170220998368,69.00170220998368
558,71.47370030085096,71.47370030085096,71.47370030085096,71.47370030085096,71.47370030085096
559,66.95999784914382,66.95999784914382,66.95999784914382,66.95999784914382,66.95999784914382
560,67.94425763218933,67.94425763218933,67.94425763218933,67.94425763218933,67.94425763218933
561,70.04683545269715,70.04683545269715,70.04683545269715,70.04683545269715,70.04683545269715
562,59.02348863648104,59.02348863648104,59.02348863648104,59.02348863648104,59.02348863648104
563,58.86463325267386,58.86463325267386,58.86463325267386,58.86463325267386,58.86463325267386
564,58.66512412995986,58.66512412995986,58.66512412995986,58.66512412995986,58.66512412995986
565,68.3923584718535,68.3923584718535,68.3923584718535,68.3923584718535,68.3923584718535
566,66.04332426154424,66.04332426154424,66.04332426154424,66.04332426154424,66.04332426154424
567,59.758931704995454,59.758931704995454,59.758931704995454,59.758931704995454,59.758931704995454
568,59.04249278446243,59.04249278446243,59.04249278446243,59.04249278446243,59.04249278446243
569,69.52684529658958,69.52684529658958,69.52684529658958,69.52684529658958,69.52684529658958
570,70.62165506123085,70.62165506123085,70.62165506123085,70.62165506123085,70.62165506123085
571,63.44611338136776,63.44611338136776,63.44611338136776,63.44611338136776,63.44611338136776
572,68.2833425447981,68.2833425447981,68.2833425447981,68.2833425447981,68.2833425447981
573,67.86013160165041,67.86013160165041,67.86013160165041,67.86013160165041,67.86013160165041
574,69.37043164901176,69.37043164901176,69.37043164901176,69.37043164901176,69.37043164901176
575,69.38841653281735,69.38841653281735,69.38841653281735,69.38841653281735,69.38841653281735
576,66.17132308108522,66.17132308108522,66.17132308108522,66.17132308108522,66.17132308108522
577,70.93402000250934,70.93402000250934,70.93402000250934,70.93402000250934,70.93402000250934
578,63.73603263868739,63.73603263868739,63.73603263868739,63.73603263868739,63.73603263868739
579,66.41570312973003,66.41570312973003,66.41570312973003,66.41570312973003,66.41570312973003
580,58.915753574517126,58.915753574517126,58.915753574517126,58.915753574517126,58.915753574517126
581,60.09451590003504,60.09451590003504,60.09451590003504,60.09451590003504,60.09451590003504
582,59.37694262952325,59.37694262952325,59.37694262952325,59.37694262952325,59.37694262952325
583,64.77184065448753,64.77184065448753,64.77184065448753,64.77184065448753,64.77184065448753
584,65.67909737966589,65.67909737966589,65.67909737966589,65.67909737966589,65.67909737966589
585,64.33499126981748,64.33499126981748,64.33499126981748,64.33499126981748,64.33499126981748
586,67.51067297419938,67.51067297419938,67.51067297419938,67.51067297419938,67.51067297419938
587,64.92854611181066,64.92854611181066,64.92854611181066,64.92854611181066,64.92854611181066
588,69.6963355691707,69.6963355691707,69.6963355691707,69.6963355691707,69.6963355691707
589,65.40738224216135,65.40738224216135,65.40738224216135,65.40738224216135,65.40738224216135
590,67.11899521917928,67.11899521917928,67.11899521917928,67.11899521917928,67.11899521917928
591,67.02684067824617,67.02684067824617,67.02684067824617,67.02684067824617,67.02684067824617
592,67.45462286901561,67.45462286901561,67.45462286901561,67.45462286901561,67.45462286901561
593,63.58833442583998,63.58833442583998,63.58833442583998,63.58833442583998,63.58833442583998
594,58.74396749934484,58.74396749934484,58.74396749934484,58.74396749934484,58.74396749934484
595,64.72138114647862,64.72138114647862,64.72138114647862,64.72138114647862,64.72138114647862
596,62.52392251193537,62.52392251193537,62.52392251193537,62.52392251193537,62.52392251193537
597,70.07508208532008,70.07508208532008,70.07508208532008,70.07508208532008,70.07508208532008
598,62.48498817306076,62.48498817306076,62.48498817306076,62.48498817306076,62.48498817306076
599,62.33900815611686,62.33900815611686,62.33900815611686,62.33900815611686,62.33900815611686
600,67.9406644986812,67.9406644986812,67.9406644986812,67.9406644986812,67.9406644986812
601,68.02307042783183,68.02307042783183,68.02307042783183,68.02307042783183,68.02307042783183
602,64.9610026958062,64.9610026958062,64.9610026958062,64.9610026958062,64.9610026958062
603,71.04607868880564,71.04607868880564,71.04607868880564,71.04607868880564,71.04607868880564
604,60.26757305133705,60.26757305133705,60.26757305133705,60.26757305133705,60.26757305133705
605,65.00026187986289,65.00026187986289,65.00026187986289,65.00026187986289,65.00026187986289
606,64.63440368171386,64.63440368171386,64.63440368171386,64.63440368171386,64.63440368171386
607,65.19867250081491,65.19867250081491,65.19867250081491,65.19867250081491,65.19867250081491
608,60.8255842994975,60.8255842994975,60.8255842994975,60.8255842994975,60.8255842994975
609,68.67777118655295,68.67777118655295,68.67777118655295,68.67777118655295,68.67777118655295
610,62.49899160575093,62.49899160575093,62.49899160575093,62.49899160575093,62.49899160575093
611,67.65926470756811,67.65926470756811,67.65926470756811,67.65926470756811,67.65926470756811
612,62.170197200591474,62.170197200591474,62.170197200591474,62.170197200591474,62.170197200591474
613,66.27248264486538,66.27248264486538,66.27248264486538,66.27248264486538,66.27248264486538
614,69.58351447468807,69.58351447468807,69.58351447468807,69.58351447468807,69.58351447468807
615,59.71505626703317,59.71505626703317,59.71505626703317,59.71505626703317,59.71505626703317
616,60.02237890901598,60.02237890901598,60.02237890901598,60.02237890901598,60.02237890901598
617,60.45484880809113,60.45484880809113,60.45484880809113,60.45484880809113,60.45484880809113
618,60.05701673819112,60.05701673819112,60.05701673819112,60.05701673819112,60.05701673819112
619,63.27740875415891,63.27740875415891,63.27740875415891,63.27740875415891,63.27740875415891
620,63.7917432088076,63.7917432088076,63.7917432088076,63.7917432088076,63.7917432088076
621,69.65864631268494,69.65864631268494,69.65864631268494,69.65864631268494,69.65864631268494
622,60.42464235753454,60.42464235753454,60.42464235753454,60.42464235753454,60.42464235753454
623,63.15099350276744,63.15099350276744,63.15099350276744,63.15099350276744,63.15099350276744
624,67.58768100274364,67.58768100274364,67.58768100274364,67.58768100274364,67.58768100274364
625,60.980944960774856,60.980944960774856,60.980944960774856,60.980944960774856,60.980944960774856
626,65.31368579043979,65.31368579043979,65.31368579043979,65.31368579043979,65.31368579043979
627,66.25119269200799,66.25119269200799,66.25119269200799,66.25119269200799,66.25119269200799
628,67.98544087864522,67.98544087864522,67.98544087864522,67.98544087864522,67.98544087864522
629,65.891837727867,65.891837727867,65.891837727867,65.891837727867,65.891837727867
630,68.0128610491831,68.0128610491831,68.0128610491831,68.0128610491831,68.0128610491831
631,67.97371607091763,67.97371607091763,67.97371607091763,67.97371607091763,67.97371607091763
632,71.2651221715111,71.2651221715111,71.2651221715111,71.2651221715111,71.2651221715111
633,63.59141130809473,63.59141130809473,63.59141130809473,63.59141130809473,63.59141130809473
634,62.65146726956557,62.65146726956557,62.65146726956557,62.65146726956557,62.65146726956557
635,67.09488701165459,67.09488701165459,67.09488701165459,67.09488701165459,67.09488701165459
636,62.824565382104396,62.824565382104396,62.824565382104396,62.824565382104396,62.824565382104396
637,59.348532094801556,59.348532094801556,59.348532094801556,59.348532094801556,59.348532094801556
638,61.17286405918718,61.17286405918718,61.17286405918718,61.17286405918718,61.17286405918718
639,71.05766510299523,71.05766510299523,71.05766510299523,71.05766510299523,71.05766510299523
640,69.30970613053594,69.30970613053594,69.30970613053594,69.30970613053594,69.30970613053594
641,67.5684232502051,67.5684232502051,67.5684232502051,67.5684232502051,67.5684232502051
642,60.29815434783971,60.29815434783971,60.29815434783971,60.29815434783971,60.29815434783971
643,59.855390036935034,59.855390036935034,59.855390036935034,59.855390036935034,59.855390036935034
644,63.1527036257973,63.1527036257973,63.1527036257973,63.1527036257973,63.1527036257973
645,62.54469225773947,62.54469225773947,62.54469225773947,62.54469225773947,62.54469225773947
646,63.875811820886376,63.875811820886376,63.875811820886376,63.875811820886376,63.875811820886376
647,60.07724420849461,60.07724420849461,60.07724420849461,60.07724420849461,60.07724420849461
648,69.69170759530084,69.69170759530084,69.69170759530084,69.69170759530084,69.69170759530084
649,62.32563815991599,62.32563815991599,62.32563815991599,62.32563815991599,62.32563815991599
650,63.90760663048004,63.90760663048004,63.90760663048004,63.90760663048004,63.90760663048004
651,67.18988978037929,67.18988978037929,67.18988978037929,67.18988978037929,67.18988978037929
652,59.309675224001296,59.309675224001296,59.309675224001296,59.309675224001296,59.309675224001296
653,67.08871696855279,67.08871696855279,67.08871696855279,67.08871696855279,67.08871696855279
654,67.59462656877966,67.59462656877966,67.59462656877966,67.59462656877966,67.59462656877966
655,62.949040634844536,62.949040634844536,62.949040634844536,62.949040634844536,62.949040634844536
656,60.09251403817157,60.09251403817157,60.09251403817157,60.09251403817157,60.09251403817157
657,63.654822382327424,63.654822382327424,63.654822382327424,63.654822382327424,63.654822382327424
658,70.09546138450635,70.09546138450635,70.09546138450635,70.09546138450635,70.09546138450635
659,63.30971194861334,63.30971194861334,63.30971194861334,63.30971194861334,63.30971194861334
660,66.68370395601521,66.68370395601521,66.68370395601521,66.68370395601521,66.68370395601521
661,68.42326810937865,68.42326810937865,68.42326810937865,68.42326810937865,68.42326810937865
662,61.04424613272593,61.04424613272593,61.04424613272593,61.04424613272593,61.04424613272593
663,69.8851529472751,69.8851529472751,69.8851529472751,69.8851529472751,69.8851529472751
664,71.24488281764512,71.24488281764512,71.24488281764512,71.24488281764512,71.24488281764512
665,61.79524479263267,61.79524479263267,61.79524479263267,61.79524479263267,61.79524479263267
666,61.9175851711278,61.9175851711278,61.9175851711278,61.9175851711278,61.9175851711278
667,67.05470027749476,67.05470027749476,67.05470027749476,67.05470027749476,67.05470027749476
668,64.06692977784917,64.06692977784917,64.06692977784917,64.06692977784917,64.06692977784917
669,61.24746960099281,61.24746960099281,61.24746960099281,61.24746960099281,61.24746960099281
670,64.79022272596215,64.79022272596215,64.79022272596215,64.79022272596215,64.79022272596215
671,66.3374101351932,66.3374101351932,66.3374101351932,66.3374101351932,66.3374101351932
672,71.29874678916508,71.29874678916508,71.29874678916508,71.29874678916508,71.29874678916508
673,60.323593476180946,60.323593476180946,60.323593476180946,60.323593476180946,60.323593476180946
674,68.2993929837191,68.2993929837191,68.2993929837191,68.2993929837191,68.2993929837191
675,63.498074186411365,63.498074186411365,63.498074186411365,63.498074186411365,63.498074186411365
676,59.68676973317347,59.68676973317347,59.68676973317347,59.68676973317347,59.68676973317347
677,59.48204040164464,59.48204040164464,59.48204040164464,59.48204040164464,59.48204040164464
678,61.10978926800597,61.10978926800597,61.10978926800597,61.10978926800597,61.10978926800597
679,62.915893926785664,62.915893926785664,62.915893926785664,62.915893926785664,62.915893926785664
680,59.89601079921862,59.89601079921862,59.89601079921862,59.89601079921862,59.89601079921862
681,62.26451851837236,62.26451851837236,62.26451851837236,62.26451851837236,62.26451851837236
682,67.24175621502917,67.24175621502917,67.24175621502917,67.24175621502917,67.24175621502917
683,63.12142200222225,63.12142200222225,63.12142200222225,63.12142200222225,63.12142200222225
684,63.29185902834251,63.29185902834251,63.29185902834251,63.29185902834251,63.29185902834251
685,63.97289558327862,63.97289558327862,63.97289558327862,63.97289558327862,63.97289558327862
686,60.07634511870565,60.07634511870565,60.07634511870565,60.07634511870565,60.07634511870565
687,69.65850419921357,69.65850419921357,69.65850419921357,69.65850419921357,69.65850419921357
688,71.09257500922838,71.09257500922838,71.09257500922838,71.09257500922838,71.09257500922838
689,66.95819734319782,66.95819734319782,66.95819734319782,66.95819734319782,66.95819734319782
690,62.95883945139957,62.95883945139957,62.95883945139957,62.95883945139957,62.95883945139957
691,71.2642476416571,71.2642476416571,71.2642476416571,71.2642476416571,71.2642476416571
692,68.21505495445021,68.21505495445021,68.21505495445021,68.21505495445021,68.21505495445021
693,62.92162374082314,62.92162374082314,62.92162374082314,62.92162374082314,62.92162374082314
694,62.9173166915858,62.9173166915858,62.9173166915858,62.9173166915858,62.9173166915858
695,63.456761833596296,63.456761833596296,63.456761833596296,63.456761833596296,63.456761833596296
696,63.03896275431348,63.03896275431348,63.03896275431348,63.03896275431348,63.03896275431348
697,59.209228746179235,59.209228746179235,59.209228746179235,59.209228746179235,59.209228746179235
698,59.96711762294183,59.96711762294183,59.96711762294183,59.96711762294183,59.96711762294183
699,66.81084178354592,66.81084178354592,66.81084178354592,66.81084178354592,66.81084178354592
700,60.015289633272246,60.015289633272246,60.015289633272246,60.015289633272246,60.015289633272246
701,68.55829207678742,68.55829207678742,68.55829207678742,68.55829207678742,68.55829207678742
702,63.831562717350494,63.831562717350494,63.831562717350494,63.831562717350494,63.831562717350494
703,66.27006564398259,66.27006564398259,66.27006564398259,66.27006564398259,66.27006564398259
704,66.92541532471321,66.92541532471321,66.92541532471321,66.92541532471321,66.92541532471321
705,67.63948063469053,67.63948063469053,67.63948063469053,67.63948063469053,67.63948063469053
706,62.33703354347162,62.33703354347162,62.33703354347162,62.33703354347162,62.33703354347162
707,60.78335948391887,60.78335948391887,60.78335948391887,60.78335948391887,60.78335948391887
708,65.34609281139993,65.34609281139993,65.34609281139993,65.34609281139993,65.34609281139993
709,64.4723713378781,64.4723713378781,64.4723713378781,64.4723713378781,64.4723713378781
710,66.50305529043285,66.50305529043285,66.50305529043285,66.50305529043285,66.50305529043285
711,61.272765743849305,61.272765743849305,61.272765743849305,61.272765743849305,61.272765743849305
712,61.73442782053157,61.73442782053157,61.73442782053157,61.73442782053157,61.73442782053157
713,66.85027695279837,66.85027695279837,66.85027695279837,66.85027695279837,66.85027695279837
714,65.8540113563955,65.8540113563955,65.8540113563955,65.8540113563955,65.8540113563955
715,65.59010529677768,65.59010529677768,65.59010529677768,65.59010529677768,65.59010529677768
716,63.06923147373879,63.06923147373879,63.06923147373879,63.06923147373879,63.06923147373879
717,68.97029629761586,68.97029629761586,68.97029629761586,68.97029629761586,68.97029629761586
718,68.09743098956592,68.09743098956592,68.09743098956592,68.09743098956592,68.09743098956592
719,61.062874324683854,61.062874324683854,61.062874324683854,61.062874324683854,61.062874324683854
720,66.83814095492362,66.83814095492362,66.83814095492362,66.83814095492362,66.83814095492362
721,60.53825083493146,60.53825083493146,60.53825083493146,60.53825083493146,60.53825083493146
722,64.97348689526403,64.97348689526403,64.97348689526403,64.97348689526403,64.97348689526403
723,62.183296085657176,62.183296085657176,62.183296085657176,62.183296085657176,62.183296085657176
724,66.9903909074943,66.9903909074943,66.9903909074943,66.9903909074943,66.9903909074943
725,65.43378583619005,65.43378583619005,65.43378583619005,65.43378583619005,65.43378583619005
726,61.83703719687099,61.83703719687099,61.83703719687099,61.83703719687099,61.83703719687099
727,66.34046692029484,66.34046692029484,66.34046692029484,66.34046692029484,66.34046692029484
728,60.62524317654464,60.62524317654464,60.62524317654464,60.62524317654464,60.62524317654464
729,61.82686383307516,61.82686383307516,61.82686383307516,61.82686383307516,61.82686383307516
730,65.54192511962151,65.54192511962151,65.54192511962151,65.54192511962151,65.54192511962151
731,64.76676333302481,64.76676333302481,64.76676333302481,64.76676333302481,64.76676333302481
732,69.10708027689905,69.10708027689905,69.10708027689905,69.10708027689905,69.10708027689905
733,70.74113240648082,70.74113240648082,70.74113240648082,70.74113240648082,70.74113240648082
734,66.91089416351386,66.91089416351386,66.91089416351386,66.91089416351386,66.91089416351386
735,69.053381085931,69.053381085931,69.053381085931,69.053381085931,69.053381085931
736,62.56917794629233,62.56917794629233,62.56917794629233,62.56917794629233,62.56917794629233
737,64.81312189961015,64.81312189961015,64.81312189961015,64.81312189961015,64.81312189961015
738,61.91819231593704,61.91819231593704,61.91819231593704,61.91819231593704,61.91819231593704
739,63.93568952020501,63.93568952020501,63.93568952020501,63.93568952020501,63.93568952020501
740,64.2331737966328,64.2331737966328,64.2331737966328,64.2331737966328,64.2331737966328
741,68.01297368727845,68.01297368727845,68.01297368727845,68.01297368727845,68.01297368727845
742,65.16654195277972,65.16654195277972,65.16654195277972,65.16654195277972,65.16654195277972
743,70.75289421018547,70.75289421018547,70.75289421018547,70.75289421018547,70.75289421018547
744,71.30499977811516,71.30499977811516,71.30499977811516,71.30499977811516,71.30499977811516
745,70.20837967854919,70.20837967854919,70.20837967854919,70.20837967854919,70.20837967854919
746,64.78765549761714,64.78765549761714,64.78765549761714,64.78765549761714,64.78765549761714
747,64.04612109327076,64.04612109327076,64.04612109327076,64.04612109327076,64.04612109327076
748,60.58351183563167,60.58351183563167,60.58351183563167,60.58351183563167,60.58351183563167
749,63.63735198850706,63.63735198850706,63.63735198850706,63.63735198850706,63.63735198850706
750,67.31007028835099,67.31007028835099,67.31007028835099,67.31007028835099,67.31007028835099
751,64.93782863192698,64.93782863192698,64.93782863192698,64.93782863192698,64.93782863192698
752,63.92510770043274,63.92510770043274,63.92510770043274,63.92510770043274,63.92510770043274
753,63.84380265523068,63.84380265523068,63.84380265523068,63.84380265523068,63.84380265523068
754,66.0646310497441,66.0646310497441,66.0646310497441,66.0646310497441,66.0646310497441
755,64.34428739371212,64.34428739371212,64.34428739371212,64.34428739371212,64.34428739371212
756,62.68462028632442,62.68462028632442,62.68462028632442,62.68462028632442,62.68462028632442
757,64.94563046992904,64.94563046992904,64.94563046992904,64.94563046992904,64.94563046992904
758,69.66150793358746,69.66150793358746,69.66150793358746,69.66150793358746,69.66150793358746
759,70.68234526079738,70.68234526079738,70.68234526079738,70.68234526079738,70.68234526079738
760,69.8320077393545,69.8320077393545,69.8320077393545,69.8320077393545,69.8320077393545
761,60.55479492083103,60.55479492083103,60.55479492083103,60.55479492083103,60.55479492083103
762,66.54152850139573,66.54152850139573,66.54152850139573,66.54152850139573,66.54152850139573
763,67.58236411654677,67.58236411654677,67.58236411654677,67.58236411654677,67.58236411654677
764,59.819927747893104,59.819927747893104,59.819927747893104,59.819927747893104,59.819927747893104
765,61.09784844251167,61.09784844251167,61.09784844251167,61.09784844251167,61.09784844251167
766,60.37979334069119,60.37979334069119,60.37979334069119,60.37979334069119,60.37979334069119
767,60.49302759029916,60.49302759029916,60.49302759029916,60.49302759029916,60.49302759029916
768,62.44953888747566,62.44953888747566,62.44953888747566,62.44953888747566,62.44953888747566
769,60.61086040344632,60.61086040344632,60.61086040344632,60.61086040344632,60.61086040344632
770,62.325790791299355,62.325790791299355,62.325790791299355,62.325790791299355,62.325790791299355
771,59.03446213743285,59.03446213743285,59.03446213743285,59.03446213743285,59.03446213743285
772,64.56824968960082,64.56824968960082,64.56824968960082,64.56824968960082,64.56824968960082
773,70.34884555137378,70.34884555137378,70.34884555137378,70.34884555137378,70.34884555137378
774,61.87486002214154,61.87486002214154,61.87486002214154,61.87486002214154,61.87486002214154
775,65.81084846140358,65.81084846140358,65.81084846140358,65.81084846140358,65.81084846140358
776,70.97696113338132,70.97696113338132,70.97696113338132,70.97696113338132,70.97696113338132
777,69.65691485579394,69.65691485579394,69.65691485579394,69.65691485579394,69.65691485579394
778,59.56393186701737,59.56393186701737,59.56393186701737,59.56393186701737,59.56393186701737
779,69.20067987910564,69.20067987910564,69.20067987910564,69.20067987910564,69.20067987910564
780,67.67402190315097,67.67402190315097,67.67402190315097,67.67402190315097,67.67402190315097
781,67.93038727174826,67.93038727174826,67.93038727174826,67.93038727174826,67.93038727174826
782,70.88781753596307,70.88781753596307,70.88781753596307,70.88781753596307,70.88781753596307
783,68.6459127174499,68.6459127174499,68.6459127174499,68.6459127174499,68.6459127174499
784,64.9825398954743,64.9825398954743,64.9825398954743,64.9825398954743,64.9825398954743
785,62.96484454468115,62.96484454468115,62.96484454468115,62.96484454468115,62.96484454468115
786,62.8857465608344,62.8857465608344,62.8857465608344,62.8857465608344,62.8857465608344
787,69.67261159651699,69.67261159651699,69.67261159651699,69.67261159651699,69.67261159651699
788,60.84725367199521,60.84725367199521,60.84725367199521,60.84725367199521,60.84725367199521
789,68.88778525645841,68.88778525645841,68.88778525645841,68.88778525645841,68.88778525645841
790,69.69342104560226,69.69342104560226,69.69342104560226,69.69342104560226,69.69342104560226
791,59.08608888770161,59.08608888770161,59.08608888770161,59.08608888770161,59.08608888770161
792,66.75977946158424,66.75977946158424,66.75977946158424,66.75977946158424,66.75977946158424
793,62.86652911093929,62.86652911093929,62.86652911093929,62.86652911093929,62.86652911093929
794,65.19634377935094,65.19634377935094,65.19634377935094,65.19634377935094,65.19634377935094
795,61.107626537365945,61.107626537365945,61.107626537365945,61.107626537365945,61.107626537365945
796,68.07347541922431,68.07347541922431,68.07347541922431,68.07347541922431,68.07347541922431
797,71.08660827350857,71.08660827350857,71.08660827350857,71.08660827350857,71.08660827350857
798,58.909831555535824,58.909831555535824,58.909831555535824,58.909831555535824,58.909831555535824
799,63.488524332008744,63.488524332008744,63.488524332008744,63.488524332008744,63.488524332008744
800,67.57663916190359,67.57663916190359,67.57663916190359,67.57663916190359,67.57663916190359
801,67.88613177014423,67.88613177014423,67.88613177014423,67.88613177014423,67.88613177014423
802,60.41439980113885,60.41439980113885,60.41439980113885,60.41439980113885,60.41439980113885
803,64.90569455828447,64.90569455828447,64.90569455828447,64.90569455828447,64.90569455828447
804,59.38973234688346,59.38973234688346,59.38973234688346,59.38973234688346,59.38973234688346
805,67.31617644025806,67.31617644025806,67.31617644025806,67.31617644025806,67.31617644025806
806,58.59357037994337,58.59357037994337,58.59357037994337,58.59357037994337,58.59357037994337
807,65.92591748185173,65.92591748185173,65.92591748185173,65.92591748185173,65.92591748185173
808,66.15892792609765,66.15892792609765,66.15892792609765,66.15892792609765,66.15892792609765
809,67.96645243214482,67.96645243214482,67.96645243214482,67.96645243214482,67.96645243214482
810,65.12353463077098,65.12353463077098,65.12353463077098,65.12353463077098,65.12353463077098
811,58.73163784034198,58.73163784034198,58.73163784034198,58.73163784034198,58.73163784034198
812,70.32841106931411,70.32841106931411,70.32841106931411,70.32841106931411,70.32841106931411
813,64.74421334579827,64.74421334579827,64.74421334579827,64.74421334579827,64.74421334579827
814,58.69437005814412,58.69437005814412,58.69437005814412,58.69437005814412,58.69437005814412
815,59.82743724260998,59.82743724260998,59.82743724260998,59.82743724260998,59.82743724260998
816,68.45420770681469,68.45420770681469,68.45420770681469,68.45420770681469,68.45420770681469
817,65.50361051650023,65.50361051650023,65.50361051650023,65.50361051650023,65.50361051650023
818,60.02314332091678,60.02314332091678,60.02314332091678,60.02314332091678,60.02314332091678
819,68.61152624033333,68.61152624033333,68.61152624033333,68.61152624033333,68.61152624033333
820,68.60938850819406,68.60938850819406,68.60938850819406,68.60938850819406,68.60938850819406
821,71.12421624111181,71.12421624111181,71.12421624111181,71.12421624111181,71.12421624111181
822,63.714884599545954,63.714884599545954,63.714884599545954,63.714884599545954,63.714884599545954
823,68.68007573347775,68.68007573347775,68.68007573347775,68.68007573347775,68.68007573347775
824,71.11802523922397,71.11802523922397,71.11802523922397,71.11802523922397,71.11802523922397
825,67.7423394794563,67.7423394794563,67.7423394794563,67.7423394794563,67.7423394794563
826,67.01968015333104,67.01968015333104,67.01968015333104,67.01968015333104,67.01968015333104
827,68.75058196605298,68.75058196605298,68.75058196605298,68.75058196605298,68.75058196605298
828,61.681525107378135,61.681525107378135,61.681525107378135,61.681525107378135,61.681525107378135
829,66.46240906694837,66.46240906694837,66.46240906694837,66.46240906694837,66.46240906694837
830,62.21247554989008,62.21247554989008,62.21247554989008,62.21247554989008,62.21247554989008
831,66.33536604277937,66.33536604277937,66.33536604277937,66.33536604277937,66.33536604277937
832,71.07463071055852,71.07463071055852,71.07463071055852,71.07463071055852,71.07463071055852
833,59.07258330799403,59.07258330799403,59.07258330799403,59.07258330799403,59.07258330799403
834,62.88598778222931,62.88598778222931,62.88598778222931,62.88598778222931,62.88598778222931
835,70.2378950505616,70.2378950505616,70.2378950505616,70.2378950505616,70.2378950505616
836,67.50906726882961,67.50906726882961,67.50906726882961,67.50906726882961,67.50906726882961
837,63.26909783770971,63.26909783770971,63.26909783770971,63.26909783770971,63.26909783770971
838,60.25906330141565,60.25906330141565,60.25906330141565,60.25906330141565,60.25906330141565
839,58.94114252431926,58.94114252431926,58.94114252431926,58.94114252431926,58.94114252431926
840,69.9061118141827,69.9061118141827,69.9061118141827,69.9061118141827,69.9061118141827
841,66.44841698549973,66.44841698549973,66.44841698549973,66.44841698549973,66.44841698549973
842,60.341649261144994,60.341649261144994,60.341649261144994,60.341649261144994,60.341649261144994
843,63.52947011094951,63.52947011094951,63.52947011094951,63.52947011094951,63.52947011094951
844,68.95335467732855,68.95335467732855,68.95335467732855,68.95335467732855,68.95335467732855
845,66.96659437465631,66.96659437465631,66.96659437465631,66.96659437465631,66.96659437465631
846,60.14036718578276,60.14036718578276,60.14036718578276,60.14036718578276,60.14036718578276
847,60.50145662411414,60.50145662411414,60.50145662411414,60.50145662411414,60.50145662411414
848,58.51234394754753,58.51234394754753,58.51234394754753,58.51234394754753,58.51234394754753
849,62.95457732753321,62.95457732753321,62.95457732753321,62.95457732753321,62.95457732753321
850,64.17410259864113,64.17410259864113,64.17410259864113,64.17410259864113,64.17410259864113
851,69.14272129304261,69.14272129304261,69.14272129304261,69.14272129304261,69.14272129304261
852,69.6321916911315,69.6321916911315,69.6321916911315,69.6321916911315,69.6321916911315
853,69.9348186862237,69.9348186862237,69.9348186862237,69.9348186862237,69.9348186862237
854,60.62821531511808,60.62821531511808,60.62821531511808,60.62821531511808,60.62821531511808
855,59.732699401540614,59.732699401540614,59.732699401540614,59.732699401540614,59.732699401540614
856,64.41934492215319,64.41934492215319,64.41934492215319,64.41934492215319,64.41934492215319
857,68.30013039205396,68.30013039205396,68.30013039205396,68.30013039205396,68.30013039205396
858,71.18005470681484,71.18005470681484,71.18005470681484,71.18005470681484,71.18005470681484
859,58.700871556745184,58.700871556745184,58.700871556745184,58.700871556745184,58.700871556745184
860,65.75365457360108,65.75365457360108,65.75365457360108,65.75365457360108,65.75365457360108
861,71.32466811438356,71.32466811438356,71.32466811438356,71.32466811438356,71.32466811438356
862,62.745086452212036,62.745086452212036,62.745086452212036,62.745086452212036,62.745086452212036
863,67.20059897861336,67.20059897861336,67.20059897861336,67.20059897861336,67.20059897861336
864,64.77300510515818,64.77300510515818,64.77300510515818,64.77300510515818,64.77300510515818
865,69.42940887366672,69.42940887366672,69.42940887366672,69.42940887366672,69.42940887366672
866,58.928690225296585,58.928690225296585,58.928690225296585,58.928690225296585,58.928690225296585
867,67.95222557548632,67.95222557548632,67.95222557548632,67.95222557548632,67.95222557548632
868,65.31375624936527,65.31375624936527,65.31375624936527,65.31375624936527,65.31375624936527
869,65.62414986234906,65.62414986234906,65.62414986234906,65.62414986234906,65.62414986234906
870,63.21499899550832,63.21499899550832,63.21499899550832,63.21499899550832,63.21499899550832
871,68.0652027928274,68.0652027928274,68.0652027928274,68.0652027928274,68.0652027928274
872,60.313937631357,60.313937631357,60.313937631357,60.313937631357,60.313937631357
873,62.040579220871,62.040579220871,62.040579220871,62.040579220871,62.040579220871
874,71.3983441703856,71.3983441703856,71.3983441703856,71.3983441703856,71.3983441703856
875,63.85400514930702,63.85400514930702,63.85400514930702,63.85400514930702,63.85400514930702
876,66.41763984199245,66.41763984199245,66.41763984199245,66.41763984199245,66.41763984199245
877,70.3424106879058,70.3424106879058,70.3424106879058,70.3424106879058,70.3424106879058
878,62.668094446876204,62.668094446876204,62.668094446876204,62.668094446876204,62.668094446876204
879,70.3305467693707,70.3305467693707,70.3305467693707,70.3305467693707,70.3305467693707
880,71.43167626413424,71.43167626413424,71.43167626413424,71.43167626413424,71.43167626413424
881,62.158698794208945,62.158698794208945,62.158698794208945,62.158698794208945,62.158698794208945
882,63.1464036872108,63.1464036872108,63.1464036872108,63.1464036872108,63.1464036872108
883,62.930160826285885,62.930160826285885,62.930160826285885,62.930160826285885,62.930160826285885
884,64.93463890916179,64.93463890916179,64.93463890916179,64.93463890916179,64.93463890916179
885,66.75732779295471,66.75732779295471,66.75732779295471,66.75732779295471,66.75732779295471
886,63.38230313067097,63.38230313067097,63.38230313067097,63.38230313067097,63.38230313067097
887,60.92651238792754,60.92651238792754,60.92651238792754,60.92651238792754,60.92651238792754
888,58.75013819000253,58.75013819000253,58.75013819000253,58.75013819000253,58.75013819000253
889,59.15959827887385,59.15959827887385,59.15959827887385,59.15959827887385,59.15959827887385
890,61.889819450717056,61.889819450717056,61.889819450717056,61.889819450717056,61.889819450717056
891,58.66594048685898,58.66594048685898,58.66594048685898,58.66594048685898,58.66594048685898
892,70.43462374881153,70.43462374881153,70.43462374881153,70.43462374881153,70.43462374881153
893,65.18192831454004,65.18192831454004,65.18192831454004,65.18192831454004,65.18192831454004
894,67.72101620191278,67.72101620191278,67.72101620191278,67.72101620191278,67.72101620191278
895,65.2447286515117,65.2447286515117,65.2447286515117,65.2447286515117,65.2447286515117
896,70.75111029089811,70.75111029089811,70.75111029089811,70.75111029089811,70.75111029089811
897,60.82514035915346,60.82514035915346,60.82514035915346,60.82514035915346,60.82514035915346
898,65.93438148550405,65.93438148550405,65.93438148550405,65.93438148550405,65.93438148550405
899,64.68626620881234,64.68626620881234,64.68626620881234,64.68626620881234,64.68626620881234
900,59.14029590434734,59.14029590434734,59.14029590434734,59.14029590434734,59.14029590434734
901,71.09341937840837,71.09341937840837,71.09341937840837,71.09341937840837,71.09341937840837
902,68.18969151056743,68.18969151056743,68.18969151056743,68.18969151056743,68.18969151056743
903,64.88972669092591,64.88972669092591,64.88972669092591,64.88972669092591,64.88972669092591
904,68.8534360183727,68.8534360183727,68.8534360183727,68.8534360183727,68.8534360183727
905,70.37213233414211,70.37213233414211,70.37213233414211,70.37213233414211,70.37213233414211
906,59.297683909391615,59.297683909391615,59.297683909391615,59.297683909391615,59.297683909391615
907,69.87035816316936,69.87035816316936,69.87035816316936,69.87035816316936,69.87035816316936
908,60.830509113545645,60.830509113545645,60.830509113545645,60.830509113545645,60.830509113545645
909,60.994721800743456,60.994721800743456,60.994721800743456,60.994721800743456,60.994721800743456
910,68.89568942887445,68.89568942887445,68.89568942887445,68.89568942887445,68.89568942887445
911,71.24313032821652,71.24313032821652,71.24313032821652,71.24313032821652,71.24313032821652
912,63.70665067567283,63.70665067567283,63.70665067567283,63.70665067567283,63.70665067567283
913,59.19099892762921,59.19099892762921,59.19099892762921,59.19099892762921,59.19099892762921
914,68.11176949366835,68.11176949366835,68.11176949366835,68.11176949366835,68.11176949366835
915,60.44680845604521,60.44680845604521,60.44680845604521,60.44680845604521,60.44680845604521
916,63.35455099031541,63.35455099031541,63.35455099031541,63.35455099031541,63.35455099031541
917,69.53430660178623,69.53430660178623,69.53430660178623,69.53430660178623,69.53430660178623
918,62.92127891958368,62.92127891958368,62.92127891958368,62.92127891958368,62.92127891958368
919,66.44271873869627,66.44271873869627,66.44271873869627,66.44271873869627,66.44271873869627
920,68.03770652111187,68.03770652111187,68.03770652111187,68.03770652111187,68.03770652111187
921,66.85683844748822,66.85683844748822,66.85683844748822,66.85683844748822,66.85683844748822
922,66.36013898354227,66.36013898354227,66.36013898354227,66.36013898354227,66.36013898354227
923,69.53894602197916,69.53894602197916,69.53894602197916,69.53894602197916,69.53894602197916
924,68.125627410811,68.125627410811,68.125627410811,68.125627410811,68.125627410811
925,67.02554191276839,67.02554191276839,67.02554191276839,67.02554191276839,67.02554191276839
926,60.261118344414044,60.261118344414044,60.261118344414044,60.261118344414044,60.261118344414044
927,60.78700116360738,60.78700116360738,60.78700116360738,60.78700116360738,60.78700116360738
928,63.71335892581449,63.71335892581449,63.71335892581449,63.71335892581449,63.71335892581449
929,59.24806903507881,59.24806903507881,59.24806903507881,59.24806903507881,59.24806903507881
930,65.71541898366371,65.71541898366371,65.71541898366371,65.71541898366371,65.71541898366371
931,65.77562454316647,65.77562454316647,65.77562454316647,65.77562454316647,65.77562454316647
932,69.33294376554637,69.33294376554637,69.33294376554637,69.33294376554637,69.33294376554637
933,69.5542878750302,69.5542878750302,69.5542878750302,69.5542878750302,69.5542878750302
934,59.320045092903335,59.320045092903335,59.320045092903335,59.320045092903335,59.320045092903335
935,68.22696554760084,68.22696554760084,68.22696554760084,68.22696554760084,68.22696554760084
936,67.66467630301325,67.66467630301325,67.66467630301325,67.66467630301325,67.66467630301325
937,65.44432982670979,65.44432982670979,65.44432982670979,65.44432982670979,65.44432982670979
938,63.955995585814854,63.955995585814854,63.955995585814854,63.955995585814854,63.955995585814854
939,60.58845354329027,60.58845354329027,60.58845354329027,60.58845354329027,60.58845354329027
940,64.90793381294498,64.90793381294498,64.90793381294498,64.90793381294498,64.90793381294498
941,69.50822000111805,69.50822000111805,69.50822000111805,69.50822000111805,69.50822000111805
942,59.80766624921182,59.80766624921182,59.80766624921182,59.80766624921182,59.80766624921182
943,68.98812191901656,68.98812191901656,68.98812191901656,68.98812191901656,68.98812191901656
944,70.80754695313506,70.80754695313506,70.80754695313506,70.80754695313506,70.80754695313506
945,62.50882972294529,62.50882972294529,62.50882972294529,62.50882972294529,62.50882972294529
946,63.10644934632207,63.10644934632207,63.10644934632207,63.10644934632207,63.10644934632207
947,64.0030318005651,64.0030318005651,64.0030318005651,64.0030318005651,64.0030318005651
948,66.7634072949034,66.7634072949034,66.7634072949034,66.7634072949034,66.7634072949034
949,66.5300319105802,66.5300319105802,66.5300319105802,66.5300319105802,66.5300319105802
950,60.97424211212414,60.97424211212414,60.97424211212414,60.97424211212414,60.97424211212414
951,59.1594189953928,59.1594189953928,59.1594189953928,59.1594189953928,59.1594189953928
952,62.547886207488844,62.547886207488844,62.547886207488844,62.547886207488844,62.547886207488844
953,68.51469435865157,68.51469435865157,68.51469435865157,68.51469435865157,68.51469435865157
954,63.565121288889884,63.565121288889884,63.565121288889884,63.565121288889884,63.565121288889884
955,68.7430879259143,68.7430879259143,68.7430879259143,68.7430879259143,68.7430879259143
956,62.87155922126647,62.87155922126647,62.87155922126647,62.87155922126647,62.87155922126647
957,61.15243629391882,61.15243629391882,61.15243629391882,61.15243629391882,61.15243629391882
958,71.46682078453193,71.46682078453193,71.46682078453193,71.46682078453193,71.46682078453193
959,59.63968797650983,59.63968797650983,59.63968797650983,59.63968797650983,59.63968797650983
960,61.70146391201777,61.70146391201777,61.70146391201777,61.70146391201777,61.70146391201777
961,64.96541723316693,64.96541723316693,64.96541723316693,64.96541723316693,64.96541723316693
962,69.47174519817058,69.47174519817058,69.47174519817058,69.47174519817058,69.47174519817058
963,64.81706577501669,64.81706577501669,64.81706577501669,64.81706577501669,64.81706577501669
964,65.36165941749435,65.36165941749435,65.36165941749435,65.36165941749435,65.36165941749435
965,69.54687774901507,69.54687774901507,69.54687774901507,69.54687774901507,69.54687774901507
966,64.06867500748581,64.06867500748581,64.06867500748581,64.06867500748581,64.06867500748581
967,61.71348795015392,61.71348795015392,61.71348795015392,61.71348795015392,61.71348795015392
968,58.70217828942117,58.70217828942117,58.70217828942117,58.70217828942117,58.70217828942117
969,69.42514715622778,69.42514715622778,69.42514715622778,69.42514715622778,69.42514715622778
970,64.28486438420573,64.28486438420573,64.28486438420573,64.28486438420573,64.28486438420573
971,60.89040571685114,60.89040571685114,60.89040571685114,60.89040571685114,60.89040571685114
972,69.20846083241157,69.20846083241157,69.20846083241157,69.20846083241157,69.20846083241157
973,63.31499935124393,63.31499935124393,63.31499935124393,63.31499935124393,63.31499935124393
974,64.88156807859075,64.88156807859075,64.88156807859075,64.88156807859075,64.88156807859075
975,69.92859844927463,69.92859844927463,69.92859844927463,69.92859844927463,69.92859844927463
976,63.64962849233774,63.64962849233774,63.64962849233774,63.64962849233774,63.64962849233774
977,62.175755827478405,62.175755827478405,62.175755827478405,62.175755827478405,62.175755827478405
978,61.32142431268358,61.32142431268358,61.32142431268358,61.32142431268358,61.32142431268358
979,58.85768430128966,58.85768430128966,58.85768430128966,58.85768430128966,58.85768430128966
980,64.13684629723743,64.13684629723743,64.13684629723743,64.13684629723743,64.13684629723743
981,58.69767769810118,58.69767769810118,58.69767769810118,58.69767769810118,58.69767769810118
982,63.92134647569461,63.92134647569461,63.92134647569461,63.92134647569461,63.92134647569461
983,68.86989210332744,68.86989210332744,68.86989210332744,68.86989210332744,68.86989210332744
984,65.97400030600993,65.97400030600993,65.97400030600993,65.97400030600993,65.97400030600993
985,63.97464846562944,63.97464846562944,63.97464846562944,63.97464846562944,63.97464846562944
986,69.85079446375947,69.85079446375947,69.85079446375947,69.85079446375947,69.85079446375947
987,68.46519933264331,68.46519933264331,68.46519933264331,68.46519933264331,68.46519933264331
988,70.8163241615953,70.8163241615953,70.8163241615953,70.8163241615953,70.8163241615953
989,65.5556332665263,65.5556332665263,65.5556332665263,65.5556332665263,65.5556332665263
990,68.29961150899194,68.29961150899194,68.29961150899194,68.29961150899194,68.29961150899194
991,60.251360443840944,60.251360443840944,60.251360443840944,60.251360443840944,60.251360443840944
992,59.66840056859091,59.66840056859091,59.66840056859091,59.66840056859091,59.66840056859091
993,62.05004778607369,62.05004778607369,62.05004778607369,62.05004778607369,62.05004778607369
994,66.61532467284663,66.61532467284663,66.61532467284663,66.61532467284663,66.61532467284663
995,70.53515919500099,70.53515919500099,70.53515919500099,70.53515919500099,70.53515919500099
996,61.961062995978466,61.961062995978466,61.961062995978466,61.961062995978466,61.961062995978466
997,71.21019100181043,71.21019100181043,71.21019100181043,71.21019100181043,71.21019100181043
998,68.89390486026092,68.89390486026092,68.89390486026092,68.89390486026092,68.89390486026092
999,71.14121395284225,71.14121395284225,71.14121395284225,71.14121395284225,71.14121395284225
1000,60.570853381691734,60.570853381691734,60.570853381691734,60.570853381691734,60.570853381691734
1001,61.558430742343795,61.558430742343795,61.558430742343795,61.558430742343795,61.558430742343795
1002,61.45831593839716,61.45831593839716,61.45831593839716,61.45831593839716,61.45831593839716
1003,58.649656452684205,58.649656452684205,58.649656452684205,58.649656452684205,58.649656452684205
1004,63.348713817468564,63.348713817468564,63.348713817468564,63.348713817468564,63.348713817468564
1005,65.68138692414202,65.68138692414202,65.68138692414202,65.68138692414202,65.68138692414202
1006,61.35374931169476,61.35374931169476,61.35374931169476,61.35374931169476,61.35374931169476
1007,63.96671864189759,63.96671864189759,63.96671864189759,63.96671864189759,63.96671864189759
1008,68.50496081358452,68.50496081358452,68.50496081358452,68.50496081358452,68.50496081358452
1009,70.86172913068127,70.86172913068127,70.86172913068127,70.86172913068127,70.86172913068127
1010,68.99815812400807,68.99815812400807,68.99815812400807,68.99815812400807,68.99815812400807
1011,59.20887862158345,59.20887862158345,59.20887862158345,59.20887862158345,59.20887862158345
1012,67.08631757622874,67.08631757622874,67.08631757622874,67.08631757622874,67.08631757622874
1013,62.842317651643576,62.842317651643576,62.842317651643576,62.842317651643576,62.842317651643576
1014,68.22064955138593,68.22064955138593,68.22064955138593,68.22064955138593,68.22064955138593
1015,69.03043072938432,69.03043072938432,69.03043072938432,69.03043072938432,69.03043072938432
1016,63.16234961240221,63.16234961240221,63.16234961240221,63.16234961240221,63.16234961240221
1017,59.81094013121516,59.81094013121516,59.81094013121516,59.81094013121516,59.81094013121516
1018,67.39067805253129,67.39067805253129,67.39067805253129,67.39067805253129,67.39067805253129
1019,60.32902438863962,60.32902438863962,60.32902438863962,60.32902438863962,60.32902438863962
1020,65.9223294932994,65.9223294932994,65.9223294932994,65.9223294932994,65.9223294932994
1021,64.97448000095241,64.97448000095241,64.97448000095241,64.97448000095241,64.97448000095241
1022,65.52667805034659,65.52667805034659,65.52667805034659,65.52667805034659,65.52667805034659
1023,66.96126010944664,66.96126010944664,66.96126010944664,66.96126010944664,66.96126010944664
1024,62.31386040925404,62.31386040925404,62.31386040925404,62.31386040925404,62.31386040925404
1025,71.3308815321209,71.3308815321209,71.3308815321209,71.3308815321209,71.3308815321209
1026,65.89727672423894,65.89727672423894,65.89727672423894,65.89727672423894,65.89727672423894
1027,68.8410925457901,68.8410925457901,68.8410925457901,68.8410925457901,68.8410925457901
1028,65.52818947732767,65.52818947732767,65.52818947732767,65.52818947732767,65.52818947732767
1029,68.24446042671563,68.24446042671563,68.24446042671563,68.24446042671563,68.24446042671563
1030,67.68382785423711,67.68382785423711,67.68382785423711,67.68382785423711,67.68382785423711
1031,71.01803869090352,71.01803869090352,71.01803869090352,71.01803869090352,71.01803869090352
1032,63.2587452596733,63.2587452596733,63.2587452596733,63.2587452596733,63.2587452596733
1033,63.15436324286993,63.15436324286993,63.15436324286993,63.15436324286993,63.15436324286993
1034,64.93598750625675,64.93598750625675,64.93598750625675,64.93598750625675,64.93598750625675
1035,66.09582700659163,66.09582700659163,66.09582700659163,66.09582700659163,66.09582700659163
1036,66.55030369834921,66.55030369834921,66.55030369834921,66.55030369834921,66.55030369834921
1037,65.91287125400342,65.91287125400342,65.91287125400342,65.91287125400342,65.91287125400342
1038,66.82871545746833,66.82871545746833,66.82871545746833,66.82871545746833,66.82871545746833
1039,64.0970810179738,64.0970810179738,64.0970810179738,64.0970810179738,64.0970810179738
1040,68.37959498482205,68.37959498482205,68.37959498482205,68.37959498482205,68.37959498482205
1041,60.194613943097224,60.194613943097224,60.194613943097224,60.194613943097224,60.194613943097224
1042,67.1434560729702,67.1434560729702,67.1434560729702,67.1434560729702,67.1434560729702
1043,70.98763612628923,70.98763612628923,70.98763612628923,70.98763612628923,70.98763612628923
1044,62.998553692638204,62.998553692638204,62.998553692638204,62.998553692638204,62.998553692638204
1045,63.28651403655605,63.28651403655605,63.28651403655605,63.28651403655605,63.28651403655605
1046,69.82434793727727,69.82434793727727,69.82434793727727,69.82434793727727,69.82434793727727
1047,67.88115192715394,67.88115192715394,67.88115192715394,67.88115192715394,67.88115192715394
1048,67.73680736273076,67.73680736273076,67.73680736273076,67.73680736273076,67.73680736273076
1049,68.2982134646273,68.2982134646273,68.2982134646273,68.2982134646273,68.2982134646273
1050,62.82515828779535,62.82515828779535,62.82515828779535,62.82515828779535,62.82515828779535
1051,61.836366557640105,61.836366557640105,61.836366557640105,61.836366557640105,61.836366557640105
1052,59.019353255616984,59.019353255616984,59.019353255616984,59.019353255616984,59.019353255616984
1053,70.06069890315304,70.06069890315304,70.06069890315304,70.06069890315304,70.06069890315304
1054,65.35700783096432,65.35700783096432,65.35700783096432,65.35700783096432,65.35700783096432
1055,68.14051976025068,68.14051976025068,68.14051976025068,68.14051976025068,68.14051976025068
1056,69.96012303305514,69.96012303305514,69.96012303305514,69.96012303305514,69.96012303305514
1057,60.810766394881355,60.810766394881355,60.810766394881355,60.810766394881355,60.810766394881355
1058,66.06135402446655,66.06135402446655,66.06135402446655,66.06135402446655,66.06135402446655
1059,62.68800578164084,62.68800578164084,62.68800578164084,62.68800578164084,62.68800578164084
1060,59.65613775205392,59.65613775205392,59.65613775205392,59.65613775205392,59.65613775205392
1061,60.174928112985015,60.174928112985015,60.174928112985015,60.174928112985015,60.174928112985015
1062,65.88208905082111,65.88208905082111,65.88208905082111,65.88208905082111,65.88208905082111
1063,62.48348203504287,62.48348203504287,62.48348203504287,62.48348203504287,62.48348203504287
1064,66.70902772464369,66.70902772464369,66.70902772464369,66.70902772464369,66.70902772464369
1065,70.0548804084667,70.0548804084667,70.0548804084667,70.0548804084667,70.0548804084667
1066,62.365177250502526,62.365177250502526,62.365177250502526,62.365177250502526,62.365177250502526
1067,65.87626035631219,65.87626035631219,65.87626035631219,65.87626035631219,65.87626035631219
1068,61.52473669396815,61.52473669396815,61.52473669396815,61.52473669396815,61.52473669396815
1069,62.337166522227854,62.337166522227854,62.337166522227854,62.337166522227854,62.337166522227854
1070,70.89304933255865,70.89304933255865,70.89304933255865,70.89304933255865,70.89304933255865
1071,59.104002048674495,59.104002048674495,59.104002048674495,59.104002048674495,59.104002048674495
1072,67.47976895874704,67.47976895874704,67.47976895874704,67.47976895874704,67.47976895874704
1073,67.15429717729775,67.15429717729775,67.15429717729775,67.15429717729775,67.15429717729775
1074,63.346199514834076,63.346199514834076,63.346199514834076,63.346199514834076,63.346199514834076
1075,68.82718860772518,68.82718860772518,68.82718860772518,68.82718860772518,68.82718860772518
1076,68.4805958143302,68.4805958143302,68.4805958143302,68.4805958143302,68.4805958143302
1077,69.77667311000889,69.77667311000889,69.77667311000889,69.77667311000889,69.77667311000889
1078,71.45673311141398,71.45673311141398,71.45673311141398,71.45673311141398,71.45673311141398
1079,61.50961822761371,61.50961822761371,61.50961822761371,61.50961822761371,61.50961822761371
1080,66.64264139161187,66.64264139161187,66.64264139161187,66.64264139161187,66.64264139161187
1081,59.73389737653726,59.73389737653726,59.73389737653726,59.73389737653726,59.73389737653726
1082,68.59230784885291,68.59230784885291,68.59230784885291,68.59230784885291,68.59230784885291
1083,64.18896790018405,64.18896790018405,64.18896790018405,64.18896790018405,64.18896790018405
1084,65.46014739825053,65.46014739825053,65.46014739825053,65.46014739825053,65.46014739825053
1085,70.60613969984666,70.60613969984666,70.60613969984666,70.60613969984666,70.60613969984666
1086,59.8709813558738,59.8709813558738,59.8709813558738,59.8709813558738,59.8709813558738
1087,64.23986836203247,64.23986836203247,64.23986836203247,64.23986836203247,64.23986836203247
1088,71.17925086901752,71.17925086901752,71.17925086901752,71.17925086901752,71.17925086901752
1089,66.20052825686841,66.20052825686841,66.20052825686841,66.20052825686841,66.20052825686841
1090,62.640414237982704,62.640414237982704,62.640414237982704,62.640414237982704,62.640414237982704
1091,64.660509439617,64.660509439617,64.660509439617,64.660509439617,64.660509439617
1092,67.96290960611776,67.96290960611776,67.96290960611776,67.96290960611776,67.96290960611776
1093,65.07234290410743,65.07234290410743,65.07234290410743,65.07234290410743,65.07234290410743
1094,64.53638249337763,64.53638249337763,64.53638249337763,64.53638249337763,64.53638249337763
1095,70.95791033024372,70.95791033024372,70.95791033024372,70.95791033024372,70.95791033024372
1096,62.37320685185528,62.37320685185528,62.37320685185528,62.37320685185528,62.37320685185528
1097,63.26219074912405,63.26219074912405,63.26219074912405,63.26219074912405,63.26219074912405
1098,70.11731428039315,70.11731428039315,70.11731428039315,70.11731428039315,70.11731428039315
1099,62.27328604532414,62.27328604532414,62.27328604532414,62.27328604532414,62.27328604532414
1100,65.0576057946072,65.0576057946072,65.0576057946072,65.0576057946072,65.0576057946072
1101,64.98092494154896,64.98092494154896,64.98092494154896,64.98092494154896,64.98092494154896
1102,64.57504507060463,64.57504507060463,64.57504507060463,64.57504507060463,64.57504507060463
1103,59.44529403413081,59.44529403413081,59.44529403413081,59.44529403413081,59.44529403413081
1104,70.00909954214222,70.00909954214222,70.00909954214222,70.00909954214222,70.00909954214222
1105,64.31706797583124,64.31706797583124,64.31706797583124,64.31706797583124,64.31706797583124
1106,67.34745299492383,67.34745299492383,67.34745299492383,67.34745299492383,67.34745299492383
1107,65.57430977692742,65.57430977692742,65.57430977692742,65.57430977692742,65.57430977692742
1108,66.11046167447242,66.11046167447242,66.11046167447242,66.11046167447242,66.11046167447242
1109,60.8252575930812,60.8252575930812,60.8252575930812,60.8252575930812,60.8252575930812
1110,59.218672896477216,59.218672896477216,59.218672896477216,59.218672896477216,59.218672896477216
1111,62.759930836151014,62.759930836151014,62.759930836151014,62.759930836151014,62.759930836151014
1112,65.73600409855824,65.73600409855824,65.73600409855824,65.73600409855824,65.73600409855824
1113,60.10207001768289,60.10207001768289,60.10207001768289,60.10207001768289,60.10207001768289
1114,69.01446185547265,69.01446185547265,69.01446185547265,69.01446185547265,69.01446185547265
1115,62.41046367006418,62.41046367006418,62.41046367006418,62.41046367006418,62.41046367006418
1116,59.28678395485893,59.28678395485893,59.28678395485893,59.28678395485893,59.28678395485893
1117,67.61625822094234,67.61625822094234,67.61625822094234,67.61625822094234,67.61625822094234
1118,68.61142316856352,68.61142316856352,68.61142316856352,68.61142316856352,68.61142316856352
1119,64.69177338625127,64.69177338625127,64.69177338625127,64.69177338625127,64.69177338625127
1120,63.458319389926025,63.458319389926025,63.458319389926025,63.458319389926025,63.458319389926025
1121,64.11015771666627,64.11015771666627,64.11015771666627,64.11015771666627,64.11015771666627
1122,64.88437351874919,64.88437351874919,64.88437351874919,64.88437351874919,64.88437351874919
1123,68.3968396840898,68.3968396840898,68.3968396840898,68.3968396840898,68.3968396840898
1124,69.21063892859937,69.21063892859937,69.21063892859937,69.21063892859937,69.21063892859937
1125,60.169836802341116,60.169836802341116,60.169836802341116,60.169836802341116,60.169836802341116
1126,63.32636097556963,63.32636097556963,63.32636097556963,63.32636097556963,63.32636097556963
1127,66.53684093347037,66.53684093347037,66.53684093347037,66.53684093347037,66.53684093347037
1128,67.94499759879885,67.94499759879885,67.94499759879885,67.94499759879885,67.94499759879885
1129,59.453100686509444,59.453100686509444,59.453100686509444,59.453100686509444,59.453100686509444
1130,64.2351348536845,64.2351348536845,64.2351348536845,64.2351348536845,64.2351348536845
1131,58.9941824438923,58.9941824438923,58.9941824438923,58.9941824438923,58.9941824438923
1132,62.494102043659275,62.494102043659275,62.494102043659275,62.494102043659275,62.494102043659275
1133,60.25322000793381,60.25322000793381,60.25322000793381,60.25322000793381,60.25322000793381
1134,59.45119974523044,59.45119974523044,59.45119974523044,59.45119974523044,59.45119974523044
1135,65.98968691980721,65.98968691980721,65.98968691980721,65.98968691980721,65.98968691980721
1136,59.65776646600974,59.65776646600974,59.65776646600974,59.65776646600974,59.65776646600974
1137,60.68633034025724,60.68633034025724,60.68633034025724,60.68633034025724,60.68633034025724
1138,67.54452570064551,67.54452570064551,67.54452570064551,67.54452570064551,67.54452570064551
1139,62.446950442549586,62.446950442549586,62.446950442549586,62.446950442549586,62.446950442549586
1140,67.43432477202988,67.43432477202988,67.43432477202988,67.43432477202988,67.43432477202988
1141,60.613865232133676,60.613865232133676,60.613865232133676,60.613865232133676,60.613865232133676
1142,62.59182990784975,62.59182990784975,62.59182990784975,62.59182990784975,62.59182990784975
1143,64.87153621555176,64.87153621555176,64.87153621555176,64.87153621555176,64.87153621555176
1144,60.81494421272716,60.81494421272716,60.81494421272716,60.81494421272716,60.81494421272716
1145,59.02294517917525,59.02294517917525,59.02294517917525,59.02294517917525,59.02294517917525
1146,69.2566310401936,69.2566310401936,69.2566310401936,69.2566310401936,69.2566310401936
1147,63.68081831618622,63.68081831618622,63.68081831618622,63.68081831618622,63.68081831618622
1148,60.143564955568415,60.143564955568415,60.143564955568415,60.143564955568415,60.143564955568415
1149,67.14967055834569,67.14967055834569,67.14967055834569,67.14967055834569,67.14967055834569
1150,58.541955232049354,58.541955232049354,58.541955232049354,58.541955232049354,58.541955232049354
1151,66.41615302237163,66.41615302237163,66.41615302237163,66.41615302237163,66.41615302237163
1152,59.03240694141286,59.03240694141286,59.03240694141286,59.03240694141286,59.03240694141286
1153,61.38153374188826,61.38153374188826,61.38153374188826,61.38153374188826,61.38153374188826
1154,65.64267033017906,65.64267033017906,65.64267033017906,65.64267033017906,65.64267033017906
1155,63.46970759803895,63.46970759803895,63.46970759803895,63.46970759803895,63.46970759803895
1156,58.992442265688375,58.992442265688375,58.992442265688375,58.992442265688375,58.992442265688375
1157,63.01628299885486,63.01628299885486,63.01628299885486,63.01628299885486,63.01628299885486
1158,64.4772359696717,64.4772359696717,64.4772359696717,64.4772359696717,64.4772359696717
1159,62.23486692820674,62.23486692820674,62.23486692820674,62.23486692820674,62.23486692820674
1160,69.66695809607195,69.66695809607195,69.66695809607195,69.66695809607195,69.66695809607195
1161,66.04862795344414,66.04862795344414,66.04862795344414,66.04862795344414,66.04862795344414
1162,71.31210040343774,71.31210040343774,71.31210040343774,71.31210040343774,71.31210040343774
1163,64.77707386876321,64.77707386876321,64.77707386876321,64.77707386876321,64.77707386876321
1164,66.42721143961539,66.42721143961539,66.42721143961539,66.42721143961539,66.42721143961539
1165,70.89817645731938,70.89817645731938,70.89817645731938,70.89817645731938,70.89817645731938
1166,61.46957798047989,61.46957798047989,61.46957798047989,61.46957798047989,61.46957798047989
1167,67.90111633880115,67.90111633880115,67.90111633880115,67.90111633880115,67.90111633880115
1168,58.73521468240236,58.73521468240236,58.73521468240236,58.73521468240236,58.73521468240236
1169,60.29315008714191,60.29315008714191,60.29315008714191,60.29315008714191,60.29315008714191
1170,62.69754080553431,62.69754080553431,62.69754080553431,62.69754080553431,62.69754080553431
1171,59.01564574990908,59.01564574990908,59.01564574990908,59.01564574990908,59.01564574990908
1172,64.19206307941624,64.19206307941624,64.19206307941624,64.19206307941624,64.19206307941624
1173,69.79590655612887,69.79590655612887,69.79590655612887,69.79590655612887,69.79590655612887
1174,64.93827126600954,64.93827126600954,64.93827126600954,64.93827126600954,64.93827126600954
1175,65.23813206301762,65.23813206301762,65.23813206301762,65.23813206301762,65.23813206301762
1176,64.58640134720153,64.58640134720153,64.58640134720153,64.58640134720153,64.58640134720153
1177,61.537795256782445,61.537795256782445,61.537795256782445,61.537795256782445,61.537795256782445
1178,62.49421848881789,62.49421848881789,62.49421848881789,62.49421848881789,62.49421848881789
1179,65.66413347996185,65.66413347996185,65.66413347996185,65.66413347996185,65.66413347996185
1180,70.6128078425454,70.6128078425454,70.6128078425454,70.6128078425454,70.6128078425454
1181,66.47638955626606,66.47638955626606,66.47638955626606,66.47638955626606,66.47638955626606
1182,60.98018649397842,60.98018649397842,60.98018649397842,60.98018649397842,60.98018649397842
1183,59.242723907227855,59.242723907227855,59.242723907227855,59.242723907227855,59.242723907227855
1184,63.56527148081018,63.56527148081018,63.56527148081018,63.56527148081018,63.56527148081018
1185,66.12425368546623,66.12425368546623,66.12425368546623,66.12425368546623,66.12425368546623
1186,63.58676173522897,63.58676173522897,63.58676173522897,63.58676173522897,63.58676173522897
1187,60.62200068763366,60.62200068763366,60.62200068763366,60.62200068763366,60.62200068763366
1188,70.48620535762538,70.48620535762538,70.48620535762538,70.48620535762538,70.48620535762538
1189,60.59456919197349,60.59456919197349,60.59456919197349,60.59456919197349,60.59456919197349
1190,70.0077416617513,70.0077416617513,70.0077416617513,70.0077416617513,70.0077416617513
1191,69.99553931363546,69.99553931363546,69.99553931363546,69.99553931363546,69.99553931363546
1192,63.20268395495777,63.20268395495777,63.20268395495777,63.20268395495777,63.20268395495777
1193,70.07721104631977,70.07721104631977,70.07721104631977,70.07721104631977,70.07721104631977
1194,62.022255307438144,62.022255307438144,62.022255307438144,62.022255307438144,62.022255307438144
1195,70.46743658170459,70.46743658170459,70.46743658170459,70.46743658170459,70.46743658170459
1196,62.38507936023443,62.38507936023443,62.38507936023443,62.38507936023443,62.38507936023443
1197,59.654540781819776,59.654540781819776,59.654540781819776,59.654540781819776,59.654540781819776
1198,68.35710862771059,68.35710862771059,68.35710862771059,68.35710862771059,68.35710862771059
1199,60.21278925542761,60.21278925542761,60.21278925542761,60.21278925542761,60.21278925542761
1200,70.93133440145523,70.93133440145523,70.93133440145523,70.93133440145523,70.93133440145523
1201,69.8031867558278,69.8031867558278,69.8031867558278,69.8031867558278,69.8031867558278
1202,60.500911861793874,60.500911861793874,60.500911861793874,60.500911861793874,60.500911861793874
1203,58.895153296132804,58.895153296132804,58.895153296132804,58.895153296132804,58.895153296132804
1204,70.54022044283509,70.54022044283509,70.54022044283509,70.54022044283509,70.54022044283509
1205,60.0137868990812,60.0137868990812,60.0137868990812,60.0137868990812,60.0137868990812
1206,64.19799114653567,64.19799114653567,64.19799114653567,64.19799114653567,64.19799114653567
1207,70.14630955491896,70.14630955491896,70.14630955491896,70.14630955491896,70.14630955491896
1208,66.31390155518667,66.31390155518667,66.31390155518667,66.31390155518667,66.31390155518667
1209,68.73326314949013,68.73326314949013,68.73326314949013,68.73326314949013,68.73326314949013
1210,69.60911989797484,69.60911989797484,69.60911989797484,69.60911989797484,69.60911989797484
1211,62.4855984802901,62.4855984802901,62.4855984802901,62.4855984802901,62.4855984802901
1212,62.190097124894805,62.190097124894805,62.190097124894805,62.190097124894805,62.190097124894805
1213,58.85622868997666,58.85622868997666,58.85622868997666,58.85622868997666,58.85622868997666
1214,65.06517607237484,65.06517607237484,65.06517607237484,65.06517607237484,65.06517607237484
1215,66.28376828653398,66.28376828653398,66.28376828653398,66.28376828653398,66.28376828653398
1216,63.059493204765474,63.059493204765474,63.059493204765474,63.059493204765474,63.059493204765474
1217,64.25981929985797,64.25981929985797,64.25981929985797,64.25981929985797,64.25981929985797
1218,62.34447463335137,62.34447463335137,62.34447463335137,62.34447463335137,62.34447463335137
1219,68.99023101797759,68.99023101797759,68.99023101797759,68.99023101797759,68.99023101797759
1220,60.29561651372704,60.29561651372704,60.29561651372704,60.29561651372704,60.29561651372704
1221,58.9321403219512,58.9321403219512,58.9321403219512,58.9321403219512,58.9321403219512
1222,62.95120981397821,62.95120981397821,62.95120981397821,62.95120981397821,62.95120981397821
1223,71.07316848854471,71.07316848854471,71.07316848854471,71.07316848854471,71.07316848854471
1224,68.88887126269223,68.88887126269223,68.88887126269223,68.88887126269223,68.88887126269223
1225,62.76838507363795,62.76838507363795,62.76838507363795,62.76838507363795,62.76838507363795
1226,67.0274056114076,67.0274056114076,67.0274056114076,67.0274056114076,67.0274056114076
1227,65.91163493479331,65.91163493479331,65.91163493479331,65.91163493479331,65.91163493479331
1228,66.62371554335056,66.62371554335056,66.62371554335056,66.62371554335056,66.62371554335056
1229,60.189658003115916,60.189658003115916,60.189658003115916,60.189658003115916,60.189658003115916
1230,62.26446116748511,62.26446116748511,62.26446116748511,62.26446116748511,62.26446116748511
1231,63.21063806751747,63.21063806751747,63.21063806751747,63.21063806751747,63.21063806751747
1232,68.15455075374693,68.15455075374693,68.15455075374693,68.15455075374693,68.15455075374693
1233,63.36384254519786,63.36384254519786,63.36384254519786,63.36384254519786,63.36384254519786
1234,70.38473065831636,70.38473065831636,70.38473065831636,70.38473065831636,70.38473065831636
1235,65.40358340970693,65.40358340970693,65.40358340970693,65.40358340970693,65.40358340970693
1236,65.86876365225929,65.86876365225929,65.86876365225929,65.86876365225929,65.86876365225929
1237,65.47557194758609,65.47557194758609,65.47557194758609,65.47557194758609,65.47557194758609
1238,64.42341041377198,64.42341041377198,64.42341041377198,64.42341041377198,64.42341041377198
1239,60.71319371956209,60.71319371956209,60.71319371956209,60.71319371956209,60.71319371956209
1240,67.82009497584549,67.82009497584549,67.82009497584549,67.82009497584549,67.82009497584549
1241,69.42651929520693,69.42651929520693,69.42651929520693,69.42651929520693,69.42651929520693
1242,64.34697251243148,64.34697251243148,64.34697251243148,64.34697251243148,64.34697251243148
1243,59.55885911969279,59.55885911969279,59.55885911969279,59.55885911969279,59.55885911969279
1244,67.18271289848617,67.18271289848617,67.18271289848617,67.18271289848617,67.18271289848617
1245,66.58989086698911,66.58989086698911,66.58989086698911,66.58989086698911,66.58989086698911
1246,71.05953475721503,71.05953475721503,71.05953475721503,71.05953475721503,71.05953475721503
1247,64.88661023800519,64.88661023800519,64.88661023800519,64.88661023800519,64.88661023800519
1248,61.089076503803845,61.089076503803845,61.089076503803845,61.089076503803845,61.089076503803845
1249,68.66745850417898,68.66745850417898,68.66745850417898,68.66745850417898,68.66745850417898
1250,60.68473063127935,60.68473063127935,60.68473063127935,60.68473063127935,60.68473063127935
1251,70.91183109742491,70.91183109742491,70.91183109742491,70.91183109742491,70.91183109742491
1252,70.3863896382355,70.3863896382355,70.3863896382355,70.3863896382355,70.3863896382355
1253,68.49304064832143,68.49304064832143,68.49304064832143,68.49304064832143,68.49304064832143
1254,63.62503635585097,63.62503635585097,63.62503635585097,63.62503635585097,63.62503635585097
1255,61.53939088119777,61.53939088119777,61.53939088119777,61.53939088119777,61.53939088119777
1256,63.006620516839135,63.006620516839135,63.006620516839135,63.006620516839135,63.006620516839135
1257,66.9946703121361,66.9946703121361,66.9946703121361,66.9946703121361,66.9946703121361
1258,69.07801847147657,69.07801847147657,69.07801847147657,69.07801847147657,69.07801847147657
1259,60.03235602079045,60.03235602079045,60.03235602079045,60.03235602079045,60.03235602079045
1260,65.87244078655019,65.87244078655019,65.87244078655019,65.87244078655019,65.87244078655019
1261,70.83524553991023,70.83524553991023,70.83524553991023,70.83524553991023,70.83524553991023
1262,71.47779466078305,71.47779466078305,71.47779466078305,71.47779466078305,71.47779466078305
1263,64.74174337565161,64.74174337565161,64.74174337565161,64.74174337565161,64.74174337565161
1264,68.97856805032816,68.97856805032816,68.97856805032816,68.97856805032816,68.97856805032816
1265,59.01980082801618,59.01980082801618,59.01980082801618,59.01980082801618,59.01980082801618
1266,66.93519638039884,66.93519638039884,66.93519638039884,66.93519638039884,66.93519638039884
1267,71.05569552773602,71.05569552773602,71.05569552773602,71.05569552773602,71.05569552773602
1268,59.4179536608221,59.4179536608221,59.4179536608221,59.4179536608221,59.4179536608221
1269,68.88295100479206,68.88295100479206,68.88295100479206,68.88295100479206,68.88295100479206
1270,63.19709582507559,63.19709582507559,63.19709582507559,63.19709582507559,63.19709582507559
1271,66.19625024115719,66.19625024115719,66.19625024115719,66.19625024115719,66.19625024115719
1272,71.45471819728473,71.45471819728473,71.45471819728473,71.45471819728473,71.45471819728473
1273,59.97235022641706,59.97235022641706,59.97235022641706,59.97235022641706,59.97235022641706
1274,66.57855464764101,66.57855464764101,66.57855464764101,66.57855464764101,66.57855464764101
1275,66.00202783417141,66.00202783417141,66.00202783417141,66.00202783417141,66.00202783417141
1276,71.33346069653358,71.33346069653358,71.33346069653358,71.33346069653358,71.33346069653358
1277,58.551931665612,58.551931665612,58.551931665612,58.551931665612,58.551931665612
1278,60.65360140685972,60.65360140685972,60.65360140685972,60.65360140685972,60.65360140685972
1279,62.67998644575534,62.67998644575534,62.67998644575534,62.67998644575534,62.67998644575534
1280,67.20374549632297,67.20374549632297,67.20374549632297,67.20374549632297,67.20374549632297
1281,68.53992872643516,68.53992872643516,68.53992872643516,68.53992872643516,68.53992872643516
1282,62.91400462763025,62.91400462763025,62.91400462763025,62.91400462763025,62.91400462763025
1283,63.11196495174614,63.11196495174614,63.11196495174614,63.11196495174614,63.11196495174614
1284,61.73621392802029,61.73621392802029,61.73621392802029,61.73621392802029,61.73621392802029
1285,63.069482628472834,63.069482628472834,63.069482628472834,63.069482628472834,63.069482628472834
1286,59.54831244053517,59.54831244053517,59.54831244053517,59.54831244053517,59.54831244053517
1287,60.639033401954066,60.639033401954066,60.639033401954066,60.639033401954066,60.639033401954066
1288,70.98266043649711,70.98266043649711,70.98266043649711,70.98266043649711,70.98266043649711
1289,66.97171471631306,66.97171471631306,66.97171471631306,66.97171471631306,66.97171471631306
1290,64.02967459636277,64.02967459636277,64.02967459636277,64.02967459636277,64.02967459636277
1291,64.14516567659552,64.14516567659552,64.14516567659552,64.14516567659552,64.14516567659552
1292,59.169452003136584,59.169452003136584,59.169452003136584,59.169452003136584,59.169452003136584
1293,63.988286640936444,63.988286640936444,63.988286640936444,63.988286640936444,63.988286640936444
1294,64.4364585846704,64.4364585846704,64.4364585846704,64.4364585846704,64.4364585846704
1295,65.46705152615809,65.46705152615809,65.46705152615809,65.46705152615809,65.46705152615809
1296,64.69323317987096,64.69323317987096,64.69323317987096,64.69323317987096,64.69323317987096
1297,61.32302482879598,61.32302482879598,61.32302482879598,61.32302482879598,61.32302482879598
1298,65.15926437927854,65.15926437927854,65.15926437927854,65.15926437927854,65.15926437927854
1299,63.658671044795895,63.658671044795895,63.658671044795895,63.658671044795895,63.658671044795895
1300,70.45161407994138,70.45161407994138,70.45161407994138,70.45161407994138,70.45161407994138
1301,70.40441856988467,70.40441856988467,70.40441856988467,70.40441856988467,70.40441856988467
1302,62.30270795273497,62.30270795273497,62.30270795273497,62.30270795273497,62.30270795273497
1303,60.770624857480534,60.770624857480534,60.770624857480534,60.770624857480534,60.770624857480534
1304,69.87912402896634,69.87912402896634,69.87912402896634,69.87912402896634,69.87912402896634
1305,68.83140360421226,68.83140360421226,68.83140360421226,68.83140360421226,68.83140360421226
1306,70.46045726045313,70.46045726045313,70.46045726045313,70.46045726045313,70.46045726045313
1307,69.89577666700538,69.89577666700538,69.89577666700538,69.89577666700538,69.89577666700538
1308,60.41748083886823,60.41748083886823,60.41748083886823,60.41748083886823,60.41748083886823
1309,71.25174400912393,71.25174400912393,71.25174400912393,71.25174400912393,71.25174400912393
1310,65.18273160932785,65.18273160932785,65.18273160932785,65.18273160932785,65.18273160932785
1311,70.27649759739751,70.27649759739751,70.27649759739751,70.27649759739751,70.27649759739751
1312,63.30687208410836,63.30687208410836,63.30687208410836,63.30687208410836,63.30687208410836
1313,63.86688477107799,63.86688477107799,63.86688477107799,63.86688477107799,63.86688477107799
1314,65.42873443428113,65.42873443428113,65.42873443428113,65.42873443428113,65.42873443428113
1315,63.21165118374064,63.21165118374064,63.21165118374064,63.21165118374064,63.21165118374064
1316,70.63152887048166,70.63152887048166,70.63152887048166,70.63152887048166,70.63152887048166
1317,68.42115464726601,68.42115464726601,68.42115464726601,68.42115464726601,68.42115464726601
1318,66.01998673684733,66.01998673684733,66.01998673684733,66.01998673684733,66.01998673684733
1319,70.0236138307172,70.0236138307172,70.0236138307172,70.0236138307172,70.0236138307172
1320,69.79757550047002,69.79757550047002,69.79757550047002,69.79757550047002,69.79757550047002
1321,59.45187696365929,59.45187696365929,59.45187696365929,59.45187696365929,59.45187696365929
1322,60.699266967870756,60.699266967870756,60.699266967870756,60.699266967870756,60.699266967870756
1323,58.55809033421188,58.55809033421188,58.55809033421188,58.55809033421188,58.55809033421188
1324,58.775235099490594,58.775235099490594,58.775235099490594,58.775235099490594,58.775235099490594
1325,66.81298225007083,66.81298225007083,66.81298225007083,66.81298225007083,66.81298225007083
1326,62.51764273311222,62.51764273311222,62.51764273311222,62.51764273311222,62.51764273311222
1327,58.94588591656684,58.94588591656684,58.94588591656684,58.94588591656684,58.94588591656684
1328,70.69347704572783,70.69347704572783,70.69347704572783,70.69347704572783,70.69347704572783
1329,58.77427576564273,58.77427576564273,58.77427576564273,58.77427576564273,58.77427576564273
1330,61.23459446505076,61.23459446505076,61.23459446505076,61.23459446505076,61.23459446505076
1331,63.77011659026661,63.77011659026661,63.77011659026661,63.77011659026661,63.77011659026661
1332,64.0568999809474,64.0568999809474,64.0568999809474,64.0568999809474,64.0568999809474
1333,67.85798531738071,67.85798531738071,67.85798531738071,67.85798531738071,67.85798531738071
1334,64.24595578703048,64.24595578703048,64.24595578703048,64.24595578703048,64.24595578703048
1335,60.67721200957036,60.67721200957036,60.67721200957036,60.67721200957036,60.67721200957036
1336,59.1359916514482,59.1359916514482,59.1359916514482,59.1359916514482,59.1359916514482
1337,67.6986876001314,67.6986876001314,67.6986876001314,67.6986876001314,67.6986876001314
1338,58.671563853456,58.671563853456,58.671563853456,58.671563853456,58.671563853456
1339,68.1758784319058,68.1758784319058,68.1758784319058,68.1758784319058,68.1758784319058
1340,61.938817335883854,61.938817335883854,61.938817335883854,61.938817335883854,61.938817335883854
1341,59.54014819481767,59.54014819481767,59.54014819481767,59.54014819481767,59.54014819481767
1342,63.625055248614295,63.625055248614295,63.625055248614295,63.625055248614295,63.625055248614295
1343,61.975442763476416,61.975442763476416,61.975442763476416,61.975442763476416,61.975442763476416
1344,61.556765423419606,61.556765423419606,61.556765423419606,61.556765423419606,61.556765423419606
1345,65.1241728475949,65.1241728475949,65.1241728475949,65.1241728475949,65.1241728475949
1346,65.37395539711505,65.37395539711505,65.37395539711505,65.37395539711505,65.37395539711505
1347,64.2364975109681,64.2364975109681,64.2364975109681,64.2364975109681,64.2364975109681
1348,58.603897095259576,58.603897095259576,58.603897095259576,58.603897095259576,58.603897095259576
1349,67.59411724827545,67.59411724827545,67.59411724827545,67.59411724827545,67.59411724827545
1350,66.77376587920824,66.77376587920824,66.77376587920824,66.77376587920824,66.77376587920824
1351,65.08825108026326,65.08825108026326,65.08825108026326,65.08825108026326,65.08825108026326
1352,64.41698854365454,64.41698854365454,64.41698854365454,64.41698854365454,64.41698854365454
1353,67.0139715867565,67.0139715867565,67.0139715867565,67.0139715867565,67.0139715867565
1354,67.7148651838589,67.7148651838589,67.7148651838589,67.7148651838589,67.7148651838589
1355,61.88572255145871,61.88572255145871,61.88572255145871,61.88572255145871,61.88572255145871
1356,63.52680912493858,63.52680912493858,63.52680912493858,63.52680912493858,63.52680912493858
1357,59.029942146585775,59.029942146585775,59.029942146585775,59.029942146585775,59.029942146585775
1358,69.09416272234496,69.09416272234496,69.09416272234496,69.09416272234496,69.09416272234496
1359,60.916846652340176,60.916846652340176,60.916846652340176,60.916846652340176,60.916846652340176
1360,60.09645043594361,60.09645043594361,60.09645043594361,60.09645043594361,60.09645043594361
1361,58.59428362431572,58.59428362431572,58.59428362431572,58.59428362431572,58.59428362431572
1362,66.3314490722707,66.3314490722707,66.3314490722707,66.3314490722707,66.3314490722707
1363,58.945352908792735,58.945352908792735,58.945352908792735,58.945352908792735,58.945352908792735
1364,61.47108997974482,61.47108997974482,61.47108997974482,61.47108997974482,61.47108997974482
1365,69.56743924184501,69.56743924184501,69.56743924184501,69.56743924184501,69.56743924184501
1366,64.87923436614672,64.87923436614672,64.87923436614672,64.87923436614672,64.87923436614672
1367,63.626140131169294,63.626140131169294,63.626140131169294,63.626140131169294,63.626140131169294
1368,68.70151062951982,68.70151062951982,68.70151062951982,68.70151062951982,68.70151062951982
1369,68.23304682467607,68.23304682467607,68.23304682467607,68.23304682467607,68.23304682467607
1370,68.98674029095437,68.98674029095437,68.98674029095437,68.98674029095437,68.98674029095437
1371,61.57010199892914,61.57010199892914,61.57010199892914,61.57010199892914,61.57010199892914
1372,64.51962699446847,64.51962699446847,64.51962699446847,64.51962699446847,64.51962699446847
1373,69.49824851696434,69.49824851696434,69.49824851696434,69.49824851696434,69.49824851696434
1374,63.263415757641376,63.263415757641376,63.263415757641376,63.263415757641376,63.263415757641376
1375,64.6528567394733,64.6528567394733,64.6528567394733,64.6528567394733,64.6528567394733
1376,63.584563421216295,63.584563421216295,63.584563421216295,63.584563421216295,63.584563421216295
1377,70.75978749713067,70.75978749713067,70.75978749713067,70.75978749713067,70.75978749713067
1378,58.819291607677435,58.819291607677435,58.819291607677435,58.819291607677435,58.819291607677435
1379,69.81134747231253,69.81134747231253,69.81134747231253,69.81134747231253,69.81134747231253
1380,61.82049097404476,61.82049097404476,61.82049097404476,61.82049097404476,61.82049097404476
1381,70.54132929209226,70.54132929209226,70.54132929209226,70.54132929209226,70.54132929209226
1382,61.537453138165745,61.537453138165745,61.537453138165745,61.537453138165745,61.537453138165745
1383,61.917044687915755,61.917044687915755,61.917044687915755,61.917044687915755,61.917044687915755
1384,60.14607626258714,60.14607626258714,60.14607626258714,60.14607626258714,60.14607626258714
1385,65.5562502261375,65.5562502261375,65.5562502261375,65.5562502261375,65.5562502261375
1386,61.96648409467215,61.96648409467215,61.96648409467215,61.96648409467215,61.96648409467215
1387,61.3620699882011,61.3620699882011,61.3620699882011,61.3620699882011,61.3620699882011
1388,66.18892583588212,66.18892583588212,66.18892583588212,66.18892583588212,66.18892583588212
1389,59.12157781092804,59.12157781092804,59.12157781092804,59.12157781092804,59.12157781092804
1390,59.11238889738285,59.11238889738285,59.11238889738285,59.11238889738285,59.11238889738285
1391,66.83491702013403,66.83491702013403,66.83491702013403,66.83491702013403,66.83491702013403
1392,62.38634256955204,62.38634256955204,62.38634256955204,62.38634256955204,62.38634256955204
1393,69.67481977499683,69.67481977499683,69.67481977499683,69.67481977499683,69.67481977499683
1394,59.544772310740214,59.544772310740214,59.544772310740214,59.544772310740214,59.544772310740214
1395,65.9267433085058,65.9267433085058,65.9267433085058,65.9267433085058,65.9267433085058
1396,68.8065469946793,68.8065469946793,68.8065469946793,68.8065469946793,68.8065469946793
1397,59.279486542782124,59.279486542782124,59.279486542782124,59.279486542782124,59.279486542782124
1398,64.05446736927817,64.05446736927817,64.05446736927817,64.05446736927817,64.05446736927817
1399,66.58546068220406,66.58546068220406,66.58546068220406,66.58546068220406,66.58546068220406
1400,67.52270187539615,67.52270187539615,67.52270187539615,67.52270187539615,67.52270187539615
1401,66.25195922646873,66.25195922646873,66.25195922646873,66.25195922646873,66.25195922646873
1402,67.59728489815149,67.59728489815149,67.59728489815149,67.59728489815149,67.59728489815149
1403,69.38530952891287,69.38530952891287,69.38530952891287,69.38530952891287,69.38530952891287
1404,61.3349693427016,61.3349693427016,61.3349693427016,61.3349693427016,61.3349693427016
1405,65.45463934180269,65.45463934180269,65.45463934180269,65.45463934180269,65.45463934180269
1406,59.44873788729228,59.44873788729228,59.44873788729228,59.44873788729228,59.44873788729228
1407,68.66793259532061,68.66793259532061,68.66793259532061,68.66793259532061,68.66793259532061
1408,62.5005019386579,62.5005019386579,62.5005019386579,62.5005019386579,62.5005019386579
1409,58.96569074126574,58.96569074126574,58.96569074126574,58.96569074126574,58.96569074126574
1410,69.67307913070773,69.67307913070773,69.67307913070773,69.67307913070773,69.67307913070773
1411,58.93423296064929,58.93423296064929,58.93423296064929,58.93423296064929,58.93423296064929
1412,71.21519096177708,71.21519096177708,71.21519096177708,71.21519096177708,71.21519096177708
1413,70.23208874760223,70.23208874760223,70.23208874760223,70.23208874760223,70.23208874760223
1414,70.23527834625702,70.23527834625702,70.23527834625702,70.23527834625702,70.23527834625702
1415,64.87825013299489,64.87825013299489,64.87825013299489,64.87825013299489,64.87825013299489
1416,63.49197721935578,63.49197721935578,63.49197721935578,63.49197721935578,63.49197721935578
1417,67.0272700131769,67.0272700131769,67.0272700131769,67.0272700131769,67.0272700131769
1418,60.54623790764239,60.54623790764239,60.54623790764239,60.54623790764239,60.54623790764239
1419,61.750038657005994,61.750038657005994,61.750038657005994,61.750038657005994,61.750038657005994
1420,70.01332571764058,70.01332571764058,70.01332571764058,70.01332571764058,70.01332571764058
1421,70.3556479971224,70.3556479971224,70.3556479971224,70.3556479971224,70.3556479971224
1422,68.4486380663501,68.4486380663501,68.4486380663501,68.4486380663501,68.4486380663501
1423,68.13154693377776,68.13154693377776,68.13154693377776,68.13154693377776,68.13154693377776
1424,67.4890468741889,67.4890468741889,67.4890468741889,67.4890468741889,67.4890468741889
1425,60.887952474884734,60.887952474884734,60.887952474884734,60.887952474884734,60.887952474884734
1426,70.39615212354067,70.39615212354067,70.39615212354067,70.39615212354067,70.39615212354067
1427,65.17474484348415,65.17474484348415,65.17474484348415,65.17474484348415,65.17474484348415
1428,61.69297553915793,61.69297553915793,61.69297553915793,61.69297553915793,61.69297553915793
1429,68.82514236605493,68.82514236605493,68.82514236605493,68.82514236605493,68.82514236605493
1430,69.63526254204069,69.63526254204069,69.63526254204069,69.63526254204069,69.63526254204069
1431,61.37808407205056,61.37808407205056,61.37808407205056,61.37808407205056,61.37808407205056
1432,59.49258483908969,59.49258483908969,59.49258483908969,59.49258483908969,59.49258483908969
1433,61.77655215389091,61.77655215389091,61.77655215389091,61.77655215389091,61.77655215389091
1434,61.771379806751355,61.771379806751355,61.771379806751355,61.771379806751355,61.771379806751355
1435,65.48924608108014,65.48924608108014,65.48924608108014,65.48924608108014,65.48924608108014
1436,65.82484684436437,65.82484684436437,65.82484684436437,65.82484684436437,65.82484684436437
1437,65.06219571621638,65.06219571621638,65.06219571621638,65.06219571621638,65.06219571621638
1438,59.79722408573828,59.79722408573828,59.79722408573828,59.79722408573828,59.79722408573828
1439,61.54231421965054,61.54231421965054,61.54231421965054,61.54231421965054,61.54231421965054
1440,60.02265097144511,60.02265097144511,60.02265097144511,60.02265097144511,60.02265097144511
1441,69.7587685148322,69.7587685148322,69.7587685148322,69.7587685148322,69.7587685148322
1442,65.01461026735845,65.01461026735845,65.01461026735845,65.01461026735845,65.01461026735845
1443,63.559991367326006,63.559991367326006,63.559991367326006,63.559991367326006,63.559991367326006
1444,71.12179601065895,71.12179601065895,71.12179601065895,71.12179601065895,71.12179601065895
1445,66.70731085951265,66.70731085951265,66.70731085951265,66.70731085951265,66.70731085951265
1446,60.58029244967052,60.58029244967052,60.58029244967052,60.58029244967052,60.58029244967052
1447,70.18932387865358,70.18932387865358,70.18932387865358,70.18932387865358,70.18932387865358
1448,58.709775855663395,58.709775855663395,58.709775855663395,58.709775855663395,58.709775855663395
1449,61.790550452701794,61.790550452701794,61.790550452701794,61.790550452701794,61.790550452701794
1450,64.02915747826879,64.02915747826879,64.02915747826879,64.02915747826879,64.02915747826879
1451,70.83253291323696,70.83253291323696,70.83253291323696,70.83253291323696,70.83253291323696
1452,65.17473968015861,65.17473968015861,65.17473968015861,65.17473968015861,65.17473968015861
1453,69.8080264905294,69.8080264905294,69.8080264905294,69.8080264905294,69.8080264905294
1454,59.34454381826503,59.34454381826503,59.34454381826503,59.34454381826503,59.34454381826503
1455,66.0222428749697,66.0222428749697,66.0222428749697,66.0222428749697,66.0222428749697
1456,59.357104876322694,59.357104876322694,59.357104876322694,59.357104876322694,59.357104876322694
1457,62.25201772409446,62.25201772409446,62.25201772409446,62.25201772409446,62.25201772409446
1458,65.52603692548165,65.52603692548165,65.52603692548165,65.52603692548165,65.52603692548165
1459,58.85437113219138,58.85437113219138,58.85437113219138,58.85437113219138,58.85437113219138
1460,64.99797958264989,64.99797958264989,64.99797958264989,64.99797958264989,64.99797958264989
1461,58.798548492968656,58.798548492968656,58.798548492968656,58.798548492968656,58.798548492968656
1462,61.72094788307031,61.72094788307031,61.72094788307031,61.72094788307031,61.72094788307031
1463,69.47683460500906,69.47683460500906,69.47683460500906,69.47683460500906,69.47683460500906
1464,68.2694057059195,68.2694057059195,68.2694057059195,68.2694057059195,68.2694057059195
1465,63.74986558895924,63.74986558895924,63.74986558895924,63.74986558895924,63.74986558895924
1466,58.61984952756524,58.61984952756524,58.61984952756524,58.61984952756524,58.61984952756524
1467,65.58364926138186,65.58364926138186,65.58364926138186,65.58364926138186,65.58364926138186
1468,61.13650763653575,61.13650763653575,61.13650763653575,61.13650763653575,61.13650763653575
1469,69.32750301321556,69.32750301321556,69.32750301321556,69.32750301321556,69.32750301321556
1470,60.99301112370139,60.99301112370139,60.99301112370139,60.99301112370139,60.99301112370139
1471,61.96197318680207,61.96197318680207,61.96197318680207,61.96197318680207,61.96197318680207
1472,66.39012532336858,66.39012532336858,66.39012532336858,66.39012532336858,66.39012532336858
1473,65.0213907167047,65.0213907167047,65.0213907167047,65.0213907167047,65.0213907167047
1474,59.701368178553885,59.701368178553885,59.701368178553885,59.701368178553885,59.701368178553885
1475,58.57519634293296,58.57519634293296,58.57519634293296,58.57519634293296,58.57519634293296
1476,64.32789101960002,64.32789101960002,64.32789101960002,64.32789101960002,64.32789101960002
1477,68.78862690210352,68.78862690210352,68.78862690210352,68.78862690210352,68.78862690210352
1478,62.863395719023565,62.863395719023565,62.863395719023565,62.863395719023565,62.863395719023565
1479,64.38601020432367,64.38601020432367,64.38601020432367,64.38601020432367,64.38601020432367
1480,61.893662874433566,61.893662874433566,61.893662874433566,61.893662874433566,61.893662874433566
1481,63.288058972508175,63.288058972508175,63.288058972508175,63.288058972508175,63.288058972508175
1482,65.2935034838585,65.2935034838585,65.2935034838585,65.2935034838585,65.2935034838585
1483,69.48938338098031,69.48938338098031,69.48938338098031,69.48938338098031,69.48938338098031
1484,64.89723774097358,64.89723774097358,64.89723774097358,64.89723774097358,64.89723774097358
1485,64.71692617756786,64.71692617756786,64.71692617756786,64.71692617756786,64.71692617756786
1486,65.13835027678341,65.13835027678341,65.13835027678341,65.13835027678341,65.13835027678341
1487,71.01173626510699,71.01173626510699,71.01173626510699,71.01173626510699,71.01173626510699
1488,68.15175077875746,68.15175077875746,68.15175077875746,68.15175077875746,68.15175077875746
1489,59.053776522502574,59.053776522502574,59.053776522502574,59.053776522502574,59.053776522502574
1490,60.87883042479663,60.87883042479663,60.87883042479663,60.87883042479663,60.87883042479663
1491,63.48587348952216,63.48587348952216,63.48587348952216,63.48587348952216,63.48587348952216
1492,59.23129157005974,59.23129157005974,59.23129157005974,59.23129157005974,59.23129157005974
1493,68.89164208932272,68.89164208932272,68.89164208932272,68.89164208932272,68.89164208932272
1494,63.50795037690374,63.50795037690374,63.50795037690374,63.50795037690374,63.50795037690374
1495,62.712992332492064,62.712992332492064,62.712992332492064,62.712992332492064,62.712992332492064
1496,59.90940052698405,59.90940052698405,59.90940052698405,59.90940052698405,59.90940052698405
1497,65.85761571822077,65.85761571822077,65.85761571822077,65.85761571822077,65.85761571822077
1498,64.94441410004916,64.94441410004916,64.94441410004916,64.94441410004916,64.94441410004916
1499,60.132058900286324,60.132058900286324,60.132058900286324,60.132058900286324,60.132058900286324
1500,60.16104552126072,60.16104552126072,60.16104552126072,60.16104552126072,60.16104552126072
1501,60.386013184187455,60.386013184187455,60.386013184187455,60.386013184187455,60.386013184187455
1502,70.93354701450775,70.93354701450775,70.93354701450775,70.93354701450775,70.93354701450775
1503,70.729626196036,70.729626196036,70.729626196036,70.729626196036,70.729626196036
1504,64.85541510999286,64.85541510999286,64.85541510999286,64.85541510999286,64.85541510999286
1505,61.00752054877528,61.00752054877528,61.00752054877528,61.00752054877528,61.00752054877528
1506,60.59020995157209,60.59020995157209,60.59020995157209,60.59020995157209,60.59020995157209
1507,62.09034630737614,62.09034630737614,62.09034630737614,62.09034630737614,62.09034630737614
1508,59.25475088640523,59.25475088640523,59.25475088640523,59.25475088640523,59.25475088640523
1509,62.80615963479154,62.80615963479154,62.80615963479154,62.80615963479154,62.80615963479154
1510,62.980532460603065,62.980532460603065,62.980532460603065,62.980532460603065,62.980532460603065
1511,63.92196554774603,63.92196554774603,63.92196554774603,63.92196554774603,63.92196554774603
1512,70.86223722380635,70.86223722380635,70.86223722380635,70.86223722380635,70.86223722380635
1513,58.64043231561723,58.64043231561723,58.64043231561723,58.64043231561723,58.64043231561723
1514,70.43296001884171,70.43296001884171,70.43296001884171,70.43296001884171,70.43296001884171
1515,61.21336613040147,61.21336613040147,61.21336613040147,61.21336613040147,61.21336613040147
1516,63.188905771887995,63.188905771887995,63.188905771887995,63.188905771887995,63.188905771887995
1517,65.92891405930247,65.92891405930247,65.92891405930247,65.92891405930247,65.92891405930247
1518,68.11112455237598,68.11112455237598,68.11112455237598,68.11112455237598,68.11112455237598
1519,70.60102506536795,70.60102506536795,70.60102506536795,70.60102506536795,70.60102506536795
1520,67.0780260172268,67.0780260172268,67.0780260172268,67.0780260172268,67.0780260172268
1521,64.08287462077072,64.08287462077072,64.08287462077072,64.08287462077072,64.08287462077072
1522,60.98270903242184,60.98270903242184,60.98270903242184,60.98270903242184,60.98270903242184
1523,66.10780017656346,66.10780017656346,66.10780017656346,66.10780017656346,66.10780017656346
1524,62.73349730501501,62.73349730501501,62.73349730501501,62.73349730501501,62.73349730501501
1525,61.65872721579732,61.65872721579732,61.65872721579732,61.65872721579732,61.65872721579732
1526,66.56704548501187,66.56704548501187,66.56704548501187,66.56704548501187,66.56704548501187
1527,69.94276158013606,69.94276158013606,69.94276158013606,69.94276158013606,69.94276158013606
1528,60.863825429681235,60.863825429681235,60.863825429681235,60.863825429681235,60.863825429681235
1529,59.05482434329537,59.05482434329537,59.05482434329537,59.05482434329537,59.05482434329537
1530,61.48872264584808,61.48872264584808,61.48872264584808,61.48872264584808,61.48872264584808
1531,67.87725193432485,67.87725193432485,67.87725193432485,67.87725193432485,67.87725193432485
1532,62.52080909841874,62.52080909841874,62.52080909841874,62.52080909841874,62.52080909841874
1533,68.25081529863377,68.25081529863377,68.25081529863377,68.25081529863377,68.25081529863377
1534,66.28735801646354,66.28735801646354,66.28735801646354,66.28735801646354,66.28735801646354
1535,60.4794949343567,60.4794949343567,60.4794949343567,60.4794949343567,60.4794949343567
1536,64.86317643483987,64.86317643483987,64.86317643483987,64.86317643483987,64.86317643483987
1537,60.838824666869336,60.838824666869336,60.838824666869336,60.838824666869336,60.838824666869336
1538,62.595318192739796,62.595318192739796,62.595318192739796,62.595318192739796,62.595318192739796
1539,60.21400293054804,60.21400293054804,60.21400293054804,60.21400293054804,60.21400293054804
1540,60.921425650217756,60.921425650217756,60.921425650217756,60.921425650217756,60.921425650217756
1541,64.1299217843983,64.1299217843983,64.1299217843983,64.1299217843983,64.1299217843983
1542,65.18272326283265,65.18272326283265,65.18272326283265,65.18272326283265,65.18272326283265
1543,67.21725066565698,67.21725066565698,67.21725066565698,67.21725066565698,67.21725066565698
1544,68.0029460256159,68.0029460256159,68.0029460256159,68.0029460256159,68.0029460256159
1545,59.42374370319144,59.42374370319144,59.42374370319144,59.42374370319144,59.42374370319144
1546,59.79024492160522,59.79024492160522,59.79024492160522,59.79024492160522,59.79024492160522
1547,68.29755126618794,68.29755126618794,68.29755126618794,68.29755126618794,68.29755126618794
1548,59.60373888350352,59.60373888350352,59.60373888350352,59.60373888350352,59.60373888350352
1549,61.016884954898,61.016884954898,61.016884954898,61.016884954898,61.016884954898
1550,63.42591282939043,63.42591282939043,63.42591282939043,63.42591282939043,63.42591282939043
1551,67.46949025560235,67.46949025560235,67.46949025560235,67.46949025560235,67.46949025560235
1552,66.82205738024741,66.82205738024741,66.82205738024741,66.82205738024741,66.82205738024741
1553,58.72367589730052,58.72367589730052,58.72367589730052,58.72367589730052,58.72367589730052
1554,62.369855360381344,62.369855360381344,62.369855360381344,62.369855360381344,62.369855360381344
1555,59.69742919030446,59.69742919030446,59.69742919030446,59.69742919030446,59.69742919030446
1556,59.35929512929092,59.35929512929092,59.35929512929092,59.35929512929092,59.35929512929092
1557,59.49383333183614,59.49383333183614,59.49383333183614,59.49383333183614,59.49383333183614
1558,65.4903483791662,65.4903483791662,65.4903483791662,65.4903483791662,65.4903483791662
1559,68.49860664378355,68.49860664378355,68.49860664378355,68.49860664378355,68.49860664378355
1560,70.48096133847267,70.48096133847267,70.48096133847267,70.48096133847267,70.48096133847267
1561,65.51427673070049,65.51427673070049,65.51427673070049,65.51427673070049,65.51427673070049
1562,58.946665681009314,58.946665681009314,58.946665681009314,58.946665681009314,58.946665681009314
1563,64.35939367566928,64.35939367566928,64.35939367566928,64.35939367566928,64.35939367566928
1564,70.7364295046738,70.7364295046738,70.7364295046738,70.7364295046738,70.7364295046738
1565,64.36654763857403,64.36654763857403,64.36654763857403,64.36654763857403,64.36654763857403
1566,62.87930203547768,62.87930203547768,62.87930203547768,62.87930203547768,62.87930203547768
1567,58.9591044091969,58.9591044091969,58.9591044091969,58.9591044091969,58.9591044091969
1568,58.8514926639185,58.8514926639185,58.8514926639185,58.8514926639185,58.8514926639185
1569,71.41683288519782,71.41683288519782,71.41683288519782,71.41683288519782,71.41683288519782
1570,65.38616524666851,65.38616524666851,65.38616524666851,65.38616524666851,65.38616524666851
1571,61.50193715337375,61.50193715337375,61.50193715337375,61.50193715337375,61.50193715337375
1572,69.98990454030368,69.98990454030368,69.98990454030368,69.98990454030368,69.98990454030368
1573,69.18626181331607,69.18626181331607,69.18626181331607,69.18626181331607,69.18626181331607
1574,61.32478836376302,61.32478836376302,61.32478836376302,61.32478836376302,61.32478836376302
1575,62.27128580114821,62.27128580114821,62.27128580114821,62.27128580114821,62.27128580114821
1576,66.32831398662734,66.32831398662734,66.32831398662734,66.32831398662734,66.32831398662734
1577,61.49754545385637,61.49754545385637,61.49754545385637,61.49754545385637,61.49754545385637
1578,67.60570095455041,67.60570095455041,67.60570095455041,67.60570095455041,67.60570095455041
1579,62.580035436718504,62.580035436718504,62.580035436718504,62.580035436718504,62.580035436718504
1580,58.675917223839065,58.675917223839065,58.675917223839065,58.675917223839065,58.675917223839065
1581,58.81877413025231,58.81877413025231,58.81877413025231,58.81877413025231,58.81877413025231
1582,64.39375314724639,64.39375314724639,64.39375314724639,64.39375314724639,64.39375314724639
1583,71.2688643391099,71.2688643391099,71.2688643391099,71.2688643391099,71.2688643391099
1584,65.4642743759902,65.4642743759902,65.4642743759902,65.4642743759902,65.4642743759902
1585,67.94279960763838,67.94279960763838,67.94279960763838,67.94279960763838,67.94279960763838
1586,59.8561636184464,59.8561636184464,59.8561636184464,59.8561636184464,59.8561636184464
1587,58.938091657408435,58.938091657408435,58.938091657408435,58.938091657408435,58.938091657408435
1588,66.79503334068492,66.79503334068492,66.79503334068492,66.79503334068492,66.79503334068492
1589,69.25654709085752,69.25654709085752,69.25654709085752,69.25654709085752,69.25654709085752
1590,64.87325763416506,64.87325763416506,64.87325763416506,64.87325763416506,64.87325763416506
1591,69.07147110517234,69.07147110517234,69.07147110517234,69.07147110517234,69.07147110517234
1592,61.75856970947135,61.75856970947135,61.75856970947135,61.75856970947135,61.75856970947135
1593,67.63186219797574,67.63186219797574,67.63186219797574,67.63186219797574,67.63186219797574
1594,62.03337826687822,62.03337826687822,62.03337826687822,62.03337826687822,62.03337826687822
1595,59.72600669424158,59.72600669424158,59.72600669424158,59.72600669424158,59.72600669424158
1596,65.28077770245515,65.28077770245515,65.28077770245515,65.28077770245515,65.28077770245515
1597,70.61542695760474,70.61542695760474,70.61542695760474,70.61542695760474,70.61542695760474
1598,67.68246135906796,67.68246135906796,67.68246135906796,67.68246135906796,67.68246135906796
1599,68.01872186705431,68.01872186705431,68.01872186705431,68.01872186705431,68.01872186705431
1600,62.614029000310126,62.614029000310126,62.614029000310126,62.614029000310126,62.614029000310126
1601,62.249866969391626,62.249866969391626,62.249866969391626,62.249866969391626,62.249866969391626
1602,63.851011174367805,63.851011174367805,63.851011174367805,63.851011174367805,63.851011174367805
1603,65.11641148223197,65.11641148223197,65.11641148223197,65.11641148223197,65.11641148223197
1604,67.77013248509442,67.77013248509442,67.77013248509442,67.77013248509442,67.77013248509442
1605,68.1680972092433,68.1680972092433,68.1680972092433,68.1680972092433,68.1680972092433
1606,59.37414659616713,59.37414659616713,59.37414659616713,59.37414659616713,59.37414659616713
1607,68.86771773077542,68.86771773077542,68.86771773077542,68.86771773077542,68.86771773077542
1608,67.17529247663575,67.17529247663575,67.17529247663575,67.17529247663575,67.17529247663575
1609,70.90076651023136,70.90076651023136,70.90076651023136,70.90076651023136,70.90076651023136
1610,60.63748160161482,60.63748160161482,60.63748160161482,60.63748160161482,60.63748160161482
1611,70.71556964549559,70.71556964549559,70.71556964549559,70.71556964549559,70.71556964549559
1612,69.8105418626417,69.8105418626417,69.8105418626417,69.8105418626417,69.8105418626417
1613,60.54790679866706,60.54790679866706,60.54790679866706,60.54790679866706,60.54790679866706
1614,66.07156563150753,66.07156563150753,66.07156563150753,66.07156563150753,66.07156563150753
1615,69.00275433962452,69.00275433962452,69.00275433962452,69.00275433962452,69.00275433962452
1616,69.46053648188851,69.46053648188851,69.46053648188851,69.46053648188851,69.46053648188851
1617,68.2771112784864,68.2771112784864,68.2771112784864,68.2771112784864,68.2771112784864
1618,66.48334224313136,66.48334224313136,66.48334224313136,66.48334224313136,66.48334224313136
1619,63.03095941843816,63.03095941843816,63.03095941843816,63.03095941843816,63.03095941843816
1620,60.297332100981166,60.297332100981166,60.297332100981166,60.297332100981166,60.297332100981166
1621,70.63498835713553,70.63498835713553,70.63498835713553,70.63498835713553,70.63498835713553
1622,63.126501602640715,63.126501602640715,63.126501602640715,63.126501602640715,63.126501602640715
1623,58.77197403864799,58.77197403864799,58.77197403864799,58.77197403864799,58.77197403864799
1624,67.80498489088602,67.80498489088602,67.80498489088602,67.80498489088602,67.80498489088602
1625,63.552018985674714,63.552018985674714,63.552018985674714,63.552018985674714,63.552018985674714
1626,60.43276220013526,60.43276220013526,60.43276220013526,60.43276220013526,60.43276220013526
1627,63.159607799326906,63.159607799326906,63.159607799326906,63.159607799326906,63.159607799326906
1628,60.16552413623513,60.16552413623513,60.16552413623513,60.16552413623513,60.16552413623513
1629,60.88970591599261,60.88970591599261,60.88970591599261,60.88970591599261,60.88970591599261
1630,68.36479248850883,68.36479248850883,68.36479248850883,68.36479248850883,68.36479248850883
1631,60.73160009472236,60.73160009472236,60.73160009472236,60.73160009472236,60.73160009472236
1632,65.73587267355023,65.73587267355023,65.73587267355023,65.73587267355023,65.73587267355023
1633,65.25727226999562,65.25727226999562,65.25727226999562,65.25727226999562,65.25727226999562
1634,59.45566651832572,59.45566651832572,59.45566651832572,59.45566651832572,59.45566651832572
1635,67.17680764131809,67.17680764131809,67.17680764131809,67.17680764131809,67.17680764131809
1636,66.73875131282706,66.73875131282706,66.73875131282706,66.73875131282706,66.73875131282706
1637,69.12580603144929,69.12580603144929,69.12580603144929,69.12580603144929,69.12580603144929
1638,62.611371057719104,62.611371057719104,62.611371057719104,62.611371057719104,62.611371057719104
1639,70.43291076142533,70.43291076142533,70.43291076142533,70.43291076142533,70.43291076142533
1640,67.70504817017962,67.70504817017962,67.70504817017962,67.70504817017962,67.70504817017962
1641,62.87477924057549,62.87477924057549,62.87477924057549,62.87477924057549,62.87477924057549
1642,65.70209955892966,65.70209955892966,65.70209955892966,65.70209955892966,65.70209955892966
1643,59.12840095775012,59.12840095775012,59.12840095775012,59.12840095775012,59.12840095775012
1644,70.86760281226834,70.86760281226834,70.86760281226834,70.86760281226834,70.86760281226834
1645,59.38706850284821,59.38706850284821,59.38706850284821,59.38706850284821,59.38706850284821
1646,59.33613095366336,59.33613095366336,59.33613095366336,59.33613095366336,59.33613095366336
1647,65.76260107055855,65.76260107055855,65.76260107055855,65.76260107055855,65.76260107055855
1648,64.92879220157273,64.92879220157273,64.92879220157273,64.92879220157273,64.92879220157273
1649,66.84547225945947,66.84547225945947,66.84547225945947,66.84547225945947,66.84547225945947
1650,65.8866411907446,65.8866411907446,65.8866411907446,65.8866411907446,65.8866411907446
1651,61.260232699551715,61.260232699551715,61.260232699551715,61.260232699551715,61.260232699551715
1652,68.24929104625755,68.24929104625755,68.24929104625755,68.24929104625755,68.24929104625755
1653,63.97171912095571,63.97171912095571,63.97171912095571,63.97171912095571,63.97171912095571
1654,60.009152369223926,60.009152369223926,60.009152369223926,60.009152369223926,60.009152369223926
1655,67.95242882952697,67.95242882952697,67.95242882952697,67.95242882952697,67.95242882952697
1656,69.87501595883515,69.87501595883515,69.87501595883515,69.87501595883515,69.87501595883515
1657,69.92345311156232,69.92345311156232,69.92345311156232,69.92345311156232,69.92345311156232
1658,59.91671470532455,59.91671470532455,59.91671470532455,59.91671470532455,59.91671470532455
1659,64.04882122476579,64.04882122476579,64.04882122476579,64.04882122476579,64.04882122476579
1660,63.16711271938753,63.16711271938753,63.16711271938753,63.16711271938753,63.16711271938753
1661,60.10797851240195,60.10797851240195,60.10797851240195,60.10797851240195,60.10797851240195
1662,63.32816631139872,63.32816631139872,63.32816631139872,63.32816631139872,63.32816631139872
1663,61.893205601959444,61.893205601959444,61.893205601959444,61.893205601959444,61.893205601959444
1664,62.769898791841825,62.769898791841825,62.769898791841825,62.769898791841825,62.769898791841825
1665,60.0861096639034,60.0861096639034,60.0861096639034,60.0861096639034,60.0861096639034
1666,64.07145904017612,64.07145904017612,64.07145904017612,64.07145904017612,64.07145904017612
1667,65.06136087280781,65.06136087280781,65.06136087280781,65.06136087280781,65.06136087280781
1668,58.67629402358283,58.67629402358283,58.67629402358283,58.67629402358283,58.67629402358283
1669,65.9637256053399,65.9637256053399,65.9637256053399,65.9637256053399,65.9637256053399
1670,66.68808382293555,66.68808382293555,66.68808382293555,66.68808382293555,66.68808382293555
1671,67.47557789920775,67.47557789920775,67.47557789920775,67.47557789920775,67.47557789920775
1672,67.24413051029478,67.24413051029478,67.24413051029478,67.24413051029478,67.24413051029478
1673,62.85819114487797,62.85819114487797,62.85819114487797,62.85819114487797,62.85819114487797
1674,63.2734258265563,63.2734258265563,63.2734258265563,63.2734258265563,63.2734258265563
1675,61.85291503595646,61.85291503595646,61.85291503595646,61.85291503595646,61.85291503595646
1676,64.25442325535963,64.25442325535963,64.25442325535963,64.25442325535963,64.25442325535963
1677,70.37997094443563,70.37997094443563,70.37997094443563,70.37997094443563,70.37997094443563
1678,60.23528949351025,60.23528949351025,60.23528949351025,60.23528949351025,60.23528949351025
1679,58.634398653320254,58.634398653320254,58.634398653320254,58.634398653320254,58.634398653320254
1680,61.69594685237098,61.69594685237098,61.69594685237098,61.69594685237098,61.69594685237098
1681,60.003702365214885,60.003702365214885,60.003702365214885,60.003702365214885,60.003702365214885
1682,61.59302273253646,61.59302273253646,61.59302273253646,61.59302273253646,61.59302273253646
1683,71.07544803515691,71.07544803515691,71.07544803515691,71.07544803515691,71.07544803515691
1684,59.10138237819636,59.10138237819636,59.10138237819636,59.10138237819636,59.10138237819636
1685,58.66697938012967,58.66697938012967,58.66697938012967,58.66697938012967,58.66697938012967
1686,60.26983632432158,60.26983632432158,60.26983632432158,60.26983632432158,60.26983632432158
1687,58.81979150233454,58.81979150233454,58.81979150233454,58.81979150233454,58.81979150233454
1688,63.361194550576734,63.361194550576734,63.361194550576734,63.361194550576734,63.361194550576734
1689,62.47657620170553,62.47657620170553,62.47657620170553,62.47657620170553,62.47657620170553
1690,66.40025817645483,66.40025817645483,66.40025817645483,66.40025817645483,66.40025817645483
1691,60.573573495063165,60.573573495063165,60.573573495063165,60.573573495063165,60.573573495063165
1692,59.231676398824234,59.231676398824234,59.231676398824234,59.231676398824234,59.231676398824234
1693,67.90680953478058,67.90680953478058,67.90680953478058,67.90680953478058,67.90680953478058
1694,63.68162873400105,63.68162873400105,63.68162873400105,63.68162873400105,63.68162873400105
1695,63.10490145977241,63.10490145977241,63.10490145977241,63.10490145977241,63.10490145977241
1696,65.65911561025094,65.65911561025094,65.65911561025094,65.65911561025094,65.65911561025094
1697,61.35736243995621,61.35736243995621,61.35736243995621,61.35736243995621,61.35736243995621
1698,69.99937655501869,69.99937655501869,69.99937655501869,69.99937655501869,69.99937655501869
1699,62.34434079263355,62.34434079263355,62.34434079263355,62.34434079263355,62.34434079263355
1700,69.87508640182581,69.87508640182581,69.87508640182581,69.87508640182581,69.87508640182581
1701,68.5230344908286,68.5230344908286,68.5230344908286,68.5230344908286,68.5230344908286
1702,65.31218702745198,65.31218702745198,65.31218702745198,65.31218702745198,65.31218702745198
1703,60.787419364082524,60.787419364082524,60.787419364082524,60.787419364082524,60.787419364082524
1704,59.71640830829571,59.71640830829571,59.71640830829571,59.71640830829571,59.71640830829571
1705,59.36581639282801,59.36581639282801,59.36581639282801,59.36581639282801,59.36581639282801
1706,64.23010680387269,64.23010680387269,64.23010680387269,64.23010680387269,64.23010680387269
1707,61.83656182008688,61.83656182008688,61.83656182008688,61.83656182008688,61.83656182008688
1708,71.27585227047267,71.27585227047267,71.27585227047267,71.27585227047267,71.27585227047267
1709,63.43744604560055,63.43744604560055,63.43744604560055,63.43744604560055,63.43744604560055
1710,64.09114562988665,64.09114562988665,64.09114562988665,64.09114562988665,64.09114562988665
1711,70.98715301661893,70.98715301661893,70.98715301661893,70.98715301661893,70.98715301661893
1712,62.28659493927492,62.28659493927492,62.28659493927492,62.28659493927492,62.28659493927492
1713,61.02286774022866,61.02286774022866,61.02286774022866,61.02286774022866,61.02286774022866
1714,60.85644574385995,60.85644574385995,60.85644574385995,60.85644574385995,60.85644574385995
1715,68.1082433214131,68.1082433214131,68.1082433214131,68.1082433214131,68.1082433214131
1716,59.06285461614644,59.06285461614644,59.06285461614644,59.06285461614644,59.06285461614644
1717,69.22612069048442,69.22612069048442,69.22612069048442,69.22612069048442,69.22612069048442
1718,68.64013894869012,68.64013894869012,68.64013894869012,68.64013894869012,68.64013894869012
1719,67.24445829151222,67.24445829151222,67.24445829151222,67.24445829151222,67.24445829151222
1720,66.19258246133045,66.19258246133045,66.19258246133045,66.19258246133045,66.19258246133045
1721,59.598210510560975,59.598210510560975,59.598210510560975,59.598210510560975,59.598210510560975
1722,58.92990243695155,58.92990243695155,58.92990243695155,58.92990243695155,58.92990243695155
1723,70.2012979722506,70.2012979722506,70.2012979722506,70.2012979722506,70.2012979722506
1724,68.26863733528306,68.26863733528306,68.26863733528306,68.26863733528306,68.26863733528306
1725,66.62094368142124,66.62094368142124,66.62094368142124,66.62094368142124,66.62094368142124
1726,70.98821252412563,70.98821252412563,70.98821252412563,70.98821252412563,70.98821252412563
1727,65.65002083335702,65.65002083335702,65.65002083335702,65.65002083335702,65.65002083335702
1728,68.8787894277378,68.8787894277378,68.8787894277378,68.8787894277378,68.8787894277378
1729,68.16677379421915,68.16677379421915,68.16677379421915,68.16677379421915,68.16677379421915
1730,59.12801831795336,59.12801831795336,59.12801831795336,59.12801831795336,59.12801831795336
1731,61.05966104682937,61.05966104682937,61.05966104682937,61.05966104682937,61.05966104682937
1732,65.22855817104079,65.22855817104079,65.22855817104079,65.22855817104079,65.22855817104079
1733,69.5050011851619,69.5050011851619,69.5050011851619,69.5050011851619,69.5050011851619
1734,70.8110466086291,70.8110466086291,70.8110466086291,70.8110466086291,70.8110466086291
1735,60.069312155081725,60.069312155081725,60.069312155081725,60.069312155081725,60.069312155081725
1736,63.900685156956094,63.900685156956094,63.900685156956094,63.900685156956094,63.900685156956094
1737,69.83097400648697,69.83097400648697,69.83097400648697,69.83097400648697,69.83097400648697
1738,70.94379898559046,70.94379898559046,70.94379898559046,70.94379898559046,70.94379898559046
1739,70.90760375538629,70.90760375538629,70.90760375538629,70.90760375538629,70.90760375538629
1740,68.79773395905592,68.79773395905592,68.79773395905592,68.79773395905592,68.79773395905592
1741,65.31635681191702,65.31635681191702,65.31635681191702,65.31635681191702,65.31635681191702
1742,71.03160078838762,71.03160078838762,71.03160078838762,71.03160078838762,71.03160078838762
1743,61.167649187661674,61.167649187661674,61.167649187661674,61.167649187661674,61.167649187661674
1744,59.1799837800027,59.1799837800027,59.1799837800027,59.1799837800027,59.1799837800027
1745,67.07818591407505,67.07818591407505,67.07818591407505,67.07818591407505,67.07818591407505
1746,60.38435671398478,60.38435671398478,60.38435671398478,60.38435671398478,60.38435671398478
1747,63.42084417484,63.42084417484,63.42084417484,63.42084417484,63.42084417484
1748,70.54995296985442,70.54995296985442,70.54995296985442,70.54995296985442,70.54995296985442
1749,59.43340730953523,59.43340730953523,59.43340730953523,59.43340730953523,59.43340730953523
1750,71.04587205498662,71.04587205498662,71.04587205498662,71.04587205498662,71.04587205498662
1751,61.85048180539925,61.85048180539925,61.85048180539925,61.85048180539925,61.85048180539925
1752,69.25589187408625,69.25589187408625,69.25589187408625,69.25589187408625,69.25589187408625
1753,71.1164688059455,71.1164688059455,71.1164688059455,71.1164688059455,71.1164688059455
1754,68.77435906271648,68.77435906271648,68.77435906271648,68.77435906271648,68.77435906271648
1755,69.39578895435179,69.39578895435179,69.39578895435179,69.39578895435179,69.39578895435179
1756,67.55336304276908,67.55336304276908,67.55336304276908,67.55336304276908,67.55336304276908
1757,60.80770885016284,60.80770885016284,60.80770885016284,60.80770885016284,60.80770885016284
1758,68.93933505027634,68.93933505027634,68.93933505027634,68.93933505027634,68.93933505027634
1759,60.914513884290905,60.914513884290905,60.914513884290905,60.914513884290905,60.914513884290905
1760,65.16240163165385,65.16240163165385,65.16240163165385,65.16240163165385,65.16240163165385
1761,68.27628118716325,68.27628118716325,68.27628118716325,68.27628118716325,68.27628118716325
1762,66.58462201316715,66.58462201316715,66.58462201316715,66.58462201316715,66.58462201316715
1763,61.86489708580071,61.86489708580071,61.86489708580071,61.86489708580071,61.86489708580071
1764,63.195213128209986,63.195213128209986,63.195213128209986,63.195213128209986,63.195213128209986
1765,64.18135027385281,64.18135027385281,64.18135027385281,64.18135027385281,64.18135027385281
1766,65.8592348713516,65.8592348713516,65.8592348713516,65.8592348713516,65.8592348713516
1767,66.23846278930029,66.23846278930029,66.23846278930029,66.23846278930029,66.23846278930029
1768,60.82631958719398,60.82631958719398,60.82631958719398,60.82631958719398,60.82631958719398
1769,63.73637001830513,63.73637001830513,63.73637001830513,63.73637001830513,63.73637001830513
1770,61.02625309057354,61.02625309057354,61.02625309057354,61.02625309057354,61.02625309057354
1771,68.11451266405412,68.11451266405412,68.11451266405412,68.11451266405412,68.11451266405412
1772,70.09226591738367,70.09226591738367,70.09226591738367,70.09226591738367,70.09226591738367
1773,67.29970030449205,67.29970030449205,67.29970030449205,67.29970030449205,67.29970030449205
1774,58.73106530009247,58.73106530009247,58.73106530009247,58.73106530009247,58.73106530009247
1775,63.5728866639696,63.5728866639696,63.5728866639696,63.5728866639696,63.5728866639696
1776,71.0543984389412,71.0543984389412,71.0543984389412,71.0543984389412,71.0543984389412
1777,68.18791427278386,68.18791427278386,68.18791427278386,68.18791427278386,68.18791427278386
1778,60.18809058180602,60.18809058180602,60.18809058180602,60.18809058180602,60.18809058180602
1779,69.51487781087746,69.51487781087746,69.51487781087746,69.51487781087746,69.51487781087746
1780,63.58745614894498,63.58745614894498,63.58745614894498,63.58745614894498,63.58745614894498
1781,70.41047138393505,70.41047138393505,70.41047138393505,70.41047138393505,70.41047138393505
1782,69.79457566673622,69.79457566673622,69.79457566673622,69.79457566673622,69.79457566673622
1783,61.94921699724703,61.94921699724703,61.94921699724703,61.94921699724703,61.94921699724703
1784,64.21339861692203,64.21339861692203,64.21339861692203,64.21339861692203,64.21339861692203
1785,61.64369879167046,61.64369879167046,61.64369879167046,61.64369879167046,61.64369879167046
1786,68.83964523788777,68.83964523788777,68.83964523788777,68.83964523788777,68.83964523788777
1787,70.63434427395326,70.63434427395326,70.63434427395326,70.63434427395326,70.63434427395326
1788,66.96164144965756,66.96164144965756,66.96164144965756,66.96164144965756,66.96164144965756
1789,66.56708511304917,66.56708511304917,66.56708511304917,66.56708511304917,66.56708511304917
1790,59.119225806405964,59.119225806405964,59.119225806405964,59.119225806405964,59.119225806405964
1791,60.09171486920957,60.09171486920957,60.09171486920957,60.09171486920957,60.09171486920957
1792,58.79436861230295,58.79436861230295,58.79436861230295,58.79436861230295,58.79436861230295
1793,59.52245991043631,59.52245991043631,59.52245991043631,59.52245991043631,59.52245991043631
1794,60.062255448113575,60.062255448113575,60.062255448113575,60.062255448113575,60.062255448113575
1795,69.88232536082842,69.88232536082842,69.88232536082842,69.88232536082842,69.88232536082842
1796,63.644866439365664,63.644866439365664,63.644866439365664,63.644866439365664,63.644866439365664
1797,61.52867552089421,61.52867552089421,61.52867552089421,61.52867552089421,61.52867552089421
1798,66.84500731226478,66.84500731226478,66.84500731226478,66.84500731226478,66.84500731226478
1799,67.40945779197114,67.40945779197114,67.40945779197114,67.40945779197114,67.40945779197114
1800,63.68631900138551,63.68631900138551,63.68631900138551,63.68631900138551,63.68631900138551
1801,59.68412432289616,59.68412432289616,59.68412432289616,59.68412432289616,59.68412432289616
1802,66.79200856034562,66.79200856034562,66.79200856034562,66.79200856034562,66.79200856034562
1803,62.992198935796345,62.992198935796345,62.992198935796345,62.992198935796345,62.992198935796345
1804,69.42447560979103,69.42447560979103,69.42447560979103,69.42447560979103,69.42447560979103
1805,71.17656262144556,71.17656262144556,71.17656262144556,71.17656262144556,71.17656262144556
1806,63.59634426512432,63.59634426512432,63.59634426512432,63.59634426512432,63.59634426512432
1807,63.45686030464679,63.45686030464679,63.45686030464679,63.45686030464679,63.45686030464679
1808,63.915500472308985,63.915500472308985,63.915500472308985,63.915500472308985,63.915500472308985
1809,60.384019322440906,60.384019322440906,60.384019322440906,60.384019322440906,60.384019322440906
1810,64.31375119022084,64.31375119022084,64.31375119022084,64.31375119022084,64.31375119022084
1811,68.81671811105957,68.81671811105957,68.81671811105957,68.81671811105957,68.81671811105957
1812,64.58790774460056,64.58790774460056,64.58790774460056,64.58790774460056,64.58790774460056
1813,62.7098995900531,62.7098995900531,62.7098995900531,62.7098995900531,62.7098995900531
1814,64.05156473153406,64.05156473153406,64.05156473153406,64.05156473153406,64.05156473153406
1815,61.99294487208564,61.99294487208564,61.99294487208564,61.99294487208564,61.99294487208564
1816,58.61798215533614,58.61798215533614,58.61798215533614,58.61798215533614,58.61798215533614
1817,64.08096394532507,64.08096394532507,64.08096394532507,64.08096394532507,64.08096394532507
1818,61.737106034483894,61.737106034483894,61.737106034483894,61.737106034483894,61.737106034483894
1819,70.12885013746248,70.12885013746248,70.12885013746248,70.12885013746248,70.12885013746248
1820,70.90082072709369,70.90082072709369,70.90082072709369,70.90082072709369,70.90082072709369
1821,67.81645212639764,67.81645212639764,67.81645212639764,67.81645212639764,67.81645212639764
1822,64.13328765538665,64.13328765538665,64.13328765538665,64.13328765538665,64.13328765538665
1823,60.217120372870994,60.217120372870994,60.217120372870994,60.217120372870994,60.217120372870994
1824,64.48266025211879,64.48266025211879,64.48266025211879,64.48266025211879,64.48266025211879
1825,62.0256238621223,62.0256238621223,62.0256238621223,62.0256238621223,62.0256238621223
1826,62.745519956480024,62.745519956480024,62.745519956480024,62.745519956480024,62.745519956480024
1827,68.13445806931222,68.13445806931222,68.13445806931222,68.13445806931222,68.13445806931222
1828,68.47150807386875,68.47150807386875,68.47150807386875,68.47150807386875,68.47150807386875
1829,65.22452302258446,65.22452302258446,65.22452302258446,65.22452302258446,65.22452302258446
1830,63.81563569052413,63.81563569052413,63.81563569052413,63.81563569052413,63.81563569052413
1831,58.96588327946961,58.96588327946961,58.96588327946961,58.96588327946961,58.96588327946961
1832,60.11441811973816,60.11441811973816,60.11441811973816,60.11441811973816,60.11441811973816
1833,67.65212774742012,67.65212774742012,67.65212774742012,67.65212774742012,67.65212774742012
1834,68.09341999976093,68.09341999976093,68.09341999976093,68.09341999976093,68.09341999976093
1835,70.56513972902044,70.56513972902044,70.56513972902044,70.56513972902044,70.56513972902044
1836,62.30768209997213,62.30768209997213,62.30768209997213,62.30768209997213,62.30768209997213
1837,60.32203402602924,60.32203402602924,60.32203402602924,60.32203402602924,60.32203402602924
1838,70.7881931329173,70.7881931329173,70.7881931329173,70.7881931329173,70.7881931329173
1839,64.69430009822686,64.69430009822686,64.69430009822686,64.69430009822686,64.69430009822686
1840,70.4357227498025,70.4357227498025,70.4357227498025,70.4357227498025,70.4357227498025
1841,66.24818683876285,66.24818683876285,66.24818683876285,66.24818683876285,66.24818683876285
1842,59.245861712852175,59.245861712852175,59.245861712852175,59.245861712852175,59.245861712852175
1843,65.17917021522601,65.17917021522601,65.17917021522601,65.17917021522601,65.17917021522601
1844,69.93834640511675,69.93834640511675,69.93834640511675,69.93834640511675,69.93834640511675
1845,61.39698579311273,61.39698579311273,61.39698579311273,61.39698579311273,61.39698579311273
1846,70.12334447216715,70.12334447216715,70.12334447216715,70.12334447216715,70.12334447216715
1847,61.91966501506311,61.91966501506311,61.91966501506311,61.91966501506311,61.91966501506311
1848,58.71395636042142,58.71395636042142,58.71395636042142,58.71395636042142,58.71395636042142
1849,58.70064696171923,58.70064696171923,58.70064696171923,58.70064696171923,58.70064696171923
1850,64.77701498912877,64.77701498912877,64.77701498912877,64.77701498912877,64.77701498912877
1851,67.49714351748581,67.49714351748581,67.49714351748581,67.49714351748581,67.49714351748581
1852,67.87845174531955,67.87845174531955,67.87845174531955,67.87845174531955,67.87845174531955
1853,64.66613093992022,64.66613093992022,64.66613093992022,64.66613093992022,64.66613093992022
1854,68.85628536916991,68.85628536916991,68.85628536916991,68.85628536916991,68.85628536916991
1855,68.20167157684365,68.20167157684365,68.20167157684365,68.20167157684365,68.20167157684365
1856,67.65496503057207,67.65496503057207,67.65496503057207,67.65496503057207,67.65496503057207
1857,68.52358419447928,68.52358419447928,68.52358419447928,68.52358419447928,68.52358419447928
1858,64.36358847327836,64.36358847327836,64.36358847327836,64.36358847327836,64.36358847327836
1859,61.94320208634471,61.94320208634471,61.94320208634471,61.94320208634471,61.94320208634471
1860,66.61554930039703,66.61554930039703,66.61554930039703,66.61554930039703,66.61554930039703
1861,69.14864236628009,69.14864236628009,69.14864236628009,69.14864236628009,69.14864236628009
1862,69.56274904919776,69.56274904919776,69.56274904919776,69.56274904919776,69.56274904919776
1863,62.31838320540237,62.31838320540237,62.31838320540237,62.31838320540237,62.31838320540237
1864,64.95540171024831,64.95540171024831,64.95540171024831,64.95540171024831,64.95540171024831
1865,68.18576594297288,68.18576594297288,68.18576594297288,68.18576594297288,68.18576594297288
1866,58.71923414334603,58.71923414334603,58.71923414334603,58.71923414334603,58.71923414334603
1867,68.04631645013951,68.04631645013951,68.04631645013951,68.04631645013951,68.04631645013951
1868,70.60076366522867,70.60076366522867,70.60076366522867,70.60076366522867,70.60076366522867
1869,64.51660515559261,64.51660515559261,64.51660515559261,64.51660515559261,64.51660515559261
1870,64.57368589492827,64.57368589492827,64.57368589492827,64.57368589492827,64.57368589492827
1871,58.61376756589,58.61376756589,58.61376756589,58.61376756589,58.61376756589
1872,60.14415678630145,60.14415678630145,60.14415678630145,60.14415678630145,60.14415678630145
1873,71.0305660584482,71.0305660584482,71.0305660584482,71.0305660584482,71.0305660584482
1874,68.97302971498,68.97302971498,68.97302971498,68.97302971498,68.97302971498
1875,70.51043829216925,70.51043829216925,70.51043829216925,70.51043829216925,70.51043829216925
1876,66.50016644287817,66.50016644287817,66.50016644287817,66.50016644287817,66.50016644287817
1877,68.78481643196696,68.78481643196696,68.78481643196696,68.78481643196696,68.78481643196696
1878,69.02659062298596,69.02659062298596,69.02659062298596,69.02659062298596,69.02659062298596
1879,65.39537975372056,65.39537975372056,65.39537975372056,65.39537975372056,65.39537975372056
1880,68.86195333514642,68.86195333514642,68.86195333514642,68.86195333514642,68.86195333514642
1881,59.508643830815785,59.508643830815785,59.508643830815785,59.508643830815785,59.508643830815785
1882,60.918319042455074,60.918319042455074,60.918319042455074,60.918319042455074,60.918319042455074
1883,70.72137889866028,70.72137889866028,70.72137889866028,70.72137889866028,70.72137889866028
1884,59.31410108552058,59.31410108552058,59.31410108552058,59.31410108552058,59.31410108552058
1885,67.40021749608572,67.40021749608572,67.40021749608572,67.40021749608572,67.40021749608572
1886,67.6259267842755,67.6259267842755,67.6259267842755,67.6259267842755,67.6259267842755
1887,60.76739687630338,60.76739687630338,60.76739687630338,60.76739687630338,60.76739687630338
1888,61.58815617121516,61.58815617121516,61.58815617121516,61.58815617121516,61.58815617121516
1889,70.8879204742393,70.8879204742393,70.8879204742393,70.8879204742393,70.8879204742393
1890,61.765312336720605,61.765312336720605,61.765312336720605,61.765312336720605,61.765312336720605
1891,58.610382389420074,58.610382389420074,58.610382389420074,58.610382389420074,58.610382389420074
1892,69.51133685241432,69.51133685241432,69.51133685241432,69.51133685241432,69.51133685241432
1893,66.66281556891335,66.66281556891335,66.66281556891335,66.66281556891335,66.66281556891335
1894,58.88539022064005,58.88539022064005,58.88539022064005,58.88539022064005,58.88539022064005
1895,59.668630166033545,59.668630166033545,59.668630166033545,59.668630166033545,59.668630166033545
1896,68.01727910531534,68.01727910531534,68.01727910531534,68.01727910531534,68.01727910531534
1897,63.80095854914016,63.80095854914016,63.80095854914016,63.80095854914016,63.80095854914016
1898,62.566967957520276,62.566967957520276,62.566967957520276,62.566967957520276,62.566967957520276
1899,70.49310662337082,70.49310662337082,70.49310662337082,70.49310662337082,70.49310662337082
1900,60.50362550799893,60.50362550799893,60.50362550799893,60.50362550799893,60.50362550799893
1901,69.95099091652236,69.95099091652236,69.95099091652236,69.95099091652236,69.95099091652236
1902,63.38372993623109,63.38372993623109,63.38372993623109,63.38372993623109,63.38372993623109
1903,62.13053638603137,62.13053638603137,62.13053638603137,62.13053638603137,62.13053638603137
1904,60.29600344348215,60.29600344348215,60.29600344348215,60.29600344348215,60.29600344348215
1905,58.885355573383045,58.885355573383045,58.885355573383045,58.885355573383045,58.885355573383045
1906,63.309305613961136,63.309305613961136,63.309305613961136,63.309305613961136,63.309305613961136
1907,66.57634648688398,66.57634648688398,66.57634648688398,66.57634648688398,66.57634648688398
1908,67.71240953427545,67.71240953427545,67.71240953427545,67.71240953427545,67.71240953427545
1909,67.0266783187297,67.0266783187297,67.0266783187297,67.0266783187297,67.0266783187297
1910,68.53796782890899,68.53796782890899,68.53796782890899,68.53796782890899,68.53796782890899
1911,66.73865213811689,66.73865213811689,66.73865213811689,66.73865213811689,66.73865213811689
1912,68.30699246388326,68.30699246388326,68.30699246388326,68.30699246388326,68.30699246388326
1913,71.01369218948356,71.01369218948356,71.01369218948356,71.01369218948356,71.01369218948356
1914,71.18774217589969,71.18774217589969,71.18774217589969,71.18774217589969,71.18774217589969
1915,65.16442918311596,65.16442918311596,65.16442918311596,65.16442918311596,65.16442918311596
1916,70.0308695802099,70.0308695802099,70.0308695802099,70.0308695802099,70.0308695802099
1917,64.38496499673417,64.38496499673417,64.38496499673417,64.38496499673417,64.38496499673417
1918,66.52262174142402,66.52262174142402,66.52262174142402,66.52262174142402,66.52262174142402
1919,64.16281279525481,64.16281279525481,64.16281279525481,64.16281279525481,64.16281279525481
1920,60.962170772252215,60.962170772252215,60.962170772252215,60.962170772252215,60.962170772252215
1921,64.45625749841335,64.45625749841335,64.45625749841335,64.45625749841335,64.45625749841335
1922,66.9764709277483,66.9764709277483,66.9764709277483,66.9764709277483,66.9764709277483
1923,64.54257039024499,64.54257039024499,64.54257039024499,64.54257039024499,64.54257039024499
1924,66.61976512985117,66.61976512985117,66.61976512985117,66.61976512985117,66.61976512985117
1925,65.50975160929399,65.50975160929399,65.50975160929399,65.50975160929399,65.50975160929399
1926,66.61695417544372,66.61695417544372,66.61695417544372,66.61695417544372,66.61695417544372
1927,71.30471504523406,71.30471504523406,71.30471504523406,71.30471504523406,71.30471504523406
1928,70.04281780720505,70.04281780720505,70.04281780720505,70.04281780720505,70.04281780720505
1929,68.36899888712122,68.36899888712122,68.36899888712122,68.36899888712122,68.36899888712122
1930,70.31476569617594,70.31476569617594,70.31476569617594,70.31476569617594,70.31476569617594
1931,65.13676830489034,65.13676830489034,65.13676830489034,65.13676830489034,65.13676830489034
1932,66.41546261495232,66.41546261495232,66.41546261495232,66.41546261495232,66.41546261495232
1933,64.87865072740962,64.87865072740962,64.87865072740962,64.87865072740962,64.87865072740962
1934,61.88813581318657,61.88813581318657,61.88813581318657,61.88813581318657,61.88813581318657
1935,59.85916563689347,59.85916563689347,59.85916563689347,59.85916563689347,59.85916563689347
1936,70.40078380792234,70.40078380792234,70.40078380792234,70.40078380792234,70.40078380792234
1937,60.35529816112761,60.35529816112761,60.35529816112761,60.35529816112761,60.35529816112761
1938,65.55398819232991,65.55398819232991,65.55398819232991,65.55398819232991,65.55398819232991
1939,60.717791129690795,60.717791129690795,60.717791129690795,60.717791129690795,60.717791129690795
1940,66.3316934125345,66.3316934125345,66.3316934125345,66.3316934125345,66.3316934125345
1941,66.19872849249627,66.19872849249627,66.19872849249627,66.19872849249627,66.19872849249627
1942,60.64875566536547,60.64875566536547,60.64875566536547,60.64875566536547,60.64875566536547
1943,62.77388700227575,62.77388700227575,62.77388700227575,62.77388700227575,62.77388700227575
1944,60.711420530083764,60.711420530083764,60.711420530083764,60.711420530083764,60.711420530083764
1945,64.82621223085171,64.82621223085171,64.82621223085171,64.82621223085171,64.82621223085171
1946,62.775449114983935,62.775449114983935,62.775449114983935,62.775449114983935,62.775449114983935
1947,66.94116638985136,66.94116638985136,66.94116638985136,66.94116638985136,66.94116638985136
1948,67.36538403560398,67.36538403560398,67.36538403560398,67.36538403560398,67.36538403560398
1949,60.9521378053098,60.9521378053098,60.9521378053098,60.9521378053098,60.9521378053098
1950,71.28268240560784,71.28268240560784,71.28268240560784,71.28268240560784,71.28268240560784
1951,60.63835767346039,60.63835767346039,60.63835767346039,60.63835767346039,60.63835767346039
1952,68.75350021698375,68.75350021698375,68.75350021698375,68.75350021698375,68.75350021698375
1953,62.1564575900837,62.1564575900837,62.1564575900837,62.1564575900837,62.1564575900837
1954,65.54559969457223,65.54559969457223,65.54559969457223,65.54559969457223,65.54559969457223
1955,65.12687653532646,65.12687653532646,65.12687653532646,65.12687653532646,65.12687653532646
1956,58.90470662370273,58.90470662370273,58.90470662370273,58.90470662370273,58.90470662370273
1957,64.27453804665635,64.27453804665635,64.27453804665635,64.27453804665635,64.27453804665635
1958,59.58193824678418,59.58193824678418,59.58193824678418,59.58193824678418,59.58193824678418
1959,70.20244185536134,70.20244185536134,70.20244185536134,70.20244185536134,70.20244185536134
1960,62.83915077286649,62.83915077286649,62.83915077286649,62.83915077286649,62.83915077286649
1961,68.22311361690466,68.22311361690466,68.22311361690466,68.22311361690466,68.22311361690466
1962,62.10371554305018,62.10371554305018,62.10371554305018,62.10371554305018,62.10371554305018
1963,67.32822090152942,67.32822090152942,67.32822090152942,67.32822090152942,67.32822090152942
1964,70.35197966404066,70.35197966404066,70.35197966404066,70.35197966404066,70.35197966404066
1965,65.76199168185205,65.76199168185205,65.76199168185205,65.76199168185205,65.76199168185205
1966,68.24729433834469,68.24729433834469,68.24729433834469,68.24729433834469,68.24729433834469
1967,61.466952381646784,61.466952381646784,61.466952381646784,61.466952381646784,61.466952381646784
1968,69.62277895732372,69.62277895732372,69.62277895732372,69.62277895732372,69.62277895732372
1969,58.64936029392934,58.64936029392934,58.64936029392934,58.64936029392934,58.64936029392934
1970,60.01778937058457,60.01778937058457,60.01778937058457,60.01778937058457,60.01778937058457
1971,62.553106878139616,62.553106878139616,62.553106878139616,62.553106878139616,62.553106878139616
1972,63.460150339420736,63.460150339420736,63.460150339420736,63.460150339420736,63.460150339420736
1973,71.23616847722946,71.23616847722946,71.23616847722946,71.23616847722946,71.23616847722946
1974,60.40370307359879,60.40370307359879,60.40370307359879,60.40370307359879,60.40370307359879
1975,69.83107560598795,69.83107560598795,69.83107560598795,69.83107560598795,69.83107560598795
1976,66.60047853846739,66.60047853846739,66.60047853846739,66.60047853846739,66.60047853846739
1977,69.9882823960635,69.9882823960635,69.9882823960635,69.9882823960635,69.9882823960635
1978,64.20309146450742,64.20309146450742,64.20309146450742,64.20309146450742,64.20309146450742
1979,61.52498879869616,61.52498879869616,61.52498879869616,61.52498879869616,61.52498879869616
1980,66.6870693151653,66.6870693151653,66.6870693151653,66.6870693151653,66.6870693151653
1981,65.17178977008372,65.17178977008372,65.17178977008372,65.17178977008372,65.17178977008372
1982,66.46374062455698,66.46374062455698,66.46374062455698,66.46374062455698,66.46374062455698
1983,64.81962800051895,64.81962800051895,64.81962800051895,64.81962800051895,64.81962800051895
1984,70.70425113396155,70.70425113396155,70.70425113396155,70.70425113396155,70.70425113396155
1985,64.01794258177198,64.01794258177198,64.01794258177198,64.01794258177198,64.01794258177198
1986,70.47363480742953,70.47363480742953,70.47363480742953,70.47363480742953,70.47363480742953
1987,62.58710230547323,62.58710230547323,62.58710230547323,62.58710230547323,62.58710230547323
1988,60.743006234376665,60.743006234376665,60.743006234376665,60.743006234376665,60.743006234376665
1989,68.09856904863507,68.09856904863507,68.09856904863507,68.09856904863507,68.09856904863507
1990,68.72090268006767,68.72090268006767,68.72090268006767,68.72090268006767,68.72090268006767
1991,69.63992899924496,69.63992899924496,69.63992899924496,69.63992899924496,69.63992899924496
1992,64.18004666989269,64.18004666989269,64.18004666989269,64.18004666989269,64.18004666989269
1993,70.04697843781317,70.04697843781317,70.04697843781317,70.04697843781317,70.04697843781317
1994,66.25326762325453,66.25326762325453,66.25326762325453,66.25326762325453,66.25326762325453
1995,67.21539677209465,67.21539677209465,67.21539677209465,67.21539677209465,67.21539677209465
1996,61.379249577716955,61.379249577716955,61.379249577716955,61.379249577716955,61.379249577716955
1997,65.9432269362378,65.9432269362378,65.9432269362378,65.9432269362378,65.9432269362378
1998,65.38786517754967,65.38786517754967,65.38786517754967,65.38786517754967,65.38786517754967
1999,60.60038230237023,60.60038230237023,60.60038230237023,60.60038230237023,60.60038230237023
2000,68.79248973566693,68.79248973566693,68.79248973566693,68.79248973566693,68.79248973566693
2001,66.69148490477515,66.69148490477515,66.69148490477515,66.69148490477515,66.69148490477515
2002,69.89792673912851,69.89792673912851,69.89792673912851,69.89792673912851,69.89792673912851
2003,62.39804331835515,62.39804331835515,62.39804331835515,62.39804331835515,62.39804331835515
2004,70.29566841964991,70.29566841964991,70.29566841964991,70.29566841964991,70.29566841964991
2005,71.36411026322665,71.36411026322665,71.36411026322665,71.36411026322665,71.36411026322665
2006,69.09118203890957,69.09118203890957,69.09118203890957,69.09118203890957,69.09118203890957
2007,66.954129566086,66.954129566086,66.954129566086,66.954129566086,66.954129566086
2008,63.426595932270416,63.426595932270416,63.426595932270416,63.426595932270416,63.426595932270416
2009,69.52719369262084,69.52719369262084,69.52719369262084,69.52719369262084,69.52719369262084
2010,68.5446974843905,68.5446974843905,68.5446974843905,68.5446974843905,68.5446974843905
2011,70.3831003082074,70.3831003082074,70.3831003082074,70.3831003082074,70.3831003082074
2012,70.33958024530429,70.33958024530429,70.33958024530429,70.33958024530429,70.33958024530429
2013,65.73695665447768,65.73695665447768,65.73695665447768,65.73695665447768,65.73695665447768
2014,65.58075206787224,65.58075206787224,65.58075206787224,65.58075206787224,65.58075206787224
2015,64.7993482123002,64.7993482123002,64.7993482123002,64.7993482123002,64.7993482123002
2016,65.42644439280478,65.42644439280478,65.42644439280478,65.42644439280478,65.42644439280478
2017,65.0399235218685,65.0399235218685,65.0399235218685,65.0399235218685,65.0399235218685
2018,67.19503206157292,67.19503206157292,67.19503206157292,67.19503206157292,67.19503206157292
2019,60.33377163555808,60.33377163555808,60.33377163555808,60.33377163555808,60.33377163555808
2020,68.48350132631649,68.48350132631649,68.48350132631649,68.48350132631649,68.48350132631649
2021,66.09938354494818,66.09938354494818,66.09938354494818,66.09938354494818,66.09938354494818
2022,64.97662302397609,64.97662302397609,64.97662302397609,64.97662302397609,64.97662302397609
2023,69.08000091637666,69.08000091637666,69.08000091637666,69.08000091637666,69.08000091637666
2024,58.65350945199766,58.65350945199766,58.65350945199766,58.65350945199766,58.65350945199766
2025,69.01375531883592,69.01375531883592,69.01375531883592,69.01375531883592,69.01375531883592
2026,66.56056890258944,66.56056890258944,66.56056890258944,66.56056890258944,66.56056890258944
2027,60.83142674714725,60.83142674714725,60.83142674714725,60.83142674714725,60.83142674714725
2028,60.20323566267672,60.20323566267672,60.20323566267672,60.20323566267672,60.20323566267672
2029,68.36672603611191,68.36672603611191,68.36672603611191,68.36672603611191,68.36672603611191
2030,69.72329885745364,69.72329885745364,69.72329885745364,69.72329885745364,69.72329885745364
2031,69.46597909217707,69.46597909217707,69.46597909217707,69.46597909217707,69.46597909217707
2032,61.4342155792792,61.4342155792792,61.4342155792792,61.4342155792792,61.4342155792792
2033,59.96954970173367,59.96954970173367,59.96954970173367,59.96954970173367,59.96954970173367
2034,62.94172325348687,62.94172325348687,62.94172325348687,62.94172325348687,62.94172325348687
2035,63.69423262519055,63.69423262519055,63.69423262519055,63.69423262519055,63.69423262519055
2036,62.40060296054257,62.40060296054257,62.40060296054257,62.40060296054257,62.40060296054257
2037,63.848876771437624,63.848876771437624,63.848876771437624,63.848876771437624,63.848876771437624
2038,66.81023323316,66.81023323316,66.81023323316,66.81023323316,66.81023323316
2039,63.30220755063103,63.30220755063103,63.30220755063103,63.30220755063103,63.30220755063103
2040,62.24782408481684,62.24782408481684,62.24782408481684,62.24782408481684,62.24782408481684
2041,66.00631299460571,66.00631299460571,66.00631299460571,66.00631299460571,66.00631299460571
2042,71.19436857530154,71.19436857530154,71.19436857530154,71.19436857530154,71.19436857530154
2043,64.04699692224808,64.04699692224808,64.04699692224808,64.04699692224808,64.04699692224808
2044,69.84629446978741,69.84629446978741,69.84629446978741,69.84629446978741,69.84629446978741
2045,65.89518531209835,65.89518531209835,65.89518531209835,65.89518531209835,65.89518531209835
2046,66.50061497840878,66.50061497840878,66.50061497840878,66.50061497840878,66.50061497840878
2047,71.42978007732985,71.42978007732985,71.42978007732985,71.42978007732985,71.42978007732985
2048,58.87549914931719,58.87549914931719,58.87549914931719,58.87549914931719,58.87549914931719
2049,61.938434154424364,61.938434154424364,61.938434154424364,61.938434154424364,61.938434154424364
2050,60.34646141989525,60.34646141989525,60.34646141989525,60.34646141989525,60.34646141989525
2051,58.59657297719895,58.59657297719895,58.59657297719895,58.59657297719895,58.59657297719895
2052,63.89441059901309,63.89441059901309,63.89441059901309,63.89441059901309,63.89441059901309
2053,68.89408423303206,68.89408423303206,68.89408423303206,68.89408423303206,68.89408423303206
2054,69.97019020757553,69.97019020757553,69.97019020757553,69.97019020757553,69.97019020757553
2055,68.49753511553814,68.49753511553814,68.49753511553814,68.49753511553814,68.49753511553814
2056,70.87124696825049,70.87124696825049,70.87124696825049,70.87124696825049,70.87124696825049
2057,67.99395059259906,67.99395059259906,67.99395059259906,67.99395059259906,67.99395059259906
2058,62.697456839963316,62.697456839963316,62.697456839963316,62.697456839963316,62.697456839963316
2059,69.3559608709757,69.3559608709757,69.3559608709757,69.3559608709757,69.3559608709757
2060,70.12617619336189,70.12617619336189,70.12617619336189,70.12617619336189,70.12617619336189
2061,64.39378853162945,64.39378853162945,64.39378853162945,64.39378853162945,64.39378853162945
2062,61.17081980382457,61.17081980382457,61.17081980382457,61.17081980382457,61.17081980382457
2063,67.25421115624277,67.25421115624277,67.25421115624277,67.25421115624277,67.25421115624277
2064,62.636966987251576,62.636966987251576,62.636966987251576,62.636966987251576,62.636966987251576
2065,58.70545972432932,58.70545972432932,58.70545972432932,58.70545972432932,58.70545972432932
2066,61.9290502656635,61.9290502656635,61.9290502656635,61.9290502656635,61.9290502656635
2067,68.01626584365805,68.01626584365805,68.01626584365805,68.01626584365805,68.01626584365805
2068,69.78377127258518,69.78377127258518,69.78377127258518,69.78377127258518,69.78377127258518
2069,60.514159542070026,60.514159542070026,60.514159542070026,60.514159542070026,60.514159542070026
2070,60.17874971229733,60.17874971229733,60.17874971229733,60.17874971229733,60.17874971229733
2071,59.93296284029722,59.93296284029722,59.93296284029722,59.93296284029722,59.93296284029722
2072,66.9233622017781,66.9233622017781,66.9233622017781,66.9233622017781,66.9233622017781
2073,65.58470560250318,65.58470560250318,65.58470560250318,65.58470560250318,65.58470560250318
2074,64.75299690576148,64.75299690576148,64.75299690576148,64.75299690576148,64.75299690576148
2075,60.70974086783321,60.70974086783321,60.70974086783321,60.70974086783321,60.70974086783321
2076,67.70655538145446,67.70655538145446,67.70655538145446,67.70655538145446,67.70655538145446
2077,62.2700398148226,62.2700398148226,62.2700398148226,62.2700398148226,62.2700398148226
2078,66.37023303880656,66.37023303880656,66.37023303880656,66.37023303880656,66.37023303880656
2079,60.60409624762467,60.60409624762467,60.60409624762467,60.60409624762467,60.60409624762467
2080,70.33850316839344,70.33850316839344,70.33850316839344,70.33850316839344,70.33850316839344
2081,61.16517669334818,61.16517669334818,61.16517669334818,61.16517669334818,61.16517669334818
2082,64.9595664200577,64.9595664200577,64.9595664200577,64.9595664200577,64.9595664200577
2083,60.73678285899489,60.73678285899489,60.73678285899489,60.73678285899489,60.73678285899489
2084,71.02839268382803,71.02839268382803,71.02839268382803,71.02839268382803,71.02839268382803
2085,62.33439169269637,62.33439169269637,62.33439169269637,62.33439169269637,62.33439169269637
2086,66.36364778845622,66.36364778845622,66.36364778845622,66.36364778845622,66.36364778845622
2087,59.547666670302554,59.547666670302554,59.547666670302554,59.547666670302554,59.547666670302554
2088,68.52112601516295,68.52112601516295,68.52112601516295,68.52112601516295,68.52112601516295
2089,64.01717432109427,64.01717432109427,64.01717432109427,64.01717432109427,64.01717432109427
2090,65.68093924433968,65.68093924433968,65.68093924433968,65.68093924433968,65.68093924433968
2091,64.96038985632505,64.96038985632505,64.96038985632505,64.96038985632505,64.96038985632505
2092,58.792094636225606,58.792094636225606,58.792094636225606,58.792094636225606,58.792094636225606
2093,69.48553808307427,69.48553808307427,69.48553808307427,69.48553808307427,69.48553808307427
2094,59.94606389508584,59.94606389508584,59.94606389508584,59.94606389508584,59.94606389508584
2095,64.39461679467965,64.39461679467965,64.39461679467965,64.39461679467965,64.39461679467965
2096,66.1815197066071,66.1815197066071,66.1815197066071,66.1815197066071,66.1815197066071
2097,68.00478335795452,68.00478335795452,68.00478335795452,68.00478335795452,68.00478335795452
2098,65.98823534973883,65.98823534973883,65.98823534973883,65.98823534973883,65.98823534973883
2099,63.5295763277121,63.5295763277121,63.5295763277121,63.5295763277121,63.5295763277121
2100,58.8568849067713,58.8568849067713,58.8568849067713,58.8568849067713,58.8568849067713
2101,70.2682264533934,70.2682264533934,70.2682264533934,70.2682264533934,70.2682264533934
2102,66.00981285161627,66.00981285161627,66.00981285161627,66.00981285161627,66.00981285161627
2103,58.90162363137347,58.90162363137347,58.90162363137347,58.90162363137347,58.90162363137347
2104,60.86670343336128,60.86670343336128,60.86670343336128,60.86670343336128,60.86670343336128
2105,71.2531763011752,71.2531763011752,71.2531763011752,71.2531763011752,71.2531763011752
2106,62.441653151869936,62.441653151869936,62.441653151869936,62.441653151869936,62.441653151869936
2107,63.85518791798368,63.85518791798368,63.85518791798368,63.85518791798368,63.85518791798368
2108,63.88935062169118,63.88935062169118,63.88935062169118,63.88935062169118,63.88935062169118
2109,70.94966807714475,70.94966807714475,70.94966807714475,70.94966807714475,70.94966807714475
2110,68.87223567623893,68.87223567623893,68.87223567623893,68.87223567623893,68.87223567623893
2111,68.25713979689827,68.25713979689827,68.25713979689827,68.25713979689827,68.25713979689827
2112,59.70628213684952,59.70628213684952,59.70628213684952,59.70628213684952,59.70628213684952
2113,67.98365396178288,67.98365396178288,67.98365396178288,67.98365396178288,67.98365396178288
2114,69.50306649831953,69.50306649831953,69.50306649831953,69.50306649831953,69.50306649831953
2115,62.62735969920354,62.62735969920354,62.62735969920354,62.62735969920354,62.62735969920354
2116,61.31110682889256,61.31110682889256,61.31110682889256,61.31110682889256,61.31110682889256
2117,67.10971147603632,67.10971147603632,67.10971147603632,67.10971147603632,67.10971147603632
2118,69.92024381842951,69.92024381842951,69.92024381842951,69.92024381842951,69.92024381842951
2119,59.11977733779984,59.11977733779984,59.11977733779984,59.11977733779984,59.11977733779984
2120,70.24370513094884,70.24370513094884,70.24370513094884,70.24370513094884,70.24370513094884
2121,61.05291564548395,61.05291564548395,61.05291564548395,61.05291564548395,61.05291564548395
2122,60.44460288290368,60.44460288290368,60.44460288290368,60.44460288290368,60.44460288290368
2123,64.2672694659296,64.2672694659296,64.2672694659296,64.2672694659296,64.2672694659296
2124,69.10789496989248,69.10789496989248,69.10789496989248,69.10789496989248,69.10789496989248
2125,67.57272067960457,67.57272067960457,67.57272067960457,67.57272067960457,67.57272067960457
2126,64.43289189453488,64.43289189453488,64.43289189453488,64.43289189453488,64.43289189453488
2127,64.15281365246587,64.15281365246587,64.15281365246587,64.15281365246587,64.15281365246587
2128,68.19318746338948,68.19318746338948,68.19318746338948,68.19318746338948,68.19318746338948
2129,67.65517204069491,67.65517204069491,67.65517204069491,67.65517204069491,67.65517204069491
2130,59.258550779525514,59.258550779525514,59.258550779525514,59.258550779525514,59.258550779525514
2131,58.69448066597035,58.69448066597035,58.69448066597035,58.69448066597035,58.69448066597035
2132,68.17543775950912,68.17543775950912,68.17543775950912,68.17543775950912,68.17543775950912
2133,58.944218732719555,58.944218732719555,58.944218732719555,58.944218732719555,58.944218732719555
2134,60.499303636890644,60.499303636890644,60.499303636890644,60.499303636890644,60.499303636890644
2135,65.23765097667349,65.23765097667349,65.23765097667349,65.23765097667349,65.23765097667349
2136,59.693170099627274,59.693170099627274,59.693170099627274,59.693170099627274,59.693170099627274
2137,62.52717573704329,62.52717573704329,62.52717573704329,62.52717573704329,62.52717573704329
2138,71.37015892388915,71.37015892388915,71.37015892388915,71.37015892388915,71.37015892388915
2139,66.2906698626525,66.2906698626525,66.2906698626525,66.2906698626525,66.2906698626525
2140,68.93212335325357,68.93212335325357,68.93212335325357,68.93212335325357,68.93212335325357
2141,70.87863883478671,70.87863883478671,70.87863883478671,70.87863883478671,70.87863883478671
2142,60.91602722192586,60.91602722192586,60.91602722192586,60.91602722192586,60.91602722192586
2143,71.24250838631067,71.24250838631067,71.24250838631067,71.24250838631067,71.24250838631067
2144,66.76893522272904,66.76893522272904,66.76893522272904,66.76893522272904,66.76893522272904
2145,65.83426711194352,65.83426711194352,65.83426711194352,65.83426711194352,65.83426711194352
2146,65.25751046196329,65.25751046196329,65.25751046196329,65.25751046196329,65.25751046196329
2147,60.185560461703226,60.185560461703226,60.185560461703226,60.185560461703226,60.185560461703226
2148,64.00339009117313,64.00339009117313,64.00339009117313,64.00339009117313,64.00339009117313
2149,62.18892722490469,62.18892722490469,62.18892722490469,62.18892722490469,62.18892722490469
2150,64.06079471024829,64.06079471024829,64.06079471024829,64.06079471024829,64.06079471024829
2151,65.25211325409708,65.25211325409708,65.25211325409708,65.25211325409708,65.25211325409708
2152,71.07963375676837,71.07963375676837,71.07963375676837,71.07963375676837,71.07963375676837
2153,63.73516643214078,63.73516643214078,63.73516643214078,63.73516643214078,63.73516643214078
2154,64.7865898616147,64.7865898616147,64.7865898616147,64.7865898616147,64.7865898616147
2155,60.01513669098647,60.01513669098647,60.01513669098647,60.01513669098647,60.01513669098647
2156,68.44216691959754,68.44216691959754,68.44216691959754,68.44216691959754,68.44216691959754
2157,70.06448814360175,70.06448814360175,70.06448814360175,70.06448814360175,70.06448814360175
2158,61.31015801384857,61.31015801384857,61.31015801384857,61.31015801384857,61.31015801384857
2159,70.0474498451729,70.0474498451729,70.0474498451729,70.0474498451729,70.0474498451729
2160,70.58642875442253,70.58642875442253,70.58642875442253,70.58642875442253,70.58642875442253
2161,62.30029559753945,62.30029559753945,62.30029559753945,62.30029559753945,62.30029559753945
2162,68.26965700702559,68.26965700702559,68.26965700702559,68.26965700702559,68.26965700702559
2163,61.461981190499664,61.461981190499664,61.461981190499664,61.461981190499664,61.461981190499664
2164,64.70915598996693,64.70915598996693,64.70915598996693,64.70915598996693,64.70915598996693
2165,71.34725556422849,71.34725556422849,71.34725556422849,71.34725556422849,71.34725556422849
2166,62.35487957582825,62.35487957582825,62.35487957582825,62.35487957582825,62.35487957582825
2167,63.46658769155646,63.46658769155646,63.46658769155646,63.46658769155646,63.46658769155646
2168,62.539222418653594,62.539222418653594,62.539222418653594,62.539222418653594,62.539222418653594
2169,59.87821658440416,59.87821658440416,59.87821658440416,59.87821658440416,59.87821658440416
2170,64.3299241278705,64.3299241278705,64.3299241278705,64.3299241278705,64.3299241278705
2171,68.54530384043123,68.54530384043123,68.54530384043123,68.54530384043123,68.54530384043123
2172,59.976132690407155,59.976132690407155,59.976132690407155,59.976132690407155,59.976132690407155
2173,61.375563474574356,61.375563474574356,61.375563474574356,61.375563474574356,61.375563474574356
2174,63.2339256946992,63.2339256946992,63.2339256946992,63.2339256946992,63.2339256946992
2175,58.65207375073548,58.65207375073548,58.65207375073548,58.65207375073548,58.65207375073548
2176,62.20833931545273,62.20833931545273,62.20833931545273,62.20833931545273,62.20833931545273
2177,68.85102757807003,68.85102757807003,68.85102757807003,68.85102757807003,68.85102757807003
2178,70.50792971787003,70.50792971787003,70.50792971787003,70.50792971787003,70.50792971787003
2179,61.70404962784917,61.70404962784917,61.70404962784917,61.70404962784917,61.70404962784917
2180,64.3350706822763,64.3350706822763,64.3350706822763,64.3350706822763,64.3350706822763
2181,70.29781008368477,70.29781008368477,70.29781008368477,70.29781008368477,70.29781008368477
2182,59.26256779280181,59.26256779280181,59.26256779280181,59.26256779280181,59.26256779280181
2183,62.25161782089183,62.25161782089183,62.25161782089183,62.25161782089183,62.25161782089183
2184,59.54596469967707,59.54596469967707,59.54596469967707,59.54596469967707,59.54596469967707
2185,70.50434473604007,70.50434473604007,70.50434473604007,70.50434473604007,70.50434473604007
2186,67.17964623473516,67.17964623473516,67.17964623473516,67.17964623473516,67.17964623473516
2187,71.03481180645963,71.03481180645963,71.03481180645963,71.03481180645963,71.03481180645963
2188,63.92324925632175,63.92324925632175,63.92324925632175,63.92324925632175,63.92324925632175
2189,59.54752031129051,59.54752031129051,59.54752031129051,59.54752031129051,59.54752031129051
2190,71.28367700042054,71.28367700042054,71.28367700042054,71.28367700042054,71.28367700042054
2191,62.15862511399125,62.15862511399125,62.15862511399125,62.15862511399125,62.15862511399125
2192,61.9178030006583,61.9178030006583,61.9178030006583,61.9178030006583,61.9178030006583
2193,64.58701618598265,64.58701618598265,64.58701618598265,64.58701618598265,64.58701618598265
2194,63.300718796650706,63.300718796650706,63.300718796650706,63.300718796650706,63.300718796650706
2195,63.17877324119281,63.17877324119281,63.17877324119281,63.17877324119281,63.17877324119281
2196,59.50356106390878,59.50356106390878,59.50356106390878,59.50356106390878,59.50356106390878
2197,63.091139327224916,63.091139327224916,63.091139327224916,63.091139327224916,63.091139327224916
2198,68.60808400395752,68.60808400395752,68.60808400395752,68.60808400395752,68.60808400395752
2199,59.418694782728174,59.418694782728174,59.418694782728174,59.418694782728174,59.418694782728174
2200,68.07114150867247,68.07114150867247,68.07114150867247,68.07114150867247,68.07114150867247
2201,71.333610012098,71.333610012098,71.333610012098,71.333610012098,71.333610012098
2202,69.24199780102676,69.24199780102676,69.24199780102676,69.24199780102676,69.24199780102676
2203,59.62400350766618,59.62400350766618,59.62400350766618,59.62400350766618,59.62400350766618
2204,63.33674070710891,63.33674070710891,63.33674070710891,63.33674070710891,63.33674070710891
2205,70.3529888698843,70.3529888698843,70.3529888698843,70.3529888698843,70.3529888698843
2206,68.37575573853037,68.37575573853037,68.37575573853037,68.37575573853037,68.37575573853037
2207,60.838924562359566,60.838924562359566,60.838924562359566,60.838924562359566,60.838924562359566
2208,67.38847874569011,67.38847874569011,67.38847874569011,67.38847874569011,67.38847874569011
2209,70.05801579390261,70.05801579390261,70.05801579390261,70.05801579390261,70.05801579390261
2210,67.55117960330753,67.55117960330753,67.55117960330753,67.55117960330753,67.55117960330753
2211,70.0000837769936,70.0000837769936,70.0000837769936,70.0000837769936,70.0000837769936
2212,65.04717761711471,65.04717761711471,65.04717761711471,65.04717761711471,65.04717761711471
2213,68.06783478205975,68.06783478205975,68.06783478205975,68.06783478205975,68.06783478205975
2214,69.9425665323601,69.9425665323601,69.9425665323601,69.9425665323601,69.9425665323601
2215,62.68553663902264,62.68553663902264,62.68553663902264,62.68553663902264,62.68553663902264
2216,70.02041456185916,70.02041456185916,70.02041456185916,70.02041456185916,70.02041456185916
2217,66.77036249481314,66.77036249481314,66.77036249481314,66.77036249481314,66.77036249481314
2218,64.84556394908631,64.84556394908631,64.84556394908631,64.84556394908631,64.84556394908631
2219,66.24251973656713,66.24251973656713,66.24251973656713,66.24251973656713,66.24251973656713
2220,64.0429890964613,64.0429890964613,64.0429890964613,64.0429890964613,64.0429890964613
2221,63.557302310427,63.557302310427,63.557302310427,63.557302310427,63.557302310427
2222,67.7928640881426,67.7928640881426,67.7928640881426,67.7928640881426,67.7928640881426
2223,60.58536644588035,60.58536644588035,60.58536644588035,60.58536644588035,60.58536644588035
2224,59.390345301493056,59.390345301493056,59.390345301493056,59.390345301493056,59.390345301493056
2225,64.06504981374466,64.06504981374466,64.06504981374466,64.06504981374466,64.06504981374466
2226,69.13966556222572,69.13966556222572,69.13966556222572,69.13966556222572,69.13966556222572
2227,65.162317783253,65.162317783253,65.162317783253,65.162317783253,65.162317783253
2228,67.14293817682547,67.14293817682547,67.14293817682547,67.14293817682547,67.14293817682547
2229,62.31977324668007,62.31977324668007,62.31977324668007,62.31977324668007,62.31977324668007
2230,59.15707198263219,59.15707198263219,59.15707198263219,59.15707198263219,59.15707198263219
2231,68.52041998621661,68.52041998621661,68.52041998621661,68.52041998621661,68.52041998621661
2232,62.53775658361744,62.53775658361744,62.53775658361744,62.53775658361744,62.53775658361744
2233,69.55329529542885,69.55329529542885,69.55329529542885,69.55329529542885,69.55329529542885
2234,62.21131182384366,62.21131182384366,62.21131182384366,62.21131182384366,62.21131182384366
2235,68.20247245932568,68.20247245932568,68.20247245932568,68.20247245932568,68.20247245932568
2236,68.57138057028432,68.57138057028432,68.57138057028432,68.57138057028432,68.57138057028432
2237,65.49098303204482,65.49098303204482,65.49098303204482,65.49098303204482,65.49098303204482
2238,67.72742770683494,67.72742770683494,67.72742770683494,67.72742770683494,67.72742770683494
2239,70.26789643668324,70.26789643668324,70.26789643668324,70.26789643668324,70.26789643668324
2240,58.77805832304917,58.77805832304917,58.77805832304917,58.77805832304917,58.77805832304917
2241,65.79175729293578,65.79175729293578,65.79175729293578,65.79175729293578,65.79175729293578
2242,65.98969699504829,65.98969699504829,65.98969699504829,65.98969699504829,65.98969699504829
2243,66.17181103099918,66.17181103099918,66.17181103099918,66.17181103099918,66.17181103099918
2244,63.74662291142556,63.74662291142556,63.74662291142556,63.74662291142556,63.74662291142556
2245,63.81055182399907,63.81055182399907,63.81055182399907,63.81055182399907,63.81055182399907
2246,59.12005927834287,59.12005927834287,59.12005927834287,59.12005927834287,59.12005927834287
2247,69.13537156847786,69.13537156847786,69.13537156847786,69.13537156847786,69.13537156847786
2248,61.25581270857681,61.25581270857681,61.25581270857681,61.25581270857681,61.25581270857681
2249,63.87205759944264,63.87205759944264,63.87205759944264,63.87205759944264,63.87205759944264
2250,60.54599837264824,60.54599837264824,60.54599837264824,60.54599837264824,60.54599837264824
2251,63.273506714690605,63.273506714690605,63.273506714690605,63.273506714690605,63.273506714690605
2252,71.1366714033876,71.1366714033876,71.1366714033876,71.1366714033876,71.1366714033876
2253,64.75714737528682,64.75714737528682,64.75714737528682,64.75714737528682,64.75714737528682
2254,64.42925336785294,64.42925336785294,64.42925336785294,64.42925336785294,64.42925336785294
2255,68.91892239347555,68.91892239347555,68.91892239347555,68.91892239347555,68.91892239347555
2256,61.499627903690865,61.499627903690865,61.499627903690865,61.499627903690865,61.499627903690865
2257,64.4887147054921,64.4887147054921,64.4887147054921,64.4887147054921,64.4887147054921
2258,68.3550088721715,68.3550088721715,68.3550088721715,68.3550088721715,68.3550088721715
2259,63.0143907007716,63.0143907007716,63.0143907007716,63.0143907007716,63.0143907007716
2260,71.26245580535043,71.26245580535043,71.26245580535043,71.26245580535043,71.26245580535043
2261,62.176924936003104,62.176924936003104,62.176924936003104,62.176924936003104,62.176924936003104
2262,64.84624910246716,64.84624910246716,64.84624910246716,64.84624910246716,64.84624910246716
2263,67.2733119670554,67.2733119670554,67.2733119670554,67.2733119670554,67.2733119670554
2264,66.78064624034533,66.78064624034533,66.78064624034533,66.78064624034533,66.78064624034533
2265,61.81647842872846,61.81647842872846,61.81647842872846,61.81647842872846,61.81647842872846
2266,61.45168548088194,61.45168548088194,61.45168548088194,61.45168548088194,61.45168548088194
2267,63.11466979824272,63.11466979824272,63.11466979824272,63.11466979824272,63.11466979824272
2268,59.24128030015978,59.24128030015978,59.24128030015978,59.24128030015978,59.24128030015978
2269,70.57178937396425,70.57178937396425,70.57178937396425,70.57178937396425,70.57178937396425
2270,69.66773720560072,69.66773720560072,69.66773720560072,69.66773720560072,69.66773720560072
2271,69.87102767855326,69.87102767855326,69.87102767855326,69.87102767855326,69.87102767855326
2272,60.433200857275736,60.433200857275736,60.433200857275736,60.433200857275736,60.433200857275736
2273,61.14968740630281,61.14968740630281,61.14968740630281,61.14968740630281,61.14968740630281
2274,59.108309351416345,59.108309351416345,59.108309351416345,59.108309351416345,59.108309351416345
2275,59.292052852980824,59.292052852980824,59.292052852980824,59.292052852980824,59.292052852980824
2276,65.17291905504071,65.17291905504071,65.17291905504071,65.17291905504071,65.17291905504071
2277,65.88077379923206,65.88077379923206,65.88077379923206,65.88077379923206,65.88077379923206
2278,66.42266292470782,66.42266292470782,66.42266292470782,66.42266292470782,66.42266292470782
2279,66.51694100285025,66.51694100285025,66.51694100285025,66.51694100285025,66.51694100285025
2280,70.48068124223973,70.48068124223973,70.48068124223973,70.48068124223973,70.48068124223973
2281,61.60752875020431,61.60752875020431,61.60752875020431,61.60752875020431,61.60752875020431
2282,59.12100781678282,59.12100781678282,59.12100781678282,59.12100781678282,59.12100781678282
2283,70.30372762704413,70.30372762704413,70.30372762704413,70.30372762704413,70.30372762704413
2284,68.47382421286393,68.47382421286393,68.47382421286393,68.47382421286393,68.47382421286393
2285,58.536147649089365,58.536147649089365,58.536147649089365,58.536147649089365,58.536147649089365
2286,60.179901184843445,60.179901184843445,60.179901184843445,60.179901184843445,60.179901184843445
2287,69.07103222591927,69.07103222591927,69.07103222591927,69.07103222591927,69.07103222591927
2288,70.23231282847169,70.23231282847169,70.23231282847169,70.23231282847169,70.23231282847169
2289,67.34683577788739,67.34683577788739,67.34683577788739,67.34683577788739,67.34683577788739
2290,68.65990489755868,68.65990489755868,68.65990489755868,68.65990489755868,68.65990489755868
2291,68.05005472785903,68.05005472785903,68.05005472785903,68.05005472785903,68.05005472785903
2292,62.69215017642175,62.69215017642175,62.69215017642175,62.69215017642175,62.69215017642175
2293,60.88989188030255,60.88989188030255,60.88989188030255,60.88989188030255,60.88989188030255
2294,65.90257437757732,65.90257437757732,65.90257437757732,65.90257437757732,65.90257437757732
2295,69.88511805488305,69.88511805488305,69.88511805488305,69.88511805488305,69.88511805488305
2296,59.51800801311982,59.51800801311982,59.51800801311982,59.51800801311982,59.51800801311982
2297,61.30106540958634,61.30106540958634,61.30106540958634,61.30106540958634,61.30106540958634
2298,70.64429780563391,70.64429780563391,70.64429780563391,70.64429780563391,70.64429780563391
2299,60.2978289783981,60.2978289783981,60.2978289783981,60.2978289783981,60.2978289783981
2300,61.23564777087852,61.23564777087852,61.23564777087852,61.23564777087852,61.23564777087852
2301,63.23888827157152,63.23888827157152,63.23888827157152,63.23888827157152,63.23888827157152
2302,71.2034802808476,71.2034802808476,71.2034802808476,71.2034802808476,71.2034802808476
2303,65.65788551232016,65.65788551232016,65.65788551232016,65.65788551232016,65.65788551232016
2304,63.70222464099058,63.70222464099058,63.70222464099058,63.70222464099058,63.70222464099058
2305,61.915427912917686,61.915427912917686,61.915427912917686,61.915427912917686,61.915427912917686
2306,67.06821191581781,67.06821191581781,67.06821191581781,67.06821191581781,67.06821191581781
2307,69.94572499291654,69.94572499291654,69.94572499291654,69.94572499291654,69.94572499291654
2308,70.30814035145598,70.30814035145598,70.30814035145598,70.30814035145598,70.30814035145598
2309,69.10964383896706,69.10964383896706,69.10964383896706,69.10964383896706,69.10964383896706
2310,70.35882625823918,70.35882625823918,70.35882625823918,70.35882625823918,70.35882625823918
2311,60.50942638498796,60.50942638498796,60.50942638498796,60.50942638498796,60.50942638498796
2312,69.21424213579053,69.21424213579053,69.21424213579053,69.21424213579053,69.21424213579053
2313,59.60862592799264,59.60862592799264,59.60862592799264,59.60862592799264,59.60862592799264
2314,67.46368367308737,67.46368367308737,67.46368367308737,67.46368367308737,67.46368367308737
2315,59.64424124753244,59.64424124753244,59.64424124753244,59.64424124753244,59.64424124753244
2316,69.02986956335229,69.02986956335229,69.02986956335229,69.02986956335229,69.02986956335229
2317,69.192394623365,69.192394623365,69.192394623365,69.192394623365,69.192394623365
2318,67.3426787650456,67.3426787650456,67.3426787650456,67.3426787650456,67.3426787650456
2319,64.29021608656588,64.29021608656588,64.29021608656588,64.29021608656588,64.29021608656588
2320,66.43750345547237,66.43750345547237,66.43750345547237,66.43750345547237,66.43750345547237
2321,59.48970392441683,59.48970392441683,59.48970392441683,59.48970392441683,59.48970392441683
2322,62.93492225068613,62.93492225068613,62.93492225068613,62.93492225068613,62.93492225068613
2323,63.56849433414709,63.56849433414709,63.56849433414709,63.56849433414709,63.56849433414709
2324,62.35618067751864,62.35618067751864,62.35618067751864,62.35618067751864,62.35618067751864
2325,70.33966575973669,70.33966575973669,70.33966575973669,70.33966575973669,70.33966575973669
2326,70.49872011864161,70.49872011864161,70.49872011864161,70.49872011864161,70.49872011864161
2327,64.10235607023863,64.10235607023863,64.10235607023863,64.10235607023863,64.10235607023863
2328,58.70157736384797,58.70157736384797,58.70157736384797,58.70157736384797,58.70157736384797
2329,64.12899332236348,64.12899332236348,64.12899332236348,64.12899332236348,64.12899332236348
2330,63.97474771093684,63.97474771093684,63.97474771093684,63.97474771093684,63.97474771093684
2331,70.99067533234239,70.99067533234239,70.99067533234239,70.99067533234239,70.99067533234239
2332,69.89238370862303,69.89238370862303,69.89238370862303,69.89238370862303,69.89238370862303
2333,67.63880167041222,67.63880167041222,67.63880167041222,67.63880167041222,67.63880167041222
2334,64.10896520778795,64.10896520778795,64.10896520778795,64.10896520778795,64.10896520778795
2335,65.10040223377545,65.10040223377545,65.10040223377545,65.10040223377545,65.10040223377545
2336,65.06814538624178,65.06814538624178,65.06814538624178,65.06814538624178,65.06814538624178
2337,66.52975052473593,66.52975052473593,66.52975052473593,66.52975052473593,66.52975052473593
2338,63.47638027349862,63.47638027349862,63.47638027349862,63.47638027349862,63.47638027349862
2339,63.38624782031697,63.38624782031697,63.38624782031697,63.38624782031697,63.38624782031697
2340,67.62150507519216,67.62150507519216,67.62150507519216,67.62150507519216,67.62150507519216
2341,65.65777682441896,65.65777682441896,65.65777682441896,65.65777682441896,65.65777682441896
2342,63.165895158085505,63.165895158085505,63.165895158085505,63.165895158085505,63.165895158085505
2343,69.15766676542181,69.15766676542181,69.15766676542181,69.15766676542181,69.15766676542181
2344,67.43590757953137,67.43590757953137,67.43590757953137,67.43590757953137,67.43590757953137
2345,61.16075135845091,61.16075135845091,61.16075135845091,61.16075135845091,61.16075135845091
2346,58.83950455678609,58.83950455678609,58.83950455678609,58.83950455678609,58.83950455678609
2347,64.23367854627709,64.23367854627709,64.23367854627709,64.23367854627709,64.23367854627709
2348,69.33554569284694,69.33554569284694,69.33554569284694,69.33554569284694,69.33554569284694
2349,65.06454186699433,65.06454186699433,65.06454186699433,65.06454186699433,65.06454186699433
2350,69.6364906609711,69.6364906609711,69.6364906609711,69.6364906609711,69.6364906609711
2351,66.76041918158478,66.76041918158478,66.76041918158478,66.76041918158478,66.76041918158478
2352,62.681695534010316,62.681695534010316,62.681695534010316,62.681695534010316,62.681695534010316
2353,68.71751064139683,68.71751064139683,68.71751064139683,68.71751064139683,68.71751064139683
2354,64.13569463342311,64.13569463342311,64.13569463342311,64.13569463342311,64.13569463342311
2355,69.88053849798436,69.88053849798436,69.88053849798436,69.88053849798436,69.88053849798436
2356,64.48025714911842,64.48025714911842,64.48025714911842,64.48025714911842,64.48025714911842
2357,59.75727814358745,59.75727814358745,59.75727814358745,59.75727814358745,59.75727814358745
2358,69.11778753110352,69.11778753110352,69.11778753110352,69.11778753110352,69.11778753110352
2359,68.2522853762958,68.2522853762958,68.2522853762958,68.2522853762958,68.2522853762958
2360,61.17389234912801,61.17389234912801,61.17389234912801,61.17389234912801,61.17389234912801
2361,66.53638542811615,66.53638542811615,66.53638542811615,66.53638542811615,66.53638542811615
2362,59.90049146004888,59.90049146004888,59.90049146004888,59.90049146004888,59.90049146004888
2363,59.01860064528805,59.01860064528805,59.01860064528805,59.01860064528805,59.01860064528805
2364,64.17221813874909,64.17221813874909,64.17221813874909,64.17221813874909,64.17221813874909
2365,58.564700125399234,58.564700125399234,58.564700125399234,58.564700125399234,58.564700125399234
2366,69.19553565966858,69.19553565966858,69.19553565966858,69.19553565966858,69.19553565966858
2367,61.51975875520186,61.51975875520186,61.51975875520186,61.51975875520186,61.51975875520186
2368,69.47373431176395,69.47373431176395,69.47373431176395,69.47373431176395,69.47373431176395
2369,61.38065395169611,61.38065395169611,61.38065395169611,61.38065395169611,61.38065395169611
2370,67.88037749479099,67.88037749479099,67.88037749479099,67.88037749479099,67.88037749479099
2371,68.75889914054581,68.75889914054581,68.75889914054581,68.75889914054581,68.75889914054581
2372,65.5588146924988,65.5588146924988,65.5588146924988,65.5588146924988,65.5588146924988
2373,58.99537561390848,58.99537561390848,58.99537561390848,58.99537561390848,58.99537561390848
2374,70.21630338650407,70.21630338650407,70.21630338650407,70.21630338650407,70.21630338650407
2375,64.45670690958381,64.45670690958381,64.45670690958381,64.45670690958381,64.45670690958381
2376,68.01315008555618,68.01315008555618,68.01315008555618,68.01315008555618,68.01315008555618
2377,70.13164440282198,70.13164440282198,70.13164440282198,70.13164440282198,70.13164440282198
2378,66.69661989529115,66.69661989529115,66.69661989529115,66.69661989529115,66.69661989529115
2379,65.1333256998533,65.1333256998533,65.1333256998533,65.1333256998533,65.1333256998533
2380,59.62057272513929,59.62057272513929,59.62057272513929,59.62057272513929,59.62057272513929
2381,64.38845719462698,64.38845719462698,64.38845719462698,64.38845719462698,64.38845719462698
2382,70.7032729656498,70.7032729656498,70.7032729656498,70.7032729656498,70.7032729656498
2383,70.75923727519871,70.75923727519871,70.75923727519871,70.75923727519871,70.75923727519871
2384,65.83543558040603,65.83543558040603,65.83543558040603,65.83543558040603,65.83543558040603
2385,69.06670924103675,69.06670924103675,69.06670924103675,69.06670924103675,69.06670924103675
2386,59.61556352570375,59.61556352570375,59.61556352570375,59.61556352570375,59.61556352570375
2387,59.96765247321192,59.96765247321192,59.96765247321192,59.96765247321192,59.96765247321192
2388,62.89411765247828,62.89411765247828,62.89411765247828,62.89411765247828,62.89411765247828
2389,70.3210269011047,70.3210269011047,70.3210269011047,70.3210269011047,70.3210269011047
2390,58.61592643374211,58.61592643374211,58.61592643374211,58.61592643374211,58.61592643374211
2391,67.77725257445074,67.77725257445074,67.77725257445074,67.77725257445074,67.77725257445074
2392,60.95838497980511,60.95838497980511,60.95838497980511,60.95838497980511,60.95838497980511
2393,63.32969756566334,63.32969756566334,63.32969756566334,63.32969756566334,63.32969756566334
2394,59.3365373022801,59.3365373022801,59.3365373022801,59.3365373022801,59.3365373022801
2395,61.05866440510544,61.05866440510544,61.05866440510544,61.05866440510544,61.05866440510544
2396,58.532873919760796,58.532873919760796,58.532873919760796,58.532873919760796,58.532873919760796
2397,61.07016606400578,61.07016606400578,61.07016606400578,61.07016606400578,61.07016606400578
2398,61.38593121107975,61.38593121107975,61.38593121107975,61.38593121107975,61.38593121107975
2399,67.64869272445002,67.64869272445002,67.64869272445002,67.64869272445002,67.64869272445002
2400,62.801577696158965,62.801577696158965,62.801577696158965,62.801577696158965,62.801577696158965
2401,60.21272323312003,60.21272323312003,60.21272323312003,60.21272323312003,60.21272323312003
2402,71.06072350051625,71.06072350051625,71.06072350051625,71.06072350051625,71.06072350051625
2403,70.12235106418898,70.12235106418898,70.12235106418898,70.12235106418898,70.12235106418898
2404,65.02699044373922,65.02699044373922,65.02699044373922,65.02699044373922,65.02699044373922
2405,63.907862170830214,63.907862170830214,63.907862170830214,63.907862170830214,63.907862170830214
2406,68.67722759400448,68.67722759400448,68.67722759400448,68.67722759400448,68.67722759400448
2407,69.47546132564187,69.47546132564187,69.47546132564187,69.47546132564187,69.47546132564187
2408,71.06738941061303,71.06738941061303,71.06738941061303,71.06738941061303,71.06738941061303
2409,67.57134794389833,67.57134794389833,67.57134794389833,67.57134794389833,67.57134794389833
2410,69.84237362752927,69.84237362752927,69.84237362752927,69.84237362752927,69.84237362752927
2411,62.220607032979196,62.220607032979196,62.220607032979196,62.220607032979196,62.220607032979196
2412,67.5071269212908,67.5071269212908,67.5071269212908,67.5071269212908,67.5071269212908
2413,67.26727016956744,67.26727016956744,67.26727016956744,67.26727016956744,67.26727016956744
2414,61.70267499884103,61.70267499884103,61.70267499884103,61.70267499884103,61.70267499884103
2415,69.90113658424119,69.90113658424119,69.90113658424119,69.90113658424119,69.90113658424119
2416,67.30883846858455,67.30883846858455,67.30883846858455,67.30883846858455,67.30883846858455
2417,62.618381432682376,62.618381432682376,62.618381432682376,62.618381432682376,62.618381432682376
2418,68.71101034756275,68.71101034756275,68.71101034756275,68.71101034756275,68.71101034756275
2419,63.79766481636454,63.79766481636454,63.79766481636454,63.79766481636454,63.79766481636454
2420,67.60620105636002,67.60620105636002,67.60620105636002,67.60620105636002,67.60620105636002
2421,70.83998228232342,70.83998228232342,70.83998228232342,70.83998228232342,70.83998228232342
2422,67.69021399606821,67.69021399606821,67.69021399606821,67.69021399606821,67.69021399606821
2423,59.66528005143698,59.66528005143698,59.66528005143698,59.66528005143698,59.66528005143698
2424,66.32498292782313,66.32498292782313,66.32498292782313,66.32498292782313,66.32498292782313
2425,68.97311314502831,68.97311314502831,68.97311314502831,68.97311314502831,68.97311314502831
2426,68.85660551445147,68.85660551445147,68.85660551445147,68.85660551445147,68.85660551445147
2427,59.977573260396895,59.977573260396895,59.977573260396895,59.977573260396895,59.977573260396895
2428,70.35064130388386,70.35064130388386,70.35064130388386,70.35064130388386,70.35064130388386
2429,66.66394198041105,66.66394198041105,66.66394198041105,66.66394198041105,66.66394198041105
2430,69.32365730601853,69.32365730601853,69.32365730601853,69.32365730601853,69.32365730601853
2431,59.680613953700856,59.680613953700856,59.680613953700856,59.680613953700856,59.680613953700856
2432,58.667619938695765,58.667619938695765,58.667619938695765,58.667619938695765,58.667619938695765
2433,59.20786406798565,59.20786406798565,59.20786406798565,59.20786406798565,59.20786406798565
2434,70.26559249890855,70.26559249890855,70.26559249890855,70.26559249890855,70.26559249890855
2435,63.732656253963434,63.732656253963434,63.732656253963434,63.732656253963434,63.732656253963434
2436,65.93940321650518,65.93940321650518,65.93940321650518,65.93940321650518,65.93940321650518
2437,68.94187070083204,68.94187070083204,68.94187070083204,68.94187070083204,68.94187070083204
2438,61.70549700864172,61.70549700864172,61.70549700864172,61.70549700864172,61.70549700864172
2439,58.9240843607588,58.9240843607588,58.9240843607588,58.9240843607588,58.9240843607588
2440,67.4283692381856,67.4283692381856,67.4283692381856,67.4283692381856,67.4283692381856
2441,68.06670509508102,68.06670509508102,68.06670509508102,68.06670509508102,68.06670509508102
2442,70.61086320777437,70.61086320777437,70.61086320777437,70.61086320777437,70.61086320777437
2443,69.07320942809848,69.07320942809848,69.07320942809848,69.07320942809848,69.07320942809848
2444,71.44732505862946,71.44732505862946,71.44732505862946,71.44732505862946,71.44732505862946
2445,63.725593202583795,63.725593202583795,63.725593202583795,63.725593202583795,63.725593202583795
2446,58.5752964367024,58.5752964367024,58.5752964367024,58.5752964367024,58.5752964367024
2447,58.85405724964922,58.85405724964922,58.85405724964922,58.85405724964922,58.85405724964922
2448,67.13714209335136,67.13714209335136,67.13714209335136,67.13714209335136,67.13714209335136
2449,67.67960124047866,67.67960124047866,67.67960124047866,67.67960124047866,67.67960124047866
2450,71.34253328600337,71.34253328600337,71.34253328600337,71.34253328600337,71.34253328600337
2451,66.74226862010768,66.74226862010768,66.74226862010768,66.74226862010768,66.74226862010768
2452,63.97887604697501,63.97887604697501,63.97887604697501,63.97887604697501,63.97887604697501
2453,67.47998160664875,67.47998160664875,67.47998160664875,67.47998160664875,67.47998160664875
2454,70.95622368714572,70.95622368714572,70.95622368714572,70.95622368714572,70.95622368714572
2455,68.19686352314795,68.19686352314795,68.19686352314795,68.19686352314795,68.19686352314795
2456,60.26268699739052,60.26268699739052,60.26268699739052,60.26268699739052,60.26268699739052
2457,66.04241715470837,66.04241715470837,66.04241715470837,66.04241715470837,66.04241715470837
2458,70.96962055923136,70.96962055923136,70.96962055923136,70.96962055923136,70.96962055923136
2459,70.0022449419175,70.0022449419175,70.0022449419175,70.0022449419175,70.0022449419175
2460,69.1457664624595,69.1457664624595,69.1457664624595,69.1457664624595,69.1457664624595
2461,65.09902874963223,65.09902874963223,65.09902874963223,65.09902874963223,65.09902874963223
2462,64.40051035753072,64.40051035753072,64.40051035753072,64.40051035753072,64.40051035753072
2463,69.6333321721753,69.6333321721753,69.6333321721753,69.6333321721753,69.6333321721753
2464,68.65426612434068,68.65426612434068,68.65426612434068,68.65426612434068,68.65426612434068
2465,69.83125530684299,69.83125530684299,69.83125530684299,69.83125530684299,69.83125530684299
2466,60.90046466809524,60.90046466809524,60.90046466809524,60.90046466809524,60.90046466809524
2467,67.5519099607052,67.5519099607052,67.5519099607052,67.5519099607052,67.5519099607052
2468,67.50711437753893,67.50711437753893,67.50711437753893,67.50711437753893,67.50711437753893
2469,65.8119710185993,65.8119710185993,65.8119710185993,65.8119710185993,65.8119710185993
2470,65.06821883182826,65.06821883182826,65.06821883182826,65.06821883182826,65.06821883182826
2471,68.16064623325617,68.16064623325617,68.16064623325617,68.16064623325617,68.16064623325617
2472,64.94082200794189,64.94082200794189,64.94082200794189,64.94082200794189,64.94082200794189
2473,65.3672090168772,65.3672090168772,65.3672090168772,65.3672090168772,65.3672090168772
2474,68.9939348702274,68.9939348702274,68.9939348702274,68.9939348702274,68.9939348702274
2475,71.34894091238299,71.34894091238299,71.34894091238299,71.34894091238299,71.34894091238299
2476,62.88621804008509,62.88621804008509,62.88621804008509,62.88621804008509,62.88621804008509
2477,70.10307356448584,70.10307356448584,70.10307356448584,70.10307356448584,70.10307356448584
2478,58.96690316585815,58.96690316585815,58.96690316585815,58.96690316585815,58.96690316585815
2479,62.481871466959866,62.481871466959866,62.481871466959866,62.481871466959866,62.481871466959866
2480,63.94933505382399,63.94933505382399,63.94933505382399,63.94933505382399,63.94933505382399
2481,63.356744809855684,63.356744809855684,63.356744809855684,63.356744809855684,63.356744809855684
2482,62.956453973402084,62.956453973402084,62.956453973402084,62.956453973402084,62.956453973402084
2483,60.722279520407994,60.722279520407994,60.722279520407994,60.722279520407994,60.722279520407994
2484,59.98654095289508,59.98654095289508,59.98654095289508,59.98654095289508,59.98654095289508
2485,62.52991522987152,62.52991522987152,62.52991522987152,62.52991522987152,62.52991522987152
2486,62.747901319481144,62.747901319481144,62.747901319481144,62.747901319481144,62.747901319481144
2487,65.77600454098163,65.77600454098163,65.77600454098163,65.77600454098163,65.77600454098163
2488,66.71023630390168,66.71023630390168,66.71023630390168,66.71023630390168,66.71023630390168
2489,71.07885878210318,71.07885878210318,71.07885878210318,71.07885878210318,71.07885878210318
2490,69.17572562077588,69.17572562077588,69.17572562077588,69.17572562077588,69.17572562077588
2491,61.28416194401269,61.28416194401269,61.28416194401269,61.28416194401269,61.28416194401269
2492,61.54964867168069,61.54964867168069,61.54964867168069,61.54964867168069,61.54964867168069
2493,60.13173357954841,60.13173357954841,60.13173357954841,60.13173357954841,60.13173357954841
2494,61.94460139931955,61.94460139931955,61.94460139931955,61.94460139931955,61.94460139931955
2495,62.78855816117523,62.78855816117523,62.78855816117523,62.78855816117523,62.78855816117523
2496,59.30572224856665,59.30572224856665,59.30572224856665,59.30572224856665,59.30572224856665
2497,66.77923327303814,66.77923327303814,66.77923327303814,66.77923327303814,66.77923327303814
2498,64.64516256503545,64.64516256503545,64.64516256503545,64.64516256503545,64.64516256503545
2499,62.44780161988388,62.44780161988388,62.44780161988388,62.44780161988388,62.44780161988388
2500,68.47405064345294,68.47405064345294,68.47405064345294,68.47405064345294,68.47405064345294
2501,65.70017645170068,65.70017645170068,65.70017645170068,65.70017645170068,65.70017645170068
2502,64.50408169340336,64.50408169340336,64.50408169340336,64.50408169340336,64.50408169340336
2503,67.98229609758131,67.98229609758131,67.98229609758131,67.98229609758131,67.98229609758131
2504,66.64354973476229,66.64354973476229,66.64354973476229,66.64354973476229,66.64354973476229
2505,64.94825949268136,64.94825949268136,64.94825949268136,64.94825949268136,64.94825949268136
2506,59.71712209764781,59.71712209764781,59.71712209764781,59.71712209764781,59.71712209764781
2507,58.91834666571528,58.91834666571528,58.91834666571528,58.91834666571528,58.91834666571528
2508,71.14606278557365,71.14606278557365,71.14606278557365,71.14606278557365,71.14606278557365
2509,67.90200206388403,67.90200206388403,67.90200206388403,67.90200206388403,67.90200206388403
2510,61.311582376508994,61.311582376508994,61.311582376508994,61.311582376508994,61.311582376508994
2511,64.29003201498773,64.29003201498773,64.29003201498773,64.29003201498773,64.29003201498773
2512,65.46758539704871,65.46758539704871,65.46758539704871,65.46758539704871,65.46758539704871
2513,66.51355006595625,66.51355006595625,66.51355006595625,66.51355006595625,66.51355006595625
2514,67.51147532572722,67.51147532572722,67.51147532572722,67.51147532572722,67.51147532572722
2515,63.002369773627,63.002369773627,63.002369773627,63.002369773627,63.002369773627
2516,66.42366650112126,66.42366650112126,66.42366650112126,66.42366650112126,66.42366650112126
2517,63.324773307106476,63.324773307106476,63.324773307106476,63.324773307106476,63.324773307106476
2518,60.32259923883738,60.32259923883738,60.32259923883738,60.32259923883738,60.32259923883738
2519,61.53022477575822,61.53022477575822,61.53022477575822,61.53022477575822,61.53022477575822
2520,63.64987480069009,63.64987480069009,63.64987480069009,63.64987480069009,63.64987480069009
2521,62.70357793287814,62.70357793287814,62.70357793287814,62.70357793287814,62.70357793287814
2522,70.97797161934776,70.97797161934776,70.97797161934776,70.97797161934776,70.97797161934776
2523,61.260725017116485,61.260725017116485,61.260725017116485,61.260725017116485,61.260725017116485
2524,65.47898022688507,65.47898022688507,65.47898022688507,65.47898022688507,65.47898022688507
2525,60.710767360724525,60.710767360724525,60.710767360724525,60.710767360724525,60.710767360724525
2526,68.23325269432378,68.23325269432378,68.23325269432378,68.23325269432378,68.23325269432378
2527,69.25433736945523,69.25433736945523,69.25433736945523,69.25433736945523,69.25433736945523
2528,62.69578598370553,62.69578598370553,62.69578598370553,62.69578598370553,62.69578598370553
2529,62.71992354395205,62.71992354395205,62.71992354395205,62.71992354395205,62.71992354395205
2530,59.91175371804371,59.91175371804371,59.91175371804371,59.91175371804371,59.91175371804371
2531,59.63260478197836,59.63260478197836,59.63260478197836,59.63260478197836,59.63260478197836
2532,65.59396245541046,65.59396245541046,65.59396245541046,65.59396245541046,65.59396245541046
2533,70.49957986088015,70.49957986088015,70.49957986088015,70.49957986088015,70.49957986088015
2534,70.13083059872903,70.13083059872903,70.13083059872903,70.13083059872903,70.13083059872903
2535,65.66769481731797,65.66769481731797,65.66769481731797,65.66769481731797,65.66769481731797
2536,67.32668589594032,67.32668589594032,67.32668589594032,67.32668589594032,67.32668589594032
2537,67.84830880441652,67.84830880441652,67.84830880441652,67.84830880441652,67.84830880441652
2538,61.20267213399701,61.20267213399701,61.20267213399701,61.20267213399701,61.20267213399701
2539,59.069397706111175,59.069397706111175,59.069397706111175,59.069397706111175,59.069397706111175
2540,60.384382638311635,60.384382638311635,60.384382638311635,60.384382638311635,60.384382638311635
2541,68.09978277807475,68.09978277807475,68.09978277807475,68.09978277807475,68.09978277807475
2542,60.62345208372483,60.62345208372483,60.62345208372483,60.62345208372483,60.62345208372483
2543,61.44799963333265,61.44799963333265,61.44799963333265,61.44799963333265,61.44799963333265
2544,69.54421816052192,69.54421816052192,69.54421816052192,69.54421816052192,69.54421816052192
2545,68.72594821802485,68.72594821802485,68.72594821802485,68.72594821802485,68.72594821802485
2546,68.79820592462562,68.79820592462562,68.79820592462562,68.79820592462562,68.79820592462562
2547,71.11308751023189,71.11308751023189,71.11308751023189,71.11308751023189,71.11308751023189
2548,67.45732890001592,67.45732890001592,67.45732890001592,67.45732890001592,67.45732890001592
2549,63.751405391975084,63.751405391975084,63.751405391975084,63.751405391975084,63.751405391975084
2550,66.82098226849016,66.82098226849016,66.82098226849016,66.82098226849016,66.82098226849016
2551,59.02807808409363,59.02807808409363,59.02807808409363,59.02807808409363,59.02807808409363
2552,70.25872685512846,70.25872685512846,70.25872685512846,70.25872685512846,70.25872685512846
2553,64.55249531594099,64.55249531594099,64.55249531594099,64.55249531594099,64.55249531594099
2554,64.18086254484874,64.18086254484874,64.18086254484874,64.18086254484874,64.18086254484874
2555,62.16787059511938,62.16787059511938,62.16787059511938,62.16787059511938,62.16787059511938
2556,67.58110816396253,67.58110816396253,67.58110816396253,67.58110816396253,67.58110816396253
2557,60.996242344086724,60.996242344086724,60.996242344086724,60.996242344086724,60.996242344086724
2558,61.44165415065197,61.44165415065197,61.44165415065197,61.44165415065197,61.44165415065197
2559,58.825284234994804,58.825284234994804,58.825284234994804,58.825284234994804,58.825284234994804
2560,63.73273694166262,63.73273694166262,63.73273694166262,63.73273694166262,63.73273694166262
2561,66.71482262497491,66.71482262497491,66.71482262497491,66.71482262497491,66.71482262497491
2562,64.3833709883748,64.3833709883748,64.3833709883748,64.3833709883748,64.3833709883748
2563,63.67614502833393,63.67614502833393,63.67614502833393,63.67614502833393,63.67614502833393
2564,64.2885690162058,64.2885690162058,64.2885690162058,64.2885690162058,64.2885690162058
2565,60.61816588715061,60.61816588715061,60.61816588715061,60.61816588715061,60.61816588715061
2566,66.35255248548017,66.35255248548017,66.35255248548017,66.35255248548017,66.35255248548017
2567,65.1496152540447,65.1496152540447,65.1496152540447,65.1496152540447,65.1496152540447
2568,63.729999486060386,63.729999486060386,63.729999486060386,63.729999486060386,63.729999486060386
2569,70.03228154356923,70.03228154356923,70.03228154356923,70.03228154356923,70.03228154356923
2570,65.6623088836405,65.6623088836405,65.6623088836405,65.6623088836405,65.6623088836405
2571,69.65590289799584,69.65590289799584,69.65590289799584,69.65590289799584,69.65590289799584
2572,62.207904386838294,62.207904386838294,62.207904386838294,62.207904386838294,62.207904386838294
2573,59.94162577080834,59.94162577080834,59.94162577080834,59.94162577080834,59.94162577080834
2574,67.5560473550672,67.5560473550672,67.5560473550672,67.5560473550672,67.5560473550672
2575,66.07049551361231,66.07049551361231,66.07049551361231,66.07049551361231,66.07049551361231
2576,71.4868717021145,71.4868717021145,71.4868717021145,71.4868717021145,71.4868717021145
2577,64.94628652029128,64.94628652029128,64.94628652029128,64.94628652029128,64.94628652029128
2578,65.42375143824705,65.42375143824705,65.42375143824705,65.42375143824705,65.42375143824705
2579,62.414708266579936,62.414708266579936,62.414708266579936,62.414708266579936,62.414708266579936
2580,69.60726408517736,69.60726408517736,69.60726408517736,69.60726408517736,69.60726408517736
2581,63.60559669857323,63.60559669857323,63.60559669857323,63.60559669857323,63.60559669857323
2582,69.44781770722508,69.44781770722508,69.44781770722508,69.44781770722508,69.44781770722508
2583,60.76896406943022,60.76896406943022,60.76896406943022,60.76896406943022,60.76896406943022
2584,63.32605070377135,63.32605070377135,63.32605070377135,63.32605070377135,63.32605070377135
2585,68.31862665461037,68.31862665461037,68.31862665461037,68.31862665461037,68.31862665461037
2586,60.58740428021929,60.58740428021929,60.58740428021929,60.58740428021929,60.58740428021929
2587,71.34506587750418,71.34506587750418,71.34506587750418,71.34506587750418,71.34506587750418
2588,67.10617423195156,67.10617423195156,67.10617423195156,67.10617423195156,67.10617423195156
2589,59.96099734587615,59.96099734587615,59.96099734587615,59.96099734587615,59.96099734587615
2590,67.60562566305872,67.60562566305872,67.60562566305872,67.60562566305872,67.60562566305872
2591,65.03882784684073,65.03882784684073,65.03882784684073,65.03882784684073,65.03882784684073
2592,67.23111879690529,67.23111879690529,67.23111879690529,67.23111879690529,67.23111879690529
2593,62.92835429686216,62.92835429686216,62.92835429686216,62.92835429686216,62.92835429686216
2594,61.00016149001899,61.00016149001899,61.00016149001899,61.00016149001899,61.00016149001899
2595,61.07396548839503,61.07396548839503,61.07396548839503,61.07396548839503,61.07396548839503
2596,59.8938309901884,59.8938309901884,59.8938309901884,59.8938309901884,59.8938309901884
2597,64.42374040799855,64.42374040799855,64.42374040799855,64.42374040799855,64.42374040799855
2598,61.23031832572749,61.23031832572749,61.23031832572749,61.23031832572749,61.23031832572749
2599,64.61635170135682,64.61635170135682,64.61635170135682,64.61635170135682,64.61635170135682
2600,58.964262907848,58.964262907848,58.964262907848,58.964262907848,58.964262907848
2601,61.548889501277536,61.548889501277536,61.548889501277536,61.548889501277536,61.548889501277536
2602,60.01926781246258,60.01926781246258,60.01926781246258,60.01926781246258,60.01926781246258
2603,70.78163284813186,70.78163284813186,70.78163284813186,70.78163284813186,70.78163284813186
2604,70.13826826979229,70.13826826979229,70.13826826979229,70.13826826979229,70.13826826979229
2605,69.39312642793097,69.39312642793097,69.39312642793097,69.39312642793097,69.39312642793097
2606,64.32709910981698,64.32709910981698,64.32709910981698,64.32709910981698,64.32709910981698
2607,70.78584628474398,70.78584628474398,70.78584628474398,70.78584628474398,70.78584628474398
2608,60.95904941588343,60.95904941588343,60.95904941588343,60.95904941588343,60.95904941588343
2609,61.23437103291772,61.23437103291772,61.23437103291772,61.23437103291772,61.23437103291772
2610,60.89435208344447,60.89435208344447,60.89435208344447,60.89435208344447,60.89435208344447
2611,60.15064856598074,60.15064856598074,60.15064856598074,60.15064856598074,60.15064856598074
2612,69.58436325238986,69.58436325238986,69.58436325238986,69.58436325238986,69.58436325238986
2613,60.38799489948823,60.38799489948823,60.38799489948823,60.38799489948823,60.38799489948823
2614,63.75183709574842,63.75183709574842,63.75183709574842,63.75183709574842,63.75183709574842
2615,69.28422655774463,69.28422655774463,69.28422655774463,69.28422655774463,69.28422655774463
2616,66.56904358254708,66.56904358254708,66.56904358254708,66.56904358254708,66.56904358254708
2617,70.11666935403541,70.11666935403541,70.11666935403541,70.11666935403541,70.11666935403541
2618,65.34716950094973,65.34716950094973,65.34716950094973,65.34716950094973,65.34716950094973
2619,69.30979094740145,69.30979094740145,69.30979094740145,69.30979094740145,69.30979094740145
2620,60.78221589773499,60.78221589773499,60.78221589773499,60.78221589773499,60.78221589773499
2621,67.33480253818325,67.33480253818325,67.33480253818325,67.33480253818325,67.33480253818325
2622,69.92595541280362,69.92595541280362,69.92595541280362,69.92595541280362,69.92595541280362
2623,63.452470410541906,63.452470410541906,63.452470410541906,63.452470410541906,63.452470410541906
2624,60.89178138349955,60.89178138349955,60.89178138349955,60.89178138349955,60.89178138349955
2625,66.76710490448995,66.76710490448995,66.76710490448995,66.76710490448995,66.76710490448995
2626,62.94836635517015,62.94836635517015,62.94836635517015,62.94836635517015,62.94836635517015
2627,67.19009765733395,67.19009765733395,67.19009765733395,67.19009765733395,67.19009765733395
2628,68.63647093199134,68.63647093199134,68.63647093199134,68.63647093199134,68.63647093199134
2629,67.87234188551501,67.87234188551501,67.87234188551501,67.87234188551501,67.87234188551501
2630,62.767811444055155,62.767811444055155,62.767811444055155,62.767811444055155,62.767811444055155
2631,60.892558718152564,60.892558718152564,60.892558718152564,60.892558718152564,60.892558718152564
2632,68.13734442644342,68.13734442644342,68.13734442644342,68.13734442644342,68.13734442644342
2633,64.08256290871903,64.08256290871903,64.08256290871903,64.08256290871903,64.08256290871903
2634,68.96338027004919,68.96338027004919,68.96338027004919,68.96338027004919,68.96338027004919
2635,68.38508212157755,68.38508212157755,68.38508212157755,68.38508212157755,68.38508212157755
2636,64.43761992352485,64.43761992352485,64.43761992352485,64.43761992352485,64.43761992352485
2637,64.08516828289197,64.08516828289197,64.08516828289197,64.08516828289197,64.08516828289197
2638,62.23449854176835,62.23449854176835,62.23449854176835,62.23449854176835,62.23449854176835
2639,63.901468441194424,63.901468441194424,63.901468441194424,63.901468441194424,63.901468441194424
2640,68.1741972491667,68.1741972491667,68.1741972491667,68.1741972491667,68.1741972491667
2641,63.97004468013179,63.97004468013179,63.97004468013179,63.97004468013179,63.97004468013179
2642,63.57020324410261,63.57020324410261,63.57020324410261,63.57020324410261,63.57020324410261
2643,59.16275533132926,59.16275533132926,59.16275533132926,59.16275533132926,59.16275533132926
2644,59.68391868851825,59.68391868851825,59.68391868851825,59.68391868851825,59.68391868851825
2645,63.49458615697098,63.49458615697098,63.49458615697098,63.49458615697098,63.49458615697098
2646,66.48692878531828,66.48692878531828,66.48692878531828,66.48692878531828,66.48692878531828
2647,64.81758536426615,64.81758536426615,64.81758536426615,64.81758536426615,64.81758536426615
2648,69.54850524035814,69.54850524035814,69.54850524035814,69.54850524035814,69.54850524035814
2649,60.24819785511849,60.24819785511849,60.24819785511849,60.24819785511849,60.24819785511849
2650,60.87541089518385,60.87541089518385,60.87541089518385,60.87541089518385,60.87541089518385
2651,70.73101656966291,70.73101656966291,70.73101656966291,70.73101656966291,70.73101656966291
2652,62.22985651838271,62.22985651838271,62.22985651838271,62.22985651838271,62.22985651838271
2653,60.890482592742856,60.890482592742856,60.890482592742856,60.890482592742856,60.890482592742856
2654,58.619016787163005,58.619016787163005,58.619016787163005,58.619016787163005,58.619016787163005
2655,61.82965502740988,61.82965502740988,61.82965502740988,61.82965502740988,61.82965502740988
2656,69.14040476064844,69.14040476064844,69.14040476064844,69.14040476064844,69.14040476064844
2657,71.01112162903932,71.01112162903932,71.01112162903932,71.01112162903932,71.01112162903932
2658,66.8884637941292,66.8884637941292,66.8884637941292,66.8884637941292,66.8884637941292
2659,61.19994900878823,61.19994900878823,61.19994900878823,61.19994900878823,61.19994900878823
2660,65.82122613736009,65.82122613736009,65.82122613736009,65.82122613736009,65.82122613736009
2661,65.74911683176812,65.74911683176812,65.74911683176812,65.74911683176812,65.74911683176812
2662,62.11333290846113,62.11333290846113,62.11333290846113,62.11333290846113,62.11333290846113
2663,65.30917017136409,65.30917017136409,65.30917017136409,65.30917017136409,65.30917017136409
2664,68.00624082644092,68.00624082644092,68.00624082644092,68.00624082644092,68.00624082644092
2665,62.919030082323985,62.919030082323985,62.919030082323985,62.919030082323985,62.919030082323985
2666,64.407259549118,64.407259549118,64.407259549118,64.407259549118,64.407259549118
2667,60.25010813126887,60.25010813126887,60.25010813126887,60.25010813126887,60.25010813126887
2668,65.39019135491687,65.39019135491687,65.39019135491687,65.39019135491687,65.39019135491687
2669,59.6309918422609,59.6309918422609,59.6309918422609,59.6309918422609,59.6309918422609
2670,61.228261701987144,61.228261701987144,61.228261701987144,61.228261701987144,61.228261701987144
2671,67.49140753890045,67.49140753890045,67.49140753890045,67.49140753890045,67.49140753890045
2672,60.25647690891029,60.25647690891029,60.25647690891029,60.25647690891029,60.25647690891029
2673,69.74502593199502,69.74502593199502,69.74502593199502,69.74502593199502,69.74502593199502
2674,62.89267316726404,62.89267316726404,62.89267316726404,62.89267316726404,62.89267316726404
2675,66.03711366854311,66.03711366854311,66.03711366854311,66.03711366854311,66.03711366854311
2676,67.70285104945468,67.70285104945468,67.70285104945468,67.70285104945468,67.70285104945468
2677,71.1812827316758,71.1812827316758,71.1812827316758,71.1812827316758,71.1812827316758
2678,67.88069911560581,67.88069911560581,67.88069911560581,67.88069911560581,67.88069911560581
2679,61.4346691993089,61.4346691993089,61.4346691993089,61.4346691993089,61.4346691993089
2680,64.66166465468511,64.66166465468511,64.66166465468511,64.66166465468511,64.66166465468511
2681,68.64724570015754,68.64724570015754,68.64724570015754,68.64724570015754,68.64724570015754
2682,65.92076547367644,65.92076547367644,65.92076547367644,65.92076547367644,65.92076547367644
2683,59.47754356359044,59.47754356359044,59.47754356359044,59.47754356359044,59.47754356359044
2684,63.329834245128836,63.329834245128836,63.329834245128836,63.329834245128836,63.329834245128836
2685,62.11547977939797,62.11547977939797,62.11547977939797,62.11547977939797,62.11547977939797
2686,60.273722321100436,60.273722321100436,60.273722321100436,60.273722321100436,60.273722321100436
2687,69.19644798551775,69.19644798551775,69.19644798551775,69.19644798551775,69.19644798551775
2688,65.76335435674295,65.76335435674295,65.76335435674295,65.76335435674295,65.76335435674295
2689,64.25893188075342,64.25893188075342,64.25893188075342,64.25893188075342,64.25893188075342
2690,60.226881033859456,60.226881033859456,60.226881033859456,60.226881033859456,60.226881033859456
2691,69.63075276293489,69.63075276293489,69.63075276293489,69.63075276293489,69.63075276293489
2692,67.46584065025883,67.46584065025883,67.46584065025883,67.46584065025883,67.46584065025883
2693,70.42868568619548,70.42868568619548,70.42868568619548,70.42868568619548,70.42868568619548
2694,59.035293404724925,59.035293404724925,59.035293404724925,59.035293404724925,59.035293404724925
2695,62.33893410035909,62.33893410035909,62.33893410035909,62.33893410035909,62.33893410035909
2696,65.64007002961283,65.64007002961283,65.64007002961283,65.64007002961283,65.64007002961283
2697,63.83780959451821,63.83780959451821,63.83780959451821,63.83780959451821,63.83780959451821
2698,63.782658286931834,63.782658286931834,63.782658286931834,63.782658286931834,63.782658286931834
2699,71.15367826574085,71.15367826574085,71.15367826574085,71.15367826574085,71.15367826574085
2700,69.42653618450487,69.42653618450487,69.42653618450487,69.42653618450487,69.42653618450487
2701,60.90733360076831,60.90733360076831,60.90733360076831,60.90733360076831,60.90733360076831
2702,64.09379306450553,64.09379306450553,64.09379306450553,64.09379306450553,64.09379306450553
2703,65.5666219592822,65.5666219592822,65.5666219592822,65.5666219592822,65.5666219592822
2704,61.469019092630234,61.469019092630234,61.469019092630234,61.469019092630234,61.469019092630234
2705,66.7386169143088,66.7386169143088,66.7386169143088,66.7386169143088,66.7386169143088
2706,63.06035192102205,63.06035192102205,63.06035192102205,63.06035192102205,63.06035192102205
2707,60.29386279160929,60.29386279160929,60.29386279160929,60.29386279160929,60.29386279160929
2708,67.23074830109073,67.23074830109073,67.23074830109073,67.23074830109073,67.23074830109073
2709,64.18058488367318,64.18058488367318,64.18058488367318,64.18058488367318,64.18058488367318
2710,65.9685004279487,65.9685004279487,65.9685004279487,65.9685004279487,65.9685004279487
2711,60.01176856576719,60.01176856576719,60.01176856576719,60.01176856576719,60.01176856576719
2712,60.51325413537797,60.51325413537797,60.51325413537797,60.51325413537797,60.51325413537797
2713,61.94623667861785,61.94623667861785,61.94623667861785,61.94623667861785,61.94623667861785
2714,61.450745453761556,61.450745453761556,61.450745453761556,61.450745453761556,61.450745453761556
2715,67.85726769318727,67.85726769318727,67.85726769318727,67.85726769318727,67.85726769318727
2716,64.08271960621478,64.08271960621478,64.08271960621478,64.08271960621478,64.08271960621478
2717,68.18018575140135,68.18018575140135,68.18018575140135,68.18018575140135,68.18018575140135
2718,66.03271871432499,66.03271871432499,66.03271871432499,66.03271871432499,66.03271871432499
2719,63.61416687129434,63.61416687129434,63.61416687129434,63.61416687129434,63.61416687129434
2720,67.36663312367143,67.36663312367143,67.36663312367143,67.36663312367143,67.36663312367143
2721,64.59613761628931,64.59613761628931,64.59613761628931,64.59613761628931,64.59613761628931
2722,67.48626776652254,67.48626776652254,67.48626776652254,67.48626776652254,67.48626776652254
2723,60.207666469878,60.207666469878,60.207666469878,60.207666469878,60.207666469878
2724,70.0444196144923,70.0444196144923,70.0444196144923,70.0444196144923,70.0444196144923
2725,70.8584583054466,70.8584583054466,70.8584583054466,70.8584583054466,70.8584583054466
2726,60.931615743662014,60.931615743662014,60.931615743662014,60.931615743662014,60.931615743662014
2727,61.43425318804783,61.43425318804783,61.43425318804783,61.43425318804783,61.43425318804783
2728,61.38929074927054,61.38929074927054,61.38929074927054,61.38929074927054,61.38929074927054
2729,70.81601093644069,70.81601093644069,70.81601093644069,70.81601093644069,70.81601093644069
2730,66.49074255859759,66.49074255859759,66.49074255859759,66.49074255859759,66.49074255859759
2731,60.084124971388945,60.084124971388945,60.084124971388945,60.084124971388945,60.084124971388945
2732,61.78536677297566,61.78536677297566,61.78536677297566,61.78536677297566,61.78536677297566
2733,70.9057154062733,70.9057154062733,70.9057154062733,70.9057154062733,70.9057154062733
2734,70.13038619980092,70.13038619980092,70.13038619980092,70.13038619980092,70.13038619980092
2735,59.642509644539224,59.642509644539224,59.642509644539224,59.642509644539224,59.642509644539224
2736,68.94486798465446,68.94486798465446,68.94486798465446,68.94486798465446,68.94486798465446
2737,68.47513402572983,68.47513402572983,68.47513402572983,68.47513402572983,68.47513402572983
2738,61.13698486856532,61.13698486856532,61.13698486856532,61.13698486856532,61.13698486856532
2739,68.3768458746587,68.3768458746587,68.3768458746587,68.3768458746587,68.3768458746587
2740,69.9233902919135,69.9233902919135,69.9233902919135,69.9233902919135,69.9233902919135
2741,59.950557754240975,59.950557754240975,59.950557754240975,59.950557754240975,59.950557754240975
2742,60.76628382670863,60.76628382670863,60.76628382670863,60.76628382670863,60.76628382670863
2743,67.82086530258175,67.82086530258175,67.82086530258175,67.82086530258175,67.82086530258175
2744,60.41814877336295,60.41814877336295,60.41814877336295,60.41814877336295,60.41814877336295
2745,63.570149835621194,63.570149835621194,63.570149835621194,63.570149835621194,63.570149835621194
2746,69.17181370381847,69.17181370381847,69.17181370381847,69.17181370381847,69.17181370381847
2747,59.69066639434715,59.69066639434715,59.69066639434715,59.69066639434715,59.69066639434715
2748,65.5849474164783,65.5849474164783,65.5849474164783,65.5849474164783,65.5849474164783
2749,63.758056062714594,63.758056062714594,63.758056062714594,63.758056062714594,63.758056062714594
2750,70.73913194819352,70.73913194819352,70.73913194819352,70.73913194819352,70.73913194819352
2751,63.863328973601895,63.863328973601895,63.863328973601895,63.863328973601895,63.863328973601895
2752,58.591886380428804,58.591886380428804,58.591886380428804,58.591886380428804,58.591886380428804
2753,62.37443871081154,62.37443871081154,62.37443871081154,62.37443871081154,62.37443871081154
2754,69.83293741203585,69.83293741203585,69.83293741203585,69.83293741203585,69.83293741203585
2755,70.78674933651938,70.78674933651938,70.78674933651938,70.78674933651938,70.78674933651938
2756,66.47032755864342,66.47032755864342,66.47032755864342,66.47032755864342,66.47032755864342
2757,63.13476310383128,63.13476310383128,63.13476310383128,63.13476310383128,63.13476310383128
2758,70.03250897536405,70.03250897536405,70.03250897536405,70.03250897536405,70.03250897536405
2759,60.21516704497641,60.21516704497641,60.21516704497641,60.21516704497641,60.21516704497641
2760,64.55909147001313,64.55909147001313,64.55909147001313,64.55909147001313,64.55909147001313
2761,59.98014307031571,59.98014307031571,59.98014307031571,59.98014307031571,59.98014307031571
2762,62.22372552488679,62.22372552488679,62.22372552488679,62.22372552488679,62.22372552488679
2763,70.3927514246784,70.3927514246784,70.3927514246784,70.3927514246784,70.3927514246784
2764,61.81108318436034,61.81108318436034,61.81108318436034,61.81108318436034,61.81108318436034
2765,63.64794277667616,63.64794277667616,63.64794277667616,63.64794277667616,63.64794277667616
2766,64.40910316561565,64.40910316561565,64.40910316561565,64.40910316561565,64.40910316561565
2767,58.69396311305944,58.69396311305944,58.69396311305944,58.69396311305944,58.69396311305944
2768,66.1245600483026,66.1245600483026,66.1245600483026,66.1245600483026,66.1245600483026
2769,64.34667452733075,64.34667452733075,64.34667452733075,64.34667452733075,64.34667452733075
2770,59.29139807958357,59.29139807958357,59.29139807958357,59.29139807958357,59.29139807958357
2771,68.59109626735663,68.59109626735663,68.59109626735663,68.59109626735663,68.59109626735663
2772,70.5155225442102,70.5155225442102,70.5155225442102,70.5155225442102,70.5155225442102
2773,59.69445915674312,59.69445915674312,59.69445915674312,59.69445915674312,59.69445915674312
2774,59.18301693824744,59.18301693824744,59.18301693824744,59.18301693824744,59.18301693824744
2775,60.211267231275066,60.211267231275066,60.211267231275066,60.211267231275066,60.211267231275066
2776,62.271054870323916,62.271054870323916,62.271054870323916,62.271054870323916,62.271054870323916
2777,59.50444572622402,59.50444572622402,59.50444572622402,59.50444572622402,59.50444572622402
2778,64.23052453883976,64.23052453883976,64.23052453883976,64.23052453883976,64.23052453883976
2779,59.23485197492157,59.23485197492157,59.23485197492157,59.23485197492157,59.23485197492157
2780,66.30541482077041,66.30541482077041,66.30541482077041,66.30541482077041,66.30541482077041
2781,60.27780871477291,60.27780871477291,60.27780871477291,60.27780871477291,60.27780871477291
2782,70.3678464344024,70.3678464344024,70.3678464344024,70.3678464344024,70.3678464344024
2783,68.03667437553172,68.03667437553172,68.03667437553172,68.03667437553172,68.03667437553172
2784,65.88073356607686,65.88073356607686,65.88073356607686,65.88073356607686,65.88073356607686
2785,62.97725035203746,62.97725035203746,62.97725035203746,62.97725035203746,62.97725035203746
2786,61.9175528106495,61.9175528106495,61.9175528106495,61.9175528106495,61.9175528106495
2787,68.94825463137232,68.94825463137232,68.94825463137232,68.94825463137232,68.94825463137232
2788,71.2617402364269,71.2617402364269,71.2617402364269,71.2617402364269,71.2617402364269
2789,71.14675542942238,71.14675542942238,71.14675542942238,71.14675542942238,71.14675542942238
2790,65.0132882986153,65.0132882986153,65.0132882986153,65.0132882986153,65.0132882986153
2791,67.80656581449365,67.80656581449365,67.80656581449365,67.80656581449365,67.80656581449365
2792,70.90134356979033,70.90134356979033,70.90134356979033,70.90134356979033,70.90134356979033
2793,62.15925547228461,62.15925547228461,62.15925547228461,62.15925547228461,62.15925547228461
2794,68.7132971858368,68.7132971858368,68.7132971858368,68.7132971858368,68.7132971858368
2795,68.67760864484437,68.67760864484437,68.67760864484437,68.67760864484437,68.67760864484437
2796,59.55667719705503,59.55667719705503,59.55667719705503,59.55667719705503,59.55667719705503
2797,71.29104914236261,71.29104914236261,71.29104914236261,71.29104914236261,71.29104914236261
2798,69.19156950648706,69.19156950648706,69.19156950648706,69.19156950648706,69.19156950648706
2799,65.77095474787693,65.77095474787693,65.77095474787693,65.77095474787693,65.77095474787693
2800,70.2498861234918,70.2498861234918,70.2498861234918,70.2498861234918,70.2498861234918
2801,70.0084995811875,70.0084995811875,70.0084995811875,70.0084995811875,70.0084995811875
2802,68.84992724774652,68.84992724774652,68.84992724774652,68.84992724774652,68.84992724774652
2803,62.154554830790914,62.154554830790914,62.154554830790914,62.154554830790914,62.154554830790914
2804,68.85055169980357,68.85055169980357,68.85055169980357,68.85055169980357,68.85055169980357
2805,64.4167189604964,64.4167189604964,64.4167189604964,64.4167189604964,64.4167189604964
2806,61.88072649173747,61.88072649173747,61.88072649173747,61.88072649173747,61.88072649173747
2807,60.253831208153734,60.253831208153734,60.253831208153734,60.253831208153734,60.253831208153734
2808,70.04432224278727,70.04432224278727,70.04432224278727,70.04432224278727,70.04432224278727
2809,58.815315955776754,58.815315955776754,58.815315955776754,58.815315955776754,58.815315955776754
2810,71.48841295044963,71.48841295044963,71.48841295044963,71.48841295044963,71.48841295044963
2811,61.789084891500366,61.789084891500366,61.789084891500366,61.789084891500366,61.789084891500366
2812,68.75171024256403,68.75171024256403,68.75171024256403,68.75171024256403,68.75171024256403
2813,67.22016549981129,67.22016549981129,67.22016549981129,67.22016549981129,67.22016549981129
2814,62.49953660469312,62.49953660469312,62.49953660469312,62.49953660469312,62.49953660469312
2815,61.89218649363876,61.89218649363876,61.89218649363876,61.89218649363876,61.89218649363876
2816,58.50096688885256,58.50096688885256,58.50096688885256,58.50096688885256,58.50096688885256
2817,61.39441915455617,61.39441915455617,61.39441915455617,61.39441915455617,61.39441915455617
2818,69.98002726639216,69.98002726639216,69.98002726639216,69.98002726639216,69.98002726639216
2819,66.56903352124722,66.56903352124722,66.56903352124722,66.56903352124722,66.56903352124722
2820,61.546159550169286,61.546159550169286,61.546159550169286,61.546159550169286,61.546159550169286
2821,65.92549514613948,65.92549514613948,65.92549514613948,65.92549514613948,65.92549514613948
2822,67.33971934845987,67.33971934845987,67.33971934845987,67.33971934845987,67.33971934845987
2823,61.2367165813578,61.2367165813578,61.2367165813578,61.2367165813578,61.2367165813578
2824,67.11402891671183,67.11402891671183,67.11402891671183,67.11402891671183,67.11402891671183
2825,69.27513882751701,69.27513882751701,69.27513882751701,69.27513882751701,69.27513882751701
2826,66.39196990056175,66.39196990056175,66.39196990056175,66.39196990056175,66.39196990056175
2827,62.746668789685614,62.746668789685614,62.746668789685614,62.746668789685614,62.746668789685614
2828,66.0982279571762,66.0982279571762,66.0982279571762,66.0982279571762,66.0982279571762
2829,64.31698030847335,64.31698030847335,64.31698030847335,64.31698030847335,64.31698030847335
2830,64.31102498614432,64.31102498614432,64.31102498614432,64.31102498614432,64.31102498614432
2831,59.27446845701868,59.27446845701868,59.27446845701868,59.27446845701868,59.27446845701868
2832,65.55415877460878,65.55415877460878,65.55415877460878,65.55415877460878,65.55415877460878
2833,70.05962454696935,70.05962454696935,70.05962454696935,70.05962454696935,70.05962454696935
2834,71.09758982652625,71.09758982652625,71.09758982652625,71.09758982652625,71.09758982652625
2835,62.06314718283731,62.06314718283731,62.06314718283731,62.06314718283731,62.06314718283731
2836,65.73748877783123,65.73748877783123,65.73748877783123,65.73748877783123,65.73748877783123
2837,63.755463150020525,63.755463150020525,63.755463150020525,63.755463150020525,63.755463150020525
2838,64.15455677362715,64.15455677362715,64.15455677362715,64.15455677362715,64.15455677362715
2839,62.53275152042323,62.53275152042323,62.53275152042323,62.53275152042323,62.53275152042323
2840,69.15081805819666,69.15081805819666,69.15081805819666,69.15081805819666,69.15081805819666
2841,63.38171094685371,63.38171094685371,63.38171094685371,63.38171094685371,63.38171094685371
2842,68.05784187645283,68.05784187645283,68.05784187645283,68.05784187645283,68.05784187645283
2843,68.06069981872389,68.06069981872389,68.06069981872389,68.06069981872389,68.06069981872389
2844,71.4155226278298,71.4155226278298,71.4155226278298,71.4155226278298,71.4155226278298
2845,66.73616331819892,66.73616331819892,66.73616331819892,66.73616331819892,66.73616331819892
2846,58.88034584950022,58.88034584950022,58.88034584950022,58.88034584950022,58.88034584950022
2847,59.49959069347968,59.49959069347968,59.49959069347968,59.49959069347968,59.49959069347968
2848,65.30449535271417,65.30449535271417,65.30449535271417,65.30449535271417,65.30449535271417
2849,61.98809571007376,61.98809571007376,61.98809571007376,61.98809571007376,61.98809571007376
2850,65.46013046910788,65.46013046910788,65.46013046910788,65.46013046910788,65.46013046910788
2851,61.74954446832802,61.74954446832802,61.74954446832802,61.74954446832802,61.74954446832802
2852,70.0940042886555,70.0940042886555,70.0940042886555,70.0940042886555,70.0940042886555
2853,68.5974237762322,68.5974237762322,68.5974237762322,68.5974237762322,68.5974237762322
2854,63.68726224820579,63.68726224820579,63.68726224820579,63.68726224820579,63.68726224820579
2855,61.4119732607741,61.4119732607741,61.4119732607741,61.4119732607741,61.4119732607741
2856,66.69446575933948,66.69446575933948,66.69446575933948,66.69446575933948,66.69446575933948
2857,61.80733214226278,61.80733214226278,61.80733214226278,61.80733214226278,61.80733214226278
2858,58.860971121536174,58.860971121536174,58.860971121536174,58.860971121536174,58.860971121536174
2859,69.69289625407701,69.69289625407701,69.69289625407701,69.69289625407701,69.69289625407701
2860,68.23282308540654,68.23282308540654,68.23282308540654,68.23282308540654,68.23282308540654
2861,71.05045101957619,71.05045101957619,71.05045101957619,71.05045101957619,71.05045101957619
2862,62.37521420766816,62.37521420766816,62.37521420766816,62.37521420766816,62.37521420766816
2863,60.13102195675391,60.13102195675391,60.13102195675391,60.13102195675391,60.13102195675391
2864,64.42350385682666,64.42350385682666,64.42350385682666,64.42350385682666,64.42350385682666
2865,66.17295668121491,66.17295668121491,66.17295668121491,66.17295668121491,66.17295668121491
2866,66.38323161620045,66.38323161620045,66.38323161620045,66.38323161620045,66.38323161620045
2867,71.4599402226044,71.4599402226044,71.4599402226044,71.4599402226044,71.4599402226044
2868,62.966859956841574,62.966859956841574,62.966859956841574,62.966859956841574,62.966859956841574
2869,68.17217213617772,68.17217213617772,68.17217213617772,68.17217213617772,68.17217213617772
2870,60.94637470405811,60.94637470405811,60.94637470405811,60.94637470405811,60.94637470405811
2871,68.58390511969152,68.58390511969152,68.58390511969152,68.58390511969152,68.58390511969152
2872,63.828092632085,63.828092632085,63.828092632085,63.828092632085,63.828092632085
2873,62.99037134377914,62.99037134377914,62.99037134377914,62.99037134377914,62.99037134377914
2874,60.75196107640669,60.75196107640669,60.75196107640669,60.75196107640669,60.75196107640669
2875,68.59413417435933,68.59413417435933,68.59413417435933,68.59413417435933,68.59413417435933
2876,70.90695339277363,70.90695339277363,70.90695339277363,70.90695339277363,70.90695339277363
2877,71.34226973307305,71.34226973307305,71.34226973307305,71.34226973307305,71.34226973307305
2878,65.3011138446605,65.3011138446605,65.3011138446605,65.3011138446605,65.3011138446605
2879,68.42914231714968,68.42914231714968,68.42914231714968,68.42914231714968,68.42914231714968
2880,68.30718090712524,68.30718090712524,68.30718090712524,68.30718090712524,68.30718090712524
2881,59.268361739879666,59.268361739879666,59.268361739879666,59.268361739879666,59.268361739879666
2882,61.69567334426407,61.69567334426407,61.69567334426407,61.69567334426407,61.69567334426407
2883,58.74625208200301,58.74625208200301,58.74625208200301,58.74625208200301,58.74625208200301
2884,69.36008057003478,69.36008057003478,69.36008057003478,69.36008057003478,69.36008057003478
2885,66.27792466089555,66.27792466089555,66.27792466089555,66.27792466089555,66.27792466089555
2886,69.36462240341325,69.36462240341325,69.36462240341325,69.36462240341325,69.36462240341325
2887,69.29591448486268,69.29591448486268,69.29591448486268,69.29591448486268,69.29591448486268
2888,61.66022381425621,61.66022381425621,61.66022381425621,61.66022381425621,61.66022381425621
2889,71.47008974399695,71.47008974399695,71.47008974399695,71.47008974399695,71.47008974399695
2890,68.14631078026751,68.14631078026751,68.14631078026751,68.14631078026751,68.14631078026751
2891,59.02693407993326,59.02693407993326,59.02693407993326,59.02693407993326,59.02693407993326
2892,67.62332461221942,67.62332461221942,67.62332461221942,67.62332461221942,67.62332461221942
2893,66.75964564690977,66.75964564690977,66.75964564690977,66.75964564690977,66.75964564690977
2894,67.06633159105533,67.06633159105533,67.06633159105533,67.06633159105533,67.06633159105533
2895,66.18127311358191,66.18127311358191,66.18127311358191,66.18127311358191,66.18127311358191
2896,70.91488178407968,70.91488178407968,70.91488178407968,70.91488178407968,70.91488178407968
2897,69.61262360671306,69.61262360671306,69.61262360671306,69.61262360671306,69.61262360671306
2898,62.32313861355086,62.32313861355086,62.32313861355086,62.32313861355086,62.32313861355086
2899,67.08694763392528,67.08694763392528,67.08694763392528,67.08694763392528,67.08694763392528
2900,68.26281074970512,68.26281074970512,68.26281074970512,68.26281074970512,68.26281074970512
2901,66.36532161987972,66.36532161987972,66.36532161987972,66.36532161987972,66.36532161987972
2902,62.77992289913574,62.77992289913574,62.77992289913574,62.77992289913574,62.77992289913574
2903,59.939522291139724,59.939522291139724,59.939522291139724,59.939522291139724,59.939522291139724
2904,59.785786423867755,59.785786423867755,59.785786423867755,59.785786423867755,59.785786423867755
2905,61.139080067850614,61.139080067850614,61.139080067850614,61.139080067850614,61.139080067850614
2906,66.82209114469222,66.82209114469222,66.82209114469222,66.82209114469222,66.82209114469222
2907,61.79239110934853,61.79239110934853,61.79239110934853,61.79239110934853,61.79239110934853
2908,58.611961567963,58.611961567963,58.611961567963,58.611961567963,58.611961567963
2909,69.23733954376614,69.23733954376614,69.23733954376614,69.23733954376614,69.23733954376614
2910,63.11234891767248,63.11234891767248,63.11234891767248,63.11234891767248,63.11234891767248
2911,59.885852262701626,59.885852262701626,59.885852262701626,59.885852262701626,59.885852262701626
2912,71.24469772953748,71.24469772953748,71.24469772953748,71.24469772953748,71.24469772953748
2913,63.13180746319862,63.13180746319862,63.13180746319862,63.13180746319862,63.13180746319862
2914,69.1140314849887,69.1140314849887,69.1140314849887,69.1140314849887,69.1140314849887
2915,60.46758582938905,60.46758582938905,60.46758582938905,60.46758582938905,60.46758582938905
2916,66.18778297650833,66.18778297650833,66.18778297650833,66.18778297650833,66.18778297650833
2917,59.245859212403985,59.245859212403985,59.245859212403985,59.245859212403985,59.245859212403985
2918,68.33944227549236,68.33944227549236,68.33944227549236,68.33944227549236,68.33944227549236
2919,65.41235557462889,65.41235557462889,65.41235557462889,65.41235557462889,65.41235557462889
2920,65.8931954583287,65.8931954583287,65.8931954583287,65.8931954583287,65.8931954583287
2921,63.98498818582131,63.98498818582131,63.98498818582131,63.98498818582131,63.98498818582131
2922,67.64271922403447,67.64271922403447,67.64271922403447,67.64271922403447,67.64271922403447
2923,65.00902649209009,65.00902649209009,65.00902649209009,65.00902649209009,65.00902649209009
2924,68.82851035459174,68.82851035459174,68.82851035459174,68.82851035459174,68.82851035459174
2925,61.24635492971971,61.24635492971971,61.24635492971971,61.24635492971971,61.24635492971971
2926,68.84337263267047,68.84337263267047,68.84337263267047,68.84337263267047,68.84337263267047
2927,64.38626394845984,64.38626394845984,64.38626394845984,64.38626394845984,64.38626394845984
2928,59.665230722129174,59.665230722129174,59.665230722129174,59.665230722129174,59.665230722129174
2929,70.34506395977904,70.34506395977904,70.34506395977904,70.34506395977904,70.34506395977904
2930,62.946089781053686,62.946089781053686,62.946089781053686,62.946089781053686,62.946089781053686
2931,69.45562238871818,69.45562238871818,69.45562238871818,69.45562238871818,69.45562238871818
2932,60.47565230647159,60.47565230647159,60.47565230647159,60.47565230647159,60.47565230647159
2933,67.56263714401241,67.56263714401241,67.56263714401241,67.56263714401241,67.56263714401241
2934,69.14569043830285,69.14569043830285,69.14569043830285,69.14569043830285,69.14569043830285
2935,61.456304799633735,61.456304799633735,61.456304799633735,61.456304799633735,61.456304799633735
2936,63.190189578683146,63.190189578683146,63.190189578683146,63.190189578683146,63.190189578683146
2937,61.65428287279015,61.65428287279015,61.65428287279015,61.65428287279015,61.65428287279015
2938,60.73386671894848,60.73386671894848,60.73386671894848,60.73386671894848,60.73386671894848
2939,62.58062466681022,62.58062466681022,62.58062466681022,62.58062466681022,62.58062466681022
2940,71.44307630482025,71.44307630482025,71.44307630482025,71.44307630482025,71.44307630482025
2941,68.78614805167604,68.78614805167604,68.78614805167604,68.78614805167604,68.78614805167604
2942,58.77989753168767,58.77989753168767,58.77989753168767,58.77989753168767,58.77989753168767
2943,59.272037130677255,59.272037130677255,59.272037130677255,59.272037130677255,59.272037130677255
2944,64.23122041428014,64.23122041428014,64.23122041428014,64.23122041428014,64.23122041428014
2945,67.96413822428237,67.96413822428237,67.96413822428237,67.96413822428237,67.96413822428237
2946,59.947436590476684,59.947436590476684,59.947436590476684,59.947436590476684,59.947436590476684
2947,60.87348249179628,60.87348249179628,60.87348249179628,60.87348249179628,60.87348249179628
2948,59.64517015645785,59.64517015645785,59.64517015645785,59.64517015645785,59.64517015645785
2949,65.92155786774349,65.92155786774349,65.92155786774349,65.92155786774349,65.92155786774349
2950,65.68956977918889,65.68956977918889,65.68956977918889,65.68956977918889,65.68956977918889
2951,58.73182579025585,58.73182579025585,58.73182579025585,58.73182579025585,58.73182579025585
2952,61.603057861607596,61.603057861607596,61.603057861607596,61.603057861607596,61.603057861607596
2953,64.13307098143206,64.13307098143206,64.13307098143206,64.13307098143206,64.13307098143206
2954,63.64784864943916,63.64784864943916,63.64784864943916,63.64784864943916,63.64784864943916
2955,70.77223154458542,70.77223154458542,70.77223154458542,70.77223154458542,70.77223154458542
2956,70.75536941884079,70.75536941884079,70.75536941884079,70.75536941884079,70.75536941884079
2957,58.99056516948269,58.99056516948269,58.99056516948269,58.99056516948269,58.99056516948269
2958,66.66562091042486,66.66562091042486,66.66562091042486,66.66562091042486,66.66562091042486
2959,65.88648045008371,65.88648045008371,65.88648045008371,65.88648045008371,65.88648045008371
2960,70.30854639928742,70.30854639928742,70.30854639928742,70.30854639928742,70.30854639928742
2961,68.49547876092008,68.49547876092008,68.49547876092008,68.49547876092008,68.49547876092008
2962,61.80124479486179,61.80124479486179,61.80124479486179,61.80124479486179,61.80124479486179
2963,68.32660668359402,68.32660668359402,68.32660668359402,68.32660668359402,68.32660668359402
2964,64.78986266892143,64.78986266892143,64.78986266892143,64.78986266892143,64.78986266892143
2965,59.382165804765876,59.382165804765876,59.382165804765876,59.382165804765876,59.382165804765876
2966,61.33384473990826,61.33384473990826,61.33384473990826,61.33384473990826,61.33384473990826
2967,61.32932782819964,61.32932782819964,61.32932782819964,61.32932782819964,61.32932782819964
2968,60.584271570867436,60.584271570867436,60.584271570867436,60.584271570867436,60.584271570867436
2969,58.58250056436703,58.58250056436703,58.58250056436703,58.58250056436703,58.58250056436703
2970,59.114655582308544,59.114655582308544,59.114655582308544,59.114655582308544,59.114655582308544
2971,68.81386976013502,68.81386976013502,68.81386976013502,68.81386976013502,68.81386976013502
2972,69.17291606613321,69.17291606613321,69.17291606613321,69.17291606613321,69.17291606613321
2973,69.36821995957861,69.36821995957861,69.36821995957861,69.36821995957861,69.36821995957861
2974,64.44976579445517,64.44976579445517,64.44976579445517,64.44976579445517,64.44976579445517
2975,63.7540202708319,63.7540202708319,63.7540202708319,63.7540202708319,63.7540202708319
2976,62.343257510601546,62.343257510601546,62.343257510601546,62.343257510601546,62.343257510601546
2977,65.76570346387896,65.76570346387896,65.76570346387896,65.76570346387896,65.76570346387896
2978,62.83712777199348,62.83712777199348,62.83712777199348,62.83712777199348,62.83712777199348
2979,68.9758824516278,68.9758824516278,68.9758824516278,68.9758824516278,68.9758824516278
2980,63.39284283067463,63.39284283067463,63.39284283067463,63.39284283067463,63.39284283067463
2981,62.50331406357633,62.50331406357633,62.50331406357633,62.50331406357633,62.50331406357633
2982,61.549466088541465,61.549466088541465,61.549466088541465,61.549466088541465,61.549466088541465
2983,59.366509099149184,59.366509099149184,59.366509099149184,59.366509099149184,59.366509099149184
2984,70.57043756402584,70.57043756402584,70.57043756402584,70.57043756402584,70.57043756402584
2985,66.36531014083754,66.36531014083754,66.36531014083754,66.36531014083754,66.36531014083754
2986,62.05401981115753,62.05401981115753,62.05401981115753,62.05401981115753,62.05401981115753
2987,60.58231538964184,60.58231538964184,60.58231538964184,60.58231538964184,60.58231538964184
2988,69.86977850106268,69.86977850106268,69.86977850106268,69.86977850106268,69.86977850106268
2989,65.85492054290454,65.85492054290454,65.85492054290454,65.85492054290454,65.85492054290454
2990,66.03731404083732,66.03731404083732,66.03731404083732,66.03731404083732,66.03731404083732
2991,66.18739317658888,66.18739317658888,66.18739317658888,66.18739317658888,66.18739317658888
2992,70.12234822795017,70.12234822795017,70.12234822795017,70.12234822795017,70.12234822795017
2993,61.619611502614134,61.619611502614134,61.619611502614134,61.619611502614134,61.619611502614134
2994,65.77508088149995,65.77508088149995,65.77508088149995,65.77508088149995,65.77508088149995
2995,59.40782563501383,59.40782563501383,59.40782563501383,59.40782563501383,59.40782563501383
2996,63.92043475904873,63.92043475904873,63.92043475904873,63.92043475904873,63.92043475904873
2997,61.2399863105369,61.2399863105369,61.2399863105369,61.2399863105369,61.2399863105369
2998,62.10068037534252,62.10068037534252,62.10068037534252,62.10068037534252,62.10068037534252
2999,59.2074026307883,59.2074026307883,59.2074026307883,59.2074026307883,59.2074026307883
3000,59.6034946241009,59.6034946241009,59.6034946241009,59.6034946241009,59.6034946241009
3001,61.34832204525953,61.34832204525953,61.34832204525953,61.34832204525953,61.34832204525953
3002,66.2356177400308,66.2356177400308,66.2356177400308,66.2356177400308,66.2356177400308
3003,62.29613350481504,62.29613350481504,62.29613350481504,62.29613350481504,62.29613350481504
3004,67.37810286296467,67.37810286296467,67.37810286296467,67.37810286296467,67.37810286296467
3005,70.21839207366465,70.21839207366465,70.21839207366465,70.21839207366465,70.21839207366465
3006,60.354315720237025,60.354315720237025,60.354315720237025,60.354315720237025,60.354315720237025
3007,64.07624200390704,64.07624200390704,64.07624200390704,64.07624200390704,64.07624200390704
3008,65.22002595246846,65.22002595246846,65.22002595246846,65.22002595246846,65.22002595246846
3009,65.64110461573219,65.64110461573219,65.64110461573219,65.64110461573219,65.64110461573219
3010,60.72035572479688,60.72035572479688,60.72035572479688,60.72035572479688,60.72035572479688
3011,64.32537612656814,64.32537612656814,64.32537612656814,64.32537612656814,64.32537612656814
3012,62.97627619965235,62.97627619965235,62.97627619965235,62.97627619965235,62.97627619965235
3013,71.39348675491105,71.39348675491105,71.39348675491105,71.39348675491105,71.39348675491105
3014,71.0783744525035,71.0783744525035,71.0783744525035,71.0783744525035,71.0783744525035
3015,60.48396195710523,60.48396195710523,60.48396195710523,60.48396195710523,60.48396195710523
3016,59.63031938021212,59.63031938021212,59.63031938021212,59.63031938021212,59.63031938021212
3017,68.85036763343057,68.85036763343057,68.85036763343057,68.85036763343057,68.85036763343057
3018,69.5825678357194,69.5825678357194,69.5825678357194,69.5825678357194,69.5825678357194
3019,59.142535811421546,59.142535811421546,59.142535811421546,59.142535811421546,59.142535811421546
3020,70.46615433450081,70.46615433450081,70.46615433450081,70.46615433450081,70.46615433450081
3021,66.83665315179782,66.83665315179782,66.83665315179782,66.83665315179782,66.83665315179782
3022,63.20133701113054,63.20133701113054,63.20133701113054,63.20133701113054,63.20133701113054
3023,64.96790956199823,64.96790956199823,64.96790956199823,64.96790956199823,64.96790956199823
3024,66.99260013400995,66.99260013400995,66.99260013400995,66.99260013400995,66.99260013400995
3025,62.90950144188736,62.90950144188736,62.90950144188736,62.90950144188736,62.90950144188736
3026,65.42833649712706,65.42833649712706,65.42833649712706,65.42833649712706,65.42833649712706
3027,69.71171299193861,69.71171299193861,69.71171299193861,69.71171299193861,69.71171299193861
3028,59.01558806507343,59.01558806507343,59.01558806507343,59.01558806507343,59.01558806507343
3029,62.24088100318251,62.24088100318251,62.24088100318251,62.24088100318251,62.24088100318251
3030,61.15768199242312,61.15768199242312,61.15768199242312,61.15768199242312,61.15768199242312
3031,60.644331792814725,60.644331792814725,60.644331792814725,60.644331792814725,60.644331792814725
3032,68.50574748353972,68.50574748353972,68.50574748353972,68.50574748353972,68.50574748353972
3033,59.2815309517388,59.2815309517388,59.2815309517388,59.2815309517388,59.2815309517388
3034,63.29281238309802,63.29281238309802,63.29281238309802,63.29281238309802,63.29281238309802
3035,64.96303992538442,64.96303992538442,64.96303992538442,64.96303992538442,64.96303992538442
3036,66.77218932128388,66.77218932128388,66.77218932128388,66.77218932128388,66.77218932128388
3037,66.04295190000227,66.04295190000227,66.04295190000227,66.04295190000227,66.04295190000227
3038,70.81217573841083,70.81217573841083,70.81217573841083,70.81217573841083,70.81217573841083
3039,58.76418976177689,58.76418976177689,58.76418976177689,58.76418976177689,58.76418976177689
3040,59.030765636894785,59.030765636894785,59.030765636894785,59.030765636894785,59.030765636894785
3041,60.314471901462376,60.314471901462376,60.314471901462376,60.314471901462376,60.314471901462376
3042,61.10037701188347,61.10037701188347,61.10037701188347,61.10037701188347,61.10037701188347
3043,66.04728940425791,66.04728940425791,66.04728940425791,66.04728940425791,66.04728940425791
3044,58.587691474131425,58.587691474131425,58.587691474131425,58.587691474131425,58.587691474131425
3045,63.765824423685,63.765824423685,63.765824423685,63.765824423685,63.765824423685
3046,68.381122714926,68.381122714926,68.381122714926,68.381122714926,68.381122714926
3047,64.45911884619414,64.45911884619414,64.45911884619414,64.45911884619414,64.45911884619414
3048,61.34196617346727,61.34196617346727,61.34196617346727,61.34196617346727,61.34196617346727
3049,62.99213584913434,62.99213584913434,62.99213584913434,62.99213584913434,62.99213584913434
3050,71.07061827999053,71.07061827999053,71.07061827999053,71.07061827999053,71.07061827999053
3051,70.90108235855853,70.90108235855853,70.90108235855853,70.90108235855853,70.90108235855853
3052,61.45504510933748,61.45504510933748,61.45504510933748,61.45504510933748,61.45504510933748
3053,58.62085874954433,58.62085874954433,58.62085874954433,58.62085874954433,58.62085874954433
3054,70.34183501261872,70.34183501261872,70.34183501261872,70.34183501261872,70.34183501261872
3055,67.75588645816033,67.75588645816033,67.75588645816033,67.75588645816033,67.75588645816033
3056,65.46527877773501,65.46527877773501,65.46527877773501,65.46527877773501,65.46527877773501
3057,63.8333661821869,63.8333661821869,63.8333661821869,63.8333661821869,63.8333661821869
3058,63.978809253099975,63.978809253099975,63.978809253099975,63.978809253099975,63.978809253099975
3059,60.94783565142956,60.94783565142956,60.94783565142956,60.94783565142956,60.94783565142956
3060,70.6590433821679,70.6590433821679,70.6590433821679,70.6590433821679,70.6590433821679
3061,71.29223784061345,71.29223784061345,71.29223784061345,71.29223784061345,71.29223784061345
3062,63.07559010844163,63.07559010844163,63.07559010844163,63.07559010844163,63.07559010844163
3063,70.97387803586017,70.97387803586017,70.97387803586017,70.97387803586017,70.97387803586017
3064,66.12063208949172,66.12063208949172,66.12063208949172,66.12063208949172,66.12063208949172
3065,67.86215807619176,67.86215807619176,67.86215807619176,67.86215807619176,67.86215807619176
3066,68.79751348867885,68.79751348867885,68.79751348867885,68.79751348867885,68.79751348867885
3067,67.19165446215459,67.19165446215459,67.19165446215459,67.19165446215459,67.19165446215459
3068,70.50222806015405,70.50222806015405,70.50222806015405,70.50222806015405,70.50222806015405
3069,69.99728073070665,69.99728073070665,69.99728073070665,69.99728073070665,69.99728073070665
3070,67.1415082166729,67.1415082166729,67.1415082166729,67.1415082166729,67.1415082166729
3071,69.6729605965412,69.6729605965412,69.6729605965412,69.6729605965412,69.6729605965412
3072,66.24428315428707,66.24428315428707,66.24428315428707,66.24428315428707,66.24428315428707
3073,60.64119685572925,60.64119685572925,60.64119685572925,60.64119685572925,60.64119685572925
3074,67.29152694003712,67.29152694003712,67.29152694003712,67.29152694003712,67.29152694003712
3075,60.5927575533655,60.5927575533655,60.5927575533655,60.5927575533655,60.5927575533655
3076,70.29859767986228,70.29859767986228,70.29859767986228,70.29859767986228,70.29859767986228
3077,69.38033792882467,69.38033792882467,69.38033792882467,69.38033792882467,69.38033792882467
3078,60.59688720209419,60.59688720209419,60.59688720209419,60.59688720209419,60.59688720209419
3079,61.7855687518318,61.7855687518318,61.7855687518318,61.7855687518318,61.7855687518318
3080,68.33294713376976,68.33294713376976,68.33294713376976,68.33294713376976,68.33294713376976
3081,62.96757332610939,62.96757332610939,62.96757332610939,62.96757332610939,62.96757332610939
3082,63.57257307551285,63.57257307551285,63.57257307551285,63.57257307551285,63.57257307551285
3083,58.71042260535316,58.71042260535316,58.71042260535316,58.71042260535316,58.71042260535316
3084,59.968034730944545,59.968034730944545,59.968034730944545,59.968034730944545,59.968034730944545
3085,60.55061612162916,60.55061612162916,60.55061612162916,60.55061612162916,60.55061612162916
3086,59.79252205018685,59.79252205018685,59.79252205018685,59.79252205018685,59.79252205018685
3087,68.47477281093065,68.47477281093065,68.47477281093065,68.47477281093065,68.47477281093065
3088,65.63976817356921,65.63976817356921,65.63976817356921,65.63976817356921,65.63976817356921
3089,61.83551746470055,61.83551746470055,61.83551746470055,61.83551746470055,61.83551746470055
3090,60.341329187122774,60.341329187122774,60.341329187122774,60.341329187122774,60.341329187122774
3091,68.82032980798883,68.82032980798883,68.82032980798883,68.82032980798883,68.82032980798883
3092,68.89686554570363,68.89686554570363,68.89686554570363,68.89686554570363,68.89686554570363
3093,68.65904894876283,68.65904894876283,68.65904894876283,68.65904894876283,68.65904894876283
3094,60.75043572699641,60.75043572699641,60.75043572699641,60.75043572699641,60.75043572699641
3095,65.54316820574041,65.54316820574041,65.54316820574041,65.54316820574041,65.54316820574041
3096,60.62881524242084,60.62881524242084,60.62881524242084,60.62881524242084,60.62881524242084
3097,63.202296509184386,63.202296509184386,63.202296509184386,63.202296509184386,63.202296509184386
3098,61.999457387767464,61.999457387767464,61.999457387767464,61.999457387767464,61.999457387767464
3099,68.5800314387469,68.5800314387469,68.5800314387469,68.5800314387469,68.5800314387469
3100,63.89131463416892,63.89131463416892,63.89131463416892,63.89131463416892,63.89131463416892
3101,58.6734705805775,58.6734705805775,58.6734705805775,58.6734705805775,58.6734705805775
3102,67.43921613589416,67.43921613589416,67.43921613589416,67.43921613589416,67.43921613589416
3103,66.324090487421,66.324090487421,66.324090487421,66.324090487421,66.324090487421
3104,66.59140610544158,66.59140610544158,66.59140610544158,66.59140610544158,66.59140610544158
3105,62.01383370645276,62.01383370645276,62.01383370645276,62.01383370645276,62.01383370645276
3106,65.13718818218736,65.13718818218736,65.13718818218736,65.13718818218736,65.13718818218736
3107,65.8836339374239,65.8836339374239,65.8836339374239,65.8836339374239,65.8836339374239
3108,60.54875990757685,60.54875990757685,60.54875990757685,60.54875990757685,60.54875990757685
3109,69.29705030488122,69.29705030488122,69.29705030488122,69.29705030488122,69.29705030488122
3110,71.07827393481973,71.07827393481973,71.07827393481973,71.07827393481973,71.07827393481973
3111,67.38344575777215,67.38344575777215,67.38344575777215,67.38344575777215,67.38344575777215
3112,62.22196586472781,62.22196586472781,62.22196586472781,62.22196586472781,62.22196586472781
3113,63.64259228268382,63.64259228268382,63.64259228268382,63.64259228268382,63.64259228268382
3114,68.50038374138785,68.50038374138785,68.50038374138785,68.50038374138785,68.50038374138785
3115,60.75892840499244,60.75892840499244,60.75892840499244,60.75892840499244,60.75892840499244
3116,70.11802982738328,70.11802982738328,70.11802982738328,70.11802982738328,70.11802982738328
3117,61.989435954186554,61.989435954186554,61.989435954186554,61.989435954186554,61.989435954186554
3118,70.50936384166707,70.50936384166707,70.50936384166707,70.50936384166707,70.50936384166707
3119,63.05334185232933,63.05334185232933,63.05334185232933,63.05334185232933,63.05334185232933
3120,68.23832885380045,68.23832885380045,68.23832885380045,68.23832885380045,68.23832885380045
3121,68.12982066627825,68.12982066627825,68.12982066627825,68.12982066627825,68.12982066627825
3122,62.66969382128926,62.66969382128926,62.66969382128926,62.66969382128926,62.66969382128926
3123,60.92262790340407,60.92262790340407,60.92262790340407,60.92262790340407,60.92262790340407
3124,64.35098569412176,64.35098569412176,64.35098569412176,64.35098569412176,64.35098569412176
3125,65.88279322838596,65.88279322838596,65.88279322838596,65.88279322838596,65.88279322838596
3126,62.567341754979125,62.567341754979125,62.567341754979125,62.567341754979125,62.567341754979125
3127,58.72648478488417,58.72648478488417,58.72648478488417,58.72648478488417,58.72648478488417
3128,61.83986446238628,61.83986446238628,61.83986446238628,61.83986446238628,61.83986446238628
3129,66.92420439137798,66.92420439137798,66.92420439137798,66.92420439137798,66.92420439137798
3130,68.76205678231238,68.76205678231238,68.76205678231238,68.76205678231238,68.76205678231238
3131,65.99088796314187,65.99088796314187,65.99088796314187,65.99088796314187,65.99088796314187
3132,64.40514709800163,64.40514709800163,64.40514709800163,64.40514709800163,64.40514709800163
3133,69.5136703051802,69.5136703051802,69.5136703051802,69.5136703051802,69.5136703051802
3134,61.935173799732006,61.935173799732006,61.935173799732006,61.935173799732006,61.935173799732006
3135,60.592712751152035,60.592712751152035,60.592712751152035,60.592712751152035,60.592712751152035
3136,70.91111505757661,70.91111505757661,70.91111505757661,70.91111505757661,70.91111505757661
3137,58.68683327724513,58.68683327724513,58.68683327724513,58.68683327724513,58.68683327724513
3138,59.06558257210519,59.06558257210519,59.06558257210519,59.06558257210519,59.06558257210519
3139,65.77055963764815,65.77055963764815,65.77055963764815,65.77055963764815,65.77055963764815
3140,63.73313566153915,63.73313566153915,63.73313566153915,63.73313566153915,63.73313566153915
3141,66.48696394378334,66.48696394378334,66.48696394378334,66.48696394378334,66.48696394378334
3142,70.90728314938755,70.90728314938755,70.90728314938755,70.90728314938755,70.90728314938755
3143,58.96679952910509,58.96679952910509,58.96679952910509,58.96679952910509,58.96679952910509
3144,59.89209373555575,59.89209373555575,59.89209373555575,59.89209373555575,59.89209373555575
3145,60.25734216990375,60.25734216990375,60.25734216990375,60.25734216990375,60.25734216990375
3146,65.3602920403508,65.3602920403508,65.3602920403508,65.3602920403508,65.3602920403508
3147,69.78486766821062,69.78486766821062,69.78486766821062,69.78486766821062,69.78486766821062
3148,62.21359103970783,62.21359103970783,62.21359103970783,62.21359103970783,62.21359103970783
3149,61.65198386230233,61.65198386230233,61.65198386230233,61.65198386230233,61.65198386230233
3150,68.62859503267576,68.62859503267576,68.62859503267576,68.62859503267576,68.62859503267576
3151,66.59328791329388,66.59328791329388,66.59328791329388,66.59328791329388,66.59328791329388
3152,69.91251626782417,69.91251626782417,69.91251626782417,69.91251626782417,69.91251626782417
3153,67.7820430041726,67.7820430041726,67.7820430041726,67.7820430041726,67.7820430041726
3154,62.70292233424599,62.70292233424599,62.70292233424599,62.70292233424599,62.70292233424599
3155,70.2515114239809,70.2515114239809,70.2515114239809,70.2515114239809,70.2515114239809
3156,67.29815229899451,67.29815229899451,67.29815229899451,67.29815229899451,67.29815229899451
3157,64.92722301664779,64.92722301664779,64.92722301664779,64.92722301664779,64.92722301664779
3158,62.390222758065,62.390222758065,62.390222758065,62.390222758065,62.390222758065
3159,61.44533037992523,61.44533037992523,61.44533037992523,61.44533037992523,61.44533037992523
3160,64.4951856163236,64.4951856163236,64.4951856163236,64.4951856163236,64.4951856163236
3161,67.46990633333525,67.46990633333525,67.46990633333525,67.46990633333525,67.46990633333525
3162,60.93565128862842,60.93565128862842,60.93565128862842,60.93565128862842,60.93565128862842
3163,67.6919982960975,67.6919982960975,67.6919982960975,67.6919982960975,67.6919982960975
3164,60.07636009748086,60.07636009748086,60.07636009748086,60.07636009748086,60.07636009748086
3165,68.48204188164685,68.48204188164685,68.48204188164685,68.48204188164685,68.48204188164685
3166,60.92081150985859,60.92081150985859,60.92081150985859,60.92081150985859,60.92081150985859
3167,67.91086114064562,67.91086114064562,67.91086114064562,67.91086114064562,67.91086114064562
3168,64.13360124413832,64.13360124413832,64.13360124413832,64.13360124413832,64.13360124413832
3169,59.748260144441424,59.748260144441424,59.748260144441424,59.748260144441424,59.748260144441424
3170,61.93761723093856,61.93761723093856,61.93761723093856,61.93761723093856,61.93761723093856
3171,62.94750882270098,62.94750882270098,62.94750882270098,62.94750882270098,62.94750882270098
3172,64.82132432781859,64.82132432781859,64.82132432781859,64.82132432781859,64.82132432781859
3173,68.89403726045407,68.89403726045407,68.89403726045407,68.89403726045407,68.89403726045407
3174,66.60157871869788,66.60157871869788,66.60157871869788,66.60157871869788,66.60157871869788
3175,66.91400515777072,66.91400515777072,66.91400515777072,66.91400515777072,66.91400515777072
3176,65.07284272439239,65.07284272439239,65.07284272439239,65.07284272439239,65.07284272439239
3177,63.4829412435956,63.4829412435956,63.4829412435956,63.4829412435956,63.4829412435956
3178,69.49245926371307,69.49245926371307,69.49245926371307,69.49245926371307,69.49245926371307
3179,58.82188286523534,58.82188286523534,58.82188286523534,58.82188286523534,58.82188286523534
3180,61.256487227520395,61.256487227520395,61.256487227520395,61.256487227520395,61.256487227520395
3181,64.93357614104737,64.93357614104737,64.93357614104737,64.93357614104737,64.93357614104737
3182,62.21145067280192,62.21145067280192,62.21145067280192,62.21145067280192,62.21145067280192
3183,66.37914152607401,66.37914152607401,66.37914152607401,66.37914152607401,66.37914152607401
3184,65.9973402473629,65.9973402473629,65.9973402473629,65.9973402473629,65.9973402473629
3185,64.88861486988344,64.88861486988344,64.88861486988344,64.88861486988344,64.88861486988344
3186,64.93220212118968,64.93220212118968,64.93220212118968,64.93220212118968,64.93220212118968
3187,61.80123114247238,61.80123114247238,61.80123114247238,61.80123114247238,61.80123114247238
3188,65.84913723345397,65.84913723345397,65.84913723345397,65.84913723345397,65.84913723345397
3189,65.76408925636207,65.76408925636207,65.76408925636207,65.76408925636207,65.76408925636207
3190,65.66762203648508,65.66762203648508,65.66762203648508,65.66762203648508,65.66762203648508
3191,68.61992225028125,68.61992225028125,68.61992225028125,68.61992225028125,68.61992225028125
3192,70.4746827391863,70.4746827391863,70.4746827391863,70.4746827391863,70.4746827391863
3193,60.007016113243516,60.007016113243516,60.007016113243516,60.007016113243516,60.007016113243516
3194,62.73409219462884,62.73409219462884,62.73409219462884,62.73409219462884,62.73409219462884
3195,64.71752625279544,64.71752625279544,64.71752625279544,64.71752625279544,64.71752625279544
3196,61.4565648400897,61.4565648400897,61.4565648400897,61.4565648400897,61.4565648400897
3197,64.23956171723766,64.23956171723766,64.23956171723766,64.23956171723766,64.23956171723766
3198,70.25307380878021,70.25307380878021,70.25307380878021,70.25307380878021,70.25307380878021
3199,58.68885871515828,58.68885871515828,58.68885871515828,58.68885871515828,58.68885871515828
3200,60.89969194621803,60.89969194621803,60.89969194621803,60.89969194621803,60.89969194621803
3201,67.97956501483853,67.97956501483853,67.97956501483853,67.97956501483853,67.97956501483853
3202,61.23957135724051,61.23957135724051,61.23957135724051,61.23957135724051,61.23957135724051
3203,64.00954381166879,64.00954381166879,64.00954381166879,64.00954381166879,64.00954381166879
3204,60.06295154725917,60.06295154725917,60.06295154725917,60.06295154725917,60.06295154725917
3205,68.2619601738663,68.2619601738663,68.2619601738663,68.2619601738663,68.2619601738663
3206,71.41638846036702,71.41638846036702,71.41638846036702,71.41638846036702,71.41638846036702
3207,71.40488045817116,71.40488045817116,71.40488045817116,71.40488045817116,71.40488045817116
3208,65.8555656153173,65.8555656153173,65.8555656153173,65.8555656153173,65.8555656153173
3209,60.8087287528279,60.8087287528279,60.8087287528279,60.8087287528279,60.8087287528279
3210,70.83804719889866,70.83804719889866,70.83804719889866,70.83804719889866,70.83804719889866
3211,68.02290657089641,68.02290657089641,68.02290657089641,68.02290657089641,68.02290657089641
3212,69.9143179231404,69.9143179231404,69.9143179231404,69.9143179231404,69.9143179231404
3213,66.0862311109322,66.0862311109322,66.0862311109322,66.0862311109322,66.0862311109322
3214,65.2750089356752,65.2750089356752,65.2750089356752,65.2750089356752,65.2750089356752
3215,65.49701991273012,65.49701991273012,65.49701991273012,65.49701991273012,65.49701991273012
3216,60.5949986933036,60.5949986933036,60.5949986933036,60.5949986933036,60.5949986933036
3217,60.56325604321298,60.56325604321298,60.56325604321298,60.56325604321298,60.56325604321298
3218,62.51230007064912,62.51230007064912,62.51230007064912,62.51230007064912,62.51230007064912
3219,64.76040118683592,64.76040118683592,64.76040118683592,64.76040118683592,64.76040118683592
3220,67.79065270911634,67.79065270911634,67.79065270911634,67.79065270911634,67.79065270911634
3221,63.45086784934354,63.45086784934354,63.45086784934354,63.45086784934354,63.45086784934354
3222,61.25610215342933,61.25610215342933,61.25610215342933,61.25610215342933,61.25610215342933
3223,60.917695518091776,60.917695518091776,60.917695518091776,60.917695518091776,60.917695518091776
3224,58.55285827148903,58.55285827148903,58.55285827148903,58.55285827148903,58.55285827148903
3225,70.29395955344478,70.29395955344478,70.29395955344478,70.29395955344478,70.29395955344478
3226,67.42377700272758,67.42377700272758,67.42377700272758,67.42377700272758,67.42377700272758
3227,71.30485078614622,71.30485078614622,71.30485078614622,71.30485078614622,71.30485078614622
3228,69.87842590311621,69.87842590311621,69.87842590311621,69.87842590311621,69.87842590311621
3229,62.15966996201186,62.15966996201186,62.15966996201186,62.15966996201186,62.15966996201186
3230,65.29025958178138,65.29025958178138,65.29025958178138,65.29025958178138,65.29025958178138
3231,59.48720133340032,59.48720133340032,59.48720133340032,59.48720133340032,59.48720133340032
3232,70.31154177137587,70.31154177137587,70.31154177137587,70.31154177137587,70.31154177137587
3233,66.13970689711273,66.13970689711273,66.13970689711273,66.13970689711273,66.13970689711273
3234,64.63966180255946,64.63966180255946,64.63966180255946,64.63966180255946,64.63966180255946
3235,62.04159642421868,62.04159642421868,62.04159642421868,62.04159642421868,62.04159642421868
3236,66.44185827743964,66.44185827743964,66.44185827743964,66.44185827743964,66.44185827743964
3237,67.2274539311218,67.2274539311218,67.2274539311218,67.2274539311218,67.2274539311218
3238,61.37151741643659,61.37151741643659,61.37151741643659,61.37151741643659,61.37151741643659
3239,61.14129422209132,61.14129422209132,61.14129422209132,61.14129422209132,61.14129422209132
3240,68.73311205674626,68.73311205674626,68.73311205674626,68.73311205674626,68.73311205674626
3241,67.89631154991814,67.89631154991814,67.89631154991814,67.89631154991814,67.89631154991814
3242,71.42431928975894,71.42431928975894,71.42431928975894,71.42431928975894,71.42431928975894
3243,67.36332747372512,67.36332747372512,67.36332747372512,67.36332747372512,67.36332747372512
3244,61.68045760254033,61.68045760254033,61.68045760254033,61.68045760254033,61.68045760254033
3245,62.17784571911463,62.17784571911463,62.17784571911463,62.17784571911463,62.17784571911463
3246,63.8428895559865,63.8428895559865,63.8428895559865,63.8428895559865,63.8428895559865
3247,71.4519675702512,71.4519675702512,71.4519675702512,71.4519675702512,71.4519675702512
3248,65.86367435131737,65.86367435131737,65.86367435131737,65.86367435131737,65.86367435131737
3249,65.86188295699114,65.86188295699114,65.86188295699114,65.86188295699114,65.86188295699114
3250,66.25328394152264,66.25328394152264,66.25328394152264,66.25328394152264,66.25328394152264
3251,64.86224089852263,64.86224089852263,64.86224089852263,64.86224089852263,64.86224089852263
3252,63.730273273044176,63.730273273044176,63.730273273044176,63.730273273044176,63.730273273044176
3253,66.08693728158327,66.08693728158327,66.08693728158327,66.08693728158327,66.08693728158327
3254,70.32598040779911,70.32598040779911,70.32598040779911,70.32598040779911,70.32598040779911
3255,67.40275172435302,67.40275172435302,67.40275172435302,67.40275172435302,67.40275172435302
3256,68.61671069831598,68.61671069831598,68.61671069831598,68.61671069831598,68.61671069831598
3257,66.42568167058143,66.42568167058143,66.42568167058143,66.42568167058143,66.42568167058143
3258,61.47495316451822,61.47495316451822,61.47495316451822,61.47495316451822,61.47495316451822
3259,66.7665283411485,66.7665283411485,66.7665283411485,66.7665283411485,66.7665283411485
3260,65.56379491328855,65.56379491328855,65.56379491328855,65.56379491328855,65.56379491328855
3261,59.32442756277614,59.32442756277614,59.32442756277614,59.32442756277614,59.32442756277614
3262,68.09855797320556,68.09855797320556,68.09855797320556,68.09855797320556,68.09855797320556
3263,68.95888354382588,68.95888354382588,68.95888354382588,68.95888354382588,68.95888354382588
3264,64.46450391426283,64.46450391426283,64.46450391426283,64.46450391426283,64.46450391426283
3265,70.73634599875128,70.73634599875128,70.73634599875128,70.73634599875128,70.73634599875128
3266,67.72327494516699,67.72327494516699,67.72327494516699,67.72327494516699,67.72327494516699
3267,62.209224067733714,62.209224067733714,62.209224067733714,62.209224067733714,62.209224067733714
3268,66.66770394973882,66.66770394973882,66.66770394973882,66.66770394973882,66.66770394973882
3269,70.53038780354409,70.53038780354409,70.53038780354409,70.53038780354409,70.53038780354409
3270,60.01256403825063,60.01256403825063,60.01256403825063,60.01256403825063,60.01256403825063
3271,68.73402752965762,68.73402752965762,68.73402752965762,68.73402752965762,68.73402752965762
3272,64.3790370511324,64.3790370511324,64.3790370511324,64.3790370511324,64.3790370511324
3273,68.00427874698366,68.00427874698366,68.00427874698366,68.00427874698366,68.00427874698366
3274,67.89345855881038,67.89345855881038,67.89345855881038,67.89345855881038,67.89345855881038
3275,63.334548848161596,63.334548848161596,63.334548848161596,63.334548848161596,63.334548848161596
3276,67.32311269266971,67.32311269266971,67.32311269266971,67.32311269266971,67.32311269266971
3277,62.10958058650953,62.10958058650953,62.10958058650953,62.10958058650953,62.10958058650953
3278,61.42484421851925,61.42484421851925,61.42484421851925,61.42484421851925,61.42484421851925
3279,69.20204899301025,69.20204899301025,69.20204899301025,69.20204899301025,69.20204899301025
3280,59.58401303185966,59.58401303185966,59.58401303185966,59.58401303185966,59.58401303185966
3281,60.86338985241388,60.86338985241388,60.86338985241388,60.86338985241388,60.86338985241388
3282,64.66131003861601,64.66131003861601,64.66131003861601,64.66131003861601,64.66131003861601
3283,66.75899211928544,66.75899211928544,66.75899211928544,66.75899211928544,66.75899211928544
3284,61.8124317225288,61.8124317225288,61.8124317225288,61.8124317225288,61.8124317225288
3285,65.8630632913603,65.8630632913603,65.8630632913603,65.8630632913603,65.8630632913603
3286,67.35410575794961,67.35410575794961,67.35410575794961,67.35410575794961,67.35410575794961
3287,71.08914677339033,71.08914677339033,71.08914677339033,71.08914677339033,71.08914677339033
3288,68.06095796589922,68.06095796589922,68.06095796589922,68.06095796589922,68.06095796589922
3289,65.42656077913188,65.42656077913188,65.42656077913188,65.42656077913188,65.42656077913188
3290,69.07323213891007,69.07323213891007,69.07323213891007,69.07323213891007,69.07323213891007
3291,70.77361096789191,70.77361096789191,70.77361096789191,70.77361096789191,70.77361096789191
3292,65.54691627338836,65.54691627338836,65.54691627338836,65.54691627338836,65.54691627338836
3293,62.34912316429626,62.34912316429626,62.34912316429626,62.34912316429626,62.34912316429626
3294,67.46951423981216,67.46951423981216,67.46951423981216,67.46951423981216,67.46951423981216
3295,59.08962345636995,59.08962345636995,59.08962345636995,59.08962345636995,59.08962345636995
3296,65.98382628464424,65.98382628464424,65.98382628464424,65.98382628464424,65.98382628464424
3297,63.6126864710707,63.6126864710707,63.6126864710707,63.6126864710707,63.6126864710707
3298,70.87219800272501,70.87219800272501,70.87219800272501,70.87219800272501,70.87219800272501
3299,59.575389721983605,59.575389721983605,59.575389721983605,59.575389721983605,59.575389721983605
3300,71.28230244001021,71.28230244001021,71.28230244001021,71.28230244001021,71.28230244001021
3301,62.25427057131415,62.25427057131415,62.25427057131415,62.25427057131415,62.25427057131415
3302,70.38286306744975,70.38286306744975,70.38286306744975,70.38286306744975,70.38286306744975
3303,69.7742095344869,69.7742095344869,69.7742095344869,69.7742095344869,69.7742095344869
3304,68.9707362196618,68.9707362196618,68.9707362196618,68.9707362196618,68.9707362196618
3305,65.7142650734768,65.7142650734768,65.7142650734768,65.7142650734768,65.7142650734768
3306,68.41638158810096,68.41638158810096,68.41638158810096,68.41638158810096,68.41638158810096
3307,69.84530553313544,69.84530553313544,69.84530553313544,69.84530553313544,69.84530553313544
3308,62.08140628914973,62.08140628914973,62.08140628914973,62.08140628914973,62.08140628914973
3309,71.28761319709183,71.28761319709183,71.28761319709183,71.28761319709183,71.28761319709183
3310,68.22545536003571,68.22545536003571,68.22545536003571,68.22545536003571,68.22545536003571
3311,65.99453491886739,65.99453491886739,65.99453491886739,65.99453491886739,65.99453491886739
3312,66.06332195985652,66.06332195985652,66.06332195985652,66.06332195985652,66.06332195985652
3313,59.41901830172624,59.41901830172624,59.41901830172624,59.41901830172624,59.41901830172624
3314,67.39898411036873,67.39898411036873,67.39898411036873,67.39898411036873,67.39898411036873
3315,70.25417655840752,70.25417655840752,70.25417655840752,70.25417655840752,70.25417655840752
3316,67.74052978708103,67.74052978708103,67.74052978708103,67.74052978708103,67.74052978708103
3317,68.53396642633315,68.53396642633315,68.53396642633315,68.53396642633315,68.53396642633315
3318,60.06309299694061,60.06309299694061,60.06309299694061,60.06309299694061,60.06309299694061
3319,60.19984153297669,60.19984153297669,60.19984153297669,60.19984153297669,60.19984153297669
3320,66.32380202576685,66.32380202576685,66.32380202576685,66.32380202576685,66.32380202576685
3321,59.00838061884239,59.00838061884239,59.00838061884239,59.00838061884239,59.00838061884239
3322,70.26399427430205,70.26399427430205,70.26399427430205,70.26399427430205,70.26399427430205
3323,65.31766358419183,65.31766358419183,65.31766358419183,65.31766358419183,65.31766358419183
3324,65.95262531285083,65.95262531285083,65.95262531285083,65.95262531285083,65.95262531285083
3325,62.982354989629435,62.982354989629435,62.982354989629435,62.982354989629435,62.982354989629435
3326,58.94288214619686,58.94288214619686,58.94288214619686,58.94288214619686,58.94288214619686
3327,68.45260829328645,68.45260829328645,68.45260829328645,68.45260829328645,68.45260829328645
3328,68.64922366798905,68.64922366798905,68.64922366798905,68.64922366798905,68.64922366798905
3329,62.18848114400824,62.18848114400824,62.18848114400824,62.18848114400824,62.18848114400824
3330,69.84490295244048,69.84490295244048,69.84490295244048,69.84490295244048,69.84490295244048
3331,60.41604599783914,60.41604599783914,60.41604599783914,60.41604599783914,60.41604599783914
3332,69.53330005436361,69.53330005436361,69.53330005436361,69.53330005436361,69.53330005436361
3333,62.663853726742225,62.663853726742225,62.663853726742225,62.663853726742225,62.663853726742225
3334,59.203276293500316,59.203276293500316,59.203276293500316,59.203276293500316,59.203276293500316
3335,61.81632555923242,61.81632555923242,61.81632555923242,61.81632555923242,61.81632555923242
3336,65.45118797998799,65.45118797998799,65.45118797998799,65.45118797998799,65.45118797998799
3337,63.185373381098415,63.185373381098415,63.185373381098415,63.185373381098415,63.185373381098415
3338,70.68499111579158,70.68499111579158,70.68499111579158,70.68499111579158,70.68499111579158
3339,68.46041793844431,68.46041793844431,68.46041793844431,68.46041793844431,68.46041793844431
3340,60.80993497876922,60.80993497876922,60.80993497876922,60.80993497876922,60.80993497876922
3341,60.52485883676378,60.52485883676378,60.52485883676378,60.52485883676378,60.52485883676378
3342,59.581926736052274,59.581926736052274,59.581926736052274,59.581926736052274,59.581926736052274
3343,59.52753780323485,59.52753780323485,59.52753780323485,59.52753780323485,59.52753780323485
3344,60.61843053846823,60.61843053846823,60.61843053846823,60.61843053846823,60.61843053846823
3345,66.07865955328556,66.07865955328556,66.07865955328556,66.07865955328556,66.07865955328556
3346,71.17980672110063,71.17980672110063,71.17980672110063,71.17980672110063,71.17980672110063
3347,68.4289405635649,68.4289405635649,68.4289405635649,68.4289405635649,68.4289405635649
3348,64.62080805494405,64.62080805494405,64.62080805494405,64.62080805494405,64.62080805494405
3349,59.02095221372715,59.02095221372715,59.02095221372715,59.02095221372715,59.02095221372715
3350,67.35132958898407,67.35132958898407,67.35132958898407,67.35132958898407,67.35132958898407
3351,64.48434277216668,64.48434277216668,64.48434277216668,64.48434277216668,64.48434277216668
3352,63.92869487260376,63.92869487260376,63.92869487260376,63.92869487260376,63.92869487260376
3353,69.20485265611222,69.20485265611222,69.20485265611222,69.20485265611222,69.20485265611222
3354,61.60104317653803,61.60104317653803,61.60104317653803,61.60104317653803,61.60104317653803
3355,68.73499842694174,68.73499842694174,68.73499842694174,68.73499842694174,68.73499842694174
3356,65.8246066574331,65.8246066574331,65.8246066574331,65.8246066574331,65.8246066574331
3357,58.575474606762015,58.575474606762015,58.575474606762015,58.575474606762015,58.575474606762015
3358,66.01304398753763,66.01304398753763,66.01304398753763,66.01304398753763,66.01304398753763
3359,67.65168583181561,67.65168583181561,67.65168583181561,67.65168583181561,67.65168583181561
3360,59.726674876344426,59.726674876344426,59.726674876344426,59.726674876344426,59.726674876344426
3361,66.24645163256338,66.24645163256338,66.24645163256338,66.24645163256338,66.24645163256338
3362,69.47885722912699,69.47885722912699,69.47885722912699,69.47885722912699,69.47885722912699
3363,64.10921769313033,64.10921769313033,64.10921769313033,64.10921769313033,64.10921769313033
3364,59.9566831034267,59.9566831034267,59.9566831034267,59.9566831034267,59.9566831034267
3365,65.96596089227452,65.96596089227452,65.96596089227452,65.96596089227452,65.96596089227452
3366,64.30277723391521,64.30277723391521,64.30277723391521,64.30277723391521,64.30277723391521
3367,65.40262518532504,65.40262518532504,65.40262518532504,65.40262518532504,65.40262518532504
3368,65.12739658498943,65.12739658498943,65.12739658498943,65.12739658498943,65.12739658498943
3369,67.38000727379965,67.38000727379965,67.38000727379965,67.38000727379965,67.38000727379965
3370,70.43291033114701,70.43291033114701,70.43291033114701,70.43291033114701,70.43291033114701
3371,71.4375073882775,71.4375073882775,71.4375073882775,71.4375073882775,71.4375073882775
3372,64.48197693864688,64.48197693864688,64.48197693864688,64.48197693864688,64.48197693864688
3373,70.6714449865097,70.6714449865097,70.6714449865097,70.6714449865097,70.6714449865097
3374,63.299073870807646,63.299073870807646,63.299073870807646,63.299073870807646,63.299073870807646
3375,65.21921550947597,65.21921550947597,65.21921550947597,65.21921550947597,65.21921550947597
3376,59.12112023415376,59.12112023415376,59.12112023415376,59.12112023415376,59.12112023415376
3377,70.4410787945756,70.4410787945756,70.4410787945756,70.4410787945756,70.4410787945756
3378,69.21998036525696,69.21998036525696,69.21998036525696,69.21998036525696,69.21998036525696
3379,68.32980133900526,68.32980133900526,68.32980133900526,68.32980133900526,68.32980133900526
3380,60.280175466392144,60.280175466392144,60.280175466392144,60.280175466392144,60.280175466392144
3381,66.54190443207469,66.54190443207469,66.54190443207469,66.54190443207469,66.54190443207469
3382,59.59149868303787,59.59149868303787,59.59149868303787,59.59149868303787,59.59149868303787
3383,65.79938786191572,65.79938786191572,65.79938786191572,65.79938786191572,65.79938786191572
3384,60.67211996932765,60.67211996932765,60.67211996932765,60.67211996932765,60.67211996932765
3385,65.7600181592923,65.7600181592923,65.7600181592923,65.7600181592923,65.7600181592923
3386,62.98259068074533,62.98259068074533,62.98259068074533,62.98259068074533,62.98259068074533
3387,70.24349498482124,70.24349498482124,70.24349498482124,70.24349498482124,70.24349498482124
3388,70.04490579975051,70.04490579975051,70.04490579975051,70.04490579975051,70.04490579975051
3389,66.31200394462293,66.31200394462293,66.31200394462293,66.31200394462293,66.31200394462293
3390,70.88388538774294,70.88388538774294,70.88388538774294,70.88388538774294,70.88388538774294
3391,70.85491106684249,70.85491106684249,70.85491106684249,70.85491106684249,70.85491106684249
3392,59.798548680946475,59.798548680946475,59.798548680946475,59.798548680946475,59.798548680946475
3393,67.00798482815904,67.00798482815904,67.00798482815904,67.00798482815904,67.00798482815904
3394,64.37913820502615,64.37913820502615,64.37913820502615,64.37913820502615,64.37913820502615
3395,70.97332064884316,70.97332064884316,70.97332064884316,70.97332064884316,70.97332064884316
3396,61.2408054350395,61.2408054350395,61.2408054350395,61.2408054350395,61.2408054350395
3397,65.1751033090659,65.1751033090659,65.1751033090659,65.1751033090659,65.1751033090659
3398,66.19011666550416,66.19011666550416,66.19011666550416,66.19011666550416,66.19011666550416
3399,69.13018115589446,69.13018115589446,69.13018115589446,69.13018115589446,69.13018115589446
3400,65.97269232016023,65.97269232016023,65.97269232016023,65.97269232016023,65.97269232016023
3401,64.85975382749447,64.85975382749447,64.85975382749447,64.85975382749447,64.85975382749447
3402,61.20880396481978,61.20880396481978,61.20880396481978,61.20880396481978,61.20880396481978
3403,61.74444817469419,61.74444817469419,61.74444817469419,61.74444817469419,61.74444817469419
3404,60.81398727138485,60.81398727138485,60.81398727138485,60.81398727138485,60.81398727138485
3405,59.693452403352346,59.693452403352346,59.693452403352346,59.693452403352346,59.693452403352346
3406,66.35188173686984,66.35188173686984,66.35188173686984,66.35188173686984,66.35188173686984
3407,66.45598394255245,66.45598394255245,66.45598394255245,66.45598394255245,66.45598394255245
3408,68.13090693162935,68.13090693162935,68.13090693162935,68.13090693162935,68.13090693162935
3409,68.03806879840101,68.03806879840101,68.03806879840101,68.03806879840101,68.03806879840101
3410,59.15562179799782,59.15562179799782,59.15562179799782,59.15562179799782,59.15562179799782
3411,66.73840630082121,66.73840630082121,66.73840630082121,66.73840630082121,66.73840630082121
3412,62.65486625032922,62.65486625032922,62.65486625032922,62.65486625032922,62.65486625032922
3413,64.84925992082381,64.84925992082381,64.84925992082381,64.84925992082381,64.84925992082381
3414,68.06154336152504,68.06154336152504,68.06154336152504,68.06154336152504,68.06154336152504
3415,68.76946140211126,68.76946140211126,68.76946140211126,68.76946140211126,68.76946140211126
3416,60.07191118044071,60.07191118044071,60.07191118044071,60.07191118044071,60.07191118044071
3417,60.60491997152198,60.60491997152198,60.60491997152198,60.60491997152198,60.60491997152198
3418,71.43868799412792,71.43868799412792,71.43868799412792,71.43868799412792,71.43868799412792
3419,68.76989596822929,68.76989596822929,68.76989596822929,68.76989596822929,68.76989596822929
3420,66.92392091644848,66.92392091644848,66.92392091644848,66.92392091644848,66.92392091644848
3421,62.98624627336774,62.98624627336774,62.98624627336774,62.98624627336774,62.98624627336774
3422,71.42808070492701,71.42808070492701,71.42808070492701,71.42808070492701,71.42808070492701
3423,64.87197784554903,64.87197784554903,64.87197784554903,64.87197784554903,64.87197784554903
3424,67.36224686197072,67.36224686197072,67.36224686197072,67.36224686197072,67.36224686197072
3425,63.53295747321296,63.53295747321296,63.53295747321296,63.53295747321296,63.53295747321296
3426,63.769582786405365,63.769582786405365,63.769582786405365,63.769582786405365,63.769582786405365
3427,70.05505422428132,70.05505422428132,70.05505422428132,70.05505422428132,70.05505422428132
3428,65.16822190528836,65.16822190528836,65.16822190528836,65.16822190528836,65.16822190528836
3429,59.79420600157687,59.79420600157687,59.79420600157687,59.79420600157687,59.79420600157687
3430,61.00652056299612,61.00652056299612,61.00652056299612,61.00652056299612,61.00652056299612
3431,65.21532195872535,65.21532195872535,65.21532195872535,65.21532195872535,65.21532195872535
3432,59.33742365057614,59.33742365057614,59.33742365057614,59.33742365057614,59.33742365057614
3433,62.88698715149223,62.88698715149223,62.88698715149223,62.88698715149223,62.88698715149223
3434,66.91501843385652,66.91501843385652,66.91501843385652,66.91501843385652,66.91501843385652
3435,58.91876851243874,58.91876851243874,58.91876851243874,58.91876851243874,58.91876851243874
3436,68.13293246630927,68.13293246630927,68.13293246630927,68.13293246630927,68.13293246630927
3437,69.67818476903574,69.67818476903574,69.67818476903574,69.67818476903574,69.67818476903574
3438,64.7260177618666,64.7260177618666,64.7260177618666,64.7260177618666,64.7260177618666
3439,61.05120105818074,61.05120105818074,61.05120105818074,61.05120105818074,61.05120105818074
3440,70.87943020650408,70.87943020650408,70.87943020650408,70.87943020650408,70.87943020650408
3441,65.9080361804908,65.9080361804908,65.9080361804908,65.9080361804908,65.9080361804908
3442,70.25082336848563,70.25082336848563,70.25082336848563,70.25082336848563,70.25082336848563
3443,62.338400359009675,62.338400359009675,62.338400359009675,62.338400359009675,62.338400359009675
3444,69.25272540128681,69.25272540128681,69.25272540128681,69.25272540128681,69.25272540128681
3445,61.947163405670295,61.947163405670295,61.947163405670295,61.947163405670295,61.947163405670295
3446,66.8073363461326,66.8073363461326,66.8073363461326,66.8073363461326,66.8073363461326
3447,63.244933170485155,63.244933170485155,63.244933170485155,63.244933170485155,63.244933170485155
3448,59.57217757639301,59.57217757639301,59.57217757639301,59.57217757639301,59.57217757639301
3449,66.62577976623461,66.62577976623461,66.62577976623461,66.62577976623461,66.62577976623461
3450,70.45866322586217,70.45866322586217,70.45866322586217,70.45866322586217,70.45866322586217
3451,60.453276490183306,60.453276490183306,60.453276490183306,60.453276490183306,60.453276490183306
3452,67.50668185651014,67.50668185651014,67.50668185651014,67.50668185651014,67.50668185651014
3453,66.68511708954695,66.68511708954695,66.68511708954695,66.68511708954695,66.68511708954695
3454,59.610460585328525,59.610460585328525,59.610460585328525,59.610460585328525,59.610460585328525
3455,63.31628079706317,63.31628079706317,63.31628079706317,63.31628079706317,63.31628079706317
3456,58.55949048931852,58.55949048931852,58.55949048931852,58.55949048931852,58.55949048931852
3457,63.292426083644145,63.292426083644145,63.292426083644145,63.292426083644145,63.292426083644145
3458,61.84792822413202,61.84792822413202,61.84792822413202,61.84792822413202,61.84792822413202
3459,63.820773443455984,63.820773443455984,63.820773443455984,63.820773443455984,63.820773443455984
3460,63.3621347906313,63.3621347906313,63.3621347906313,63.3621347906313,63.3621347906313
3461,68.7751749801711,68.7751749801711,68.7751749801711,68.7751749801711,68.7751749801711
3462,59.67010114934111,59.67010114934111,59.67010114934111,59.67010114934111,59.67010114934111
3463,59.85247835944956,59.85247835944956,59.85247835944956,59.85247835944956,59.85247835944956
3464,63.14094898964045,63.14094898964045,63.14094898964045,63.14094898964045,63.14094898964045
3465,61.0195160155858,61.0195160155858,61.0195160155858,61.0195160155858,61.0195160155858
3466,70.99333581600898,70.99333581600898,70.99333581600898,70.99333581600898,70.99333581600898
3467,61.126743584794085,61.126743584794085,61.126743584794085,61.126743584794085,61.126743584794085
3468,63.311390399262635,63.311390399262635,63.311390399262635,63.311390399262635,63.311390399262635
3469,65.9497100951685,65.9497100951685,65.9497100951685,65.9497100951685,65.9497100951685
3470,60.84344409822116,60.84344409822116,60.84344409822116,60.84344409822116,60.84344409822116
3471,65.34785486861496,65.34785486861496,65.34785486861496,65.34785486861496,65.34785486861496
3472,59.58777306851291,59.58777306851291,59.58777306851291,59.58777306851291,59.58777306851291
3473,65.29874506830018,65.29874506830018,65.29874506830018,65.29874506830018,65.29874506830018
3474,68.56030414090681,68.56030414090681,68.56030414090681,68.56030414090681,68.56030414090681
3475,66.94682004805424,66.94682004805424,66.94682004805424,66.94682004805424,66.94682004805424
3476,60.145665124545424,60.145665124545424,60.145665124545424,60.145665124545424,60.145665124545424
3477,69.28516614110039,69.28516614110039,69.28516614110039,69.28516614110039,69.28516614110039
3478,68.95827919999066,68.95827919999066,68.95827919999066,68.95827919999066,68.95827919999066
3479,60.4772466255968,60.4772466255968,60.4772466255968,60.4772466255968,60.4772466255968
3480,59.281765304102585,59.281765304102585,59.281765304102585,59.281765304102585,59.281765304102585
3481,60.202440872582414,60.202440872582414,60.202440872582414,60.202440872582414,60.202440872582414
3482,69.48909270453609,69.48909270453609,69.48909270453609,69.48909270453609,69.48909270453609
3483,61.10041260557576,61.10041260557576,61.10041260557576,61.10041260557576,61.10041260557576
3484,65.64876516548836,65.64876516548836,65.64876516548836,65.64876516548836,65.64876516548836
3485,64.70909677280056,64.70909677280056,64.70909677280056,64.70909677280056,64.70909677280056
3486,67.65310773006249,67.65310773006249,67.65310773006249,67.65310773006249,67.65310773006249
3487,69.59163489103109,69.59163489103109,69.59163489103109,69.59163489103109,69.59163489103109
3488,60.848088968937915,60.848088968937915,60.848088968937915,60.848088968937915,60.848088968937915
3489,64.12322285382565,64.12322285382565,64.12322285382565,64.12322285382565,64.12322285382565
3490,61.88594712835993,61.88594712835993,61.88594712835993,61.88594712835993,61.88594712835993
3491,61.947862405207324,61.947862405207324,61.947862405207324,61.947862405207324,61.947862405207324
3492,62.214782426459294,62.214782426459294,62.214782426459294,62.214782426459294,62.214782426459294
3493,64.19337061608908,64.19337061608908,64.19337061608908,64.19337061608908,64.19337061608908
3494,64.57624216434851,64.57624216434851,64.57624216434851,64.57624216434851,64.57624216434851
3495,66.52347138605283,66.52347138605283,66.52347138605283,66.52347138605283,66.52347138605283
3496,62.934387084278754,62.934387084278754,62.934387084278754,62.934387084278754,62.934387084278754
3497,68.65139293862795,68.65139293862795,68.65139293862795,68.65139293862795,68.65139293862795
3498,63.33345418970236,63.33345418970236,63.33345418970236,63.33345418970236,63.33345418970236
3499,59.756217295532515,59.756217295532515,59.756217295532515,59.756217295532515,59.756217295532515
3500,61.88290606100359,61.88290606100359,61.88290606100359,61.88290606100359,61.88290606100359
3501,62.298456395757874,62.298456395757874,62.298456395757874,62.298456395757874,62.298456395757874
3502,69.62048396144901,69.62048396144901,69.62048396144901,69.62048396144901,69.62048396144901
3503,66.72916591858049,66.72916591858049,66.72916591858049,66.72916591858049,66.72916591858049
3504,60.87921105378461,60.87921105378461,60.87921105378461,60.87921105378461,60.87921105378461
3505,63.93047644606439,63.93047644606439,63.93047644606439,63.93047644606439,63.93047644606439
3506,58.90012109512159,58.90012109512159,58.90012109512159,58.90012109512159,58.90012109512159
3507,59.760332008638926,59.760332008638926,59.760332008638926,59.760332008638926,59.760332008638926
3508,66.47374712417133,66.47374712417133,66.47374712417133,66.47374712417133,66.47374712417133
3509,65.6638061603016,65.6638061603016,65.6638061603016,65.6638061603016,65.6638061603016
3510,61.276714730056916,61.276714730056916,61.276714730056916,61.276714730056916,61.276714730056916
3511,70.53805893956475,70.53805893956475,70.53805893956475,70.53805893956475,70.53805893956475
3512,66.68564829974167,66.68564829974167,66.68564829974167,66.68564829974167,66.68564829974167
3513,62.2749078238099,62.2749078238099,62.2749078238099,62.2749078238099,62.2749078238099
3514,67.04563370192086,67.04563370192086,67.04563370192086,67.04563370192086,67.04563370192086
3515,67.30809393290929,67.30809393290929,67.30809393290929,67.30809393290929,67.30809393290929
3516,63.5525342894454,63.5525342894454,63.5525342894454,63.5525342894454,63.5525342894454
3517,67.3285831143863,67.3285831143863,67.3285831143863,67.3285831143863,67.3285831143863
3518,63.78471359086498,63.78471359086498,63.78471359086498,63.78471359086498,63.78471359086498
3519,69.57593722811367,69.57593722811367,69.57593722811367,69.57593722811367,69.57593722811367
3520,68.13545393299516,68.13545393299516,68.13545393299516,68.13545393299516,68.13545393299516
3521,61.284130292146834,61.284130292146834,61.284130292146834,61.284130292146834,61.284130292146834
3522,69.35452892316202,69.35452892316202,69.35452892316202,69.35452892316202,69.35452892316202
3523,61.13082002309785,61.13082002309785,61.13082002309785,61.13082002309785,61.13082002309785
3524,61.954188114680235,61.954188114680235,61.954188114680235,61.954188114680235,61.954188114680235
3525,62.64434685359023,62.64434685359023,62.64434685359023,62.64434685359023,62.64434685359023
3526,66.90342401539309,66.90342401539309,66.90342401539309,66.90342401539309,66.90342401539309
3527,58.60855536099697,58.60855536099697,58.60855536099697,58.60855536099697,58.60855536099697
3528,71.45101449350003,71.45101449350003,71.45101449350003,71.45101449350003,71.45101449350003
3529,69.54373464844487,69.54373464844487,69.54373464844487,69.54373464844487,69.54373464844487
3530,59.727583531995144,59.727583531995144,59.727583531995144,59.727583531995144,59.727583531995144
3531,67.7964670659103,67.7964670659103,67.7964670659103,67.7964670659103,67.7964670659103
3532,66.85063432685439,66.85063432685439,66.85063432685439,66.85063432685439,66.85063432685439
3533,69.30882755283842,69.30882755283842,69.30882755283842,69.30882755283842,69.30882755283842
3534,62.00328867969891,62.00328867969891,62.00328867969891,62.00328867969891,62.00328867969891
3535,71.45379581891797,71.45379581891797,71.45379581891797,71.45379581891797,71.45379581891797
3536,70.9247240812827,70.9247240812827,70.9247240812827,70.9247240812827,70.9247240812827
3537,67.872387247515,67.872387247515,67.872387247515,67.872387247515,67.872387247515
3538,68.0951892217607,68.0951892217607,68.0951892217607,68.0951892217607,68.0951892217607
3539,60.76382447334875,60.76382447334875,60.76382447334875,60.76382447334875,60.76382447334875
3540,62.59211855934619,62.59211855934619,62.59211855934619,62.59211855934619,62.59211855934619
3541,61.150251834403576,61.150251834403576,61.150251834403576,61.150251834403576,61.150251834403576
3542,58.99223364499335,58.99223364499335,58.99223364499335,58.99223364499335,58.99223364499335
3543,69.2751632541945,69.2751632541945,69.2751632541945,69.2751632541945,69.2751632541945
3544,67.63631628364958,67.63631628364958,67.63631628364958,67.63631628364958,67.63631628364958
3545,69.44976047600635,69.44976047600635,69.44976047600635,69.44976047600635,69.44976047600635
3546,67.61761057826959,67.61761057826959,67.61761057826959,67.61761057826959,67.61761057826959
3547,61.40333059993657,61.40333059993657,61.40333059993657,61.40333059993657,61.40333059993657
3548,66.17895877398324,66.17895877398324,66.17895877398324,66.17895877398324,66.17895877398324
3549,69.74726483436298,69.74726483436298,69.74726483436298,69.74726483436298,69.74726483436298
3550,66.12063194945519,66.12063194945519,66.12063194945519,66.12063194945519,66.12063194945519
3551,59.036734489406555,59.036734489406555,59.036734489406555,59.036734489406555,59.036734489406555
3552,66.93311737761206,66.93311737761206,66.93311737761206,66.93311737761206,66.93311737761206
3553,66.37471030997865,66.37471030997865,66.37471030997865,66.37471030997865,66.37471030997865
3554,67.47567937382699,67.47567937382699,67.47567937382699,67.47567937382699,67.47567937382699
3555,64.16710801840104,64.16710801840104,64.16710801840104,64.16710801840104,64.16710801840104
3556,71.00645257143537,71.00645257143537,71.00645257143537,71.00645257143537,71.00645257143537
3557,66.8037919759078,66.8037919759078,66.8037919759078,66.8037919759078,66.8037919759078
3558,70.7583567918161,70.7583567918161,70.7583567918161,70.7583567918161,70.7583567918161
3559,67.34855450647352,67.34855450647352,67.34855450647352,67.34855450647352,67.34855450647352
3560,71.10317648698714,71.10317648698714,71.10317648698714,71.10317648698714,71.10317648698714
3561,59.75940640818232,59.75940640818232,59.75940640818232,59.75940640818232,59.75940640818232
3562,62.170820554442464,62.170820554442464,62.170820554442464,62.170820554442464,62.170820554442464
3563,69.12705562451903,69.12705562451903,69.12705562451903,69.12705562451903,69.12705562451903
3564,63.48422351552601,63.48422351552601,63.48422351552601,63.48422351552601,63.48422351552601
3565,67.56852224496949,67.56852224496949,67.56852224496949,67.56852224496949,67.56852224496949
3566,61.11130505249671,61.11130505249671,61.11130505249671,61.11130505249671,61.11130505249671
3567,70.96451273204647,70.96451273204647,70.96451273204647,70.96451273204647,70.96451273204647
3568,67.51131618971833,67.51131618971833,67.51131618971833,67.51131618971833,67.51131618971833
3569,60.981374999230496,60.981374999230496,60.981374999230496,60.981374999230496,60.981374999230496
3570,67.69229315278137,67.69229315278137,67.69229315278137,67.69229315278137,67.69229315278137
3571,69.28656291536542,69.28656291536542,69.28656291536542,69.28656291536542,69.28656291536542
3572,61.337268894162854,61.337268894162854,61.337268894162854,61.337268894162854,61.337268894162854
3573,69.54590850413916,69.54590850413916,69.54590850413916,69.54590850413916,69.54590850413916
3574,58.55660472185387,58.55660472185387,58.55660472185387,58.55660472185387,58.55660472185387
3575,58.66830610999051,58.66830610999051,58.66830610999051,58.66830610999051,58.66830610999051
3576,59.03953615690342,59.03953615690342,59.03953615690342,59.03953615690342,59.03953615690342
3577,65.7871496255308,65.7871496255308,65.7871496255308,65.7871496255308,65.7871496255308
3578,67.12331975410872,67.12331975410872,67.12331975410872,67.12331975410872,67.12331975410872
3579,64.64306553384894,64.64306553384894,64.64306553384894,64.64306553384894,64.64306553384894
3580,65.1992601609297,65.1992601609297,65.1992601609297,65.1992601609297,65.1992601609297
3581,69.35162262932472,69.35162262932472,69.35162262932472,69.35162262932472,69.35162262932472
3582,65.42460027359424,65.42460027359424,65.42460027359424,65.42460027359424,65.42460027359424
3583,71.31207500933805,71.31207500933805,71.31207500933805,71.31207500933805,71.31207500933805
3584,69.54171173959317,69.54171173959317,69.54171173959317,69.54171173959317,69.54171173959317
3585,69.38410380098274,69.38410380098274,69.38410380098274,69.38410380098274,69.38410380098274
3586,62.46604807705574,62.46604807705574,62.46604807705574,62.46604807705574,62.46604807705574
3587,67.58286057193611,67.58286057193611,67.58286057193611,67.58286057193611,67.58286057193611
3588,59.2090791561383,59.2090791561383,59.2090791561383,59.2090791561383,59.2090791561383
3589,65.46659910966264,65.46659910966264,65.46659910966264,65.46659910966264,65.46659910966264
3590,60.94499580125313,60.94499580125313,60.94499580125313,60.94499580125313,60.94499580125313
3591,60.03124617651516,60.03124617651516,60.03124617651516,60.03124617651516,60.03124617651516
3592,63.51878116876186,63.51878116876186,63.51878116876186,63.51878116876186,63.51878116876186
3593,63.874358338118505,63.874358338118505,63.874358338118505,63.874358338118505,63.874358338118505
3594,71.17809442935024,71.17809442935024,71.17809442935024,71.17809442935024,71.17809442935024
3595,60.59328621403452,60.59328621403452,60.59328621403452,60.59328621403452,60.59328621403452
3596,65.45447496578169,65.45447496578169,65.45447496578169,65.45447496578169,65.45447496578169
3597,60.07698721782287,60.07698721782287,60.07698721782287,60.07698721782287,60.07698721782287
3598,68.247805215358,68.247805215358,68.247805215358,68.247805215358,68.247805215358
3599,66.1921274338444,66.1921274338444,66.1921274338444,66.1921274338444,66.1921274338444
3600,66.76896071196583,66.76896071196583,66.76896071196583,66.76896071196583,66.76896071196583
3601,71.44969018042549,71.44969018042549,71.44969018042549,71.44969018042549,71.44969018042549
3602,66.4489309074004,66.4489309074004,66.4489309074004,66.4489309074004,66.4489309074004
3603,69.00236163664628,69.00236163664628,69.00236163664628,69.00236163664628,69.00236163664628
3604,60.33661472061865,60.33661472061865,60.33661472061865,60.33661472061865,60.33661472061865
3605,61.57387586365266,61.57387586365266,61.57387586365266,61.57387586365266,61.57387586365266
3606,65.50903924391979,65.50903924391979,65.50903924391979,65.50903924391979,65.50903924391979
3607,58.56622920409043,58.56622920409043,58.56622920409043,58.56622920409043,58.56622920409043
3608,62.02641745035085,62.02641745035085,62.02641745035085,62.02641745035085,62.02641745035085
3609,64.16971087910458,64.16971087910458,64.16971087910458,64.16971087910458,64.16971087910458
3610,62.13418181430104,62.13418181430104,62.13418181430104,62.13418181430104,62.13418181430104
3611,63.09272872805072,63.09272872805072,63.09272872805072,63.09272872805072,63.09272872805072
3612,68.0603899276262,68.0603899276262,68.0603899276262,68.0603899276262,68.0603899276262
3613,68.15656280677665,68.15656280677665,68.15656280677665,68.15656280677665,68.15656280677665
3614,69.03260859141292,69.03260859141292,69.03260859141292,69.03260859141292,69.03260859141292
3615,70.90462015313707,70.90462015313707,70.90462015313707,70.90462015313707,70.90462015313707
3616,65.67089528337976,65.67089528337976,65.67089528337976,65.67089528337976,65.67089528337976
3617,60.822812982780206,60.822812982780206,60.822812982780206,60.822812982780206,60.822812982780206
3618,63.12253322014244,63.12253322014244,63.12253322014244,63.12253322014244,63.12253322014244
3619,70.00454179160822,70.00454179160822,70.00454179160822,70.00454179160822,70.00454179160822
3620,69.15326201016106,69.15326201016106,69.15326201016106,69.15326201016106,69.15326201016106
3621,64.04856976260791,64.04856976260791,64.04856976260791,64.04856976260791,64.04856976260791
3622,67.83838169870121,67.83838169870121,67.83838169870121,67.83838169870121,67.83838169870121
3623,62.752499349325156,62.752499349325156,62.752499349325156,62.752499349325156,62.752499349325156
3624,58.8269710621641,58.8269710621641,58.8269710621641,58.8269710621641,58.8269710621641
3625,61.86272061708662,61.86272061708662,61.86272061708662,61.86272061708662,61.86272061708662
3626,63.29079755648704,63.29079755648704,63.29079755648704,63.29079755648704,63.29079755648704
3627,65.34016330498578,65.34016330498578,65.34016330498578,65.34016330498578,65.34016330498578
3628,67.47264902046427,67.47264902046427,67.47264902046427,67.47264902046427,67.47264902046427
3629,61.571534706712825,61.571534706712825,61.571534706712825,61.571534706712825,61.571534706712825
3630,67.86203955224609,67.86203955224609,67.86203955224609,67.86203955224609,67.86203955224609
3631,62.83703425915344,62.83703425915344,62.83703425915344,62.83703425915344,62.83703425915344
3632,65.36714036526952,65.36714036526952,65.36714036526952,65.36714036526952,65.36714036526952
3633,68.58096817736622,68.58096817736622,68.58096817736622,68.58096817736622,68.58096817736622
3634,69.2467902822794,69.2467902822794,69.2467902822794,69.2467902822794,69.2467902822794
3635,69.73745067968713,69.73745067968713,69.73745067968713,69.73745067968713,69.73745067968713
3636,68.0624540587272,68.0624540587272,68.0624540587272,68.0624540587272,68.0624540587272
3637,71.43143273755285,71.43143273755285,71.43143273755285,71.43143273755285,71.43143273755285
3638,66.28653614595711,66.28653614595711,66.28653614595711,66.28653614595711,66.28653614595711
3639,59.27741557037812,59.27741557037812,59.27741557037812,59.27741557037812,59.27741557037812
3640,70.50437291220156,70.50437291220156,70.50437291220156,70.50437291220156,70.50437291220156
3641,70.75130430634293,70.75130430634293,70.75130430634293,70.75130430634293,70.75130430634293
3642,66.14131662232876,66.14131662232876,66.14131662232876,66.14131662232876,66.14131662232876
3643,69.945534602056,69.945534602056,69.945534602056,69.945534602056,69.945534602056
3644,60.41984265290435,60.41984265290435,60.41984265290435,60.41984265290435,60.41984265290435
3645,70.78844639810917,70.78844639810917,70.78844639810917,70.78844639810917,70.78844639810917
3646,66.13083167448033,66.13083167448033,66.13083167448033,66.13083167448033,66.13083167448033
3647,61.40284175837035,61.40284175837035,61.40284175837035,61.40284175837035,61.40284175837035
3648,70.49368817649308,70.49368817649308,70.49368817649308,70.49368817649308,70.49368817649308
3649,58.584019155982595,58.584019155982595,58.584019155982595,58.584019155982595,58.584019155982595
3650,63.136847223411046,63.136847223411046,63.136847223411046,63.136847223411046,63.136847223411046
3651,68.04006668074732,68.04006668074732,68.04006668074732,68.04006668074732,68.04006668074732
3652,62.31729897311828,62.31729897311828,62.31729897311828,62.31729897311828,62.31729897311828
3653,64.30265654389899,64.30265654389899,64.30265654389899,64.30265654389899,64.30265654389899
3654,71.1195542028966,71.1195542028966,71.1195542028966,71.1195542028966,71.1195542028966
3655,69.80191365405845,69.80191365405845,69.80191365405845,69.80191365405845,69.80191365405845
3656,61.1949652146357,61.1949652146357,61.1949652146357,61.1949652146357,61.1949652146357
3657,71.12548104976786,71.12548104976786,71.12548104976786,71.12548104976786,71.12548104976786
3658,62.48384672633237,62.48384672633237,62.48384672633237,62.48384672633237,62.48384672633237
3659,68.04959083777936,68.04959083777936,68.04959083777936,68.04959083777936,68.04959083777936
3660,69.02117327914387,69.02117327914387,69.02117327914387,69.02117327914387,69.02117327914387
3661,61.04979521579754,61.04979521579754,61.04979521579754,61.04979521579754,61.04979521579754
3662,60.01447676018886,60.01447676018886,60.01447676018886,60.01447676018886,60.01447676018886
3663,66.69071401502971,66.69071401502971,66.69071401502971,66.69071401502971,66.69071401502971
3664,68.02555781102642,68.02555781102642,68.02555781102642,68.02555781102642,68.02555781102642
3665,61.0449710237671,61.0449710237671,61.0449710237671,61.0449710237671,61.0449710237671
3666,70.11195595193108,70.11195595193108,70.11195595193108,70.11195595193108,70.11195595193108
3667,69.22878247209064,69.22878247209064,69.22878247209064,69.22878247209064,69.22878247209064
3668,61.551765275140035,61.551765275140035,61.551765275140035,61.551765275140035,61.551765275140035
3669,60.75343084513885,60.75343084513885,60.75343084513885,60.75343084513885,60.75343084513885
3670,61.02220412091296,61.02220412091296,61.02220412091296,61.02220412091296,61.02220412091296
3671,61.97459809431075,61.97459809431075,61.97459809431075,61.97459809431075,61.97459809431075
3672,61.08356370071278,61.08356370071278,61.08356370071278,61.08356370071278,61.08356370071278
3673,61.11028685637312,61.11028685637312,61.11028685637312,61.11028685637312,61.11028685637312
3674,58.5737997707321,58.5737997707321,58.5737997707321,58.5737997707321,58.5737997707321
3675,66.41518098117163,66.41518098117163,66.41518098117163,66.41518098117163,66.41518098117163
3676,60.70827164202341,60.70827164202341,60.70827164202341,60.70827164202341,60.70827164202341
3677,62.27014326394474,62.27014326394474,62.27014326394474,62.27014326394474,62.27014326394474
3678,61.69932949565018,61.69932949565018,61.69932949565018,61.69932949565018,61.69932949565018
3679,65.65946927766676,65.65946927766676,65.65946927766676,65.65946927766676,65.65946927766676
3680,70.17613831968335,70.17613831968335,70.17613831968335,70.17613831968335,70.17613831968335
3681,66.11122381992585,66.11122381992585,66.11122381992585,66.11122381992585,66.11122381992585
3682,68.2638000002191,68.2638000002191,68.2638000002191,68.2638000002191,68.2638000002191
3683,60.48611200862184,60.48611200862184,60.48611200862184,60.48611200862184,60.48611200862184
3684,63.22279860541025,63.22279860541025,63.22279860541025,63.22279860541025,63.22279860541025
3685,71.19207228607415,71.19207228607415,71.19207228607415,71.19207228607415,71.19207228607415
3686,66.88510734013701,66.88510734013701,66.88510734013701,66.88510734013701,66.88510734013701
3687,60.34260678722085,60.34260678722085,60.34260678722085,60.34260678722085,60.34260678722085
3688,65.90483809102767,65.90483809102767,65.90483809102767,65.90483809102767,65.90483809102767
3689,59.90747596945567,59.90747596945567,59.90747596945567,59.90747596945567,59.90747596945567
3690,64.41161744309288,64.41161744309288,64.41161744309288,64.41161744309288,64.41161744309288
3691,63.49894667855721,63.49894667855721,63.49894667855721,63.49894667855721,63.49894667855721
3692,58.65029502078836,58.65029502078836,58.65029502078836,58.65029502078836,58.65029502078836
3693,70.30955945157986,70.30955945157986,70.30955945157986,70.30955945157986,70.30955945157986
3694,67.96939052550952,67.96939052550952,67.96939052550952,67.96939052550952,67.96939052550952
3695,68.42739861157222,68.42739861157222,68.42739861157222,68.42739861157222,68.42739861157222
3696,63.598679250988496,63.598679250988496,63.598679250988496,63.598679250988496,63.598679250988496
3697,62.015190511292666,62.015190511292666,62.015190511292666,62.015190511292666,62.015190511292666
3698,63.00888440966114,63.00888440966114,63.00888440966114,63.00888440966114,63.00888440966114
3699,58.56835507615572,58.56835507615572,58.56835507615572,58.56835507615572,58.56835507615572
3700,69.57504712139499,69.57504712139499,69.57504712139499,69.57504712139499,69.57504712139499
3701,61.92749727261183,61.92749727261183,61.92749727261183,61.92749727261183,61.92749727261183
3702,61.86656956941396,61.86656956941396,61.86656956941396,61.86656956941396,61.86656956941396
3703,68.319797362186,68.319797362186,68.319797362186,68.319797362186,68.319797362186
3704,67.24575630671168,67.24575630671168,67.24575630671168,67.24575630671168,67.24575630671168
3705,64.10726661841434,64.10726661841434,64.10726661841434,64.10726661841434,64.10726661841434
3706,60.48393922245578,60.48393922245578,60.48393922245578,60.48393922245578,60.48393922245578
3707,71.33526757213077,71.33526757213077,71.33526757213077,71.33526757213077,71.33526757213077
3708,66.11201901855394,66.11201901855394,66.11201901855394,66.11201901855394,66.11201901855394
3709,70.51018364369097,70.51018364369097,70.51018364369097,70.51018364369097,70.51018364369097
3710,71.20783284479658,71.20783284479658,71.20783284479658,71.20783284479658,71.20783284479658
3711,65.63446363505307,65.63446363505307,65.63446363505307,65.63446363505307,65.63446363505307
3712,62.37600982311361,62.37600982311361,62.37600982311361,62.37600982311361,62.37600982311361
3713,63.630459057116525,63.630459057116525,63.630459057116525,63.630459057116525,63.630459057116525
3714,59.8760126289049,59.8760126289049,59.8760126289049,59.8760126289049,59.8760126289049
3715,70.49463949324009,70.49463949324009,70.49463949324009,70.49463949324009,70.49463949324009
3716,59.95558768698414,59.95558768698414,59.95558768698414,59.95558768698414,59.95558768698414
3717,63.597720875748735,63.597720875748735,63.597720875748735,63.597720875748735,63.597720875748735
3718,70.43960156716889,70.43960156716889,70.43960156716889,70.43960156716889,70.43960156716889
3719,61.806065197487314,61.806065197487314,61.806065197487314,61.806065197487314,61.806065197487314
3720,64.61762742493926,64.61762742493926,64.61762742493926,64.61762742493926,64.61762742493926
3721,69.81010150812772,69.81010150812772,69.81010150812772,69.81010150812772,69.81010150812772
3722,64.99676867561419,64.99676867561419,64.99676867561419,64.99676867561419,64.99676867561419
3723,61.88318650410135,61.88318650410135,61.88318650410135,61.88318650410135,61.88318650410135
3724,63.583791243077194,63.583791243077194,63.583791243077194,63.583791243077194,63.583791243077194
3725,70.57047720346031,70.57047720346031,70.57047720346031,70.57047720346031,70.57047720346031
3726,60.33585304415567,60.33585304415567,60.33585304415567,60.33585304415567,60.33585304415567
3727,69.28741494707927,69.28741494707927,69.28741494707927,69.28741494707927,69.28741494707927
3728,62.049489916040905,62.049489916040905,62.049489916040905,62.049489916040905,62.049489916040905
3729,69.96290676654709,69.96290676654709,69.96290676654709,69.96290676654709,69.96290676654709
3730,60.18870728696209,60.18870728696209,60.18870728696209,60.18870728696209,60.18870728696209
3731,66.709179431233,66.709179431233,66.709179431233,66.709179431233,66.709179431233
3732,68.03736241273367,68.03736241273367,68.03736241273367,68.03736241273367,68.03736241273367
3733,61.052129993101744,61.052129993101744,61.052129993101744,61.052129993101744,61.052129993101744
3734,70.47990059710347,70.47990059710347,70.47990059710347,70.47990059710347,70.47990059710347
3735,66.67302855856475,66.67302855856475,66.67302855856475,66.67302855856475,66.67302855856475
3736,66.83122833435102,66.83122833435102,66.83122833435102,66.83122833435102,66.83122833435102
3737,69.17921931283506,69.17921931283506,69.17921931283506,69.17921931283506,69.17921931283506
3738,64.64146853648664,64.64146853648664,64.64146853648664,64.64146853648664,64.64146853648664
3739,65.51156057553,65.51156057553,65.51156057553,65.51156057553,65.51156057553
3740,64.03539309061777,64.03539309061777,64.03539309061777,64.03539309061777,64.03539309061777
3741,63.494162101026674,63.494162101026674,63.494162101026674,63.494162101026674,63.494162101026674
3742,58.50318674651674,58.50318674651674,58.50318674651674,58.50318674651674,58.50318674651674
3743,65.1098217109638,65.1098217109638,65.1098217109638,65.1098217109638,65.1098217109638
3744,66.89474380614789,66.89474380614789,66.89474380614789,66.89474380614789,66.89474380614789
3745,68.15520237802905,68.15520237802905,68.15520237802905,68.15520237802905,68.15520237802905
3746,60.469253240086616,60.469253240086616,60.469253240086616,60.469253240086616,60.469253240086616
3747,62.19244330465381,62.19244330465381,62.19244330465381,62.19244330465381,62.19244330465381
3748,62.64340736238847,62.64340736238847,62.64340736238847,62.64340736238847,62.64340736238847
3749,70.55022933978239,70.55022933978239,70.55022933978239,70.55022933978239,70.55022933978239
3750,69.4320844084161,69.4320844084161,69.4320844084161,69.4320844084161,69.4320844084161
3751,67.07544158261753,67.07544158261753,67.07544158261753,67.07544158261753,67.07544158261753
3752,65.15309941912493,65.15309941912493,65.15309941912493,65.15309941912493,65.15309941912493
3753,69.43118063093111,69.43118063093111,69.43118063093111,69.43118063093111,69.43118063093111
3754,61.3232067464732,61.3232067464732,61.3232067464732,61.3232067464732,61.3232067464732
3755,65.7731387175471,65.7731387175471,65.7731387175471,65.7731387175471,65.7731387175471
3756,69.11483953889571,69.11483953889571,69.11483953889571,69.11483953889571,69.11483953889571
3757,62.312595982741286,62.312595982741286,62.312595982741286,62.312595982741286,62.312595982741286
3758,60.36694481944659,60.36694481944659,60.36694481944659,60.36694481944659,60.36694481944659
3759,63.97850279884058,63.97850279884058,63.97850279884058,63.97850279884058,63.97850279884058
3760,64.40942420770433,64.40942420770433,64.40942420770433,64.40942420770433,64.40942420770433
3761,61.07953224120998,61.07953224120998,61.07953224120998,61.07953224120998,61.07953224120998
3762,66.56521086796452,66.56521086796452,66.56521086796452,66.56521086796452,66.56521086796452
3763,69.34262341828749,69.34262341828749,69.34262341828749,69.34262341828749,69.34262341828749
3764,62.17556817701217,62.17556817701217,62.17556817701217,62.17556817701217,62.17556817701217
3765,63.893044671180554,63.893044671180554,63.893044671180554,63.893044671180554,63.893044671180554
3766,69.84519050519002,69.84519050519002,69.84519050519002,69.84519050519002,69.84519050519002
3767,70.05564805597993,70.05564805597993,70.05564805597993,70.05564805597993,70.05564805597993
3768,64.65365896236253,64.65365896236253,64.65365896236253,64.65365896236253,64.65365896236253
3769,69.37445335326035,69.37445335326035,69.37445335326035,69.37445335326035,69.37445335326035
3770,65.99319412688627,65.99319412688627,65.99319412688627,65.99319412688627,65.99319412688627
3771,60.34470059499322,60.34470059499322,60.34470059499322,60.34470059499322,60.34470059499322
3772,68.37459938290873,68.37459938290873,68.37459938290873,68.37459938290873,68.37459938290873
3773,67.24413750006494,67.24413750006494,67.24413750006494,67.24413750006494,67.24413750006494
3774,69.69939736680111,69.69939736680111,69.69939736680111,69.69939736680111,69.69939736680111
3775,63.495559375121836,63.495559375121836,63.495559375121836,63.495559375121836,63.495559375121836
3776,64.19128682915185,64.19128682915185,64.19128682915185,64.19128682915185,64.19128682915185
3777,61.30672446378486,61.30672446378486,61.30672446378486,61.30672446378486,61.30672446378486
3778,65.13803780860188,65.13803780860188,65.13803780860188,65.13803780860188,65.13803780860188
3779,69.69895671158567,69.69895671158567,69.69895671158567,69.69895671158567,69.69895671158567
3780,65.05247899141942,65.05247899141942,65.05247899141942,65.05247899141942,65.05247899141942
3781,69.86661032332022,69.86661032332022,69.86661032332022,69.86661032332022,69.86661032332022
3782,64.57116288854657,64.57116288854657,64.57116288854657,64.57116288854657,64.57116288854657
3783,70.26704672656176,70.26704672656176,70.26704672656176,70.26704672656176,70.26704672656176
3784,59.25748884955274,59.25748884955274,59.25748884955274,59.25748884955274,59.25748884955274
3785,64.524697070115,64.524697070115,64.524697070115,64.524697070115,64.524697070115
3786,59.2315151041188,59.2315151041188,59.2315151041188,59.2315151041188,59.2315151041188
3787,68.0222753139612,68.0222753139612,68.0222753139612,68.0222753139612,68.0222753139612
3788,68.31668148301766,68.31668148301766,68.31668148301766,68.31668148301766,68.31668148301766
3789,62.75695062218735,62.75695062218735,62.75695062218735,62.75695062218735,62.75695062218735
3790,62.32227598452491,62.32227598452491,62.32227598452491,62.32227598452491,62.32227598452491
3791,66.83204388608758,66.83204388608758,66.83204388608758,66.83204388608758,66.83204388608758
3792,66.65206096708344,66.65206096708344,66.65206096708344,66.65206096708344,66.65206096708344
3793,65.13916829701033,65.13916829701033,65.13916829701033,65.13916829701033,65.13916829701033
3794,69.94502714559076,69.94502714559076,69.94502714559076,69.94502714559076,69.94502714559076
3795,64.60925428929696,64.60925428929696,64.60925428929696,64.60925428929696,64.60925428929696
3796,60.73521653507805,60.73521653507805,60.73521653507805,60.73521653507805,60.73521653507805
3797,68.91310315382225,68.91310315382225,68.91310315382225,68.91310315382225,68.91310315382225
3798,67.81172269596298,67.81172269596298,67.81172269596298,67.81172269596298,67.81172269596298
3799,61.68871015430254,61.68871015430254,61.68871015430254,61.68871015430254,61.68871015430254
3800,66.5434860941518,66.5434860941518,66.5434860941518,66.5434860941518,66.5434860941518
3801,68.92527628867913,68.92527628867913,68.92527628867913,68.92527628867913,68.92527628867913
3802,63.462904531647645,63.462904531647645,63.462904531647645,63.462904531647645,63.462904531647645
3803,70.02554034824128,70.02554034824128,70.02554034824128,70.02554034824128,70.02554034824128
3804,65.2390293836939,65.2390293836939,65.2390293836939,65.2390293836939,65.2390293836939
3805,62.703398559496364,62.703398559496364,62.703398559496364,62.703398559496364,62.703398559496364
3806,67.70367780377552,67.70367780377552,67.70367780377552,67.70367780377552,67.70367780377552
3807,61.23949124909517,61.23949124909517,61.23949124909517,61.23949124909517,61.23949124909517
3808,67.13800506535956,67.13800506535956,67.13800506535956,67.13800506535956,67.13800506535956
3809,62.45316693807783,62.45316693807783,62.45316693807783,62.45316693807783,62.45316693807783
3810,67.11679245529595,67.11679245529595,67.11679245529595,67.11679245529595,67.11679245529595
3811,63.21575948098732,63.21575948098732,63.21575948098732,63.21575948098732,63.21575948098732
3812,59.21518656778902,59.21518656778902,59.21518656778902,59.21518656778902,59.21518656778902
3813,69.4335681586982,69.4335681586982,69.4335681586982,69.4335681586982,69.4335681586982
3814,62.39224949930916,62.39224949930916,62.39224949930916,62.39224949930916,62.39224949930916
3815,71.4287684796921,71.4287684796921,71.4287684796921,71.4287684796921,71.4287684796921
3816,62.61333380061099,62.61333380061099,62.61333380061099,62.61333380061099,62.61333380061099
3817,61.82512026327697,61.82512026327697,61.82512026327697,61.82512026327697,61.82512026327697
3818,68.83363656566813,68.83363656566813,68.83363656566813,68.83363656566813,68.83363656566813
3819,66.60130183988053,66.60130183988053,66.60130183988053,66.60130183988053,66.60130183988053
3820,60.08688103939821,60.08688103939821,60.08688103939821,60.08688103939821,60.08688103939821
3821,58.52582993531433,58.52582993531433,58.52582993531433,58.52582993531433,58.52582993531433
3822,63.07619551735915,63.07619551735915,63.07619551735915,63.07619551735915,63.07619551735915
3823,71.21254237217408,71.21254237217408,71.21254237217408,71.21254237217408,71.21254237217408
3824,62.39105097847798,62.39105097847798,62.39105097847798,62.39105097847798,62.39105097847798
3825,59.7297919983218,59.7297919983218,59.7297919983218,59.7297919983218,59.7297919983218
3826,69.85008050450124,69.85008050450124,69.85008050450124,69.85008050450124,69.85008050450124
3827,61.10239642082224,61.10239642082224,61.10239642082224,61.10239642082224,61.10239642082224
3828,71.16533951893062,71.16533951893062,71.16533951893062,71.16533951893062,71.16533951893062
3829,62.30918278188649,62.30918278188649,62.30918278188649,62.30918278188649,62.30918278188649
3830,64.78774709945995,64.78774709945995,64.78774709945995,64.78774709945995,64.78774709945995
3831,63.62389269069013,63.62389269069013,63.62389269069013,63.62389269069013,63.62389269069013
3832,69.01295277898258,69.01295277898258,69.01295277898258,69.01295277898258,69.01295277898258
3833,67.85353929306629,67.85353929306629,67.85353929306629,67.85353929306629,67.85353929306629
3834,58.8319633770211,58.8319633770211,58.8319633770211,58.8319633770211,58.8319633770211
3835,65.52409295695217,65.52409295695217,65.52409295695217,65.52409295695217,65.52409295695217
3836,65.27519209224359,65.27519209224359,65.27519209224359,65.27519209224359,65.27519209224359
3837,69.1046402749102,69.1046402749102,69.1046402749102,69.1046402749102,69.1046402749102
3838,67.81318267571473,67.81318267571473,67.81318267571473,67.81318267571473,67.81318267571473
3839,60.010027654075984,60.010027654075984,60.010027654075984,60.010027654075984,60.010027654075984
3840,70.22189713345529,70.22189713345529,70.22189713345529,70.22189713345529,70.22189713345529
3841,67.27073843753354,67.27073843753354,67.27073843753354,67.27073843753354,67.27073843753354
3842,58.74703925498191,58.74703925498191,58.74703925498191,58.74703925498191,58.74703925498191
3843,64.61526271186662,64.61526271186662,64.61526271186662,64.61526271186662,64.61526271186662
3844,61.32716496309401,61.32716496309401,61.32716496309401,61.32716496309401,61.32716496309401
3845,61.80517438465704,61.80517438465704,61.80517438465704,61.80517438465704,61.80517438465704
3846,61.2768695276322,61.2768695276322,61.2768695276322,61.2768695276322,61.2768695276322
3847,63.50210239543553,63.50210239543553,63.50210239543553,63.50210239543553,63.50210239543553
3848,59.70466713550383,59.70466713550383,59.70466713550383,59.70466713550383,59.70466713550383
3849,60.61544216965159,60.61544216965159,60.61544216965159,60.61544216965159,60.61544216965159
3850,70.59952068662409,70.59952068662409,70.59952068662409,70.59952068662409,70.59952068662409
3851,59.0661193395399,59.0661193395399,59.0661193395399,59.0661193395399,59.0661193395399
3852,65.6866743191821,65.6866743191821,65.6866743191821,65.6866743191821,65.6866743191821
3853,67.68797758848359,67.68797758848359,67.68797758848359,67.68797758848359,67.68797758848359
3854,71.2569051066513,71.2569051066513,71.2569051066513,71.2569051066513,71.2569051066513
3855,59.00312899775237,59.00312899775237,59.00312899775237,59.00312899775237,59.00312899775237
3856,59.870427613724864,59.870427613724864,59.870427613724864,59.870427613724864,59.870427613724864
3857,59.71708018939321,59.71708018939321,59.71708018939321,59.71708018939321,59.71708018939321
3858,69.0550588890889,69.0550588890889,69.0550588890889,69.0550588890889,69.0550588890889
3859,62.81233226587569,62.81233226587569,62.81233226587569,62.81233226587569,62.81233226587569
3860,59.0662456765675,59.0662456765675,59.0662456765675,59.0662456765675,59.0662456765675
3861,61.278080718297836,61.278080718297836,61.278080718297836,61.278080718297836,61.278080718297836
3862,68.24441858458778,68.24441858458778,68.24441858458778,68.24441858458778,68.24441858458778
3863,60.840908221037665,60.840908221037665,60.840908221037665,60.840908221037665,60.840908221037665
3864,65.19485495775207,65.19485495775207,65.19485495775207,65.19485495775207,65.19485495775207
3865,63.67412160179111,63.67412160179111,63.67412160179111,63.67412160179111,63.67412160179111
3866,63.25649365403056,63.25649365403056,63.25649365403056,63.25649365403056,63.25649365403056
3867,68.918145028789,68.918145028789,68.918145028789,68.918145028789,68.918145028789
3868,65.04245343892248,65.04245343892248,65.04245343892248,65.04245343892248,65.04245343892248
3869,61.06775378104836,61.06775378104836,61.06775378104836,61.06775378104836,61.06775378104836
3870,62.27259109952345,62.27259109952345,62.27259109952345,62.27259109952345,62.27259109952345
3871,69.01396648548385,69.01396648548385,69.01396648548385,69.01396648548385,69.01396648548385
3872,60.595983712506865,60.595983712506865,60.595983712506865,60.595983712506865,60.595983712506865
3873,58.822303874524714,58.822303874524714,58.822303874524714,58.822303874524714,58.822303874524714
3874,70.06988285455584,70.06988285455584,70.06988285455584,70.06988285455584,70.06988285455584
3875,59.770054352349824,59.770054352349824,59.770054352349824,59.770054352349824,59.770054352349824
3876,66.49864861259503,66.49864861259503,66.49864861259503,66.49864861259503,66.49864861259503
3877,63.189004017348175,63.189004017348175,63.189004017348175,63.189004017348175,63.189004017348175
3878,63.47025551205799,63.47025551205799,63.47025551205799,63.47025551205799,63.47025551205799
3879,66.23375192326961,66.23375192326961,66.23375192326961,66.23375192326961,66.23375192326961
3880,67.31483683742185,67.31483683742185,67.31483683742185,67.31483683742185,67.31483683742185
3881,67.26593149390301,67.26593149390301,67.26593149390301,67.26593149390301,67.26593149390301
3882,69.85054321212941,69.85054321212941,69.85054321212941,69.85054321212941,69.85054321212941
3883,64.10418706095705,64.10418706095705,64.10418706095705,64.10418706095705,64.10418706095705
3884,65.02900578351543,65.02900578351543,65.02900578351543,65.02900578351543,65.02900578351543
3885,65.41371548707689,65.41371548707689,65.41371548707689,65.41371548707689,65.41371548707689
3886,63.15424424103523,63.15424424103523,63.15424424103523,63.15424424103523,63.15424424103523
3887,70.90399259941607,70.90399259941607,70.90399259941607,70.90399259941607,70.90399259941607
3888,58.66737258223347,58.66737258223347,58.66737258223347,58.66737258223347,58.66737258223347
3889,60.283963867016595,60.283963867016595,60.283963867016595,60.283963867016595,60.283963867016595
3890,70.64949826188364,70.64949826188364,70.64949826188364,70.64949826188364,70.64949826188364
3891,62.30976970520421,62.30976970520421,62.30976970520421,62.30976970520421,62.30976970520421
3892,59.65321478975994,59.65321478975994,59.65321478975994,59.65321478975994,59.65321478975994
3893,68.08692887974259,68.08692887974259,68.08692887974259,68.08692887974259,68.08692887974259
3894,68.0981425756007,68.0981425756007,68.0981425756007,68.0981425756007,68.0981425756007
3895,64.79324916168629,64.79324916168629,64.79324916168629,64.79324916168629,64.79324916168629
3896,68.37989601529834,68.37989601529834,68.37989601529834,68.37989601529834,68.37989601529834
3897,60.46239887399817,60.46239887399817,60.46239887399817,60.46239887399817,60.46239887399817
3898,64.14658818193404,64.14658818193404,64.14658818193404,64.14658818193404,64.14658818193404
3899,70.67220772113595,70.67220772113595,70.67220772113595,70.67220772113595,70.67220772113595
3900,62.58089264252556,62.58089264252556,62.58089264252556,62.58089264252556,62.58089264252556
3901,66.4861872157542,66.4861872157542,66.4861872157542,66.4861872157542,66.4861872157542
3902,65.79986890070352,65.79986890070352,65.79986890070352,65.79986890070352,65.79986890070352
3903,62.18589129263987,62.18589129263987,62.18589129263987,62.18589129263987,62.18589129263987
3904,63.204052340898,63.204052340898,63.204052340898,63.204052340898,63.204052340898
3905,69.17614751368534,69.17614751368534,69.17614751368534,69.17614751368534,69.17614751368534
3906,59.17065287275446,59.17065287275446,59.17065287275446,59.17065287275446,59.17065287275446
3907,67.12857513703483,67.12857513703483,67.12857513703483,67.12857513703483,67.12857513703483
3908,63.49201443670863,63.49201443670863,63.49201443670863,63.49201443670863,63.49201443670863
3909,66.8128667255239,66.8128667255239,66.8128667255239,66.8128667255239,66.8128667255239
3910,63.76039686420077,63.76039686420077,63.76039686420077,63.76039686420077,63.76039686420077
3911,61.86450736214516,61.86450736214516,61.86450736214516,61.86450736214516,61.86450736214516
3912,65.48158584676074,65.48158584676074,65.48158584676074,65.48158584676074,65.48158584676074
3913,61.82427628806893,61.82427628806893,61.82427628806893,61.82427628806893,61.82427628806893
3914,59.91892311924421,59.91892311924421,59.91892311924421,59.91892311924421,59.91892311924421
3915,62.92857202819557,62.92857202819557,62.92857202819557,62.92857202819557,62.92857202819557
3916,63.80856186116068,63.80856186116068,63.80856186116068,63.80856186116068,63.80856186116068
3917,61.39928957714744,61.39928957714744,61.39928957714744,61.39928957714744,61.39928957714744
3918,67.71020540681714,67.71020540681714,67.71020540681714,67.71020540681714,67.71020540681714
3919,69.11963996545151,69.11963996545151,69.11963996545151,69.11963996545151,69.11963996545151
3920,70.31023497615718,70.31023497615718,70.31023497615718,70.31023497615718,70.31023497615718
3921,66.18667568895327,66.18667568895327,66.18667568895327,66.18667568895327,66.18667568895327
3922,65.94464479830238,65.94464479830238,65.94464479830238,65.94464479830238,65.94464479830238
3923,63.59817836799678,63.59817836799678,63.59817836799678,63.59817836799678,63.59817836799678
3924,63.87986412892118,63.87986412892118,63.87986412892118,63.87986412892118,63.87986412892118
3925,59.71589753506116,59.71589753506116,59.71589753506116,59.71589753506116,59.71589753506116
3926,66.33231061889705,66.33231061889705,66.33231061889705,66.33231061889705,66.33231061889705
3927,65.52363841239246,65.52363841239246,65.52363841239246,65.52363841239246,65.52363841239246
3928,65.64279355570038,65.64279355570038,65.64279355570038,65.64279355570038,65.64279355570038
3929,63.76697755805702,63.76697755805702,63.76697755805702,63.76697755805702,63.76697755805702
3930,71.41179672991767,71.41179672991767,71.41179672991767,71.41179672991767,71.41179672991767
3931,64.57117189448984,64.57117189448984,64.57117189448984,64.57117189448984,64.57117189448984
3932,71.45916035237907,71.45916035237907,71.45916035237907,71.45916035237907,71.45916035237907
3933,67.86811943705757,67.86811943705757,67.86811943705757,67.86811943705757,67.86811943705757
3934,67.64691191927197,67.64691191927197,67.64691191927197,67.64691191927197,67.64691191927197
3935,59.03336079471941,59.03336079471941,59.03336079471941,59.03336079471941,59.03336079471941
3936,61.162330627816196,61.162330627816196,61.162330627816196,61.162330627816196,61.162330627816196
3937,60.81327518357251,60.81327518357251,60.81327518357251,60.81327518357251,60.81327518357251
3938,59.895563025397074,59.895563025397074,59.895563025397074,59.895563025397074,59.895563025397074
3939,68.78377996413384,68.78377996413384,68.78377996413384,68.78377996413384,68.78377996413384
3940,69.52530883057449,69.52530883057449,69.52530883057449,69.52530883057449,69.52530883057449
3941,71.06718715774333,71.06718715774333,71.06718715774333,71.06718715774333,71.06718715774333
3942,63.7873678751359,63.7873678751359,63.7873678751359,63.7873678751359,63.7873678751359
3943,63.60393030173743,63.60393030173743,63.60393030173743,63.60393030173743,63.60393030173743
3944,60.112461444598594,60.112461444598594,60.112461444598594,60.112461444598594,60.112461444598594
3945,71.05478172197826,71.05478172197826,71.05478172197826,71.05478172197826,71.05478172197826
3946,67.87950027613945,67.87950027613945,67.87950027613945,67.87950027613945,67.87950027613945
3947,62.895163574445284,62.895163574445284,62.895163574445284,62.895163574445284,62.895163574445284
3948,68.36437547379877,68.36437547379877,68.36437547379877,68.36437547379877,68.36437547379877
3949,63.98537388605578,63.98537388605578,63.98537388605578,63.98537388605578,63.98537388605578
3950,60.92626398474674,60.92626398474674,60.92626398474674,60.92626398474674,60.92626398474674
3951,60.93787322834617,60.93787322834617,60.93787322834617,60.93787322834617,60.93787322834617
3952,70.67777969376662,70.67777969376662,70.67777969376662,70.67777969376662,70.67777969376662
3953,69.13625196060929,69.13625196060929,69.13625196060929,69.13625196060929,69.13625196060929
3954,63.98118828236161,63.98118828236161,63.98118828236161,63.98118828236161,63.98118828236161
3955,58.88632442687298,58.88632442687298,58.88632442687298,58.88632442687298,58.88632442687298
3956,67.59629706372961,67.59629706372961,67.59629706372961,67.59629706372961,67.59629706372961
3957,62.87549569466704,62.87549569466704,62.87549569466704,62.87549569466704,62.87549569466704
3958,64.34895787244237,64.34895787244237,64.34895787244237,64.34895787244237,64.34895787244237
3959,68.29194770003522,68.29194770003522,68.29194770003522,68.29194770003522,68.29194770003522
3960,64.16970688690112,64.16970688690112,64.16970688690112,64.16970688690112,64.16970688690112
3961,70.47495324678216,70.47495324678216,70.47495324678216,70.47495324678216,70.47495324678216
3962,61.309513797170155,61.309513797170155,61.309513797170155,61.309513797170155,61.309513797170155
3963,64.3862930620526,64.3862930620526,64.3862930620526,64.3862930620526,64.3862930620526
3964,64.39254598128294,64.39254598128294,64.39254598128294,64.39254598128294,64.39254598128294
3965,60.52221228117315,60.52221228117315,60.52221228117315,60.52221228117315,60.52221228117315
3966,62.73406998381253,62.73406998381253,62.73406998381253,62.73406998381253,62.73406998381253
3967,70.23503676447832,70.23503676447832,70.23503676447832,70.23503676447832,70.23503676447832
3968,69.6531743765341,69.6531743765341,69.6531743765341,69.6531743765341,69.6531743765341
3969,59.428284008701155,59.428284008701155,59.428284008701155,59.428284008701155,59.428284008701155
3970,65.8760421924631,65.8760421924631,65.8760421924631,65.8760421924631,65.8760421924631
3971,66.68117286394993,66.68117286394993,66.68117286394993,66.68117286394993,66.68117286394993
3972,71.40651518625899,71.40651518625899,71.40651518625899,71.40651518625899,71.40651518625899
3973,69.7680595570115,69.7680595570115,69.7680595570115,69.7680595570115,69.7680595570115
3974,63.36370559682024,63.36370559682024,63.36370559682024,63.36370559682024,63.36370559682024
3975,63.10990221854765,63.10990221854765,63.10990221854765,63.10990221854765,63.10990221854765
3976,65.85820219798072,65.85820219798072,65.85820219798072,65.85820219798072,65.85820219798072
3977,59.03497070094168,59.03497070094168,59.03497070094168,59.03497070094168,59.03497070094168
3978,58.57366011373356,58.57366011373356,58.57366011373356,58.57366011373356,58.57366011373356
3979,69.15545470786276,69.15545470786276,69.15545470786276,69.15545470786276,69.15545470786276
3980,62.989640998867856,62.989640998867856,62.989640998867856,62.989640998867856,62.989640998867856
3981,63.3976441129704,63.3976441129704,63.3976441129704,63.3976441129704,63.3976441129704
3982,59.325742864107305,59.325742864107305,59.325742864107305,59.325742864107305,59.325742864107305
3983,65.99118117563373,65.99118117563373,65.99118117563373,65.99118117563373,65.99118117563373
3984,71.2585647504865,71.2585647504865,71.2585647504865,71.2585647504865,71.2585647504865
3985,64.85130364272769,64.85130364272769,64.85130364272769,64.85130364272769,64.85130364272769
3986,68.38820648515974,68.38820648515974,68.38820648515974,68.38820648515974,68.38820648515974
3987,70.24804928651238,70.24804928651238,70.24804928651238,70.24804928651238,70.24804928651238
3988,63.01254239324386,63.01254239324386,63.01254239324386,63.01254239324386,63.01254239324386
3989,68.67813637814582,68.67813637814582,68.67813637814582,68.67813637814582,68.67813637814582
3990,60.302347978981935,60.302347978981935,60.302347978981935,60.302347978981935,60.302347978981935
3991,63.794067494710305,63.794067494710305,63.794067494710305,63.794067494710305,63.794067494710305
3992,67.01940959039003,67.01940959039003,67.01940959039003,67.01940959039003,67.01940959039003
3993,63.68622069136755,63.68622069136755,63.68622069136755,63.68622069136755,63.68622069136755
3994,68.43555397776647,68.43555397776647,68.43555397776647,68.43555397776647,68.43555397776647
3995,58.88849830796524,58.88849830796524,58.88849830796524,58.88849830796524,58.88849830796524
3996,67.73303412441379,67.73303412441379,67.73303412441379,67.73303412441379,67.73303412441379
3997,69.21030737079491,69.21030737079491,69.21030737079491,69.21030737079491,69.21030737079491
3998,68.908956263837,68.908956263837,68.908956263837,68.908956263837,68.908956263837
3999,66.97543304966754,66.97543304966754,66.97543304966754,66.97543304966754,66.97543304966754
4000,68.68522474858322,68.68522474858322,68.68522474858322,68.68522474858322,68.68522474858322
4001,59.44191131972942,59.44191131972942,59.44191131972942,59.44191131972942,59.44191131972942
4002,67.68429802835365,67.68429802835365,67.68429802835365,67.68429802835365,67.68429802835365
4003,64.25100381949278,64.25100381949278,64.25100381949278,64.25100381949278,64.25100381949278
4004,62.569897037328616,62.569897037328616,62.569897037328616,62.569897037328616,62.569897037328616
4005,59.91197339336898,59.91197339336898,59.91197339336898,59.91197339336898,59.91197339336898
4006,60.676400215286726,60.676400215286726,60.676400215286726,60.676400215286726,60.676400215286726
4007,67.90235847708914,67.90235847708914,67.90235847708914,67.90235847708914,67.90235847708914
4008,63.1852644036535,63.1852644036535,63.1852644036535,63.1852644036535,63.1852644036535
4009,61.07552002190212,61.07552002190212,61.07552002190212,61.07552002190212,61.07552002190212
4010,62.128427488395694,62.128427488395694,62.128427488395694,62.128427488395694,62.128427488395694
4011,60.3465793143221,60.3465793143221,60.3465793143221,60.3465793143221,60.3465793143221
4012,68.69522787063318,68.69522787063318,68.69522787063318,68.69522787063318,68.69522787063318
4013,64.41867626717311,64.41867626717311,64.41867626717311,64.41867626717311,64.41867626717311
4014,59.82750221524441,59.82750221524441,59.82750221524441,59.82750221524441,59.82750221524441
4015,67.12469478644034,67.12469478644034,67.12469478644034,67.12469478644034,67.12469478644034
4016,64.61704689386069,64.61704689386069,64.61704689386069,64.61704689386069,64.61704689386069
4017,68.44625392270494,68.44625392270494,68.44625392270494,68.44625392270494,68.44625392270494
4018,58.870862223255166,58.870862223255166,58.870862223255166,58.870862223255166,58.870862223255166
4019,65.47593839194649,65.47593839194649,65.47593839194649,65.47593839194649,65.47593839194649
4020,60.05531691479495,60.05531691479495,60.05531691479495,60.05531691479495,60.05531691479495
4021,63.56598901418021,63.56598901418021,63.56598901418021,63.56598901418021,63.56598901418021
4022,68.29830746807897,68.29830746807897,68.29830746807897,68.29830746807897,68.29830746807897
4023,62.11676827887578,62.11676827887578,62.11676827887578,62.11676827887578,62.11676827887578
4024,62.247565573493006,62.247565573493006,62.247565573493006,62.247565573493006,62.247565573493006
4025,59.04923509648199,59.04923509648199,59.04923509648199,59.04923509648199,59.04923509648199
4026,64.90731077889072,64.90731077889072,64.90731077889072,64.90731077889072,64.90731077889072
4027,66.19750499419672,66.19750499419672,66.19750499419672,66.19750499419672,66.19750499419672
4028,67.08106005812446,67.08106005812446,67.08106005812446,67.08106005812446,67.08106005812446
4029,62.21269817094658,62.21269817094658,62.21269817094658,62.21269817094658,62.21269817094658
4030,64.66753490884302,64.66753490884302,64.66753490884302,64.66753490884302,64.66753490884302
4031,61.62926664562584,61.62926664562584,61.62926664562584,61.62926664562584,61.62926664562584
4032,61.52347094412267,61.52347094412267,61.52347094412267,61.52347094412267,61.52347094412267
4033,69.88290442514689,69.88290442514689,69.88290442514689,69.88290442514689,69.88290442514689
4034,61.33177743177766,61.33177743177766,61.33177743177766,61.33177743177766,61.33177743177766
4035,64.28635692054799,64.28635692054799,64.28635692054799,64.28635692054799,64.28635692054799
4036,66.94033253927392,66.94033253927392,66.94033253927392,66.94033253927392,66.94033253927392
4037,70.98921228974591,70.98921228974591,70.98921228974591,70.98921228974591,70.98921228974591
4038,60.98875141361414,60.98875141361414,60.98875141361414,60.98875141361414,60.98875141361414
4039,62.04834385137476,62.04834385137476,62.04834385137476,62.04834385137476,62.04834385137476
4040,64.48576289457387,64.48576289457387,64.48576289457387,64.48576289457387,64.48576289457387
4041,67.34109926442709,67.34109926442709,67.34109926442709,67.34109926442709,67.34109926442709
4042,61.33851746152808,61.33851746152808,61.33851746152808,61.33851746152808,61.33851746152808
4043,70.0194872603563,70.0194872603563,70.0194872603563,70.0194872603563,70.0194872603563
4044,61.513625648621755,61.513625648621755,61.513625648621755,61.513625648621755,61.513625648621755
4045,65.1337279468599,65.1337279468599,65.1337279468599,65.1337279468599,65.1337279468599
4046,61.51609066660673,61.51609066660673,61.51609066660673,61.51609066660673,61.51609066660673
4047,65.39457729232484,65.39457729232484,65.39457729232484,65.39457729232484,65.39457729232484
4048,60.19868946662471,60.19868946662471,60.19868946662471,60.19868946662471,60.19868946662471
4049,69.2209432976026,69.2209432976026,69.2209432976026,69.2209432976026,69.2209432976026
4050,66.79883181728692,66.79883181728692,66.79883181728692,66.79883181728692,66.79883181728692
4051,68.08424013780369,68.08424013780369,68.08424013780369,68.08424013780369,68.08424013780369
4052,67.54110514483473,67.54110514483473,67.54110514483473,67.54110514483473,67.54110514483473
4053,64.33090544958635,64.33090544958635,64.33090544958635,64.33090544958635,64.33090544958635
4054,68.46038811623367,68.46038811623367,68.46038811623367,68.46038811623367,68.46038811623367
4055,63.46201276645192,63.46201276645192,63.46201276645192,63.46201276645192,63.46201276645192
4056,67.81095900344161,67.81095900344161,67.81095900344161,67.81095900344161,67.81095900344161
4057,69.70269067606618,69.70269067606618,69.70269067606618,69.70269067606618,69.70269067606618
4058,67.54095158545272,67.54095158545272,67.54095158545272,67.54095158545272,67.54095158545272
4059,68.94890239304172,68.94890239304172,68.94890239304172,68.94890239304172,68.94890239304172
4060,65.74308076149994,65.74308076149994,65.74308076149994,65.74308076149994,65.74308076149994
4061,60.5332377071231,60.5332377071231,60.5332377071231,60.5332377071231,60.5332377071231
4062,66.34438631724842,66.34438631724842,66.34438631724842,66.34438631724842,66.34438631724842
4063,67.39345339692221,67.39345339692221,67.39345339692221,67.39345339692221,67.39345339692221
4064,68.57817785713948,68.57817785713948,68.57817785713948,68.57817785713948,68.57817785713948
4065,71.32544231788457,71.32544231788457,71.32544231788457,71.32544231788457,71.32544231788457
4066,64.24218721050151,64.24218721050151,64.24218721050151,64.24218721050151,64.24218721050151
4067,66.12495866355732,66.12495866355732,66.12495866355732,66.12495866355732,66.12495866355732
4068,59.557991217223964,59.557991217223964,59.557991217223964,59.557991217223964,59.557991217223964
4069,59.508311584159856,59.508311584159856,59.508311584159856,59.508311584159856,59.508311584159856
4070,69.79512529853305,69.79512529853305,69.79512529853305,69.79512529853305,69.79512529853305
4071,60.03241655036645,60.03241655036645,60.03241655036645,60.03241655036645,60.03241655036645
4072,70.24026463951043,70.24026463951043,70.24026463951043,70.24026463951043,70.24026463951043
4073,68.38367446772799,68.38367446772799,68.38367446772799,68.38367446772799,68.38367446772799
4074,65.84416425363769,65.84416425363769,65.84416425363769,65.84416425363769,65.84416425363769
4075,59.250645715955606,59.250645715955606,59.250645715955606,59.250645715955606,59.250645715955606
4076,67.69966545663509,67.69966545663509,67.69966545663509,67.69966545663509,67.69966545663509
4077,65.03162654653157,65.03162654653157,65.03162654653157,65.03162654653157,65.03162654653157
4078,69.36914751595891,69.36914751595891,69.36914751595891,69.36914751595891,69.36914751595891
4079,65.23066683766862,65.23066683766862,65.23066683766862,65.23066683766862,65.23066683766862
4080,66.01967909231796,66.01967909231796,66.01967909231796,66.01967909231796,66.01967909231796
4081,67.17164292588994,67.17164292588994,67.17164292588994,67.17164292588994,67.17164292588994
4082,61.10999971073163,61.10999971073163,61.10999971073163,61.10999971073163,61.10999971073163
4083,58.79105296151139,58.79105296151139,58.79105296151139,58.79105296151139,58.79105296151139
4084,60.01182967213422,60.01182967213422,60.01182967213422,60.01182967213422,60.01182967213422
4085,62.20966913456528,62.20966913456528,62.20966913456528,62.20966913456528,62.20966913456528
4086,58.78870978217898,58.78870978217898,58.78870978217898,58.78870978217898,58.78870978217898
4087,67.33414851544667,67.33414851544667,67.33414851544667,67.33414851544667,67.33414851544667
4088,62.992377034453,62.992377034453,62.992377034453,62.992377034453,62.992377034453
4089,63.19990786099966,63.19990786099966,63.19990786099966,63.19990786099966,63.19990786099966
4090,63.36822767313721,63.36822767313721,63.36822767313721,63.36822767313721,63.36822767313721
4091,67.14639364931855,67.14639364931855,67.14639364931855,67.14639364931855,67.14639364931855
4092,65.74217122205619,65.74217122205619,65.74217122205619,65.74217122205619,65.74217122205619
4093,67.52955463557167,67.52955463557167,67.52955463557167,67.52955463557167,67.52955463557167
4094,68.7619756020756,68.7619756020756,68.7619756020756,68.7619756020756,68.7619756020756
4095,68.79906031006028,68.79906031006028,68.79906031006028,68.79906031006028,68.79906031006028
4096,65.96308957604747,65.96308957604747,65.96308957604747,65.96308957604747,65.96308957604747
4097,62.37060019468115,62.37060019468115,62.37060019468115,62.37060019468115,62.37060019468115
4098,61.29030652530015,61.29030652530015,61.29030652530015,61.29030652530015,61.29030652530015
4099,59.98675782393844,59.98675782393844,59.98675782393844,59.98675782393844,59.98675782393844
4100,70.09670877442738,70.09670877442738,70.09670877442738,70.09670877442738,70.09670877442738
4101,69.13682350072602,69.13682350072602,69.13682350072602,69.13682350072602,69.13682350072602
4102,70.25913877364178,70.25913877364178,70.25913877364178,70.25913877364178,70.25913877364178
4103,61.24246646018957,61.24246646018957,61.24246646018957,61.24246646018957,61.24246646018957
4104,63.868685184384894,63.868685184384894,63.868685184384894,63.868685184384894,63.868685184384894
4105,67.9200407232887,67.9200407232887,67.9200407232887,67.9200407232887,67.9200407232887
4106,62.06201693641031,62.06201693641031,62.06201693641031,62.06201693641031,62.06201693641031
4107,63.855089198367466,63.855089198367466,63.855089198367466,63.855089198367466,63.855089198367466
4108,68.67184296379942,68.67184296379942,68.67184296379942,68.67184296379942,68.67184296379942
4109,68.33531810722566,68.33531810722566,68.33531810722566,68.33531810722566,68.33531810722566
4110,66.52395264458738,66.52395264458738,66.52395264458738,66.52395264458738,66.52395264458738
4111,69.48813838656358,69.48813838656358,69.48813838656358,69.48813838656358,69.48813838656358
4112,66.22298432459367,66.22298432459367,66.22298432459367,66.22298432459367,66.22298432459367
4113,60.89555462083556,60.89555462083556,60.89555462083556,60.89555462083556,60.89555462083556
4114,63.83939375026619,63.83939375026619,63.83939375026619,63.83939375026619,63.83939375026619
4115,62.58400243528228,62.58400243528228,62.58400243528228,62.58400243528228,62.58400243528228
4116,66.72406976472664,66.72406976472664,66.72406976472664,66.72406976472664,66.72406976472664
4117,59.81644150937921,59.81644150937921,59.81644150937921,59.81644150937921,59.81644150937921
4118,64.53530751312951,64.53530751312951,64.53530751312951,64.53530751312951,64.53530751312951
4119,68.66504138142778,68.66504138142778,68.66504138142778,68.66504138142778,68.66504138142778
4120,59.22494570121725,59.22494570121725,59.22494570121725,59.22494570121725,59.22494570121725
4121,70.89989553590836,70.89989553590836,70.89989553590836,70.89989553590836,70.89989553590836
4122,60.09356464354475,60.09356464354475,60.09356464354475,60.09356464354475,60.09356464354475
4123,66.54624064232189,66.54624064232189,66.54624064232189,66.54624064232189,66.54624064232189
4124,59.27356739622906,59.27356739622906,59.27356739622906,59.27356739622906,59.27356739622906
4125,60.84165839826953,60.84165839826953,60.84165839826953,60.84165839826953,60.84165839826953
4126,63.74758733622781,63.74758733622781,63.74758733622781,63.74758733622781,63.74758733622781
4127,61.67446466908023,61.67446466908023,61.67446466908023,61.67446466908023,61.67446466908023
4128,60.7116964613981,60.7116964613981,60.7116964613981,60.7116964613981,60.7116964613981
4129,70.4607442929516,70.4607442929516,70.4607442929516,70.4607442929516,70.4607442929516
4130,61.823217566294694,61.823217566294694,61.823217566294694,61.823217566294694,61.823217566294694
4131,69.1306223656243,69.1306223656243,69.1306223656243,69.1306223656243,69.1306223656243
4132,63.10776318093661,63.10776318093661,63.10776318093661,63.10776318093661,63.10776318093661
4133,63.095945596051465,63.095945596051465,63.095945596051465,63.095945596051465,63.095945596051465
4134,59.761161118405674,59.761161118405674,59.761161118405674,59.761161118405674,59.761161118405674
4135,60.40891670883958,60.40891670883958,60.40891670883958,60.40891670883958,60.40891670883958
4136,66.08177663010332,66.08177663010332,66.08177663010332,66.08177663010332,66.08177663010332
4137,58.673018584472594,58.673018584472594,58.673018584472594,58.673018584472594,58.673018584472594
4138,62.09796979821824,62.09796979821824,62.09796979821824,62.09796979821824,62.09796979821824
4139,59.858139276949345,59.858139276949345,59.858139276949345,59.858139276949345,59.858139276949345
4140,62.4415493775593,62.4415493775593,62.4415493775593,62.4415493775593,62.4415493775593
4141,62.3038630118757,62.3038630118757,62.3038630118757,62.3038630118757,62.3038630118757
4142,70.56357257942062,70.56357257942062,70.56357257942062,70.56357257942062,70.56357257942062
4143,63.90141040258647,63.90141040258647,63.90141040258647,63.90141040258647,63.90141040258647
4144,60.29917650637394,60.29917650637394,60.29917650637394,60.29917650637394,60.29917650637394
4145,68.27421687263775,68.27421687263775,68.27421687263775,68.27421687263775,68.27421687263775
4146,60.95618145063898,60.95618145063898,60.95618145063898,60.95618145063898,60.95618145063898
4147,69.70126437684286,69.70126437684286,69.70126437684286,69.70126437684286,69.70126437684286
4148,58.729836092473164,58.729836092473164,58.729836092473164,58.729836092473164,58.729836092473164
4149,65.7853988379398,65.7853988379398,65.7853988379398,65.7853988379398,65.7853988379398
4150,67.23081234943085,67.23081234943085,67.23081234943085,67.23081234943085,67.23081234943085
4151,60.70987269247933,60.70987269247933,60.70987269247933,60.70987269247933,60.70987269247933
4152,59.12244452499285,59.12244452499285,59.12244452499285,59.12244452499285,59.12244452499285
4153,61.97871319202248,61.97871319202248,61.97871319202248,61.97871319202248,61.97871319202248
4154,63.34038627943096,63.34038627943096,63.34038627943096,63.34038627943096,63.34038627943096
4155,71.2074710373441,71.2074710373441,71.2074710373441,71.2074710373441,71.2074710373441
4156,64.76670364727661,64.76670364727661,64.76670364727661,64.76670364727661,64.76670364727661
4157,66.61158142234274,66.61158142234274,66.61158142234274,66.61158142234274,66.61158142234274
4158,58.971030764138405,58.971030764138405,58.971030764138405,58.971030764138405,58.971030764138405
4159,68.92702122060727,68.92702122060727,68.92702122060727,68.92702122060727,68.92702122060727
4160,61.55830988790057,61.55830988790057,61.55830988790057,61.55830988790057,61.55830988790057
4161,63.228820419341396,63.228820419341396,63.228820419341396,63.228820419341396,63.228820419341396
4162,59.912299012497996,59.912299012497996,59.912299012497996,59.912299012497996,59.912299012497996
4163,66.76909563375031,66.76909563375031,66.76909563375031,66.76909563375031,66.76909563375031
4164,64.18033267012248,64.18033267012248,64.18033267012248,64.18033267012248,64.18033267012248
4165,62.09938296716174,62.09938296716174,62.09938296716174,62.09938296716174,62.09938296716174
4166,61.882532579867025,61.882532579867025,61.882532579867025,61.882532579867025,61.882532579867025
4167,66.94606244960447,66.94606244960447,66.94606244960447,66.94606244960447,66.94606244960447
4168,60.464104523731166,60.464104523731166,60.464104523731166,60.464104523731166,60.464104523731166
4169,62.38251611172556,62.38251611172556,62.38251611172556,62.38251611172556,62.38251611172556
4170,70.50790300982374,70.50790300982374,70.50790300982374,70.50790300982374,70.50790300982374
4171,70.6725612588489,70.6725612588489,70.6725612588489,70.6725612588489,70.6725612588489
4172,67.29409225516655,67.29409225516655,67.29409225516655,67.29409225516655,67.29409225516655
4173,58.71855854222905,58.71855854222905,58.71855854222905,58.71855854222905,58.71855854222905
4174,64.13709837532244,64.13709837532244,64.13709837532244,64.13709837532244,64.13709837532244
4175,63.284213270078425,63.284213270078425,63.284213270078425,63.284213270078425,63.284213270078425
4176,71.38856573537997,71.38856573537997,71.38856573537997,71.38856573537997,71.38856573537997
4177,67.3355124931448,67.3355124931448,67.3355124931448,67.3355124931448,67.3355124931448
4178,67.83001606019187,67.83001606019187,67.83001606019187,67.83001606019187,67.83001606019187
4179,60.48622182451261,60.48622182451261,60.48622182451261,60.48622182451261,60.48622182451261
4180,67.65198394866904,67.65198394866904,67.65198394866904,67.65198394866904,67.65198394866904
4181,68.29217252942571,68.29217252942571,68.29217252942571,68.29217252942571,68.29217252942571
4182,69.77512326329921,69.77512326329921,69.77512326329921,69.77512326329921,69.77512326329921
4183,66.23491859719527,66.23491859719527,66.23491859719527,66.23491859719527,66.23491859719527
4184,61.87920295626729,61.87920295626729,61.87920295626729,61.87920295626729,61.87920295626729
4185,61.155109517960774,61.155109517960774,61.155109517960774,61.155109517960774,61.155109517960774
4186,68.67327059074636,68.67327059074636,68.67327059074636,68.67327059074636,68.67327059074636
4187,61.54719018464059,61.54719018464059,61.54719018464059,61.54719018464059,61.54719018464059
4188,60.17309941050983,60.17309941050983,60.17309941050983,60.17309941050983,60.17309941050983
4189,59.828469461205664,59.828469461205664,59.828469461205664,59.828469461205664,59.828469461205664
4190,60.31840472927536,60.31840472927536,60.31840472927536,60.31840472927536,60.31840472927536
4191,67.65370896042958,67.65370896042958,67.65370896042958,67.65370896042958,67.65370896042958
4192,65.88855652402059,65.88855652402059,65.88855652402059,65.88855652402059,65.88855652402059
4193,62.33638148767339,62.33638148767339,62.33638148767339,62.33638148767339,62.33638148767339
4194,66.9185089223397,66.9185089223397,66.9185089223397,66.9185089223397,66.9185089223397
4195,69.16829661874894,69.16829661874894,69.16829661874894,69.16829661874894,69.16829661874894
4196,67.12762193034092,67.12762193034092,67.12762193034092,67.12762193034092,67.12762193034092
4197,65.10422595897995,65.10422595897995,65.10422595897995,65.10422595897995,65.10422595897995
4198,66.75644133543877,66.75644133543877,66.75644133543877,66.75644133543877,66.75644133543877
4199,60.81558076598208,60.81558076598208,60.81558076598208,60.81558076598208,60.81558076598208
4200,69.72869189282014,69.72869189282014,69.72869189282014,69.72869189282014,69.72869189282014
4201,67.49170528046213,67.49170528046213,67.49170528046213,67.49170528046213,67.49170528046213
4202,60.47146675146161,60.47146675146161,60.47146675146161,60.47146675146161,60.47146675146161
4203,60.20534983566154,60.20534983566154,60.20534983566154,60.20534983566154,60.20534983566154
4204,62.002511516755575,62.002511516755575,62.002511516755575,62.002511516755575,62.002511516755575
4205,68.55728790317694,68.55728790317694,68.55728790317694,68.55728790317694,68.55728790317694
4206,69.89246769475568,69.89246769475568,69.89246769475568,69.89246769475568,69.89246769475568
4207,70.83479385649314,70.83479385649314,70.83479385649314,70.83479385649314,70.83479385649314
4208,60.124664719604425,60.124664719604425,60.124664719604425,60.124664719604425,60.124664719604425
4209,61.02360150734082,61.02360150734082,61.02360150734082,61.02360150734082,61.02360150734082
4210,61.16071092295772,61.16071092295772,61.16071092295772,61.16071092295772,61.16071092295772
4211,63.733769365693085,63.733769365693085,63.733769365693085,63.733769365693085,63.733769365693085
4212,59.80302501995351,59.80302501995351,59.80302501995351,59.80302501995351,59.80302501995351
4213,58.89645901608371,58.89645901608371,58.89645901608371,58.89645901608371,58.89645901608371
4214,67.75275578161938,67.75275578161938,67.75275578161938,67.75275578161938,67.75275578161938
4215,68.48804888509328,68.48804888509328,68.48804888509328,68.48804888509328,68.48804888509328
4216,65.28484771931622,65.28484771931622,65.28484771931622,65.28484771931622,65.28484771931622
4217,65.25591036701479,65.25591036701479,65.25591036701479,65.25591036701479,65.25591036701479
4218,62.898045074302615,62.898045074302615,62.898045074302615,62.898045074302615,62.898045074302615
4219,61.05267317308357,61.05267317308357,61.05267317308357,61.05267317308357,61.05267317308357
4220,66.9546635738558,66.9546635738558,66.9546635738558,66.9546635738558,66.9546635738558
4221,63.611263806390404,63.611263806390404,63.611263806390404,63.611263806390404,63.611263806390404
4222,63.86405772901606,63.86405772901606,63.86405772901606,63.86405772901606,63.86405772901606
4223,59.34084929082126,59.34084929082126,59.34084929082126,59.34084929082126,59.34084929082126
4224,65.38810034051765,65.38810034051765,65.38810034051765,65.38810034051765,65.38810034051765
4225,65.26993844784126,65.26993844784126,65.26993844784126,65.26993844784126,65.26993844784126
4226,60.9670229628508,60.9670229628508,60.9670229628508,60.9670229628508,60.9670229628508
4227,61.36217069280757,61.36217069280757,61.36217069280757,61.36217069280757,61.36217069280757
4228,64.72904348736458,64.72904348736458,64.72904348736458,64.72904348736458,64.72904348736458
4229,69.34788138025856,69.34788138025856,69.34788138025856,69.34788138025856,69.34788138025856
4230,65.72010660867976,65.72010660867976,65.72010660867976,65.72010660867976,65.72010660867976
4231,60.63826109262562,60.63826109262562,60.63826109262562,60.63826109262562,60.63826109262562
4232,61.507081646339046,61.507081646339046,61.507081646339046,61.507081646339046,61.507081646339046
4233,71.02138661631432,71.02138661631432,71.02138661631432,71.02138661631432,71.02138661631432
4234,69.7142594069216,69.7142594069216,69.7142594069216,69.7142594069216,69.7142594069216
4235,60.62897830521456,60.62897830521456,60.62897830521456,60.62897830521456,60.62897830521456
4236,65.33597195301601,65.33597195301601,65.33597195301601,65.33597195301601,65.33597195301601
4237,66.42621153178095,66.42621153178095,66.42621153178095,66.42621153178095,66.42621153178095
4238,66.51449346022277,66.51449346022277,66.51449346022277,66.51449346022277,66.51449346022277
4239,68.26061087170834,68.26061087170834,68.26061087170834,68.26061087170834,68.26061087170834
4240,66.38947880832706,66.38947880832706,66.38947880832706,66.38947880832706,66.38947880832706
4241,64.43848132973187,64.43848132973187,64.43848132973187,64.43848132973187,64.43848132973187
4242,69.4195121819838,69.4195121819838,69.4195121819838,69.4195121819838,69.4195121819838
4243,59.863073371677935,59.863073371677935,59.863073371677935,59.863073371677935,59.863073371677935
4244,60.556211823490116,60.556211823490116,60.556211823490116,60.556211823490116,60.556211823490116
4245,62.01240942162211,62.01240942162211,62.01240942162211,62.01240942162211,62.01240942162211
4246,70.29184601302995,70.29184601302995,70.29184601302995,70.29184601302995,70.29184601302995
4247,63.349541953217646,63.349541953217646,63.349541953217646,63.349541953217646,63.349541953217646
4248,62.19673015268821,62.19673015268821,62.19673015268821,62.19673015268821,62.19673015268821
4249,61.17292142949253,61.17292142949253,61.17292142949253,61.17292142949253,61.17292142949253
4250,71.27371307747802,71.27371307747802,71.27371307747802,71.27371307747802,71.27371307747802
4251,59.359475988516046,59.359475988516046,59.359475988516046,59.359475988516046,59.359475988516046
4252,64.10900830552114,64.10900830552114,64.10900830552114,64.10900830552114,64.10900830552114
4253,64.24679067664412,64.24679067664412,64.24679067664412,64.24679067664412,64.24679067664412
4254,68.4342498848882,68.4342498848882,68.4342498848882,68.4342498848882,68.4342498848882
4255,71.27226389208036,71.27226389208036,71.27226389208036,71.27226389208036,71.27226389208036
4256,66.1271935433853,66.1271935433853,66.1271935433853,66.1271935433853,66.1271935433853
4257,58.969545838713096,58.969545838713096,58.969545838713096,58.969545838713096,58.969545838713096
4258,63.25286808145064,63.25286808145064,63.25286808145064,63.25286808145064,63.25286808145064
4259,60.094887646674074,60.094887646674074,60.094887646674074,60.094887646674074,60.094887646674074
4260,59.23347720837226,59.23347720837226,59.23347720837226,59.23347720837226,59.23347720837226
4261,65.44904393684644,65.44904393684644,65.44904393684644,65.44904393684644,65.44904393684644
4262,69.21286016905269,69.21286016905269,69.21286016905269,69.21286016905269,69.21286016905269
4263,71.36990074649448,71.36990074649448,71.36990074649448,71.36990074649448,71.36990074649448
4264,70.40592336594398,70.40592336594398,70.40592336594398,70.40592336594398,70.40592336594398
4265,64.33163794155357,64.33163794155357,64.33163794155357,64.33163794155357,64.33163794155357
4266,68.75691714927329,68.75691714927329,68.75691714927329,68.75691714927329,68.75691714927329
4267,65.88995357142173,65.88995357142173,65.88995357142173,65.88995357142173,65.88995357142173
4268,65.9878963412761,65.9878963412761,65.9878963412761,65.9878963412761,65.9878963412761
4269,61.26743621720997,61.26743621720997,61.26743621720997,61.26743621720997,61.26743621720997
4270,62.136363228628156,62.136363228628156,62.136363228628156,62.136363228628156,62.136363228628156
4271,59.80326233967416,59.80326233967416,59.80326233967416,59.80326233967416,59.80326233967416
4272,68.23825458207438,68.23825458207438,68.23825458207438,68.23825458207438,68.23825458207438
4273,66.77014746160967,66.77014746160967,66.77014746160967,66.77014746160967,66.77014746160967
4274,61.53767583006974,61.53767583006974,61.53767583006974,61.53767583006974,61.53767583006974
4275,70.9087688054625,70.9087688054625,70.9087688054625,70.9087688054625,70.9087688054625
4276,66.08261832480004,66.08261832480004,66.08261832480004,66.08261832480004,66.08261832480004
4277,67.21477879709394,67.21477879709394,67.21477879709394,67.21477879709394,67.21477879709394
4278,63.40330055897337,63.40330055897337,63.40330055897337,63.40330055897337,63.40330055897337
4279,59.86593741634857,59.86593741634857,59.86593741634857,59.86593741634857,59.86593741634857
4280,60.08819039705489,60.08819039705489,60.08819039705489,60.08819039705489,60.08819039705489
4281,67.61387131532159,67.61387131532159,67.61387131532159,67.61387131532159,67.61387131532159
4282,59.08206121987046,59.08206121987046,59.08206121987046,59.08206121987046,59.08206121987046
4283,59.77822157889298,59.77822157889298,59.77822157889298,59.77822157889298,59.77822157889298
4284,66.26457998705887,66.26457998705887,66.26457998705887,66.26457998705887,66.26457998705887
4285,62.973372112916415,62.973372112916415,62.973372112916415,62.973372112916415,62.973372112916415
4286,58.76488355880607,58.76488355880607,58.76488355880607,58.76488355880607,58.76488355880607
4287,66.37041774114563,66.37041774114563,66.37041774114563,66.37041774114563,66.37041774114563
4288,71.1872263496677,71.1872263496677,71.1872263496677,71.1872263496677,71.1872263496677
4289,67.23956853186952,67.23956853186952,67.23956853186952,67.23956853186952,67.23956853186952
4290,66.65565976241675,66.65565976241675,66.65565976241675,66.65565976241675,66.65565976241675
4291,70.44323776658288,70.44323776658288,70.44323776658288,70.44323776658288,70.44323776658288
4292,62.58045720803888,62.58045720803888,62.58045720803888,62.58045720803888,62.58045720803888
4293,66.99896679161104,66.99896679161104,66.99896679161104,66.99896679161104,66.99896679161104
4294,65.7271961979387,65.7271961979387,65.7271961979387,65.7271961979387,65.7271961979387
4295,59.7298134661434,59.7298134661434,59.7298134661434,59.7298134661434,59.7298134661434
4296,61.86437918385393,61.86437918385393,61.86437918385393,61.86437918385393,61.86437918385393
4297,70.93685318108446,70.93685318108446,70.93685318108446,70.93685318108446,70.93685318108446
4298,66.67299944968927,66.67299944968927,66.67299944968927,66.67299944968927,66.67299944968927
4299,59.64829520608496,59.64829520608496,59.64829520608496,59.64829520608496,59.64829520608496
4300,71.01515616183211,71.01515616183211,71.01515616183211,71.01515616183211,71.01515616183211
4301,71.37444108942202,71.37444108942202,71.37444108942202,71.37444108942202,71.37444108942202
4302,68.20665032625566,68.20665032625566,68.20665032625566,68.20665032625566,68.20665032625566
4303,63.51138260023691,63.51138260023691,63.51138260023691,63.51138260023691,63.51138260023691
4304,60.179414949841735,60.179414949841735,60.179414949841735,60.179414949841735,60.179414949841735
4305,67.33256054377802,67.33256054377802,67.33256054377802,67.33256054377802,67.33256054377802
4306,66.21182014164319,66.21182014164319,66.21182014164319,66.21182014164319,66.21182014164319
4307,68.22163284902395,68.22163284902395,68.22163284902395,68.22163284902395,68.22163284902395
4308,59.89254297577604,59.89254297577604,59.89254297577604,59.89254297577604,59.89254297577604
4309,62.03038479841004,62.03038479841004,62.03038479841004,62.03038479841004,62.03038479841004
4310,63.19852788829936,63.19852788829936,63.19852788829936,63.19852788829936,63.19852788829936
4311,65.68711679332449,65.68711679332449,65.68711679332449,65.68711679332449,65.68711679332449
4312,61.57142788608164,61.57142788608164,61.57142788608164,61.57142788608164,61.57142788608164
4313,64.31692599717074,64.31692599717074,64.31692599717074,64.31692599717074,64.31692599717074
4314,64.85998345521274,64.85998345521274,64.85998345521274,64.85998345521274,64.85998345521274
4315,58.68088020075075,58.68088020075075,58.68088020075075,58.68088020075075,58.68088020075075
4316,69.28547823771888,69.28547823771888,69.28547823771888,69.28547823771888,69.28547823771888
4317,68.88056348003578,68.88056348003578,68.88056348003578,68.88056348003578,68.88056348003578
4318,66.67549425591965,66.67549425591965,66.67549425591965,66.67549425591965,66.67549425591965
4319,65.84062895451055,65.84062895451055,65.84062895451055,65.84062895451055,65.84062895451055
4320,59.01383174753819,59.01383174753819,59.01383174753819,59.01383174753819,59.01383174753819
4321,61.856134386041695,61.856134386041695,61.856134386041695,61.856134386041695,61.856134386041695
4322,70.50653860562024,70.50653860562024,70.50653860562024,70.50653860562024,70.50653860562024
4323,65.67168377847268,65.67168377847268,65.67168377847268,65.67168377847268,65.67168377847268
4324,66.93039044924072,66.93039044924072,66.93039044924072,66.93039044924072,66.93039044924072
4325,64.98464764925605,64.98464764925605,64.98464764925605,64.98464764925605,64.98464764925605
4326,62.22783765489832,62.22783765489832,62.22783765489832,62.22783765489832,62.22783765489832
4327,66.93049587389362,66.93049587389362,66.93049587389362,66.93049587389362,66.93049587389362
4328,62.02629903982735,62.02629903982735,62.02629903982735,62.02629903982735,62.02629903982735
4329,70.12614343587289,70.12614343587289,70.12614343587289,70.12614343587289,70.12614343587289
4330,64.49244496806027,64.49244496806027,64.49244496806027,64.49244496806027,64.49244496806027
4331,66.02598767602497,66.02598767602497,66.02598767602497,66.02598767602497,66.02598767602497
4332,69.8881553613876,69.8881553613876,69.8881553613876,69.8881553613876,69.8881553613876
4333,61.9898645421133,61.9898645421133,61.9898645421133,61.9898645421133,61.9898645421133
4334,71.42321690740849,71.42321690740849,71.42321690740849,71.42321690740849,71.42321690740849
4335,59.53474814356152,59.53474814356152,59.53474814356152,59.53474814356152,59.53474814356152
4336,69.98744834237266,69.98744834237266,69.98744834237266,69.98744834237266,69.98744834237266
4337,70.33430556438411,70.33430556438411,70.33430556438411,70.33430556438411,70.33430556438411
4338,59.88503291218058,59.88503291218058,59.88503291218058,59.88503291218058,59.88503291218058
4339,63.37564696188932,63.37564696188932,63.37564696188932,63.37564696188932,63.37564696188932
4340,65.20219815758739,65.20219815758739,65.20219815758739,65.20219815758739,65.20219815758739
4341,62.87957084065039,62.87957084065039,62.87957084065039,62.87957084065039,62.87957084065039
4342,71.00600683627289,71.00600683627289,71.00600683627289,71.00600683627289,71.00600683627289
4343,64.38474321878647,64.38474321878647,64.38474321878647,64.38474321878647,64.38474321878647
4344,60.86895385048076,60.86895385048076,60.86895385048076,60.86895385048076,60.86895385048076
4345,65.72046397930285,65.72046397930285,65.72046397930285,65.72046397930285,65.72046397930285
4346,67.6683966844283,67.6683966844283,67.6683966844283,67.6683966844283,67.6683966844283
4347,63.664312730259454,63.664312730259454,63.664312730259454,63.664312730259454,63.664312730259454
4348,68.37106880748249,68.37106880748249,68.37106880748249,68.37106880748249,68.37106880748249
4349,67.52725596256441,67.52725596256441,67.52725596256441,67.52725596256441,67.52725596256441
4350,63.82382874199843,63.82382874199843,63.82382874199843,63.82382874199843,63.82382874199843
4351,64.82030862965959,64.82030862965959,64.82030862965959,64.82030862965959,64.82030862965959
4352,59.10310104319511,59.10310104319511,59.10310104319511,59.10310104319511,59.10310104319511
4353,60.02464756693218,60.02464756693218,60.02464756693218,60.02464756693218,60.02464756693218
4354,65.21679853839383,65.21679853839383,65.21679853839383,65.21679853839383,65.21679853839383
4355,65.84540546615787,65.84540546615787,65.84540546615787,65.84540546615787,65.84540546615787
4356,66.00787133219178,66.00787133219178,66.00787133219178,66.00787133219178,66.00787133219178
4357,68.4063549612777,68.4063549612777,68.4063549612777,68.4063549612777,68.4063549612777
4358,63.277065983377774,63.277065983377774,63.277065983377774,63.277065983377774,63.277065983377774
4359,59.876785258686546,59.876785258686546,59.876785258686546,59.876785258686546,59.876785258686546
4360,67.381488779254,67.381488779254,67.381488779254,67.381488779254,67.381488779254
4361,69.02925539276093,69.02925539276093,69.02925539276093,69.02925539276093,69.02925539276093
4362,59.48263120533925,59.48263120533925,59.48263120533925,59.48263120533925,59.48263120533925
4363,59.109941751870025,59.109941751870025,59.109941751870025,59.109941751870025,59.109941751870025
4364,65.72604877718224,65.72604877718224,65.72604877718224,65.72604877718224,65.72604877718224
4365,67.96994392611336,67.96994392611336,67.96994392611336,67.96994392611336,67.96994392611336
4366,70.75091309321657,70.75091309321657,70.75091309321657,70.75091309321657,70.75091309321657
4367,66.32447671135667,66.32447671135667,66.32447671135667,66.32447671135667,66.32447671135667
4368,61.562846182253935,61.562846182253935,61.562846182253935,61.562846182253935,61.562846182253935
4369,69.3102291433314,69.3102291433314,69.3102291433314,69.3102291433314,69.3102291433314
4370,59.5966337681877,59.5966337681877,59.5966337681877,59.5966337681877,59.5966337681877
4371,70.67019395655498,70.67019395655498,70.67019395655498,70.67019395655498,70.67019395655498
4372,69.35038049179147,69.35038049179147,69.35038049179147,69.35038049179147,69.35038049179147
4373,62.04414681880708,62.04414681880708,62.04414681880708,62.04414681880708,62.04414681880708
4374,65.5934354877539,65.5934354877539,65.5934354877539,65.5934354877539,65.5934354877539
4375,59.69783640943422,59.69783640943422,59.69783640943422,59.69783640943422,59.69783640943422
4376,67.87757058040486,67.87757058040486,67.87757058040486,67.87757058040486,67.87757058040486
4377,68.07798464347425,68.07798464347425,68.07798464347425,68.07798464347425,68.07798464347425
4378,65.04932606466662,65.04932606466662,65.04932606466662,65.04932606466662,65.04932606466662
4379,65.20561556215661,65.20561556215661,65.20561556215661,65.20561556215661,65.20561556215661
4380,58.60542029501996,58.60542029501996,58.60542029501996,58.60542029501996,58.60542029501996
4381,66.78085289133493,66.78085289133493,66.78085289133493,66.78085289133493,66.78085289133493
4382,64.19489958031534,64.19489958031534,64.19489958031534,64.19489958031534,64.19489958031534
4383,63.71431143141872,63.71431143141872,63.71431143141872,63.71431143141872,63.71431143141872
4384,67.82660395010141,67.82660395010141,67.82660395010141,67.82660395010141,67.82660395010141
4385,68.02982026095715,68.02982026095715,68.02982026095715,68.02982026095715,68.02982026095715
4386,61.17499175140233,61.17499175140233,61.17499175140233,61.17499175140233,61.17499175140233
4387,69.54406250570074,69.54406250570074,69.54406250570074,69.54406250570074,69.54406250570074
4388,61.264337826396954,61.264337826396954,61.264337826396954,61.264337826396954,61.264337826396954
4389,70.47153923206845,70.47153923206845,70.47153923206845,70.47153923206845,70.47153923206845
4390,65.03871436256465,65.03871436256465,65.03871436256465,65.03871436256465,65.03871436256465
4391,68.52517929516557,68.52517929516557,68.52517929516557,68.52517929516557,68.52517929516557
4392,68.08803444756086,68.08803444756086,68.08803444756086,68.08803444756086,68.08803444756086
4393,66.67529516329536,66.67529516329536,66.67529516329536,66.67529516329536,66.67529516329536
4394,71.01674676849159,71.01674676849159,71.01674676849159,71.01674676849159,71.01674676849159
4395,59.87374101045297,59.87374101045297,59.87374101045297,59.87374101045297,59.87374101045297
4396,67.6955527787264,67.6955527787264,67.6955527787264,67.6955527787264,67.6955527787264
4397,67.77214447885376,67.77214447885376,67.77214447885376,67.77214447885376,67.77214447885376
4398,61.94421682600393,61.94421682600393,61.94421682600393,61.94421682600393,61.94421682600393
4399,65.20776276399518,65.20776276399518,65.20776276399518,65.20776276399518,65.20776276399518
4400,60.99880562723873,60.99880562723873,60.99880562723873,60.99880562723873,60.99880562723873
4401,60.39121607384627,60.39121607384627,60.39121607384627,60.39121607384627,60.39121607384627
4402,64.92622107008688,64.92622107008688,64.92622107008688,64.92622107008688,64.92622107008688
4403,64.8321738015514,64.8321738015514,64.8321738015514,64.8321738015514,64.8321738015514
4404,70.20049128231719,70.20049128231719,70.20049128231719,70.20049128231719,70.20049128231719
4405,66.42380555079994,66.42380555079994,66.42380555079994,66.42380555079994,66.42380555079994
4406,67.06716976160408,67.06716976160408,67.06716976160408,67.06716976160408,67.06716976160408
4407,70.49102859866665,70.49102859866665,70.49102859866665,70.49102859866665,70.49102859866665
4408,67.27436903487553,67.27436903487553,67.27436903487553,67.27436903487553,67.27436903487553
4409,68.8845314544919,68.8845314544919,68.8845314544919,68.8845314544919,68.8845314544919
4410,70.52706628654198,70.52706628654198,70.52706628654198,70.52706628654198,70.52706628654198
4411,70.41879698626899,70.41879698626899,70.41879698626899,70.41879698626899,70.41879698626899
4412,61.5557557024867,61.5557557024867,61.5557557024867,61.5557557024867,61.5557557024867
4413,62.60695125607011,62.60695125607011,62.60695125607011,62.60695125607011,62.60695125607011
4414,71.2859573909975,71.2859573909975,71.2859573909975,71.2859573909975,71.2859573909975
4415,59.878980864454974,59.878980864454974,59.878980864454974,59.878980864454974,59.878980864454974
4416,62.289994903301306,62.289994903301306,62.289994903301306,62.289994903301306,62.289994903301306
4417,64.414548867198,64.414548867198,64.414548867198,64.414548867198,64.414548867198
4418,67.89583460411508,67.89583460411508,67.89583460411508,67.89583460411508,67.89583460411508
4419,67.51894071586287,67.51894071586287,67.51894071586287,67.51894071586287,67.51894071586287
4420,70.31726913052441,70.31726913052441,70.31726913052441,70.31726913052441,70.31726913052441
4421,69.42276542849453,69.42276542849453,69.42276542849453,69.42276542849453,69.42276542849453
4422,59.21709603060533,59.21709603060533,59.21709603060533,59.21709603060533,59.21709603060533
4423,68.69260159923785,68.69260159923785,68.69260159923785,68.69260159923785,68.69260159923785
4424,69.28569578516722,69.28569578516722,69.28569578516722,69.28569578516722,69.28569578516722
4425,70.78235947595219,70.78235947595219,70.78235947595219,70.78235947595219,70.78235947595219
4426,60.69571155431488,60.69571155431488,60.69571155431488,60.69571155431488,60.69571155431488
4427,58.541312572944264,58.541312572944264,58.541312572944264,58.541312572944264,58.541312572944264
4428,67.80886032563787,67.80886032563787,67.80886032563787,67.80886032563787,67.80886032563787
4429,58.91798139752198,58.91798139752198,58.91798139752198,58.91798139752198,58.91798139752198
4430,70.75478258141275,70.75478258141275,70.75478258141275,70.75478258141275,70.75478258141275
4431,66.99282016156734,66.99282016156734,66.99282016156734,66.99282016156734,66.99282016156734
4432,59.438369030293295,59.438369030293295,59.438369030293295,59.438369030293295,59.438369030293295
4433,69.22528394245118,69.22528394245118,69.22528394245118,69.22528394245118,69.22528394245118
4434,71.24453543704665,71.24453543704665,71.24453543704665,71.24453543704665,71.24453543704665
4435,69.41945851362053,69.41945851362053,69.41945851362053,69.41945851362053,69.41945851362053
4436,64.95801784393655,64.95801784393655,64.95801784393655,64.95801784393655,64.95801784393655
4437,61.86818922802223,61.86818922802223,61.86818922802223,61.86818922802223,61.86818922802223
4438,64.0123006386782,64.0123006386782,64.0123006386782,64.0123006386782,64.0123006386782
4439,65.22436004540585,65.22436004540585,65.22436004540585,65.22436004540585,65.22436004540585
4440,70.40433424446077,70.40433424446077,70.40433424446077,70.40433424446077,70.40433424446077
4441,68.46269430802144,68.46269430802144,68.46269430802144,68.46269430802144,68.46269430802144
4442,66.08544215296155,66.08544215296155,66.08544215296155,66.08544215296155,66.08544215296155
4443,63.45120341933587,63.45120341933587,63.45120341933587,63.45120341933587,63.45120341933587
4444,69.24554210207262,69.24554210207262,69.24554210207262,69.24554210207262,69.24554210207262
4445,59.46055095665633,59.46055095665633,59.46055095665633,59.46055095665633,59.46055095665633
4446,65.57278075670706,65.57278075670706,65.57278075670706,65.57278075670706,65.57278075670706
4447,59.87717190258131,59.87717190258131,59.87717190258131,59.87717190258131,59.87717190258131
4448,60.49328708291107,60.49328708291107,60.49328708291107,60.49328708291107,60.49328708291107
4449,63.23012082229079,63.23012082229079,63.23012082229079,63.23012082229079,63.23012082229079
4450,69.44355987576488,69.44355987576488,69.44355987576488,69.44355987576488,69.44355987576488
4451,62.71615556324196,62.71615556324196,62.71615556324196,62.71615556324196,62.71615556324196
4452,58.81904101345949,58.81904101345949,58.81904101345949,58.81904101345949,58.81904101345949
4453,63.01882108798342,63.01882108798342,63.01882108798342,63.01882108798342,63.01882108798342
4454,66.71129218473376,66.71129218473376,66.71129218473376,66.71129218473376,66.71129218473376
4455,70.27786391975708,70.27786391975708,70.27786391975708,70.27786391975708,70.27786391975708
4456,65.68198507118643,65.68198507118643,65.68198507118643,65.68198507118643,65.68198507118643
4457,59.510087703256325,59.510087703256325,59.510087703256325,59.510087703256325,59.510087703256325
4458,68.37632853626809,68.37632853626809,68.37632853626809,68.37632853626809,68.37632853626809
4459,60.64214202200409,60.64214202200409,60.64214202200409,60.64214202200409,60.64214202200409
4460,67.67272431649785,67.67272431649785,67.67272431649785,67.67272431649785,67.67272431649785
4461,61.15031964391866,61.15031964391866,61.15031964391866,61.15031964391866,61.15031964391866
4462,58.55591621460598,58.55591621460598,58.55591621460598,58.55591621460598,58.55591621460598
4463,64.09662592393641,64.09662592393641,64.09662592393641,64.09662592393641,64.09662592393641
4464,60.88124484403624,60.88124484403624,60.88124484403624,60.88124484403624,60.88124484403624
4465,59.218888146484375,59.218888146484375,59.218888146484375,59.218888146484375,59.218888146484375
4466,69.29693244660422,69.29693244660422,69.29693244660422,69.29693244660422,69.29693244660422
4467,69.99804516604134,69.99804516604134,69.99804516604134,69.99804516604134,69.99804516604134
4468,63.558281872071746,63.558281872071746,63.558281872071746,63.558281872071746,63.558281872071746
4469,63.179221188288246,63.179221188288246,63.179221188288246,63.179221188288246,63.179221188288246
4470,60.62929188853113,60.62929188853113,60.62929188853113,60.62929188853113,60.62929188853113
4471,61.77212115994594,61.77212115994594,61.77212115994594,61.77212115994594,61.77212115994594
4472,58.68662800591705,58.68662800591705,58.68662800591705,58.68662800591705,58.68662800591705
4473,70.69517532915481,70.69517532915481,70.69517532915481,70.69517532915481,70.69517532915481
4474,66.86664129231623,66.86664129231623,66.86664129231623,66.86664129231623,66.86664129231623
4475,63.614087217994395,63.614087217994395,63.614087217994395,63.614087217994395,63.614087217994395
4476,63.97640350068676,63.97640350068676,63.97640350068676,63.97640350068676,63.97640350068676
4477,71.07813465757351,71.07813465757351,71.07813465757351,71.07813465757351,71.07813465757351
4478,64.67942542360183,64.67942542360183,64.67942542360183,64.67942542360183,64.67942542360183
4479,61.46938914571357,61.46938914571357,61.46938914571357,61.46938914571357,61.46938914571357
4480,62.531382237213414,62.531382237213414,62.531382237213414,62.531382237213414,62.531382237213414
4481,71.02966630358156,71.02966630358156,71.02966630358156,71.02966630358156,71.02966630358156
4482,58.73442607028655,58.73442607028655,58.73442607028655,58.73442607028655,58.73442607028655
4483,59.05690953888988,59.05690953888988,59.05690953888988,59.05690953888988,59.05690953888988
4484,69.7015770056071,69.7015770056071,69.7015770056071,69.7015770056071,69.7015770056071
4485,62.2578825516533,62.2578825516533,62.2578825516533,62.2578825516533,62.2578825516533
4486,58.844283765994376,58.844283765994376,58.844283765994376,58.844283765994376,58.844283765994376
4487,65.11265907288369,65.11265907288369,65.11265907288369,65.11265907288369,65.11265907288369
4488,59.30248356609693,59.30248356609693,59.30248356609693,59.30248356609693,59.30248356609693
4489,65.79992312480756,65.79992312480756,65.79992312480756,65.79992312480756,65.79992312480756
4490,68.99860784551359,68.99860784551359,68.99860784551359,68.99860784551359,68.99860784551359
4491,64.15122847360841,64.15122847360841,64.15122847360841,64.15122847360841,64.15122847360841
4492,65.95016841968189,65.95016841968189,65.95016841968189,65.95016841968189,65.95016841968189
4493,60.142816315408474,60.142816315408474,60.142816315408474,60.142816315408474,60.142816315408474
4494,67.47900539944918,67.47900539944918,67.47900539944918,67.47900539944918,67.47900539944918
4495,62.69749751121217,62.69749751121217,62.69749751121217,62.69749751121217,62.69749751121217
4496,61.27737092007571,61.27737092007571,61.27737092007571,61.27737092007571,61.27737092007571
4497,64.84695443655598,64.84695443655598,64.84695443655598,64.84695443655598,64.84695443655598
4498,60.17998866386431,60.17998866386431,60.17998866386431,60.17998866386431,60.17998866386431
4499,71.27732513972971,71.27732513972971,71.27732513972971,71.27732513972971,71.27732513972971
4500,59.05249970771006,59.05249970771006,59.05249970771006,59.05249970771006,59.05249970771006
4501,60.59823676400053,60.59823676400053,60.59823676400053,60.59823676400053,60.59823676400053
4502,71.1156491169991,71.1156491169991,71.1156491169991,71.1156491169991,71.1156491169991
4503,63.23916297570828,63.23916297570828,63.23916297570828,63.23916297570828,63.23916297570828
4504,66.66706004605481,66.66706004605481,66.66706004605481,66.66706004605481,66.66706004605481
4505,69.29231764020494,69.29231764020494,69.29231764020494,69.29231764020494,69.29231764020494
4506,66.91156221477046,66.91156221477046,66.91156221477046,66.91156221477046,66.91156221477046
4507,63.449975247328176,63.449975247328176,63.449975247328176,63.449975247328176,63.449975247328176
4508,70.1536598527084,70.1536598527084,70.1536598527084,70.1536598527084,70.1536598527084
4509,68.88673795993523,68.88673795993523,68.88673795993523,68.88673795993523,68.88673795993523
4510,59.73968340987382,59.73968340987382,59.73968340987382,59.73968340987382,59.73968340987382
4511,62.30205658774223,62.30205658774223,62.30205658774223,62.30205658774223,62.30205658774223
4512,70.902860620009,70.902860620009,70.902860620009,70.902860620009,70.902860620009
4513,59.268111791373606,59.268111791373606,59.268111791373606,59.268111791373606,59.268111791373606
4514,64.388503108242,64.388503108242,64.388503108242,64.388503108242,64.388503108242
4515,61.91821937049675,61.91821937049675,61.91821937049675,61.91821937049675,61.91821937049675
4516,68.46651766841975,68.46651766841975,68.46651766841975,68.46651766841975,68.46651766841975
4517,62.64135092425594,62.64135092425594,62.64135092425594,62.64135092425594,62.64135092425594
4518,70.54417746075744,70.54417746075744,70.54417746075744,70.54417746075744,70.54417746075744
4519,68.75890458465013,68.75890458465013,68.75890458465013,68.75890458465013,68.75890458465013
4520,58.65830447639475,58.65830447639475,58.65830447639475,58.65830447639475,58.65830447639475
4521,66.2263777045288,66.2263777045288,66.2263777045288,66.2263777045288,66.2263777045288
4522,69.04596420368343,69.04596420368343,69.04596420368343,69.04596420368343,69.04596420368343
4523,70.02439466771786,70.02439466771786,70.02439466771786,70.02439466771786,70.02439466771786
4524,59.82353772630344,59.82353772630344,59.82353772630344,59.82353772630344,59.82353772630344
4525,69.42600471067186,69.42600471067186,69.42600471067186,69.42600471067186,69.42600471067186
4526,63.29690520758728,63.29690520758728,63.29690520758728,63.29690520758728,63.29690520758728
4527,60.86405321686413,60.86405321686413,60.86405321686413,60.86405321686413,60.86405321686413
4528,66.46926198197322,66.46926198197322,66.46926198197322,66.46926198197322,66.46926198197322
4529,62.254649231805224,62.254649231805224,62.254649231805224,62.254649231805224,62.254649231805224
4530,65.70054762034519,65.70054762034519,65.70054762034519,65.70054762034519,65.70054762034519
4531,69.09834407420861,69.09834407420861,69.09834407420861,69.09834407420861,69.09834407420861
4532,60.29277396685928,60.29277396685928,60.29277396685928,60.29277396685928,60.29277396685928
4533,61.86549545600515,61.86549545600515,61.86549545600515,61.86549545600515,61.86549545600515
4534,62.982209374390784,62.982209374390784,62.982209374390784,62.982209374390784,62.982209374390784
4535,70.74517666895946,70.74517666895946,70.74517666895946,70.74517666895946,70.74517666895946
4536,63.22772154989387,63.22772154989387,63.22772154989387,63.22772154989387,63.22772154989387
4537,67.65446956015559,67.65446956015559,67.65446956015559,67.65446956015559,67.65446956015559
4538,65.10363668397186,65.10363668397186,65.10363668397186,65.10363668397186,65.10363668397186
4539,65.82985388275313,65.82985388275313,65.82985388275313,65.82985388275313,65.82985388275313
4540,64.97649161624427,64.97649161624427,64.97649161624427,64.97649161624427,64.97649161624427
4541,62.43339461280491,62.43339461280491,62.43339461280491,62.43339461280491,62.43339461280491
4542,66.77333599582467,66.77333599582467,66.77333599582467,66.77333599582467,66.77333599582467
4543,64.62412227199542,64.62412227199542,64.62412227199542,64.62412227199542,64.62412227199542
4544,71.34839053989242,71.34839053989242,71.34839053989242,71.34839053989242,71.34839053989242
4545,68.41432068043386,68.41432068043386,68.41432068043386,68.41432068043386,68.41432068043386
4546,65.16543467749482,65.16543467749482,65.16543467749482,65.16543467749482,65.16543467749482
4547,66.8247604570355,66.8247604570355,66.8247604570355,66.8247604570355,66.8247604570355
4548,62.293189687639284,62.293189687639284,62.293189687639284,62.293189687639284,62.293189687639284
4549,65.45628730519947,65.45628730519947,65.45628730519947,65.45628730519947,65.45628730519947
4550,71.28072616367983,71.28072616367983,71.28072616367983,71.28072616367983,71.28072616367983
4551,65.51823066582469,65.51823066582469,65.51823066582469,65.51823066582469,65.51823066582469
4552,68.74332408224268,68.74332408224268,68.74332408224268,68.74332408224268,68.74332408224268
4553,67.86710333909795,67.86710333909795,67.86710333909795,67.86710333909795,67.86710333909795
4554,66.51835221426235,66.51835221426235,66.51835221426235,66.51835221426235,66.51835221426235
4555,62.574819403676734,62.574819403676734,62.574819403676734,62.574819403676734,62.574819403676734
4556,59.04271127913866,59.04271127913866,59.04271127913866,59.04271127913866,59.04271127913866
4557,68.07131437021228,68.07131437021228,68.07131437021228,68.07131437021228,68.07131437021228
4558,59.81683668916909,59.81683668916909,59.81683668916909,59.81683668916909,59.81683668916909
4559,69.0501535177809,69.0501535177809,69.0501535177809,69.0501535177809,69.0501535177809
4560,62.841439828645086,62.841439828645086,62.841439828645086,62.841439828645086,62.841439828645086
4561,59.46168766693772,59.46168766693772,59.46168766693772,59.46168766693772,59.46168766693772
4562,69.99552591726604,69.99552591726604,69.99552591726604,69.99552591726604,69.99552591726604
4563,66.77321065284934,66.77321065284934,66.77321065284934,66.77321065284934,66.77321065284934
4564,68.15813839434256,68.15813839434256,68.15813839434256,68.15813839434256,68.15813839434256
4565,61.635732260696514,61.635732260696514,61.635732260696514,61.635732260696514,61.635732260696514
4566,70.77747917711109,70.77747917711109,70.77747917711109,70.77747917711109,70.77747917711109
4567,70.93608203818849,70.93608203818849,70.93608203818849,70.93608203818849,70.93608203818849
4568,59.23096018147815,59.23096018147815,59.23096018147815,59.23096018147815,59.23096018147815
4569,60.057810698590785,60.057810698590785,60.057810698590785,60.057810698590785,60.057810698590785
4570,61.86386967231825,61.86386967231825,61.86386967231825,61.86386967231825,61.86386967231825
4571,59.99040992604317,59.99040992604317,59.99040992604317,59.99040992604317,59.99040992604317
4572,66.40780409564437,66.40780409564437,66.40780409564437,66.40780409564437,66.40780409564437
4573,68.61307949322548,68.61307949322548,68.61307949322548,68.61307949322548,68.61307949322548
4574,63.061365039866075,63.061365039866075,63.061365039866075,63.061365039866075,63.061365039866075
4575,67.50019208157667,67.50019208157667,67.50019208157667,67.50019208157667,67.50019208157667
4576,58.55645858436784,58.55645858436784,58.55645858436784,58.55645858436784,58.55645858436784
4577,64.68276431612156,64.68276431612156,64.68276431612156,64.68276431612156,64.68276431612156
4578,59.68827218612643,59.68827218612643,59.68827218612643,59.68827218612643,59.68827218612643
4579,62.21028360856636,62.21028360856636,62.21028360856636,62.21028360856636,62.21028360856636
4580,64.60354356458782,64.60354356458782,64.60354356458782,64.60354356458782,64.60354356458782
4581,70.99477225590569,70.99477225590569,70.99477225590569,70.99477225590569,70.99477225590569
4582,67.9307854601907,67.9307854601907,67.9307854601907,67.9307854601907,67.9307854601907
4583,70.6720041099276,70.6720041099276,70.6720041099276,70.6720041099276,70.6720041099276
4584,62.8740916562739,62.8740916562739,62.8740916562739,62.8740916562739,62.8740916562739
4585,60.64781090384952,60.64781090384952,60.64781090384952,60.64781090384952,60.64781090384952
4586,68.96086704246892,68.96086704246892,68.96086704246892,68.96086704246892,68.96086704246892
4587,66.84590482392623,66.84590482392623,66.84590482392623,66.84590482392623,66.84590482392623
4588,69.47837494237218,69.47837494237218,69.47837494237218,69.47837494237218,69.47837494237218
4589,63.11568841133345,63.11568841133345,63.11568841133345,63.11568841133345,63.11568841133345
4590,67.48576369063063,67.48576369063063,67.48576369063063,67.48576369063063,67.48576369063063
4591,66.86310565797386,66.86310565797386,66.86310565797386,66.86310565797386,66.86310565797386
4592,66.35519459216808,66.35519459216808,66.35519459216808,66.35519459216808,66.35519459216808
4593,70.30278413974224,70.30278413974224,70.30278413974224,70.30278413974224,70.30278413974224
4594,69.52256463392158,69.52256463392158,69.52256463392158,69.52256463392158,69.52256463392158
4595,65.94087231204438,65.94087231204438,65.94087231204438,65.94087231204438,65.94087231204438
4596,68.35011828581152,68.35011828581152,68.35011828581152,68.35011828581152,68.35011828581152
4597,59.46531177121543,59.46531177121543,59.46531177121543,59.46531177121543,59.46531177121543
4598,60.6749708789575,60.6749708789575,60.6749708789575,60.6749708789575,60.6749708789575
4599,60.114309848158065,60.114309848158065,60.114309848158065,60.114309848158065,60.114309848158065
4600,66.1221525420154,66.1221525420154,66.1221525420154,66.1221525420154,66.1221525420154
4601,61.247474755886486,61.247474755886486,61.247474755886486,61.247474755886486,61.247474755886486
4602,64.05399762258223,64.05399762258223,64.05399762258223,64.05399762258223,64.05399762258223
4603,58.81462286598331,58.81462286598331,58.81462286598331,58.81462286598331,58.81462286598331
4604,69.76481939933495,69.76481939933495,69.76481939933495,69.76481939933495,69.76481939933495
4605,60.0222254676697,60.0222254676697,60.0222254676697,60.0222254676697,60.0222254676697
4606,60.476880253311,60.476880253311,60.476880253311,60.476880253311,60.476880253311
4607,60.83075060474771,60.83075060474771,60.83075060474771,60.83075060474771,60.83075060474771
4608,63.84258528996876,63.84258528996876,63.84258528996876,63.84258528996876,63.84258528996876
4609,60.32209205960491,60.32209205960491,60.32209205960491,60.32209205960491,60.32209205960491
4610,64.36577288697612,64.36577288697612,64.36577288697612,64.36577288697612,64.36577288697612
4611,60.97868878901698,60.97868878901698,60.97868878901698,60.97868878901698,60.97868878901698
4612,69.43338881359361,69.43338881359361,69.43338881359361,69.43338881359361,69.43338881359361
4613,68.70721535361847,68.70721535361847,68.70721535361847,68.70721535361847,68.70721535361847
4614,63.14605435086351,63.14605435086351,63.14605435086351,63.14605435086351,63.14605435086351
4615,67.08337485588349,67.08337485588349,67.08337485588349,67.08337485588349,67.08337485588349
4616,60.83493941468366,60.83493941468366,60.83493941468366,60.83493941468366,60.83493941468366
4617,65.09169269681556,65.09169269681556,65.09169269681556,65.09169269681556,65.09169269681556
4618,62.929490568356016,62.929490568356016,62.929490568356016,62.929490568356016,62.929490568356016
4619,61.34057260826895,61.34057260826895,61.34057260826895,61.34057260826895,61.34057260826895
4620,70.83078092458425,70.83078092458425,70.83078092458425,70.83078092458425,70.83078092458425
4621,62.8821644909013,62.8821644909013,62.8821644909013,62.8821644909013,62.8821644909013
4622,61.60580084519481,61.60580084519481,61.60580084519481,61.60580084519481,61.60580084519481
4623,65.73592764423549,65.73592764423549,65.73592764423549,65.73592764423549,65.73592764423549
4624,70.08372497457425,70.08372497457425,70.08372497457425,70.08372497457425,70.08372497457425
4625,66.01150296401931,66.01150296401931,66.01150296401931,66.01150296401931,66.01150296401931
4626,60.874391697524715,60.874391697524715,60.874391697524715,60.874391697524715,60.874391697524715
4627,62.91928418786412,62.91928418786412,62.91928418786412,62.91928418786412,62.91928418786412
4628,59.11012259852919,59.11012259852919,59.11012259852919,59.11012259852919,59.11012259852919
4629,59.6060872288779,59.6060872288779,59.6060872288779,59.6060872288779,59.6060872288779
4630,69.59375974008125,69.59375974008125,69.59375974008125,69.59375974008125,69.59375974008125
4631,69.91920595666573,69.91920595666573,69.91920595666573,69.91920595666573,69.91920595666573
4632,63.554568084142495,63.554568084142495,63.554568084142495,63.554568084142495,63.554568084142495
4633,69.88144141958637,69.88144141958637,69.88144141958637,69.88144141958637,69.88144141958637
4634,61.263492551459116,61.263492551459116,61.263492551459116,61.263492551459116,61.263492551459116
4635,61.532807780952005,61.532807780952005,61.532807780952005,61.532807780952005,61.532807780952005
4636,59.335603205800815,59.335603205800815,59.335603205800815,59.335603205800815,59.335603205800815
4637,66.41446823900606,66.41446823900606,66.41446823900606,66.41446823900606,66.41446823900606
4638,61.214435300765835,61.214435300765835,61.214435300765835,61.214435300765835,61.214435300765835
4639,66.9914083821229,66.9914083821229,66.9914083821229,66.9914083821229,66.9914083821229
4640,60.94728385447021,60.94728385447021,60.94728385447021,60.94728385447021,60.94728385447021
4641,62.390938944243395,62.390938944243395,62.390938944243395,62.390938944243395,62.390938944243395
4642,68.92932743093421,68.92932743093421,68.92932743093421,68.92932743093421,68.92932743093421
4643,63.44101198371775,63.44101198371775,63.44101198371775,63.44101198371775,63.44101198371775
4644,60.97409723276032,60.97409723276032,60.97409723276032,60.97409723276032,60.97409723276032
4645,69.12004523621319,69.12004523621319,69.12004523621319,69.12004523621319,69.12004523621319
4646,58.920339700201204,58.920339700201204,58.920339700201204,58.920339700201204,58.920339700201204
4647,69.21576432223239,69.21576432223239,69.21576432223239,69.21576432223239,69.21576432223239
4648,62.430454716115015,62.430454716115015,62.430454716115015,62.430454716115015,62.430454716115015
4649,64.18839133693399,64.18839133693399,64.18839133693399,64.18839133693399,64.18839133693399
4650,64.51712269839336,64.51712269839336,64.51712269839336,64.51712269839336,64.51712269839336
4651,68.44188668570403,68.44188668570403,68.44188668570403,68.44188668570403,68.44188668570403
4652,66.6496686221297,66.6496686221297,66.6496686221297,66.6496686221297,66.6496686221297
4653,64.8286931999054,64.8286931999054,64.8286931999054,64.8286931999054,64.8286931999054
4654,61.671260925616046,61.671260925616046,61.671260925616046,61.671260925616046,61.671260925616046
4655,66.64003065847623,66.64003065847623,66.64003065847623,66.64003065847623,66.64003065847623
4656,64.79908541324465,64.79908541324465,64.79908541324465,64.79908541324465,64.79908541324465
4657,70.00186007051215,70.00186007051215,70.00186007051215,70.00186007051215,70.00186007051215
4658,65.2742852200552,65.2742852200552,65.2742852200552,65.2742852200552,65.2742852200552
4659,61.28404929188456,61.28404929188456,61.28404929188456,61.28404929188456,61.28404929188456
4660,65.27982038366214,65.27982038366214,65.27982038366214,65.27982038366214,65.27982038366214
4661,65.93051899059041,65.93051899059041,65.93051899059041,65.93051899059041,65.93051899059041
4662,65.84088352012164,65.84088352012164,65.84088352012164,65.84088352012164,65.84088352012164
4663,62.29508619315341,62.29508619315341,62.29508619315341,62.29508619315341,62.29508619315341
4664,66.41522581147484,66.41522581147484,66.41522581147484,66.41522581147484,66.41522581147484
4665,66.39065289933366,66.39065289933366,66.39065289933366,66.39065289933366,66.39065289933366
4666,70.78736220165872,70.78736220165872,70.78736220165872,70.78736220165872,70.78736220165872
4667,69.76541905610918,69.76541905610918,69.76541905610918,69.76541905610918,69.76541905610918
4668,62.30985076223702,62.30985076223702,62.30985076223702,62.30985076223702,62.30985076223702
4669,59.78666869272228,59.78666869272228,59.78666869272228,59.78666869272228,59.78666869272228
4670,60.71767288134428,60.71767288134428,60.71767288134428,60.71767288134428,60.71767288134428
4671,70.02734353566291,70.02734353566291,70.02734353566291,70.02734353566291,70.02734353566291
4672,59.075301236868064,59.075301236868064,59.075301236868064,59.075301236868064,59.075301236868064
4673,66.95306734990295,66.95306734990295,66.95306734990295,66.95306734990295,66.95306734990295
4674,62.00270488464392,62.00270488464392,62.00270488464392,62.00270488464392,62.00270488464392
4675,64.04777045445982,64.04777045445982,64.04777045445982,64.04777045445982,64.04777045445982
4676,64.35721291378762,64.35721291378762,64.35721291378762,64.35721291378762,64.35721291378762
4677,65.21911204989388,65.21911204989388,65.21911204989388,65.21911204989388,65.21911204989388
4678,67.18092684070041,67.18092684070041,67.18092684070041,67.18092684070041,67.18092684070041
4679,62.54167559752212,62.54167559752212,62.54167559752212,62.54167559752212,62.54167559752212
4680,60.23505520669105,60.23505520669105,60.23505520669105,60.23505520669105,60.23505520669105
4681,59.89871982954458,59.89871982954458,59.89871982954458,59.89871982954458,59.89871982954458
4682,59.02724579917574,59.02724579917574,59.02724579917574,59.02724579917574,59.02724579917574
4683,68.57207210251103,68.57207210251103,68.57207210251103,68.57207210251103,68.57207210251103
4684,65.64491041000419,65.64491041000419,65.64491041000419,65.64491041000419,65.64491041000419
4685,68.32650663411889,68.32650663411889,68.32650663411889,68.32650663411889,68.32650663411889
4686,71.32130504473801,71.32130504473801,71.32130504473801,71.32130504473801,71.32130504473801
4687,63.594645711932564,63.594645711932564,63.594645711932564,63.594645711932564,63.594645711932564
4688,63.54630569004344,63.54630569004344,63.54630569004344,63.54630569004344,63.54630569004344
4689,66.01755300067883,66.01755300067883,66.01755300067883,66.01755300067883,66.01755300067883
4690,70.27847917184017,70.27847917184017,70.27847917184017,70.27847917184017,70.27847917184017
4691,61.979541845723645,61.979541845723645,61.979541845723645,61.979541845723645,61.979541845723645
4692,65.52786300045875,65.52786300045875,65.52786300045875,65.52786300045875,65.52786300045875
4693,66.1027193062345,66.1027193062345,66.1027193062345,66.1027193062345,66.1027193062345
4694,62.635935960899424,62.635935960899424,62.635935960899424,62.635935960899424,62.635935960899424
4695,58.5760634500208,58.5760634500208,58.5760634500208,58.5760634500208,58.5760634500208
4696,70.30699188926151,70.30699188926151,70.30699188926151,70.30699188926151,70.30699188926151
4697,68.83742189586155,68.83742189586155,68.83742189586155,68.83742189586155,68.83742189586155
4698,68.80238056990139,68.80238056990139,68.80238056990139,68.80238056990139,68.80238056990139
4699,59.92690798299478,59.92690798299478,59.92690798299478,59.92690798299478,59.92690798299478
4700,70.9508931147021,70.9508931147021,70.9508931147021,70.9508931147021,70.9508931147021
4701,65.51737401072376,65.51737401072376,65.51737401072376,65.51737401072376,65.51737401072376
4702,65.0709326142083,65.0709326142083,65.0709326142083,65.0709326142083,65.0709326142083
4703,58.88482078834247,58.88482078834247,58.88482078834247,58.88482078834247,58.88482078834247
4704,67.09447688996026,67.09447688996026,67.09447688996026,67.09447688996026,67.09447688996026
4705,63.37381961233102,63.37381961233102,63.37381961233102,63.37381961233102,63.37381961233102
4706,64.77675489357166,64.77675489357166,64.77675489357166,64.77675489357166,64.77675489357166
4707,62.02105850640556,62.02105850640556,62.02105850640556,62.02105850640556,62.02105850640556
4708,67.72099997429424,67.72099997429424,67.72099997429424,67.72099997429424,67.72099997429424
4709,58.88401754749878,58.88401754749878,58.88401754749878,58.88401754749878,58.88401754749878
4710,63.06964298219416,63.06964298219416,63.06964298219416,63.06964298219416,63.06964298219416
4711,69.55997672074929,69.55997672074929,69.55997672074929,69.55997672074929,69.55997672074929
4712,70.19918321960465,70.19918321960465,70.19918321960465,70.19918321960465,70.19918321960465
4713,60.61346683254557,60.61346683254557,60.61346683254557,60.61346683254557,60.61346683254557
4714,62.830415959143664,62.830415959143664,62.830415959143664,62.830415959143664,62.830415959143664
4715,61.39040582722566,61.39040582722566,61.39040582722566,61.39040582722566,61.39040582722566
4716,62.345912537759396,62.345912537759396,62.345912537759396,62.345912537759396,62.345912537759396
4717,68.85493335339926,68.85493335339926,68.85493335339926,68.85493335339926,68.85493335339926
4718,70.95776765423409,70.95776765423409,70.95776765423409,70.95776765423409,70.95776765423409
4719,66.00576677846297,66.00576677846297,66.00576677846297,66.00576677846297,66.00576677846297
4720,60.52356557460131,60.52356557460131,60.52356557460131,60.52356557460131,60.52356557460131
4721,64.22986493633141,64.22986493633141,64.22986493633141,64.22986493633141,64.22986493633141
4722,65.0157019640014,65.0157019640014,65.0157019640014,65.0157019640014,65.0157019640014
4723,65.78378348665139,65.78378348665139,65.78378348665139,65.78378348665139,65.78378348665139
4724,71.18754726937985,71.18754726937985,71.18754726937985,71.18754726937985,71.18754726937985
4725,68.64200137579039,68.64200137579039,68.64200137579039,68.64200137579039,68.64200137579039
4726,70.92750746318494,70.92750746318494,70.92750746318494,70.92750746318494,70.92750746318494
4727,61.67174938333899,61.67174938333899,61.67174938333899,61.67174938333899,61.67174938333899
4728,67.90428046862206,67.90428046862206,67.90428046862206,67.90428046862206,67.90428046862206
4729,61.41570607659567,61.41570607659567,61.41570607659567,61.41570607659567,61.41570607659567
4730,64.85317044497933,64.85317044497933,64.85317044497933,64.85317044497933,64.85317044497933
4731,69.80412049397793,69.80412049397793,69.80412049397793,69.80412049397793,69.80412049397793
4732,71.47000526008584,71.47000526008584,71.47000526008584,71.47000526008584,71.47000526008584
4733,66.64791965981279,66.64791965981279,66.64791965981279,66.64791965981279,66.64791965981279
4734,71.1877164192381,71.1877164192381,71.1877164192381,71.1877164192381,71.1877164192381
4735,62.429051657709685,62.429051657709685,62.429051657709685,62.429051657709685,62.429051657709685
4736,70.38994252762396,70.38994252762396,70.38994252762396,70.38994252762396,70.38994252762396
4737,65.29841134307867,65.29841134307867,65.29841134307867,65.29841134307867,65.29841134307867
4738,63.3178516247744,63.3178516247744,63.3178516247744,63.3178516247744,63.3178516247744
4739,68.34696278839903,68.34696278839903,68.34696278839903,68.34696278839903,68.34696278839903
4740,68.44726668741326,68.44726668741326,68.44726668741326,68.44726668741326,68.44726668741326
4741,68.5091084619625,68.5091084619625,68.5091084619625,68.5091084619625,68.5091084619625
4742,60.080886716691026,60.080886716691026,60.080886716691026,60.080886716691026,60.080886716691026
4743,68.70504825676124,68.70504825676124,68.70504825676124,68.70504825676124,68.70504825676124
4744,60.118575960507094,60.118575960507094,60.118575960507094,60.118575960507094,60.118575960507094
4745,70.79846728177492,70.79846728177492,70.79846728177492,70.79846728177492,70.79846728177492
4746,66.34482819268716,66.34482819268716,66.34482819268716,66.34482819268716,66.34482819268716
4747,68.61244516604374,68.61244516604374,68.61244516604374,68.61244516604374,68.61244516604374
4748,66.60296299060894,66.60296299060894,66.60296299060894,66.60296299060894,66.60296299060894
4749,67.6846267861992,67.6846267861992,67.6846267861992,67.6846267861992,67.6846267861992
4750,64.45525198059555,64.45525198059555,64.45525198059555,64.45525198059555,64.45525198059555
4751,62.800584016810646,62.800584016810646,62.800584016810646,62.800584016810646,62.800584016810646
4752,59.932330150326386,59.932330150326386,59.932330150326386,59.932330150326386,59.932330150326386
4753,58.61978805367744,58.61978805367744,58.61978805367744,58.61978805367744,58.61978805367744
4754,61.61225041863094,61.61225041863094,61.61225041863094,61.61225041863094,61.61225041863094
4755,67.63565360256133,67.63565360256133,67.63565360256133,67.63565360256133,67.63565360256133
4756,60.2172061370944,60.2172061370944,60.2172061370944,60.2172061370944,60.2172061370944
4757,64.63727836929979,64.63727836929979,64.63727836929979,64.63727836929979,64.63727836929979
4758,69.63132165582896,69.63132165582896,69.63132165582896,69.63132165582896,69.63132165582896
4759,68.9135316992509,68.9135316992509,68.9135316992509,68.9135316992509,68.9135316992509
4760,58.99217563412914,58.99217563412914,58.99217563412914,58.99217563412914,58.99217563412914
4761,62.142004891920635,62.142004891920635,62.142004891920635,62.142004891920635,62.142004891920635
4762,64.46461086462263,64.46461086462263,64.46461086462263,64.46461086462263,64.46461086462263
4763,60.70883705075858,60.70883705075858,60.70883705075858,60.70883705075858,60.70883705075858
4764,68.91001767065313,68.91001767065313,68.91001767065313,68.91001767065313,68.91001767065313
4765,63.61615897818585,63.61615897818585,63.61615897818585,63.61615897818585,63.61615897818585
4766,64.55134368100362,64.55134368100362,64.55134368100362,64.55134368100362,64.55134368100362
4767,69.75827816712145,69.75827816712145,69.75827816712145,69.75827816712145,69.75827816712145
4768,60.288860455127534,60.288860455127534,60.288860455127534,60.288860455127534,60.288860455127534
4769,62.831847434248196,62.831847434248196,62.831847434248196,62.831847434248196,62.831847434248196
4770,63.676128760592405,63.676128760592405,63.676128760592405,63.676128760592405,63.676128760592405
4771,60.54016224199739,60.54016224199739,60.54016224199739,60.54016224199739,60.54016224199739
4772,66.70685130425872,66.70685130425872,66.70685130425872,66.70685130425872,66.70685130425872
4773,66.57024855494275,66.57024855494275,66.57024855494275,66.57024855494275,66.57024855494275
4774,66.15434018678575,66.15434018678575,66.15434018678575,66.15434018678575,66.15434018678575
4775,61.86378854868084,61.86378854868084,61.86378854868084,61.86378854868084,61.86378854868084
4776,67.42363382980723,67.42363382980723,67.42363382980723,67.42363382980723,67.42363382980723
4777,67.82964794490042,67.82964794490042,67.82964794490042,67.82964794490042,67.82964794490042
4778,68.96552260411886,68.96552260411886,68.96552260411886,68.96552260411886,68.96552260411886
4779,69.23087161100962,69.23087161100962,69.23087161100962,69.23087161100962,69.23087161100962
4780,66.22797704196367,66.22797704196367,66.22797704196367,66.22797704196367,66.22797704196367
4781,67.83605324599607,67.83605324599607,67.83605324599607,67.83605324599607,67.83605324599607
4782,61.379479820822894,61.379479820822894,61.379479820822894,61.379479820822894,61.379479820822894
4783,60.03406548568984,60.03406548568984,60.03406548568984,60.03406548568984,60.03406548568984
4784,61.979135177961446,61.979135177961446,61.979135177961446,61.979135177961446,61.979135177961446
4785,61.94421099419138,61.94421099419138,61.94421099419138,61.94421099419138,61.94421099419138
4786,67.78663246992093,67.78663246992093,67.78663246992093,67.78663246992093,67.78663246992093
4787,63.34986581426652,63.34986581426652,63.34986581426652,63.34986581426652,63.34986581426652
4788,59.6901942920601,59.6901942920601,59.6901942920601,59.6901942920601,59.6901942920601
4789,69.62622186288256,69.62622186288256,69.62622186288256,69.62622186288256,69.62622186288256
4790,60.908426945282585,60.908426945282585,60.908426945282585,60.908426945282585,60.908426945282585
4791,66.04732919054207,66.04732919054207,66.04732919054207,66.04732919054207,66.04732919054207
4792,68.45027489326246,68.45027489326246,68.45027489326246,68.45027489326246,68.45027489326246
4793,60.21086103253211,60.21086103253211,60.21086103253211,60.21086103253211,60.21086103253211
4794,61.78945202859611,61.78945202859611,61.78945202859611,61.78945202859611,61.78945202859611
4795,60.88051592363566,60.88051592363566,60.88051592363566,60.88051592363566,60.88051592363566
4796,65.92684617403451,65.92684617403451,65.92684617403451,65.92684617403451,65.92684617403451
4797,59.38999507045274,59.38999507045274,59.38999507045274,59.38999507045274,59.38999507045274
4798,61.70374373113066,61.70374373113066,61.70374373113066,61.70374373113066,61.70374373113066
4799,64.01763125784191,64.01763125784191,64.01763125784191,64.01763125784191,64.01763125784191
4800,60.96769206438776,60.96769206438776,60.96769206438776,60.96769206438776,60.96769206438776
4801,63.188806836003536,63.188806836003536,63.188806836003536,63.188806836003536,63.188806836003536
4802,67.35690400436843,67.35690400436843,67.35690400436843,67.35690400436843,67.35690400436843
4803,65.98127081767835,65.98127081767835,65.98127081767835,65.98127081767835,65.98127081767835
4804,63.371335505835575,63.371335505835575,63.371335505835575,63.371335505835575,63.371335505835575
4805,68.82089995592763,68.82089995592763,68.82089995592763,68.82089995592763,68.82089995592763
4806,59.18081265625622,59.18081265625622,59.18081265625622,59.18081265625622,59.18081265625622
4807,59.31480772076401,59.31480772076401,59.31480772076401,59.31480772076401,59.31480772076401
4808,66.83368872850859,66.83368872850859,66.83368872850859,66.83368872850859,66.83368872850859
4809,65.07710591348678,65.07710591348678,65.07710591348678,65.07710591348678,65.07710591348678
4810,65.34452508443576,65.34452508443576,65.34452508443576,65.34452508443576,65.34452508443576
4811,60.1297817614128,60.1297817614128,60.1297817614128,60.1297817614128,60.1297817614128
4812,61.162066756451,61.162066756451,61.162066756451,61.162066756451,61.162066756451
4813,62.87449862591847,62.87449862591847,62.87449862591847,62.87449862591847,62.87449862591847
4814,60.862303832365825,60.862303832365825,60.862303832365825,60.862303832365825,60.862303832365825
4815,65.39301778803298,65.39301778803298,65.39301778803298,65.39301778803298,65.39301778803298
4816,68.7390338679325,68.7390338679325,68.7390338679325,68.7390338679325,68.7390338679325
4817,69.20227646995622,69.20227646995622,69.20227646995622,69.20227646995622,69.20227646995622
4818,67.7393363459584,67.7393363459584,67.7393363459584,67.7393363459584,67.7393363459584
4819,67.71940707772718,67.71940707772718,67.71940707772718,67.71940707772718,67.71940707772718
4820,67.85961931060103,67.85961931060103,67.85961931060103,67.85961931060103,67.85961931060103
4821,65.8493056219896,65.8493056219896,65.8493056219896,65.8493056219896,65.8493056219896
4822,64.15525721943278,64.15525721943278,64.15525721943278,64.15525721943278,64.15525721943278
4823,67.56575711674364,67.56575711674364,67.56575711674364,67.56575711674364,67.56575711674364
4824,70.9757574541879,70.9757574541879,70.9757574541879,70.9757574541879,70.9757574541879
4825,59.06979292029279,59.06979292029279,59.06979292029279,59.06979292029279,59.06979292029279
4826,64.79106471820815,64.79106471820815,64.79106471820815,64.79106471820815,64.79106471820815
4827,62.85808527421776,62.85808527421776,62.85808527421776,62.85808527421776,62.85808527421776
4828,63.39348229753077,63.39348229753077,63.39348229753077,63.39348229753077,63.39348229753077
4829,63.454153590374744,63.454153590374744,63.454153590374744,63.454153590374744,63.454153590374744
4830,71.09016050799907,71.09016050799907,71.09016050799907,71.09016050799907,71.09016050799907
4831,63.315920817044585,63.315920817044585,63.315920817044585,63.315920817044585,63.315920817044585
4832,68.6170750104126,68.6170750104126,68.6170750104126,68.6170750104126,68.6170750104126
4833,66.8222489352567,66.8222489352567,66.8222489352567,66.8222489352567,66.8222489352567
4834,60.46327455722376,60.46327455722376,60.46327455722376,60.46327455722376,60.46327455722376
4835,60.46882908546912,60.46882908546912,60.46882908546912,60.46882908546912,60.46882908546912
4836,70.8067266199222,70.8067266199222,70.8067266199222,70.8067266199222,70.8067266199222
4837,59.89597152617379,59.89597152617379,59.89597152617379,59.89597152617379,59.89597152617379
4838,59.27987117845349,59.27987117845349,59.27987117845349,59.27987117845349,59.27987117845349
4839,67.01848603052233,67.01848603052233,67.01848603052233,67.01848603052233,67.01848603052233
4840,63.80110731178837,63.80110731178837,63.80110731178837,63.80110731178837,63.80110731178837
4841,66.715852232676,66.715852232676,66.715852232676,66.715852232676,66.715852232676
4842,62.99001954821725,62.99001954821725,62.99001954821725,62.99001954821725,62.99001954821725
4843,70.96773593427785,70.96773593427785,70.96773593427785,70.96773593427785,70.96773593427785
4844,63.964885814834375,63.964885814834375,63.964885814834375,63.964885814834375,63.964885814834375
4845,67.33238960534541,67.33238960534541,67.33238960534541,67.33238960534541,67.33238960534541
4846,67.36835225366711,67.36835225366711,67.36835225366711,67.36835225366711,67.36835225366711
4847,66.4554684749337,66.4554684749337,66.4554684749337,66.4554684749337,66.4554684749337
4848,61.63623401746306,61.63623401746306,61.63623401746306,61.63623401746306,61.63623401746306
4849,64.09627670518105,64.09627670518105,64.09627670518105,64.09627670518105,64.09627670518105
4850,60.525618941725455,60.525618941725455,60.525618941725455,60.525618941725455,60.525618941725455
4851,70.20049742618782,70.20049742618782,70.20049742618782,70.20049742618782,70.20049742618782
4852,62.501930210338216,62.501930210338216,62.501930210338216,62.501930210338216,62.501930210338216
4853,59.80198531705347,59.80198531705347,59.80198531705347,59.80198531705347,59.80198531705347
4854,60.62918652235011,60.62918652235011,60.62918652235011,60.62918652235011,60.62918652235011
4855,64.6740367358271,64.6740367358271,64.6740367358271,64.6740367358271,64.6740367358271
4856,64.97995153101262,64.97995153101262,64.97995153101262,64.97995153101262,64.97995153101262
4857,58.7400661561787,58.7400661561787,58.7400661561787,58.7400661561787,58.7400661561787
4858,69.25797736958339,69.25797736958339,69.25797736958339,69.25797736958339,69.25797736958339
4859,68.37659575015418,68.37659575015418,68.37659575015418,68.37659575015418,68.37659575015418
4860,70.75979637189384,70.75979637189384,70.75979637189384,70.75979637189384,70.75979637189384
4861,69.4252406108963,69.4252406108963,69.4252406108963,69.4252406108963,69.4252406108963
4862,58.89725119239576,58.89725119239576,58.89725119239576,58.89725119239576,58.89725119239576
4863,69.55156978860315,69.55156978860315,69.55156978860315,69.55156978860315,69.55156978860315
4864,70.66621592676564,70.66621592676564,70.66621592676564,70.66621592676564,70.66621592676564
4865,63.47808656337537,63.47808656337537,63.47808656337537,63.47808656337537,63.47808656337537
4866,64.62461978489655,64.62461978489655,64.62461978489655,64.62461978489655,64.62461978489655
4867,63.499941076839434,63.499941076839434,63.499941076839434,63.499941076839434,63.499941076839434
4868,71.01477735976522,71.01477735976522,71.01477735976522,71.01477735976522,71.01477735976522
4869,67.04045969812492,67.04045969812492,67.04045969812492,67.04045969812492,67.04045969812492
4870,69.0228999142473,69.0228999142473,69.0228999142473,69.0228999142473,69.0228999142473
4871,71.32416549818699,71.32416549818699,71.32416549818699,71.32416549818699,71.32416549818699
4872,67.786902310874,67.786902310874,67.786902310874,67.786902310874,67.786902310874
4873,70.17953107721948,70.17953107721948,70.17953107721948,70.17953107721948,70.17953107721948
4874,65.69424877206865,65.69424877206865,65.69424877206865,65.69424877206865,65.69424877206865
4875,59.10464993010267,59.10464993010267,59.10464993010267,59.10464993010267,59.10464993010267
4876,58.63474747037445,58.63474747037445,58.63474747037445,58.63474747037445,58.63474747037445
4877,64.34996193090745,64.34996193090745,64.34996193090745,64.34996193090745,64.34996193090745
4878,67.96568357831869,67.96568357831869,67.96568357831869,67.96568357831869,67.96568357831869
4879,67.6388460381885,67.6388460381885,67.6388460381885,67.6388460381885,67.6388460381885
4880,64.94362950714881,64.94362950714881,64.94362950714881,64.94362950714881,64.94362950714881
4881,59.41314238290112,59.41314238290112,59.41314238290112,59.41314238290112,59.41314238290112
4882,66.42792600126724,66.42792600126724,66.42792600126724,66.42792600126724,66.42792600126724
4883,58.96437515084731,58.96437515084731,58.96437515084731,58.96437515084731,58.96437515084731
4884,65.6017185822871,65.6017185822871,65.6017185822871,65.6017185822871,65.6017185822871
4885,66.64861032820447,66.64861032820447,66.64861032820447,66.64861032820447,66.64861032820447
4886,61.79331552670153,61.79331552670153,61.79331552670153,61.79331552670153,61.79331552670153
4887,62.38785636226157,62.38785636226157,62.38785636226157,62.38785636226157,62.38785636226157
4888,64.70451428895642,64.70451428895642,64.70451428895642,64.70451428895642,64.70451428895642
4889,62.528324805380315,62.528324805380315,62.528324805380315,62.528324805380315,62.528324805380315
4890,69.00197911075568,69.00197911075568,69.00197911075568,69.00197911075568,69.00197911075568
4891,70.94409285998367,70.94409285998367,70.94409285998367,70.94409285998367,70.94409285998367
4892,70.14293346304164,70.14293346304164,70.14293346304164,70.14293346304164,70.14293346304164
4893,62.09650522860936,62.09650522860936,62.09650522860936,62.09650522860936,62.09650522860936
4894,59.76466226609847,59.76466226609847,59.76466226609847,59.76466226609847,59.76466226609847
4895,65.08939784096204,65.08939784096204,65.08939784096204,65.08939784096204,65.08939784096204
4896,62.77002439189855,62.77002439189855,62.77002439189855,62.77002439189855,62.77002439189855
4897,66.25058665251935,66.25058665251935,66.25058665251935,66.25058665251935,66.25058665251935
4898,60.16557740475412,60.16557740475412,60.16557740475412,60.16557740475412,60.16557740475412
4899,65.75105378975789,65.75105378975789,65.75105378975789,65.75105378975789,65.75105378975789
4900,63.621186894664646,63.621186894664646,63.621186894664646,63.621186894664646,63.621186894664646
4901,61.77292116472617,61.77292116472617,61.77292116472617,61.77292116472617,61.77292116472617
4902,68.230199154441,68.230199154441,68.230199154441,68.230199154441,68.230199154441
4903,68.49286753648829,68.49286753648829,68.49286753648829,68.49286753648829,68.49286753648829
4904,66.63619263727398,66.63619263727398,66.63619263727398,66.63619263727398,66.63619263727398
4905,63.278214388014426,63.278214388014426,63.278214388014426,63.278214388014426,63.278214388014426
4906,65.22179852737736,65.22179852737736,65.22179852737736,65.22179852737736,65.22179852737736
4907,61.1091577306351,61.1091577306351,61.1091577306351,61.1091577306351,61.1091577306351
4908,66.12331177298691,66.12331177298691,66.12331177298691,66.12331177298691,66.12331177298691
4909,61.091597742679035,61.091597742679035,61.091597742679035,61.091597742679035,61.091597742679035
4910,65.10895535958838,65.10895535958838,65.10895535958838,65.10895535958838,65.10895535958838
4911,59.91046977567636,59.91046977567636,59.91046977567636,59.91046977567636,59.91046977567636
4912,65.0734388882062,65.0734388882062,65.0734388882062,65.0734388882062,65.0734388882062
4913,61.864631193590114,61.864631193590114,61.864631193590114,61.864631193590114,61.864631193590114
4914,60.343773925688375,60.343773925688375,60.343773925688375,60.343773925688375,60.343773925688375
4915,61.380596740065904,61.380596740065904,61.380596740065904,61.380596740065904,61.380596740065904
4916,59.57215535605377,59.57215535605377,59.57215535605377,59.57215535605377,59.57215535605377
4917,65.23582146455495,65.23582146455495,65.23582146455495,65.23582146455495,65.23582146455495
4918,67.42131031928471,67.42131031928471,67.42131031928471,67.42131031928471,67.42131031928471
4919,68.32752953023636,68.32752953023636,68.32752953023636,68.32752953023636,68.32752953023636
4920,70.97857562786471,70.97857562786471,70.97857562786471,70.97857562786471,70.97857562786471
4921,66.80131834454896,66.80131834454896,66.80131834454896,66.80131834454896,66.80131834454896
4922,58.97179583047433,58.97179583047433,58.97179583047433,58.97179583047433,58.97179583047433
4923,66.60579372731969,66.60579372731969,66.60579372731969,66.60579372731969,66.60579372731969
4924,67.86580489688278,67.86580489688278,67.86580489688278,67.86580489688278,67.86580489688278
4925,70.5013684161404,70.5013684161404,70.5013684161404,70.5013684161404,70.5013684161404
4926,62.72969458524297,62.72969458524297,62.72969458524297,62.72969458524297,62.72969458524297
4927,67.44167354414218,67.44167354414218,67.44167354414218,67.44167354414218,67.44167354414218
4928,69.50226678813175,69.50226678813175,69.50226678813175,69.50226678813175,69.50226678813175
4929,64.2625497357088,64.2625497357088,64.2625497357088,64.2625497357088,64.2625497357088
4930,64.35887866221286,64.35887866221286,64.35887866221286,64.35887866221286,64.35887866221286
4931,69.91204888574661,69.91204888574661,69.91204888574661,69.91204888574661,69.91204888574661
4932,63.633307791070784,63.633307791070784,63.633307791070784,63.633307791070784,63.633307791070784
4933,64.77643810565755,64.77643810565755,64.77643810565755,64.77643810565755,64.77643810565755
4934,65.69212630204841,65.69212630204841,65.69212630204841,65.69212630204841,65.69212630204841
4935,67.98084229548562,67.98084229548562,67.98084229548562,67.98084229548562,67.98084229548562
4936,62.51358999195312,62.51358999195312,62.51358999195312,62.51358999195312,62.51358999195312
4937,67.04473091555745,67.04473091555745,67.04473091555745,67.04473091555745,67.04473091555745
4938,65.9531275448541,65.9531275448541,65.9531275448541,65.9531275448541,65.9531275448541
4939,61.04758960536182,61.04758960536182,61.04758960536182,61.04758960536182,61.04758960536182
4940,70.91452737565307,70.91452737565307,70.91452737565307,70.91452737565307,70.91452737565307
4941,69.62391765341741,69.62391765341741,69.62391765341741,69.62391765341741,69.62391765341741
4942,67.10978610911066,67.10978610911066,67.10978610911066,67.10978610911066,67.10978610911066
4943,65.6358146213062,65.6358146213062,65.6358146213062,65.6358146213062,65.6358146213062
4944,61.15608587575319,61.15608587575319,61.15608587575319,61.15608587575319,61.15608587575319
4945,65.67923578907012,65.67923578907012,65.67923578907012,65.67923578907012,65.67923578907012
4946,62.143772581780084,62.143772581780084,62.143772581780084,62.143772581780084,62.143772581780084
4947,64.00086863924783,64.00086863924783,64.00086863924783,64.00086863924783,64.00086863924783
4948,60.18484325456464,60.18484325456464,60.18484325456464,60.18484325456464,60.18484325456464
4949,69.40340490879333,69.40340490879333,69.40340490879333,69.40340490879333,69.40340490879333
4950,64.87180859430168,64.87180859430168,64.87180859430168,64.87180859430168,64.87180859430168
4951,64.43430941467918,64.43430941467918,64.43430941467918,64.43430941467918,64.43430941467918
4952,66.58053236242708,66.58053236242708,66.58053236242708,66.58053236242708,66.58053236242708
4953,67.09974011453463,67.09974011453463,67.09974011453463,67.09974011453463,67.09974011453463
4954,59.52137314372796,59.52137314372796,59.52137314372796,59.52137314372796,59.52137314372796
4955,60.52711906798293,60.52711906798293,60.52711906798293,60.52711906798293,60.52711906798293
4956,70.15405240260355,70.15405240260355,70.15405240260355,70.15405240260355,70.15405240260355
4957,68.63786887365175,68.63786887365175,68.63786887365175,68.63786887365175,68.63786887365175
4958,71.0484541627763,71.0484541627763,71.0484541627763,71.0484541627763,71.0484541627763
4959,60.95343797054602,60.95343797054602,60.95343797054602,60.95343797054602,60.95343797054602
4960,59.75932112221266,59.75932112221266,59.75932112221266,59.75932112221266,59.75932112221266
4961,58.816535478062775,58.816535478062775,58.816535478062775,58.816535478062775,58.816535478062775
4962,66.80781779208941,66.80781779208941,66.80781779208941,66.80781779208941,66.80781779208941
4963,67.4267558742531,67.4267558742531,67.4267558742531,67.4267558742531,67.4267558742531
4964,67.56609270663036,67.56609270663036,67.56609270663036,67.56609270663036,67.56609270663036
4965,65.23217874283237,65.23217874283237,65.23217874283237,65.23217874283237,65.23217874283237
4966,66.71855709551974,66.71855709551974,66.71855709551974,66.71855709551974,66.71855709551974
4967,70.42723366522509,70.42723366522509,70.42723366522509,70.42723366522509,70.42723366522509
4968,62.995531821090275,62.995531821090275,62.995531821090275,62.995531821090275,62.995531821090275
4969,68.60262673861939,68.60262673861939,68.60262673861939,68.60262673861939,68.60262673861939
4970,60.984629619574314,60.984629619574314,60.984629619574314,60.984629619574314,60.984629619574314
4971,63.958268210392475,63.958268210392475,63.958268210392475,63.958268210392475,63.958268210392475
4972,67.62801756408753,67.62801756408753,67.62801756408753,67.62801756408753,67.62801756408753
4973,61.035668732195965,61.035668732195965,61.035668732195965,61.035668732195965,61.035668732195965
4974,64.11132942948853,64.11132942948853,64.11132942948853,64.11132942948853,64.11132942948853
4975,67.98139013833786,67.98139013833786,67.98139013833786,67.98139013833786,67.98139013833786
4976,70.3266345814578,70.3266345814578,70.3266345814578,70.3266345814578,70.3266345814578
4977,61.47812689612566,61.47812689612566,61.47812689612566,61.47812689612566,61.47812689612566
4978,59.653321699022264,59.653321699022264,59.653321699022264,59.653321699022264,59.653321699022264
4979,59.676366163271815,59.676366163271815,59.676366163271815,59.676366163271815,59.676366163271815
4980,60.88223998805229,60.88223998805229,60.88223998805229,60.88223998805229,60.88223998805229
4981,62.82398805123388,62.82398805123388,62.82398805123388,62.82398805123388,62.82398805123388
4982,66.46493179581259,66.46493179581259,66.46493179581259,66.46493179581259,66.46493179581259
4983,63.47996840404333,63.47996840404333,63.47996840404333,63.47996840404333,63.47996840404333
4984,70.80819718385945,70.80819718385945,70.80819718385945,70.80819718385945,70.80819718385945
4985,62.542817223373795,62.542817223373795,62.542817223373795,62.542817223373795,62.542817223373795
4986,60.06951485939253,60.06951485939253,60.06951485939253,60.06951485939253,60.06951485939253
4987,64.80034313763167,64.80034313763167,64.80034313763167,64.80034313763167,64.80034313763167
4988,65.81489776456326,65.81489776456326,65.81489776456326,65.81489776456326,65.81489776456326
4989,58.745639502566576,58.745639502566576,58.745639502566576,58.745639502566576,58.745639502566576
4990,71.38508444798163,71.38508444798163,71.38508444798163,71.38508444798163,71.38508444798163
4991,67.40311342079886,67.40311342079886,67.40311342079886,67.40311342079886,67.40311342079886
4992,59.68796112321463,59.68796112321463,59.68796112321463,59.68796112321463,59.68796112321463
4993,64.44040327071309,64.44040327071309,64.44040327071309,64.44040327071309,64.44040327071309
4994,63.41469238979667,63.41469238979667,63.41469238979667,63.41469238979667,63.41469238979667
4995,63.74096418057254,63.74096418057254,63.74096418057254,63.74096418057254,63.74096418057254
4996,66.56362236848419,66.56362236848419,66.56362236848419,66.56362236848419,66.56362236848419
4997,68.5205428840655,68.5205428840655,68.5205428840655,68.5205428840655,68.5205428840655
4998,62.36417653968491,62.36417653968491,62.36417653968491,62.36417653968491,62.36417653968491
4999,70.29397031620714,70.29397031620714,70.29397031620714,70.29397031620714,70.29397031620714
5000,69.83720689512992,69.83720689512992,69.83720689512992,69.83720689512992,69.83720689512992
5001,69.49294223058021,69.49294223058021,69.49294223058021,69.49294223058021,69.49294223058021
5002,66.58295905409871,66.58295905409871,66.58295905409871,66.58295905409871,66.58295905409871
5003,65.30978360064405,65.30978360064405,65.30978360064405,65.30978360064405,65.30978360064405
5004,59.95351294274079,59.95351294274079,59.95351294274079,59.95351294274079,59.95351294274079
5005,67.82751109105315,67.82751109105315,67.82751109105315,67.82751109105315,67.82751109105315
5006,66.72074629496265,66.72074629496265,66.72074629496265,66.72074629496265,66.72074629496265
5007,66.790214604281,66.790214604281,66.790214604281,66.790214604281,66.790214604281
5008,60.56307001699306,60.56307001699306,60.56307001699306,60.56307001699306,60.56307001699306
5009,63.69966947811202,63.69966947811202,63.69966947811202,63.69966947811202,63.69966947811202
5010,64.33239795398437,64.33239795398437,64.33239795398437,64.33239795398437,64.33239795398437
5011,59.10659818710986,59.10659818710986,59.10659818710986,59.10659818710986,59.10659818710986
5012,67.14726181148492,67.14726181148492,67.14726181148492,67.14726181148492,67.14726181148492
5013,61.960827177712396,61.960827177712396,61.960827177712396,61.960827177712396,61.960827177712396
5014,68.30897957286722,68.30897957286722,68.30897957286722,68.30897957286722,68.30897957286722
5015,67.07261605427017,67.07261605427017,67.07261605427017,67.07261605427017,67.07261605427017
5016,71.33326946083827,71.33326946083827,71.33326946083827,71.33326946083827,71.33326946083827
5017,61.47346800549777,61.47346800549777,61.47346800549777,61.47346800549777,61.47346800549777
5018,60.153370481623924,60.153370481623924,60.153370481623924,60.153370481623924,60.153370481623924
5019,69.21481339501172,69.21481339501172,69.21481339501172,69.21481339501172,69.21481339501172
5020,63.009383177822684,63.009383177822684,63.009383177822684,63.009383177822684,63.009383177822684
5021,67.89139155907645,67.89139155907645,67.89139155907645,67.89139155907645,67.89139155907645
5022,68.95316605858291,68.95316605858291,68.95316605858291,68.95316605858291,68.95316605858291
5023,65.1331448048625,65.1331448048625,65.1331448048625,65.1331448048625,65.1331448048625
5024,64.61580591986926,64.61580591986926,64.61580591986926,64.61580591986926,64.61580591986926
5025,71.23356122084863,71.23356122084863,71.23356122084863,71.23356122084863,71.23356122084863
5026,60.78756703450012,60.78756703450012,60.78756703450012,60.78756703450012,60.78756703450012
5027,62.81720588231511,62.81720588231511,62.81720588231511,62.81720588231511,62.81720588231511
5028,70.28909046493074,70.28909046493074,70.28909046493074,70.28909046493074,70.28909046493074
5029,65.62718269779154,65.62718269779154,65.62718269779154,65.62718269779154,65.62718269779154
5030,65.06978589277153,65.06978589277153,65.06978589277153,65.06978589277153,65.06978589277153
5031,69.1821442375529,69.1821442375529,69.1821442375529,69.1821442375529,69.1821442375529
5032,65.16546560623293,65.16546560623293,65.16546560623293,65.16546560623293,65.16546560623293
5033,58.577551544961814,58.577551544961814,58.577551544961814,58.577551544961814,58.577551544961814
5034,67.4432784318471,67.4432784318471,67.4432784318471,67.4432784318471,67.4432784318471
5035,62.01647803802297,62.01647803802297,62.01647803802297,62.01647803802297,62.01647803802297
5036,66.1334944821753,66.1334944821753,66.1334944821753,66.1334944821753,66.1334944821753
5037,65.92600770567206,65.92600770567206,65.92600770567206,65.92600770567206,65.92600770567206
5038,66.94528003565274,66.94528003565274,66.94528003565274,66.94528003565274,66.94528003565274
5039,67.03469770279213,67.03469770279213,67.03469770279213,67.03469770279213,67.03469770279213
5040,64.96124203236734,64.96124203236734,64.96124203236734,64.96124203236734,64.96124203236734
5041,60.726636940975624,60.726636940975624,60.726636940975624,60.726636940975624,60.726636940975624
5042,69.39520509904253,69.39520509904253,69.39520509904253,69.39520509904253,69.39520509904253
5043,69.60369087467386,69.60369087467386,69.60369087467386,69.60369087467386,69.60369087467386
5044,71.1660818094292,71.1660818094292,71.1660818094292,71.1660818094292,71.1660818094292
5045,61.08387321490276,61.08387321490276,61.08387321490276,61.08387321490276,61.08387321490276
5046,63.10449366394053,63.10449366394053,63.10449366394053,63.10449366394053,63.10449366394053
5047,68.08096287023055,68.08096287023055,68.08096287023055,68.08096287023055,68.08096287023055
5048,69.82260228930257,69.82260228930257,69.82260228930257,69.82260228930257,69.82260228930257
5049,66.28420829198207,66.28420829198207,66.28420829198207,66.28420829198207,66.28420829198207
5050,60.44369841266689,60.44369841266689,60.44369841266689,60.44369841266689,60.44369841266689
5051,67.64950341038445,67.64950341038445,67.64950341038445,67.64950341038445,67.64950341038445
5052,67.68173052527246,67.68173052527246,67.68173052527246,67.68173052527246,67.68173052527246
5053,68.16750363029146,68.16750363029146,68.16750363029146,68.16750363029146,68.16750363029146
5054,64.0493950278323,64.0493950278323,64.0493950278323,64.0493950278323,64.0493950278323
5055,65.03072165298978,65.03072165298978,65.03072165298978,65.03072165298978,65.03072165298978
5056,63.71221518421782,63.71221518421782,63.71221518421782,63.71221518421782,63.71221518421782
5057,65.08659758134961,65.08659758134961,65.08659758134961,65.08659758134961,65.08659758134961
5058,59.90537815333648,59.90537815333648,59.90537815333648,59.90537815333648,59.90537815333648
5059,70.88253362460767,70.88253362460767,70.88253362460767,70.88253362460767,70.88253362460767
5060,63.236541140949896,63.236541140949896,63.236541140949896,63.236541140949896,63.236541140949896
5061,66.17690698352085,66.17690698352085,66.17690698352085,66.17690698352085,66.17690698352085
5062,64.57159025727451,64.57159025727451,64.57159025727451,64.57159025727451,64.57159025727451
5063,60.28695700785785,60.28695700785785,60.28695700785785,60.28695700785785,60.28695700785785
5064,60.76204807274472,60.76204807274472,60.76204807274472,60.76204807274472,60.76204807274472
5065,64.2477316146494,64.2477316146494,64.2477316146494,64.2477316146494,64.2477316146494
5066,64.72139292109621,64.72139292109621,64.72139292109621,64.72139292109621,64.72139292109621
5067,68.79481963756717,68.79481963756717,68.79481963756717,68.79481963756717,68.79481963756717
5068,66.03269874935224,66.03269874935224,66.03269874935224,66.03269874935224,66.03269874935224
5069,61.58254176632261,61.58254176632261,61.58254176632261,61.58254176632261,61.58254176632261
5070,66.44289489214118,66.44289489214118,66.44289489214118,66.44289489214118,66.44289489214118
5071,66.40369399271455,66.40369399271455,66.40369399271455,66.40369399271455,66.40369399271455
5072,70.64034790616954,70.64034790616954,70.64034790616954,70.64034790616954,70.64034790616954
5073,65.62720207749479,65.62720207749479,65.62720207749479,65.62720207749479,65.62720207749479
5074,66.91700830825621,66.91700830825621,66.91700830825621,66.91700830825621,66.91700830825621
5075,63.57878164569455,63.57878164569455,63.57878164569455,63.57878164569455,63.57878164569455
5076,63.24669826152926,63.24669826152926,63.24669826152926,63.24669826152926,63.24669826152926
5077,64.19948859659326,64.19948859659326,64.19948859659326,64.19948859659326,64.19948859659326
5078,64.11915999784013,64.11915999784013,64.11915999784013,64.11915999784013,64.11915999784013
5079,62.50986133926482,62.50986133926482,62.50986133926482,62.50986133926482,62.50986133926482
5080,69.89884543456199,69.89884543456199,69.89884543456199,69.89884543456199,69.89884543456199
5081,64.52658644989769,64.52658644989769,64.52658644989769,64.52658644989769,64.52658644989769
5082,61.75255557739167,61.75255557739167,61.75255557739167,61.75255557739167,61.75255557739167
5083,58.97600914001735,58.97600914001735,58.97600914001735,58.97600914001735,58.97600914001735
5084,66.93633056626838,66.93633056626838,66.93633056626838,66.93633056626838,66.93633056626838
5085,67.75172785680783,67.75172785680783,67.75172785680783,67.75172785680783,67.75172785680783
5086,69.81236837354167,69.81236837354167,69.81236837354167,69.81236837354167,69.81236837354167
5087,62.20477625996311,62.20477625996311,62.20477625996311,62.20477625996311,62.20477625996311
5088,67.59453253685908,67.59453253685908,67.59453253685908,67.59453253685908,67.59453253685908
5089,61.24020318756871,61.24020318756871,61.24020318756871,61.24020318756871,61.24020318756871
5090,68.83042551686113,68.83042551686113,68.83042551686113,68.83042551686113,68.83042551686113
5091,68.31143149734638,68.31143149734638,68.31143149734638,68.31143149734638,68.31143149734638
5092,70.21641872201886,70.21641872201886,70.21641872201886,70.21641872201886,70.21641872201886
5093,68.0883458364125,68.0883458364125,68.0883458364125,68.0883458364125,68.0883458364125
5094,68.38826186170857,68.38826186170857,68.38826186170857,68.38826186170857,68.38826186170857
5095,60.834465320572775,60.834465320572775,60.834465320572775,60.834465320572775,60.834465320572775
5096,62.231150285565505,62.231150285565505,62.231150285565505,62.231150285565505,62.231150285565505
5097,63.36606802604894,63.36606802604894,63.36606802604894,63.36606802604894,63.36606802604894
5098,61.32815749210553,61.32815749210553,61.32815749210553,61.32815749210553,61.32815749210553
5099,63.86210547615236,63.86210547615236,63.86210547615236,63.86210547615236,63.86210547615236
5100,65.0768886452372,65.0768886452372,65.0768886452372,65.0768886452372,65.0768886452372
5101,70.44579526511824,70.44579526511824,70.44579526511824,70.44579526511824,70.44579526511824
5102,69.07252403783089,69.07252403783089,69.07252403783089,69.07252403783089,69.07252403783089
5103,58.80699148248311,58.80699148248311,58.80699148248311,58.80699148248311,58.80699148248311
5104,58.5737338803663,58.5737338803663,58.5737338803663,58.5737338803663,58.5737338803663
5105,64.05737651239596,64.05737651239596,64.05737651239596,64.05737651239596,64.05737651239596
5106,59.880276132251915,59.880276132251915,59.880276132251915,59.880276132251915,59.880276132251915
5107,61.51824371097364,61.51824371097364,61.51824371097364,61.51824371097364,61.51824371097364
5108,61.857207978191326,61.857207978191326,61.857207978191326,61.857207978191326,61.857207978191326
5109,68.47690521673108,68.47690521673108,68.47690521673108,68.47690521673108,68.47690521673108
5110,67.97878650365001,67.97878650365001,67.97878650365001,67.97878650365001,67.97878650365001
5111,68.11559226591689,68.11559226591689,68.11559226591689,68.11559226591689,68.11559226591689
5112,69.64678636580437,69.64678636580437,69.64678636580437,69.64678636580437,69.64678636580437
5113,61.19895038650669,61.19895038650669,61.19895038650669,61.19895038650669,61.19895038650669
5114,68.3299645847215,68.3299645847215,68.3299645847215,68.3299645847215,68.3299645847215
5115,65.2036872989101,65.2036872989101,65.2036872989101,65.2036872989101,65.2036872989101
5116,64.52957797379239,64.52957797379239,64.52957797379239,64.52957797379239,64.52957797379239
5117,70.84553056344693,70.84553056344693,70.84553056344693,70.84553056344693,70.84553056344693
5118,61.32546576558555,61.32546576558555,61.32546576558555,61.32546576558555,61.32546576558555
5119,58.89770589239042,58.89770589239042,58.89770589239042,58.89770589239042,58.89770589239042
5120,60.59719062807923,60.59719062807923,60.59719062807923,60.59719062807923,60.59719062807923
5121,68.16253306714194,68.16253306714194,68.16253306714194,68.16253306714194,68.16253306714194
5122,64.00910506199376,64.00910506199376,64.00910506199376,64.00910506199376,64.00910506199376
5123,62.861938009537724,62.861938009537724,62.861938009537724,62.861938009537724,62.861938009537724
5124,65.48983893013417,65.48983893013417,65.48983893013417,65.48983893013417,65.48983893013417
5125,66.16481112006434,66.16481112006434,66.16481112006434,66.16481112006434,66.16481112006434
5126,71.48166106030327,71.48166106030327,71.48166106030327,71.48166106030327,71.48166106030327
5127,63.48614336460949,63.48614336460949,63.48614336460949,63.48614336460949,63.48614336460949
5128,64.97331403811457,64.97331403811457,64.97331403811457,64.97331403811457,64.97331403811457
5129,67.19487727283386,67.19487727283386,67.19487727283386,67.19487727283386,67.19487727283386
5130,63.45796268672978,63.45796268672978,63.45796268672978,63.45796268672978,63.45796268672978
5131,62.16762586034259,62.16762586034259,62.16762586034259,62.16762586034259,62.16762586034259
5132,71.48129042358576,71.48129042358576,71.48129042358576,71.48129042358576,71.48129042358576
5133,66.4088045768576,66.4088045768576,66.4088045768576,66.4088045768576,66.4088045768576
5134,69.4525416938419,69.4525416938419,69.4525416938419,69.4525416938419,69.4525416938419
5135,66.8042894669066,66.8042894669066,66.8042894669066,66.8042894669066,66.8042894669066
5136,68.0083364800375,68.0083364800375,68.0083364800375,68.0083364800375,68.0083364800375
5137,70.81040677146525,70.81040677146525,70.81040677146525,70.81040677146525,70.81040677146525
5138,67.5442347470345,67.5442347470345,67.5442347470345,67.5442347470345,67.5442347470345
5139,69.41098133525077,69.41098133525077,69.41098133525077,69.41098133525077,69.41098133525077
5140,66.43763425631398,66.43763425631398,66.43763425631398,66.43763425631398,66.43763425631398
5141,61.78400966712766,61.78400966712766,61.78400966712766,61.78400966712766,61.78400966712766
5142,69.47211170544114,69.47211170544114,69.47211170544114,69.47211170544114,69.47211170544114
5143,59.22923145075134,59.22923145075134,59.22923145075134,59.22923145075134,59.22923145075134
5144,62.786985349106786,62.786985349106786,62.786985349106786,62.786985349106786,62.786985349106786
5145,60.8512275327123,60.8512275327123,60.8512275327123,60.8512275327123,60.8512275327123
5146,63.20666086565562,63.20666086565562,63.20666086565562,63.20666086565562,63.20666086565562
5147,68.38182340436835,68.38182340436835,68.38182340436835,68.38182340436835,68.38182340436835
5148,62.16842191254266,62.16842191254266,62.16842191254266,62.16842191254266,62.16842191254266
5149,65.15915636857574,65.15915636857574,65.15915636857574,65.15915636857574,65.15915636857574
5150,69.66693213512721,69.66693213512721,69.66693213512721,69.66693213512721,69.66693213512721
5151,64.17908905040635,64.17908905040635,64.17908905040635,64.17908905040635,64.17908905040635
5152,67.60281978698167,67.60281978698167,67.60281978698167,67.60281978698167,67.60281978698167
5153,58.66973299529884,58.66973299529884,58.66973299529884,58.66973299529884,58.66973299529884
5154,70.62761038083653,70.62761038083653,70.62761038083653,70.62761038083653,70.62761038083653
5155,58.940112176627046,58.940112176627046,58.940112176627046,58.940112176627046,58.940112176627046
5156,63.97744947344186,63.97744947344186,63.97744947344186,63.97744947344186,63.97744947344186
5157,64.32776443458877,64.32776443458877,64.32776443458877,64.32776443458877,64.32776443458877
5158,67.5600614265262,67.5600614265262,67.5600614265262,67.5600614265262,67.5600614265262
5159,59.775163745207756,59.775163745207756,59.775163745207756,59.775163745207756,59.775163745207756
5160,59.39365372627654,59.39365372627654,59.39365372627654,59.39365372627654,59.39365372627654
5161,61.78635535128848,61.78635535128848,61.78635535128848,61.78635535128848,61.78635535128848
5162,67.83837119562912,67.83837119562912,67.83837119562912,67.83837119562912,67.83837119562912
5163,70.04419870451257,70.04419870451257,70.04419870451257,70.04419870451257,70.04419870451257
5164,60.56883015123773,60.56883015123773,60.56883015123773,60.56883015123773,60.56883015123773
5165,60.018601866016894,60.018601866016894,60.018601866016894,60.018601866016894,60.018601866016894
5166,70.52950333692097,70.52950333692097,70.52950333692097,70.52950333692097,70.52950333692097
5167,59.93140661173235,59.93140661173235,59.93140661173235,59.93140661173235,59.93140661173235
5168,65.53673478670154,65.53673478670154,65.53673478670154,65.53673478670154,65.53673478670154
5169,64.45654004680111,64.45654004680111,64.45654004680111,64.45654004680111,64.45654004680111
5170,62.21873214342949,62.21873214342949,62.21873214342949,62.21873214342949,62.21873214342949
5171,58.923771654957896,58.923771654957896,58.923771654957896,58.923771654957896,58.923771654957896
5172,63.34789728207896,63.34789728207896,63.34789728207896,63.34789728207896,63.34789728207896
5173,68.11382362344631,68.11382362344631,68.11382362344631,68.11382362344631,68.11382362344631
5174,58.91741415940237,58.91741415940237,58.91741415940237,58.91741415940237,58.91741415940237
5175,58.552097546540956,58.552097546540956,58.552097546540956,58.552097546540956,58.552097546540956
5176,66.8475599225287,66.8475599225287,66.8475599225287,66.8475599225287,66.8475599225287
5177,63.65904848300032,63.65904848300032,63.65904848300032,63.65904848300032,63.65904848300032
5178,66.67248212022719,66.67248212022719,66.67248212022719,66.67248212022719,66.67248212022719
5179,61.87047074508435,61.87047074508435,61.87047074508435,61.87047074508435,61.87047074508435
5180,67.71041383061342,67.71041383061342,67.71041383061342,67.71041383061342,67.71041383061342
5181,68.60029442083501,68.60029442083501,68.60029442083501,68.60029442083501,68.60029442083501
5182,66.32217325693271,66.32217325693271,66.32217325693271,66.32217325693271,66.32217325693271
5183,69.67885157701306,69.67885157701306,69.67885157701306,69.67885157701306,69.67885157701306
5184,62.50460250147737,62.50460250147737,62.50460250147737,62.50460250147737,62.50460250147737
5185,63.37172970460612,63.37172970460612,63.37172970460612,63.37172970460612,63.37172970460612
5186,59.57074000822493,59.57074000822493,59.57074000822493,59.57074000822493,59.57074000822493
5187,71.48751566331616,71.48751566331616,71.48751566331616,71.48751566331616,71.48751566331616
5188,67.96377866244411,67.96377866244411,67.96377866244411,67.96377866244411,67.96377866244411
5189,59.66068887860941,59.66068887860941,59.66068887860941,59.66068887860941,59.66068887860941
5190,65.00540313873756,65.00540313873756,65.00540313873756,65.00540313873756,65.00540313873756
5191,67.78777649866113,67.78777649866113,67.78777649866113,67.78777649866113,67.78777649866113
5192,64.91501727230417,64.91501727230417,64.91501727230417,64.91501727230417,64.91501727230417
5193,60.29448561254991,60.29448561254991,60.29448561254991,60.29448561254991,60.29448561254991
5194,67.27359449226707,67.27359449226707,67.27359449226707,67.27359449226707,67.27359449226707
5195,69.62859079934762,69.62859079934762,69.62859079934762,69.62859079934762,69.62859079934762
5196,64.54793791115128,64.54793791115128,64.54793791115128,64.54793791115128,64.54793791115128
5197,68.33329430512977,68.33329430512977,68.33329430512977,68.33329430512977,68.33329430512977
5198,70.48334365995028,70.48334365995028,70.48334365995028,70.48334365995028,70.48334365995028
5199,59.18894320061007,59.18894320061007,59.18894320061007,59.18894320061007,59.18894320061007
5200,64.50869933280376,64.50869933280376,64.50869933280376,64.50869933280376,64.50869933280376
5201,60.14009103737327,60.14009103737327,60.14009103737327,60.14009103737327,60.14009103737327
5202,68.51404976032738,68.51404976032738,68.51404976032738,68.51404976032738,68.51404976032738
5203,61.96422912460265,61.96422912460265,61.96422912460265,61.96422912460265,61.96422912460265
5204,60.295924765683765,60.295924765683765,60.295924765683765,60.295924765683765,60.295924765683765
5205,69.17589837017442,69.17589837017442,69.17589837017442,69.17589837017442,69.17589837017442
5206,63.81775807711104,63.81775807711104,63.81775807711104,63.81775807711104,63.81775807711104
5207,61.528308223722185,61.528308223722185,61.528308223722185,61.528308223722185,61.528308223722185
5208,70.83489840902297,70.83489840902297,70.83489840902297,70.83489840902297,70.83489840902297
5209,62.65431044264054,62.65431044264054,62.65431044264054,62.65431044264054,62.65431044264054
5210,61.37955176564559,61.37955176564559,61.37955176564559,61.37955176564559,61.37955176564559
5211,67.38344385928293,67.38344385928293,67.38344385928293,67.38344385928293,67.38344385928293
5212,60.12528293088636,60.12528293088636,60.12528293088636,60.12528293088636,60.12528293088636
5213,68.38345838676501,68.38345838676501,68.38345838676501,68.38345838676501,68.38345838676501
5214,66.43087989612579,66.43087989612579,66.43087989612579,66.43087989612579,66.43087989612579
5215,66.08943140652521,66.08943140652521,66.08943140652521,66.08943140652521,66.08943140652521
5216,65.09388057158017,65.09388057158017,65.09388057158017,65.09388057158017,65.09388057158017
5217,58.94922750900254,58.94922750900254,58.94922750900254,58.94922750900254,58.94922750900254
5218,65.20446165991318,65.20446165991318,65.20446165991318,65.20446165991318,65.20446165991318
5219,65.54755768240868,65.54755768240868,65.54755768240868,65.54755768240868,65.54755768240868
5220,60.285355361076874,60.285355361076874,60.285355361076874,60.285355361076874,60.285355361076874
5221,67.17962417301594,67.17962417301594,67.17962417301594,67.17962417301594,67.17962417301594
5222,62.77011479966574,62.77011479966574,62.77011479966574,62.77011479966574,62.77011479966574
5223,65.38023306131039,65.38023306131039,65.38023306131039,65.38023306131039,65.38023306131039
5224,66.45509767220645,66.45509767220645,66.45509767220645,66.45509767220645,66.45509767220645
5225,67.28657498138824,67.28657498138824,67.28657498138824,67.28657498138824,67.28657498138824
5226,69.89993686969521,69.89993686969521,69.89993686969521,69.89993686969521,69.89993686969521
5227,60.10816710140448,60.10816710140448,60.10816710140448,60.10816710140448,60.10816710140448
5228,59.77879606791312,59.77879606791312,59.77879606791312,59.77879606791312,59.77879606791312
5229,70.65730642789883,70.65730642789883,70.65730642789883,70.65730642789883,70.65730642789883
5230,64.36172120089643,64.36172120089643,64.36172120089643,64.36172120089643,64.36172120089643
5231,70.39241583883121,70.39241583883121,70.39241583883121,70.39241583883121,70.39241583883121
5232,59.57549624686537,59.57549624686537,59.57549624686537,59.57549624686537,59.57549624686537
5233,59.95251089473946,59.95251089473946,59.95251089473946,59.95251089473946,59.95251089473946
5234,70.03110892076536,70.03110892076536,70.03110892076536,70.03110892076536,70.03110892076536
5235,64.37339887028803,64.37339887028803,64.37339887028803,64.37339887028803,64.37339887028803
5236,64.27170810932894,64.27170810932894,64.27170810932894,64.27170810932894,64.27170810932894
5237,59.38538093517387,59.38538093517387,59.38538093517387,59.38538093517387,59.38538093517387
5238,67.00103505357376,67.00103505357376,67.00103505357376,67.00103505357376,67.00103505357376
5239,70.77857395142073,70.77857395142073,70.77857395142073,70.77857395142073,70.77857395142073
5240,67.2634065154799,67.2634065154799,67.2634065154799,67.2634065154799,67.2634065154799
5241,63.55259232609169,63.55259232609169,63.55259232609169,63.55259232609169,63.55259232609169
5242,60.735157134610134,60.735157134610134,60.735157134610134,60.735157134610134,60.735157134610134
5243,60.04913599694284,60.04913599694284,60.04913599694284,60.04913599694284,60.04913599694284
5244,66.88393076183614,66.88393076183614,66.88393076183614,66.88393076183614,66.88393076183614
5245,67.7226174594812,67.7226174594812,67.7226174594812,67.7226174594812,67.7226174594812
5246,60.216164424584676,60.216164424584676,60.216164424584676,60.216164424584676,60.216164424584676
5247,60.01397010369129,60.01397010369129,60.01397010369129,60.01397010369129,60.01397010369129
5248,69.39683959597397,69.39683959597397,69.39683959597397,69.39683959597397,69.39683959597397
5249,71.12977294294714,71.12977294294714,71.12977294294714,71.12977294294714,71.12977294294714
5250,59.96899581728329,59.96899581728329,59.96899581728329,59.96899581728329,59.96899581728329
5251,64.70261040914635,64.70261040914635,64.70261040914635,64.70261040914635,64.70261040914635
5252,70.1975194042036,70.1975194042036,70.1975194042036,70.1975194042036,70.1975194042036
5253,71.23481858796903,71.23481858796903,71.23481858796903,71.23481858796903,71.23481858796903
5254,71.3758454316526,71.3758454316526,71.3758454316526,71.3758454316526,71.3758454316526
5255,61.870019101896176,61.870019101896176,61.870019101896176,61.870019101896176,61.870019101896176
5256,70.34651614306117,70.34651614306117,70.34651614306117,70.34651614306117,70.34651614306117
5257,67.93149760365357,67.93149760365357,67.93149760365357,67.93149760365357,67.93149760365357
5258,62.45949784205931,62.45949784205931,62.45949784205931,62.45949784205931,62.45949784205931
5259,65.63192069323678,65.63192069323678,65.63192069323678,65.63192069323678,65.63192069323678
5260,69.35433012346371,69.35433012346371,69.35433012346371,69.35433012346371,69.35433012346371
5261,61.29384136739387,61.29384136739387,61.29384136739387,61.29384136739387,61.29384136739387
5262,68.52338163003289,68.52338163003289,68.52338163003289,68.52338163003289,68.52338163003289
5263,58.808954899280465,58.808954899280465,58.808954899280465,58.808954899280465,58.808954899280465
5264,61.16933652709838,61.16933652709838,61.16933652709838,61.16933652709838,61.16933652709838
5265,65.23025278290316,65.23025278290316,65.23025278290316,65.23025278290316,65.23025278290316
5266,63.841391616944364,63.841391616944364,63.841391616944364,63.841391616944364,63.841391616944364
5267,68.65242337705638,68.65242337705638,68.65242337705638,68.65242337705638,68.65242337705638
5268,65.61521411661721,65.61521411661721,65.61521411661721,65.61521411661721,65.61521411661721
5269,64.80724663788952,64.80724663788952,64.80724663788952,64.80724663788952,64.80724663788952
5270,65.2598079257563,65.2598079257563,65.2598079257563,65.2598079257563,65.2598079257563
5271,62.54622905622595,62.54622905622595,62.54622905622595,62.54622905622595,62.54622905622595
5272,71.37956069042677,71.37956069042677,71.37956069042677,71.37956069042677,71.37956069042677
5273,61.96063330620733,61.96063330620733,61.96063330620733,61.96063330620733,61.96063330620733
5274,61.05658382913733,61.05658382913733,61.05658382913733,61.05658382913733,61.05658382913733
5275,61.34049211087212,61.34049211087212,61.34049211087212,61.34049211087212,61.34049211087212
5276,66.49239004111539,66.49239004111539,66.49239004111539,66.49239004111539,66.49239004111539
5277,71.0271379896502,71.0271379896502,71.0271379896502,71.0271379896502,71.0271379896502
5278,63.79591717239569,63.79591717239569,63.79591717239569,63.79591717239569,63.79591717239569
5279,67.21715196346595,67.21715196346595,67.21715196346595,67.21715196346595,67.21715196346595
5280,71.36110207304691,71.36110207304691,71.36110207304691,71.36110207304691,71.36110207304691
5281,70.00333397425669,70.00333397425669,70.00333397425669,70.00333397425669,70.00333397425669
5282,69.90356649195347,69.90356649195347,69.90356649195347,69.90356649195347,69.90356649195347
5283,62.42240526416352,62.42240526416352,62.42240526416352,62.42240526416352,62.42240526416352
5284,61.169507295001196,61.169507295001196,61.169507295001196,61.169507295001196,61.169507295001196
5285,61.54110404843011,61.54110404843011,61.54110404843011,61.54110404843011,61.54110404843011
5286,65.39180810478969,65.39180810478969,65.39180810478969,65.39180810478969,65.39180810478969
5287,61.10394644777097,61.10394644777097,61.10394644777097,61.10394644777097,61.10394644777097
5288,69.02993722249487,69.02993722249487,69.02993722249487,69.02993722249487,69.02993722249487
5289,63.63138646433542,63.63138646433542,63.63138646433542,63.63138646433542,63.63138646433542
5290,63.53962814891767,63.53962814891767,63.53962814891767,63.53962814891767,63.53962814891767
5291,62.629517076361275,62.629517076361275,62.629517076361275,62.629517076361275,62.629517076361275
5292,66.95890174097912,66.95890174097912,66.95890174097912,66.95890174097912,66.95890174097912
5293,65.18505677245844,65.18505677245844,65.18505677245844,65.18505677245844,65.18505677245844
5294,64.48499174399262,64.48499174399262,64.48499174399262,64.48499174399262,64.48499174399262
5295,64.57927545290735,64.57927545290735,64.57927545290735,64.57927545290735,64.57927545290735
5296,60.16049680797201,60.16049680797201,60.16049680797201,60.16049680797201,60.16049680797201
5297,70.39213785222609,70.39213785222609,70.39213785222609,70.39213785222609,70.39213785222609
5298,64.72566779993168,64.72566779993168,64.72566779993168,64.72566779993168,64.72566779993168
5299,64.3969566656142,64.3969566656142,64.3969566656142,64.3969566656142,64.3969566656142
5300,66.96806704109453,66.96806704109453,66.96806704109453,66.96806704109453,66.96806704109453
5301,60.176905006112285,60.176905006112285,60.176905006112285,60.176905006112285,60.176905006112285
5302,62.1696474778608,62.1696474778608,62.1696474778608,62.1696474778608,62.1696474778608
5303,62.70584267996729,62.70584267996729,62.70584267996729,62.70584267996729,62.70584267996729
5304,62.59632780363139,62.59632780363139,62.59632780363139,62.59632780363139,62.59632780363139
5305,65.58675917663693,65.58675917663693,65.58675917663693,65.58675917663693,65.58675917663693
5306,61.50121770174504,61.50121770174504,61.50121770174504,61.50121770174504,61.50121770174504
5307,64.07345612086478,64.07345612086478,64.07345612086478,64.07345612086478,64.07345612086478
5308,65.3391283645065,65.3391283645065,65.3391283645065,65.3391283645065,65.3391283645065
5309,59.73420414230217,59.73420414230217,59.73420414230217,59.73420414230217,59.73420414230217
5310,60.69924566988019,60.69924566988019,60.69924566988019,60.69924566988019,60.69924566988019
5311,71.48001240255648,71.48001240255648,71.48001240255648,71.48001240255648,71.48001240255648
5312,63.13185846847513,63.13185846847513,63.13185846847513,63.13185846847513,63.13185846847513
5313,70.26472466589003,70.26472466589003,70.26472466589003,70.26472466589003,70.26472466589003
5314,64.60214918561744,64.60214918561744,64.60214918561744,64.60214918561744,64.60214918561744
5315,62.70998067794064,62.70998067794064,62.70998067794064,62.70998067794064,62.70998067794064
5316,62.124228495987886,62.124228495987886,62.124228495987886,62.124228495987886,62.124228495987886
5317,69.46232744188467,69.46232744188467,69.46232744188467,69.46232744188467,69.46232744188467
5318,62.13435296657783,62.13435296657783,62.13435296657783,62.13435296657783,62.13435296657783
5319,58.72618001348768,58.72618001348768,58.72618001348768,58.72618001348768,58.72618001348768
5320,68.16742388034253,68.16742388034253,68.16742388034253,68.16742388034253,68.16742388034253
5321,63.67315966853216,63.67315966853216,63.67315966853216,63.67315966853216,63.67315966853216
5322,58.71816379985632,58.71816379985632,58.71816379985632,58.71816379985632,58.71816379985632
5323,64.56244272186079,64.56244272186079,64.56244272186079,64.56244272186079,64.56244272186079
5324,66.35771571736664,66.35771571736664,66.35771571736664,66.35771571736664,66.35771571736664
5325,59.79055207533291,59.79055207533291,59.79055207533291,59.79055207533291,59.79055207533291
5326,68.0556742856231,68.0556742856231,68.0556742856231,68.0556742856231,68.0556742856231
5327,61.89353869506285,61.89353869506285,61.89353869506285,61.89353869506285,61.89353869506285
5328,63.61678543552934,63.61678543552934,63.61678543552934,63.61678543552934,63.61678543552934
5329,66.7142761697069,66.7142761697069,66.7142761697069,66.7142761697069,66.7142761697069
5330,62.54546502542635,62.54546502542635,62.54546502542635,62.54546502542635,62.54546502542635
5331,66.810079410379,66.810079410379,66.810079410379,66.810079410379,66.810079410379
5332,60.98282226523868,60.98282226523868,60.98282226523868,60.98282226523868,60.98282226523868
5333,67.05770719730492,67.05770719730492,67.05770719730492,67.05770719730492,67.05770719730492
5334,60.82706136449463,60.82706136449463,60.82706136449463,60.82706136449463,60.82706136449463
5335,61.89470984687289,61.89470984687289,61.89470984687289,61.89470984687289,61.89470984687289
5336,69.64130910055414,69.64130910055414,69.64130910055414,69.64130910055414,69.64130910055414
5337,66.89202193275096,66.89202193275096,66.89202193275096,66.89202193275096,66.89202193275096
5338,70.11401738296205,70.11401738296205,70.11401738296205,70.11401738296205,70.11401738296205
5339,59.42017821863658,59.42017821863658,59.42017821863658,59.42017821863658,59.42017821863658
5340,62.29770910275521,62.29770910275521,62.29770910275521,62.29770910275521,62.29770910275521
5341,67.82489780545761,67.82489780545761,67.82489780545761,67.82489780545761,67.82489780545761
5342,65.3963411923113,65.3963411923113,65.3963411923113,65.3963411923113,65.3963411923113
5343,61.959503987141126,61.959503987141126,61.959503987141126,61.959503987141126,61.959503987141126
5344,60.37049540521087,60.37049540521087,60.37049540521087,60.37049540521087,60.37049540521087
5345,65.6767949657984,65.6767949657984,65.6767949657984,65.6767949657984,65.6767949657984
5346,60.619981381674734,60.619981381674734,60.619981381674734,60.619981381674734,60.619981381674734
5347,61.907291213384795,61.907291213384795,61.907291213384795,61.907291213384795,61.907291213384795
5348,63.87716186378308,63.87716186378308,63.87716186378308,63.87716186378308,63.87716186378308
5349,70.9449288587772,70.9449288587772,70.9449288587772,70.9449288587772,70.9449288587772
5350,62.132802118012755,62.132802118012755,62.132802118012755,62.132802118012755,62.132802118012755
5351,61.22822596363195,61.22822596363195,61.22822596363195,61.22822596363195,61.22822596363195
5352,67.193003894915,67.193003894915,67.193003894915,67.193003894915,67.193003894915
5353,65.20147933176722,65.20147933176722,65.20147933176722,65.20147933176722,65.20147933176722
5354,62.593996017036204,62.593996017036204,62.593996017036204,62.593996017036204,62.593996017036204
5355,62.242018837220265,62.242018837220265,62.242018837220265,62.242018837220265,62.242018837220265
5356,66.1003569996356,66.1003569996356,66.1003569996356,66.1003569996356,66.1003569996356
5357,64.65866580526956,64.65866580526956,64.65866580526956,64.65866580526956,64.65866580526956
5358,66.69886217641807,66.69886217641807,66.69886217641807,66.69886217641807,66.69886217641807
5359,65.63635090029072,65.63635090029072,65.63635090029072,65.63635090029072,65.63635090029072
5360,70.98498674784243,70.98498674784243,70.98498674784243,70.98498674784243,70.98498674784243
5361,67.81823470870906,67.81823470870906,67.81823470870906,67.81823470870906,67.81823470870906
5362,60.45675643010172,60.45675643010172,60.45675643010172,60.45675643010172,60.45675643010172
5363,62.07842824380131,62.07842824380131,62.07842824380131,62.07842824380131,62.07842824380131
5364,59.48356304793209,59.48356304793209,59.48356304793209,59.48356304793209,59.48356304793209
5365,65.01224234642709,65.01224234642709,65.01224234642709,65.01224234642709,65.01224234642709
5366,71.07690499378893,71.07690499378893,71.07690499378893,71.07690499378893,71.07690499378893
5367,64.53828315297673,64.53828315297673,64.53828315297673,64.53828315297673,64.53828315297673
5368,71.48157856256638,71.48157856256638,71.48157856256638,71.48157856256638,71.48157856256638
5369,62.96251743138472,62.96251743138472,62.96251743138472,62.96251743138472,62.96251743138472
5370,69.3994367435674,69.3994367435674,69.3994367435674,69.3994367435674,69.3994367435674
5371,63.38232088865564,63.38232088865564,63.38232088865564,63.38232088865564,63.38232088865564
5372,65.6299983943304,65.6299983943304,65.6299983943304,65.6299983943304,65.6299983943304
5373,59.9707778707296,59.9707778707296,59.9707778707296,59.9707778707296,59.9707778707296
5374,59.54167799192343,59.54167799192343,59.54167799192343,59.54167799192343,59.54167799192343
5375,70.08202935856065,70.08202935856065,70.08202935856065,70.08202935856065,70.08202935856065
5376,68.44307633798341,68.44307633798341,68.44307633798341,68.44307633798341,68.44307633798341
5377,69.91983916808135,69.91983916808135,69.91983916808135,69.91983916808135,69.91983916808135
5378,70.24078495233846,70.24078495233846,70.24078495233846,70.24078495233846,70.24078495233846
5379,69.05809438053987,69.05809438053987,69.05809438053987,69.05809438053987,69.05809438053987
5380,60.26012627939295,60.26012627939295,60.26012627939295,60.26012627939295,60.26012627939295
5381,70.61962504527396,70.61962504527396,70.61962504527396,70.61962504527396,70.61962504527396
5382,65.61839419747821,65.61839419747821,65.61839419747821,65.61839419747821,65.61839419747821
5383,58.83911404161454,58.83911404161454,58.83911404161454,58.83911404161454,58.83911404161454
5384,62.49158432768907,62.49158432768907,62.49158432768907,62.49158432768907,62.49158432768907
5385,66.13625409035845,66.13625409035845,66.13625409035845,66.13625409035845,66.13625409035845
5386,64.29494458431587,64.29494458431587,64.29494458431587,64.29494458431587,64.29494458431587
5387,66.47871378965519,66.47871378965519,66.47871378965519,66.47871378965519,66.47871378965519
5388,60.313256513390655,60.313256513390655,60.313256513390655,60.313256513390655,60.313256513390655
5389,64.37142245418643,64.37142245418643,64.37142245418643,64.37142245418643,64.37142245418643
5390,70.98673176714809,70.98673176714809,70.98673176714809,70.98673176714809,70.98673176714809
5391,70.46101964657696,70.46101964657696,70.46101964657696,70.46101964657696,70.46101964657696
5392,60.14138384460166,60.14138384460166,60.14138384460166,60.14138384460166,60.14138384460166
5393,70.31087797185693,70.31087797185693,70.31087797185693,70.31087797185693,70.31087797185693
5394,58.57494711202969,58.57494711202969,58.57494711202969,58.57494711202969,58.57494711202969
5395,59.62184585176658,59.62184585176658,59.62184585176658,59.62184585176658,59.62184585176658
5396,68.16450426511402,68.16450426511402,68.16450426511402,68.16450426511402,68.16450426511402
5397,64.81121351405137,64.81121351405137,64.81121351405137,64.81121351405137,64.81121351405137
5398,64.55701858643381,64.55701858643381,64.55701858643381,64.55701858643381,64.55701858643381
5399,68.81148531662018,68.81148531662018,68.81148531662018,68.81148531662018,68.81148531662018
5400,60.923138831404174,60.923138831404174,60.923138831404174,60.923138831404174,60.923138831404174
5401,60.68302549637074,60.68302549637074,60.68302549637074,60.68302549637074,60.68302549637074
5402,64.43759343086667,64.43759343086667,64.43759343086667,64.43759343086667,64.43759343086667
5403,59.043522153442765,59.043522153442765,59.043522153442765,59.043522153442765,59.043522153442765
5404,62.329013392225676,62.329013392225676,62.329013392225676,62.329013392225676,62.329013392225676
5405,70.58782018903813,70.58782018903813,70.58782018903813,70.58782018903813,70.58782018903813
5406,64.91660534014795,64.91660534014795,64.91660534014795,64.91660534014795,64.91660534014795
5407,60.50087305394591,60.50087305394591,60.50087305394591,60.50087305394591,60.50087305394591
5408,61.71692039195128,61.71692039195128,61.71692039195128,61.71692039195128,61.71692039195128
5409,59.269080398988116,59.269080398988116,59.269080398988116,59.269080398988116,59.269080398988116
5410,67.04082087320198,67.04082087320198,67.04082087320198,67.04082087320198,67.04082087320198
5411,70.46102694323345,70.46102694323345,70.46102694323345,70.46102694323345,70.46102694323345
5412,70.52414472564222,70.52414472564222,70.52414472564222,70.52414472564222,70.52414472564222
5413,61.58994942718452,61.58994942718452,61.58994942718452,61.58994942718452,61.58994942718452
5414,64.67477001303929,64.67477001303929,64.67477001303929,64.67477001303929,64.67477001303929
5415,71.02926489012626,71.02926489012626,71.02926489012626,71.02926489012626,71.02926489012626
5416,67.3130020470219,67.3130020470219,67.3130020470219,67.3130020470219,67.3130020470219
5417,60.823763117385695,60.823763117385695,60.823763117385695,60.823763117385695,60.823763117385695
5418,67.94268617114244,67.94268617114244,67.94268617114244,67.94268617114244,67.94268617114244
5419,68.31742080112144,68.31742080112144,68.31742080112144,68.31742080112144,68.31742080112144
5420,65.94442553527662,65.94442553527662,65.94442553527662,65.94442553527662,65.94442553527662
5421,62.40855746340952,62.40855746340952,62.40855746340952,62.40855746340952,62.40855746340952
5422,68.65437308624357,68.65437308624357,68.65437308624357,68.65437308624357,68.65437308624357
5423,64.66461797965277,64.66461797965277,64.66461797965277,64.66461797965277,64.66461797965277
5424,68.70003353023408,68.70003353023408,68.70003353023408,68.70003353023408,68.70003353023408
5425,59.85812973211643,59.85812973211643,59.85812973211643,59.85812973211643,59.85812973211643
5426,67.98794592458015,67.98794592458015,67.98794592458015,67.98794592458015,67.98794592458015
5427,63.811193723780164,63.811193723780164,63.811193723780164,63.811193723780164,63.811193723780164
5428,70.50971137741755,70.50971137741755,70.50971137741755,70.50971137741755,70.50971137741755
5429,61.77989618642,61.77989618642,61.77989618642,61.77989618642,61.77989618642
5430,59.794116026072615,59.794116026072615,59.794116026072615,59.794116026072615,59.794116026072615
5431,62.01411908555269,62.01411908555269,62.01411908555269,62.01411908555269,62.01411908555269
5432,62.84902697873237,62.84902697873237,62.84902697873237,62.84902697873237,62.84902697873237
5433,65.9571804111498,65.9571804111498,65.9571804111498,65.9571804111498,65.9571804111498
5434,70.80729432399538,70.80729432399538,70.80729432399538,70.80729432399538,70.80729432399538
5435,68.31064404139613,68.31064404139613,68.31064404139613,68.31064404139613,68.31064404139613
5436,58.78874236063524,58.78874236063524,58.78874236063524,58.78874236063524,58.78874236063524
5437,64.34557003945747,64.34557003945747,64.34557003945747,64.34557003945747,64.34557003945747
5438,67.13922765180354,67.13922765180354,67.13922765180354,67.13922765180354,67.13922765180354
5439,65.68033969119251,65.68033969119251,65.68033969119251,65.68033969119251,65.68033969119251
5440,66.5762692316438,66.5762692316438,66.5762692316438,66.5762692316438,66.5762692316438
5441,69.03650459283118,69.03650459283118,69.03650459283118,69.03650459283118,69.03650459283118
5442,70.38808546593437,70.38808546593437,70.38808546593437,70.38808546593437,70.38808546593437
5443,69.51218831900327,69.51218831900327,69.51218831900327,69.51218831900327,69.51218831900327
5444,70.28915121778321,70.28915121778321,70.28915121778321,70.28915121778321,70.28915121778321
5445,61.5825292652768,61.5825292652768,61.5825292652768,61.5825292652768,61.5825292652768
5446,68.02209052098725,68.02209052098725,68.02209052098725,68.02209052098725,68.02209052098725
5447,62.93259968342022,62.93259968342022,62.93259968342022,62.93259968342022,62.93259968342022
5448,58.77737965379795,58.77737965379795,58.77737965379795,58.77737965379795,58.77737965379795
5449,60.686336935709434,60.686336935709434,60.686336935709434,60.686336935709434,60.686336935709434
5450,66.15251666543425,66.15251666543425,66.15251666543425,66.15251666543425,66.15251666543425
5451,66.86109892117067,66.86109892117067,66.86109892117067,66.86109892117067,66.86109892117067
5452,61.58450510932592,61.58450510932592,61.58450510932592,61.58450510932592,61.58450510932592
5453,71.3626542422542,71.3626542422542,71.3626542422542,71.3626542422542,71.3626542422542
5454,70.40736861625324,70.40736861625324,70.40736861625324,70.40736861625324,70.40736861625324
5455,64.67726381609657,64.67726381609657,64.67726381609657,64.67726381609657,64.67726381609657
5456,59.361860895542364,59.361860895542364,59.361860895542364,59.361860895542364,59.361860895542364
5457,70.66817040198242,70.66817040198242,70.66817040198242,70.66817040198242,70.66817040198242
5458,62.32543216723206,62.32543216723206,62.32543216723206,62.32543216723206,62.32543216723206
5459,60.42768922667126,60.42768922667126,60.42768922667126,60.42768922667126,60.42768922667126
5460,66.97791746050751,66.97791746050751,66.97791746050751,66.97791746050751,66.97791746050751
5461,65.87739318038729,65.87739318038729,65.87739318038729,65.87739318038729,65.87739318038729
5462,68.95705248899043,68.95705248899043,68.95705248899043,68.95705248899043,68.95705248899043
5463,69.89400794991033,69.89400794991033,69.89400794991033,69.89400794991033,69.89400794991033
5464,61.042473874747024,61.042473874747024,61.042473874747024,61.042473874747024,61.042473874747024
5465,71.35969924914384,71.35969924914384,71.35969924914384,71.35969924914384,71.35969924914384
5466,68.43108202171594,68.43108202171594,68.43108202171594,68.43108202171594,68.43108202171594
5467,59.84533745081223,59.84533745081223,59.84533745081223,59.84533745081223,59.84533745081223
5468,63.59634089581335,63.59634089581335,63.59634089581335,63.59634089581335,63.59634089581335
5469,59.664953706691925,59.664953706691925,59.664953706691925,59.664953706691925,59.664953706691925
5470,60.63757438906858,60.63757438906858,60.63757438906858,60.63757438906858,60.63757438906858
5471,65.8211262324937,65.8211262324937,65.8211262324937,65.8211262324937,65.8211262324937
5472,64.9674607161678,64.9674607161678,64.9674607161678,64.9674607161678,64.9674607161678
5473,69.09953637650717,69.09953637650717,69.09953637650717,69.09953637650717,69.09953637650717
5474,59.13667736329277,59.13667736329277,59.13667736329277,59.13667736329277,59.13667736329277
5475,68.13433912809772,68.13433912809772,68.13433912809772,68.13433912809772,68.13433912809772
5476,61.76478532244012,61.76478532244012,61.76478532244012,61.76478532244012,61.76478532244012
5477,65.33806209513514,65.33806209513514,65.33806209513514,65.33806209513514,65.33806209513514
5478,64.2799790883034,64.2799790883034,64.2799790883034,64.2799790883034,64.2799790883034
5479,64.41470780995812,64.41470780995812,64.41470780995812,64.41470780995812,64.41470780995812
5480,63.551324332043144,63.551324332043144,63.551324332043144,63.551324332043144,63.551324332043144
5481,60.739346054398794,60.739346054398794,60.739346054398794,60.739346054398794,60.739346054398794
5482,61.12228237678712,61.12228237678712,61.12228237678712,61.12228237678712,61.12228237678712
5483,68.77930638905387,68.77930638905387,68.77930638905387,68.77930638905387,68.77930638905387
5484,62.46665760332771,62.46665760332771,62.46665760332771,62.46665760332771,62.46665760332771
5485,62.58295664150588,62.58295664150588,62.58295664150588,62.58295664150588,62.58295664150588
5486,61.66744457050829,61.66744457050829,61.66744457050829,61.66744457050829,61.66744457050829
5487,70.52708476276234,70.52708476276234,70.52708476276234,70.52708476276234,70.52708476276234
5488,64.3425014497963,64.3425014497963,64.3425014497963,64.3425014497963,64.3425014497963
5489,68.49765178649285,68.49765178649285,68.49765178649285,68.49765178649285,68.49765178649285
5490,65.334684456795,65.334684456795,65.334684456795,65.334684456795,65.334684456795
5491,60.58868933229017,60.58868933229017,60.58868933229017,60.58868933229017,60.58868933229017
5492,60.88447605338375,60.88447605338375,60.88447605338375,60.88447605338375,60.88447605338375
5493,65.61403421261103,65.61403421261103,65.61403421261103,65.61403421261103,65.61403421261103
5494,69.69570813130264,69.69570813130264,69.69570813130264,69.69570813130264,69.69570813130264
5495,71.19027042124472,71.19027042124472,71.19027042124472,71.19027042124472,71.19027042124472
5496,68.40766121630533,68.40766121630533,68.40766121630533,68.40766121630533,68.40766121630533
5497,61.602794291542615,61.602794291542615,61.602794291542615,61.602794291542615,61.602794291542615
5498,63.428233033287796,63.428233033287796,63.428233033287796,63.428233033287796,63.428233033287796
5499,64.5738288696031,64.5738288696031,64.5738288696031,64.5738288696031,64.5738288696031
5500,69.03897167960315,69.03897167960315,69.03897167960315,69.03897167960315,69.03897167960315
5501,64.41009277555334,64.41009277555334,64.41009277555334,64.41009277555334,64.41009277555334
5502,71.07171826403295,71.07171826403295,71.07171826403295,71.07171826403295,71.07171826403295
5503,58.679005567887714,58.679005567887714,58.679005567887714,58.679005567887714,58.679005567887714
5504,64.33613574336923,64.33613574336923,64.33613574336923,64.33613574336923,64.33613574336923
5505,68.415934487291,68.415934487291,68.415934487291,68.415934487291,68.415934487291
5506,68.23309459010099,68.23309459010099,68.23309459010099,68.23309459010099,68.23309459010099
5507,60.77987192269451,60.77987192269451,60.77987192269451,60.77987192269451,60.77987192269451
5508,68.58195700993578,68.58195700993578,68.58195700993578,68.58195700993578,68.58195700993578
5509,60.64681106288761,60.64681106288761,60.64681106288761,60.64681106288761,60.64681106288761
5510,59.62490568224921,59.62490568224921,59.62490568224921,59.62490568224921,59.62490568224921
5511,58.772501036788995,58.772501036788995,58.772501036788995,58.772501036788995,58.772501036788995
5512,60.71682448442152,60.71682448442152,60.71682448442152,60.71682448442152,60.71682448442152
5513,65.57176989121155,65.57176989121155,65.57176989121155,65.57176989121155,65.57176989121155
5514,62.797590528353766,62.797590528353766,62.797590528353766,62.797590528353766,62.797590528353766
5515,68.61285938270052,68.61285938270052,68.61285938270052,68.61285938270052,68.61285938270052
5516,71.3861063114117,71.3861063114117,71.3861063114117,71.3861063114117,71.3861063114117
5517,60.258691992558944,60.258691992558944,60.258691992558944,60.258691992558944,60.258691992558944
5518,59.62479002250697,59.62479002250697,59.62479002250697,59.62479002250697,59.62479002250697
5519,64.43604461945064,64.43604461945064,64.43604461945064,64.43604461945064,64.43604461945064
5520,67.40684108780701,67.40684108780701,67.40684108780701,67.40684108780701,67.40684108780701
5521,64.53326368908624,64.53326368908624,64.53326368908624,64.53326368908624,64.53326368908624
5522,69.74852636047584,69.74852636047584,69.74852636047584,69.74852636047584,69.74852636047584
5523,67.55686066243963,67.55686066243963,67.55686066243963,67.55686066243963,67.55686066243963
5524,70.21071224210493,70.21071224210493,70.21071224210493,70.21071224210493,70.21071224210493
5525,66.99683197727902,66.99683197727902,66.99683197727902,66.99683197727902,66.99683197727902
5526,64.59482025011685,64.59482025011685,64.59482025011685,64.59482025011685,64.59482025011685
5527,59.476831654429304,59.476831654429304,59.476831654429304,59.476831654429304,59.476831654429304
5528,64.03803695721903,64.03803695721903,64.03803695721903,64.03803695721903,64.03803695721903
5529,69.85223663065386,69.85223663065386,69.85223663065386,69.85223663065386,69.85223663065386
5530,65.91464671900093,65.91464671900093,65.91464671900093,65.91464671900093,65.91464671900093
5531,62.142133677130644,62.142133677130644,62.142133677130644,62.142133677130644,62.142133677130644
5532,65.06728062523148,65.06728062523148,65.06728062523148,65.06728062523148,65.06728062523148
5533,64.03545937275265,64.03545937275265,64.03545937275265,64.03545937275265,64.03545937275265
5534,61.10972640481999,61.10972640481999,61.10972640481999,61.10972640481999,61.10972640481999
5535,68.96199313800643,68.96199313800643,68.96199313800643,68.96199313800643,68.96199313800643
5536,66.04640073015058,66.04640073015058,66.04640073015058,66.04640073015058,66.04640073015058
5537,67.0807847482938,67.0807847482938,67.0807847482938,67.0807847482938,67.0807847482938
5538,60.65177592960884,60.65177592960884,60.65177592960884,60.65177592960884,60.65177592960884
5539,69.31758240405833,69.31758240405833,69.31758240405833,69.31758240405833,69.31758240405833
5540,62.517473453371615,62.517473453371615,62.517473453371615,62.517473453371615,62.517473453371615
5541,59.6164659745308,59.6164659745308,59.6164659745308,59.6164659745308,59.6164659745308
5542,61.11917673509883,61.11917673509883,61.11917673509883,61.11917673509883,61.11917673509883
5543,63.94518233079537,63.94518233079537,63.94518233079537,63.94518233079537,63.94518233079537
5544,59.403590005488624,59.403590005488624,59.403590005488624,59.403590005488624,59.403590005488624
5545,60.12638667383512,60.12638667383512,60.12638667383512,60.12638667383512,60.12638667383512
5546,64.09170314067781,64.09170314067781,64.09170314067781,64.09170314067781,64.09170314067781
5547,63.885395902181465,63.885395902181465,63.885395902181465,63.885395902181465,63.885395902181465
5548,66.54125365964597,66.54125365964597,66.54125365964597,66.54125365964597,66.54125365964597
5549,71.24722586622153,71.24722586622153,71.24722586622153,71.24722586622153,71.24722586622153
5550,60.82086443148534,60.82086443148534,60.82086443148534,60.82086443148534,60.82086443148534
5551,68.46784048464211,68.46784048464211,68.46784048464211,68.46784048464211,68.46784048464211
5552,67.48695708560511,67.48695708560511,67.48695708560511,67.48695708560511,67.48695708560511
5553,70.07291209166489,70.07291209166489,70.07291209166489,70.07291209166489,70.07291209166489
5554,69.01081879173755,69.01081879173755,69.01081879173755,69.01081879173755,69.01081879173755
5555,64.79784558447194,64.79784558447194,64.79784558447194,64.79784558447194,64.79784558447194
5556,66.78224335235825,66.78224335235825,66.78224335235825,66.78224335235825,66.78224335235825
5557,63.92513046037696,63.92513046037696,63.92513046037696,63.92513046037696,63.92513046037696
5558,64.21462731891339,64.21462731891339,64.21462731891339,64.21462731891339,64.21462731891339
5559,66.4676614494493,66.4676614494493,66.4676614494493,66.4676614494493,66.4676614494493
5560,63.20735980995906,63.20735980995906,63.20735980995906,63.20735980995906,63.20735980995906
5561,66.1191434709002,66.1191434709002,66.1191434709002,66.1191434709002,66.1191434709002
5562,61.382851386977244,61.382851386977244,61.382851386977244,61.382851386977244,61.382851386977244
5563,68.04286336599777,68.04286336599777,68.04286336599777,68.04286336599777,68.04286336599777
5564,70.3076460752092,70.3076460752092,70.3076460752092,70.3076460752092,70.3076460752092
5565,68.92388557096332,68.92388557096332,68.92388557096332,68.92388557096332,68.92388557096332
5566,63.99487450218251,63.99487450218251,63.99487450218251,63.99487450218251,63.99487450218251
5567,60.707922832896266,60.707922832896266,60.707922832896266,60.707922832896266,60.707922832896266
5568,67.93155994323439,67.93155994323439,67.93155994323439,67.93155994323439,67.93155994323439
5569,69.28119176868165,69.28119176868165,69.28119176868165,69.28119176868165,69.28119176868165
5570,67.19963808682476,67.19963808682476,67.19963808682476,67.19963808682476,67.19963808682476
5571,63.31226701561837,63.31226701561837,63.31226701561837,63.31226701561837,63.31226701561837
5572,64.51379651020711,64.51379651020711,64.51379651020711,64.51379651020711,64.51379651020711
5573,67.59778097901925,67.59778097901925,67.59778097901925,67.59778097901925,67.59778097901925
5574,63.31245472252551,63.31245472252551,63.31245472252551,63.31245472252551,63.31245472252551
5575,64.52853387760365,64.52853387760365,64.52853387760365,64.52853387760365,64.52853387760365
5576,64.37304495307914,64.37304495307914,64.37304495307914,64.37304495307914,64.37304495307914
5577,63.15198001560401,63.15198001560401,63.15198001560401,63.15198001560401,63.15198001560401
5578,67.02205647373592,67.02205647373592,67.02205647373592,67.02205647373592,67.02205647373592
5579,60.81288642280666,60.81288642280666,60.81288642280666,60.81288642280666,60.81288642280666
5580,65.56280732647198,65.56280732647198,65.56280732647198,65.56280732647198,65.56280732647198
5581,66.48985712462677,66.48985712462677,66.48985712462677,66.48985712462677,66.48985712462677
5582,60.35709446257875,60.35709446257875,60.35709446257875,60.35709446257875,60.35709446257875
5583,59.96762683080123,59.96762683080123,59.96762683080123,59.96762683080123,59.96762683080123
5584,64.83824249335639,64.83824249335639,64.83824249335639,64.83824249335639,64.83824249335639
5585,70.62056080188431,70.62056080188431,70.62056080188431,70.62056080188431,70.62056080188431
5586,68.28929982510844,68.28929982510844,68.28929982510844,68.28929982510844,68.28929982510844
5587,58.917626041919114,58.917626041919114,58.917626041919114,58.917626041919114,58.917626041919114
5588,70.14960390100063,70.14960390100063,70.14960390100063,70.14960390100063,70.14960390100063
5589,60.724870396690456,60.724870396690456,60.724870396690456,60.724870396690456,60.724870396690456
5590,66.72177949207949,66.72177949207949,66.72177949207949,66.72177949207949,66.72177949207949
5591,58.82104337434557,58.82104337434557,58.82104337434557,58.82104337434557,58.82104337434557
5592,68.77682613950556,68.77682613950556,68.77682613950556,68.77682613950556,68.77682613950556
5593,61.48498530957024,61.48498530957024,61.48498530957024,61.48498530957024,61.48498530957024
5594,63.37443659184781,63.37443659184781,63.37443659184781,63.37443659184781,63.37443659184781
5595,61.36914976502744,61.36914976502744,61.36914976502744,61.36914976502744,61.36914976502744
5596,69.85966755570614,69.85966755570614,69.85966755570614,69.85966755570614,69.85966755570614
5597,60.07175990354317,60.07175990354317,60.07175990354317,60.07175990354317,60.07175990354317
5598,60.84790240503108,60.84790240503108,60.84790240503108,60.84790240503108,60.84790240503108
5599,60.82674317513358,60.82674317513358,60.82674317513358,60.82674317513358,60.82674317513358
5600,70.41111495264182,70.41111495264182,70.41111495264182,70.41111495264182,70.41111495264182
5601,64.59170200350925,64.59170200350925,64.59170200350925,64.59170200350925,64.59170200350925
5602,68.25824191648489,68.25824191648489,68.25824191648489,68.25824191648489,68.25824191648489
5603,71.26531895227,71.26531895227,71.26531895227,71.26531895227,71.26531895227
5604,66.75392521595178,66.75392521595178,66.75392521595178,66.75392521595178,66.75392521595178
5605,67.95280739722807,67.95280739722807,67.95280739722807,67.95280739722807,67.95280739722807
5606,66.3838593058338,66.3838593058338,66.3838593058338,66.3838593058338,66.3838593058338
5607,65.554062327879,65.554062327879,65.554062327879,65.554062327879,65.554062327879
5608,70.52497385315797,70.52497385315797,70.52497385315797,70.52497385315797,70.52497385315797
5609,68.29899760925593,68.29899760925593,68.29899760925593,68.29899760925593,68.29899760925593
5610,64.72701255037838,64.72701255037838,64.72701255037838,64.72701255037838,64.72701255037838
5611,70.5895172506129,70.5895172506129,70.5895172506129,70.5895172506129,70.5895172506129
5612,62.80168771826556,62.80168771826556,62.80168771826556,62.80168771826556,62.80168771826556
5613,64.21408016279588,64.21408016279588,64.21408016279588,64.21408016279588,64.21408016279588
5614,59.80979919230148,59.80979919230148,59.80979919230148,59.80979919230148,59.80979919230148
5615,64.524430742425,64.524430742425,64.524430742425,64.524430742425,64.524430742425
5616,69.93839549167909,69.93839549167909,69.93839549167909,69.93839549167909,69.93839549167909
5617,68.35187404116091,68.35187404116091,68.35187404116091,68.35187404116091,68.35187404116091
5618,71.38373240065039,71.38373240065039,71.38373240065039,71.38373240065039,71.38373240065039
5619,65.58459259568632,65.58459259568632,65.58459259568632,65.58459259568632,65.58459259568632
5620,61.23513782696202,61.23513782696202,61.23513782696202,61.23513782696202,61.23513782696202
5621,64.93739065292357,64.93739065292357,64.93739065292357,64.93739065292357,64.93739065292357
5622,59.11892086784841,59.11892086784841,59.11892086784841,59.11892086784841,59.11892086784841
5623,61.344278708100966,61.344278708100966,61.344278708100966,61.344278708100966,61.344278708100966
5624,60.74904563859063,60.74904563859063,60.74904563859063,60.74904563859063,60.74904563859063
5625,62.13550919111994,62.13550919111994,62.13550919111994,62.13550919111994,62.13550919111994
5626,63.11644982797516,63.11644982797516,63.11644982797516,63.11644982797516,63.11644982797516
5627,69.4265658610984,69.4265658610984,69.4265658610984,69.4265658610984,69.4265658610984
5628,68.72527900199694,68.72527900199694,68.72527900199694,68.72527900199694,68.72527900199694
5629,64.34653445959904,64.34653445959904,64.34653445959904,64.34653445959904,64.34653445959904
5630,59.58894424169213,59.58894424169213,59.58894424169213,59.58894424169213,59.58894424169213
5631,64.05737067684873,64.05737067684873,64.05737067684873,64.05737067684873,64.05737067684873
5632,62.240581462554914,62.240581462554914,62.240581462554914,62.240581462554914,62.240581462554914
5633,71.31978181786553,71.31978181786553,71.31978181786553,71.31978181786553,71.31978181786553
5634,59.70754319562039,59.70754319562039,59.70754319562039,59.70754319562039,59.70754319562039
5635,61.77810565075353,61.77810565075353,61.77810565075353,61.77810565075353,61.77810565075353
5636,63.32846363937063,63.32846363937063,63.32846363937063,63.32846363937063,63.32846363937063
5637,60.96070569594672,60.96070569594672,60.96070569594672,60.96070569594672,60.96070569594672
5638,65.43768679848313,65.43768679848313,65.43768679848313,65.43768679848313,65.43768679848313
5639,58.991113576194905,58.991113576194905,58.991113576194905,58.991113576194905,58.991113576194905
5640,60.890381706533475,60.890381706533475,60.890381706533475,60.890381706533475,60.890381706533475
5641,65.66395501036605,65.66395501036605,65.66395501036605,65.66395501036605,65.66395501036605
5642,63.0421143020787,63.0421143020787,63.0421143020787,63.0421143020787,63.0421143020787
5643,70.84353400174602,70.84353400174602,70.84353400174602,70.84353400174602,70.84353400174602
5644,68.69517475605878,68.69517475605878,68.69517475605878,68.69517475605878,68.69517475605878
5645,63.07454867795881,63.07454867795881,63.07454867795881,63.07454867795881,63.07454867795881
5646,61.1042275792115,61.1042275792115,61.1042275792115,61.1042275792115,61.1042275792115
5647,68.68325646216327,68.68325646216327,68.68325646216327,68.68325646216327,68.68325646216327
5648,65.44266541987976,65.44266541987976,65.44266541987976,65.44266541987976,65.44266541987976
5649,69.18558532034072,69.18558532034072,69.18558532034072,69.18558532034072,69.18558532034072
5650,63.375938211652226,63.375938211652226,63.375938211652226,63.375938211652226,63.375938211652226
5651,65.07311726700034,65.07311726700034,65.07311726700034,65.07311726700034,65.07311726700034
5652,67.3364525166528,67.3364525166528,67.3364525166528,67.3364525166528,67.3364525166528
5653,62.02687066015478,62.02687066015478,62.02687066015478,62.02687066015478,62.02687066015478
5654,67.2539555524411,67.2539555524411,67.2539555524411,67.2539555524411,67.2539555524411
5655,71.14169758193502,71.14169758193502,71.14169758193502,71.14169758193502,71.14169758193502
5656,65.44657022811406,65.44657022811406,65.44657022811406,65.44657022811406,65.44657022811406
5657,63.454818772789125,63.454818772789125,63.454818772789125,63.454818772789125,63.454818772789125
5658,70.98420732389418,70.98420732389418,70.98420732389418,70.98420732389418,70.98420732389418
5659,71.14836187428774,71.14836187428774,71.14836187428774,71.14836187428774,71.14836187428774
5660,65.94751436224232,65.94751436224232,65.94751436224232,65.94751436224232,65.94751436224232
5661,60.05554585354856,60.05554585354856,60.05554585354856,60.05554585354856,60.05554585354856
5662,65.83698553825684,65.83698553825684,65.83698553825684,65.83698553825684,65.83698553825684
5663,68.61212258250062,68.61212258250062,68.61212258250062,68.61212258250062,68.61212258250062
5664,66.4409492500856,66.4409492500856,66.4409492500856,66.4409492500856,66.4409492500856
5665,68.19008056961232,68.19008056961232,68.19008056961232,68.19008056961232,68.19008056961232
5666,69.63375311619355,69.63375311619355,69.63375311619355,69.63375311619355,69.63375311619355
5667,58.68220612784757,58.68220612784757,58.68220612784757,58.68220612784757,58.68220612784757
5668,66.28517801747803,66.28517801747803,66.28517801747803,66.28517801747803,66.28517801747803
5669,67.86740502982224,67.86740502982224,67.86740502982224,67.86740502982224,67.86740502982224
5670,62.6294338346022,62.6294338346022,62.6294338346022,62.6294338346022,62.6294338346022
5671,61.193174241245465,61.193174241245465,61.193174241245465,61.193174241245465,61.193174241245465
5672,71.04922155659153,71.04922155659153,71.04922155659153,71.04922155659153,71.04922155659153
5673,70.35073127332514,70.35073127332514,70.35073127332514,70.35073127332514,70.35073127332514
5674,59.19530715927631,59.19530715927631,59.19530715927631,59.19530715927631,59.19530715927631
5675,64.5944752917495,64.5944752917495,64.5944752917495,64.5944752917495,64.5944752917495
5676,67.24096794472156,67.24096794472156,67.24096794472156,67.24096794472156,67.24096794472156
5677,70.27688888927294,70.27688888927294,70.27688888927294,70.27688888927294,70.27688888927294
5678,67.15852623685298,67.15852623685298,67.15852623685298,67.15852623685298,67.15852623685298
5679,68.90505008452693,68.90505008452693,68.90505008452693,68.90505008452693,68.90505008452693
5680,65.04240944474967,65.04240944474967,65.04240944474967,65.04240944474967,65.04240944474967
5681,62.503817106683954,62.503817106683954,62.503817106683954,62.503817106683954,62.503817106683954
5682,62.96844089098027,62.96844089098027,62.96844089098027,62.96844089098027,62.96844089098027
5683,62.844654349055865,62.844654349055865,62.844654349055865,62.844654349055865,62.844654349055865
5684,64.92302904456987,64.92302904456987,64.92302904456987,64.92302904456987,64.92302904456987
5685,68.96063340543476,68.96063340543476,68.96063340543476,68.96063340543476,68.96063340543476
5686,70.07296049202924,70.07296049202924,70.07296049202924,70.07296049202924,70.07296049202924
5687,64.65535945241243,64.65535945241243,64.65535945241243,64.65535945241243,64.65535945241243
5688,61.11088143677824,61.11088143677824,61.11088143677824,61.11088143677824,61.11088143677824
5689,65.06387073217259,65.06387073217259,65.06387073217259,65.06387073217259,65.06387073217259
5690,63.4732332182937,63.4732332182937,63.4732332182937,63.4732332182937,63.4732332182937
5691,64.10935987241997,64.10935987241997,64.10935987241997,64.10935987241997,64.10935987241997
5692,60.805368015643054,60.805368015643054,60.805368015643054,60.805368015643054,60.805368015643054
5693,62.767184183618404,62.767184183618404,62.767184183618404,62.767184183618404,62.767184183618404
5694,59.32147236221902,59.32147236221902,59.32147236221902,59.32147236221902,59.32147236221902
5695,63.876668469188665,63.876668469188665,63.876668469188665,63.876668469188665,63.876668469188665
5696,65.64779136815037,65.64779136815037,65.64779136815037,65.64779136815037,65.64779136815037
5697,66.4009655568407,66.4009655568407,66.4009655568407,66.4009655568407,66.4009655568407
5698,61.18345392975142,61.18345392975142,61.18345392975142,61.18345392975142,61.18345392975142
5699,69.52179103657129,69.52179103657129,69.52179103657129,69.52179103657129,69.52179103657129
5700,68.74008442922953,68.74008442922953,68.74008442922953,68.74008442922953,68.74008442922953
5701,67.97743145999658,67.97743145999658,67.97743145999658,67.97743145999658,67.97743145999658
5702,63.45971525436623,63.45971525436623,63.45971525436623,63.45971525436623,63.45971525436623
5703,59.562655168061426,59.562655168061426,59.562655168061426,59.562655168061426,59.562655168061426
5704,66.991874725087,66.991874725087,66.991874725087,66.991874725087,66.991874725087
5705,64.860330530586,64.860330530586,64.860330530586,64.860330530586,64.860330530586
5706,71.32630066617637,71.32630066617637,71.32630066617637,71.32630066617637,71.32630066617637
5707,64.17825916173571,64.17825916173571,64.17825916173571,64.17825916173571,64.17825916173571
5708,70.04604212196412,70.04604212196412,70.04604212196412,70.04604212196412,70.04604212196412
5709,69.35831325355026,69.35831325355026,69.35831325355026,69.35831325355026,69.35831325355026
5710,71.12388424495276,71.12388424495276,71.12388424495276,71.12388424495276,71.12388424495276
5711,62.25782909371039,62.25782909371039,62.25782909371039,62.25782909371039,62.25782909371039
5712,61.540582907878616,61.540582907878616,61.540582907878616,61.540582907878616,61.540582907878616
5713,64.69713538536651,64.69713538536651,64.69713538536651,64.69713538536651,64.69713538536651
5714,62.00577325979042,62.00577325979042,62.00577325979042,62.00577325979042,62.00577325979042
5715,69.22671362270006,69.22671362270006,69.22671362270006,69.22671362270006,69.22671362270006
5716,66.31631960837056,66.31631960837056,66.31631960837056,66.31631960837056,66.31631960837056
5717,62.52778166069086,62.52778166069086,62.52778166069086,62.52778166069086,62.52778166069086
5718,66.67917649074948,66.67917649074948,66.67917649074948,66.67917649074948,66.67917649074948
5719,65.04692365192811,65.04692365192811,65.04692365192811,65.04692365192811,65.04692365192811
5720,59.08972119956062,59.08972119956062,59.08972119956062,59.08972119956062,59.08972119956062
5721,59.555694061181306,59.555694061181306,59.555694061181306,59.555694061181306,59.555694061181306
5722,71.44436161457106,71.44436161457106,71.44436161457106,71.44436161457106,71.44436161457106
5723,68.55963488255006,68.55963488255006,68.55963488255006,68.55963488255006,68.55963488255006
5724,63.53560185307072,63.53560185307072,63.53560185307072,63.53560185307072,63.53560185307072
5725,64.86739834291572,64.86739834291572,64.86739834291572,64.86739834291572,64.86739834291572
5726,68.71224250723672,68.71224250723672,68.71224250723672,68.71224250723672,68.71224250723672
5727,62.74738664388435,62.74738664388435,62.74738664388435,62.74738664388435,62.74738664388435
5728,68.05134334645844,68.05134334645844,68.05134334645844,68.05134334645844,68.05134334645844
5729,63.61963499273242,63.61963499273242,63.61963499273242,63.61963499273242,63.61963499273242
5730,66.61383507746848,66.61383507746848,66.61383507746848,66.61383507746848,66.61383507746848
5731,67.47949728241666,67.47949728241666,67.47949728241666,67.47949728241666,67.47949728241666
5732,64.0584598679495,64.0584598679495,64.0584598679495,64.0584598679495,64.0584598679495
5733,68.96409439764385,68.96409439764385,68.96409439764385,68.96409439764385,68.96409439764385
5734,62.92984891790538,62.92984891790538,62.92984891790538,62.92984891790538,62.92984891790538
5735,65.24393396131265,65.24393396131265,65.24393396131265,65.24393396131265,65.24393396131265
5736,63.960050140718984,63.960050140718984,63.960050140718984,63.960050140718984,63.960050140718984
5737,59.73831875354098,59.73831875354098,59.73831875354098,59.73831875354098,59.73831875354098
5738,70.86189927586071,70.86189927586071,70.86189927586071,70.86189927586071,70.86189927586071
5739,63.749233761801975,63.749233761801975,63.749233761801975,63.749233761801975,63.749233761801975
5740,69.67402009564013,69.67402009564013,69.67402009564013,69.67402009564013,69.67402009564013
5741,58.92154890487797,58.92154890487797,58.92154890487797,58.92154890487797,58.92154890487797
5742,61.32000157669791,61.32000157669791,61.32000157669791,61.32000157669791,61.32000157669791
5743,63.177839795413576,63.177839795413576,63.177839795413576,63.177839795413576,63.177839795413576
5744,69.9611132648856,69.9611132648856,69.9611132648856,69.9611132648856,69.9611132648856
5745,63.64457365685221,63.64457365685221,63.64457365685221,63.64457365685221,63.64457365685221
5746,62.54616273372224,62.54616273372224,62.54616273372224,62.54616273372224,62.54616273372224
5747,70.48098338629944,70.48098338629944,70.48098338629944,70.48098338629944,70.48098338629944
5748,68.47605211465256,68.47605211465256,68.47605211465256,68.47605211465256,68.47605211465256
5749,59.95165214089658,59.95165214089658,59.95165214089658,59.95165214089658,59.95165214089658
5750,60.17971357104346,60.17971357104346,60.17971357104346,60.17971357104346,60.17971357104346
5751,71.2515742761149,71.2515742761149,71.2515742761149,71.2515742761149,71.2515742761149
5752,61.33289048698398,61.33289048698398,61.33289048698398,61.33289048698398,61.33289048698398
5753,61.38131595991745,61.38131595991745,61.38131595991745,61.38131595991745,61.38131595991745
5754,58.64223949629092,58.64223949629092,58.64223949629092,58.64223949629092,58.64223949629092
5755,70.27239885678797,70.27239885678797,70.27239885678797,70.27239885678797,70.27239885678797
5756,70.88597311177496,70.88597311177496,70.88597311177496,70.88597311177496,70.88597311177496
5757,67.57965144995869,67.57965144995869,67.57965144995869,67.57965144995869,67.57965144995869
5758,58.834142215941945,58.834142215941945,58.834142215941945,58.834142215941945,58.834142215941945
5759,61.63680108444458,61.63680108444458,61.63680108444458,61.63680108444458,61.63680108444458
5760,63.13268675626973,63.13268675626973,63.13268675626973,63.13268675626973,63.13268675626973
5761,67.75838472135975,67.75838472135975,67.75838472135975,67.75838472135975,67.75838472135975
5762,65.50975501096237,65.50975501096237,65.50975501096237,65.50975501096237,65.50975501096237
5763,62.24973574285905,62.24973574285905,62.24973574285905,62.24973574285905,62.24973574285905
5764,64.71867765615443,64.71867765615443,64.71867765615443,64.71867765615443,64.71867765615443
5765,64.99554623810333,64.99554623810333,64.99554623810333,64.99554623810333,64.99554623810333
5766,61.69056705391569,61.69056705391569,61.69056705391569,61.69056705391569,61.69056705391569
5767,69.51572414072244,69.51572414072244,69.51572414072244,69.51572414072244,69.51572414072244
5768,68.60262453253456,68.60262453253456,68.60262453253456,68.60262453253456,68.60262453253456
5769,64.02776749506457,64.02776749506457,64.02776749506457,64.02776749506457,64.02776749506457
5770,66.38967858346535,66.38967858346535,66.38967858346535,66.38967858346535,66.38967858346535
5771,65.33243660636852,65.33243660636852,65.33243660636852,65.33243660636852,65.33243660636852
5772,69.36980941076126,69.36980941076126,69.36980941076126,69.36980941076126,69.36980941076126
5773,65.65665025056597,65.65665025056597,65.65665025056597,65.65665025056597,65.65665025056597
5774,71.33498204356059,71.33498204356059,71.33498204356059,71.33498204356059,71.33498204356059
5775,70.17006774890214,70.17006774890214,70.17006774890214,70.17006774890214,70.17006774890214
5776,62.44339944133075,62.44339944133075,62.44339944133075,62.44339944133075,62.44339944133075
5777,59.12733551204145,59.12733551204145,59.12733551204145,59.12733551204145,59.12733551204145
5778,70.28963902620171,70.28963902620171,70.28963902620171,70.28963902620171,70.28963902620171
5779,66.14898659279929,66.14898659279929,66.14898659279929,66.14898659279929,66.14898659279929
5780,61.93693024966201,61.93693024966201,61.93693024966201,61.93693024966201,61.93693024966201
5781,63.49174662470304,63.49174662470304,63.49174662470304,63.49174662470304,63.49174662470304
5782,70.88264017724018,70.88264017724018,70.88264017724018,70.88264017724018,70.88264017724018
5783,64.63748763240675,64.63748763240675,64.63748763240675,64.63748763240675,64.63748763240675
5784,71.48146222462735,71.48146222462735,71.48146222462735,71.48146222462735,71.48146222462735
5785,60.60084579683649,60.60084579683649,60.60084579683649,60.60084579683649,60.60084579683649
5786,59.30774874472164,59.30774874472164,59.30774874472164,59.30774874472164,59.30774874472164
5787,71.4173903725081,71.4173903725081,71.4173903725081,71.4173903725081,71.4173903725081
5788,59.81958253828972,59.81958253828972,59.81958253828972,59.81958253828972,59.81958253828972
5789,62.13253336738283,62.13253336738283,62.13253336738283,62.13253336738283,62.13253336738283
5790,63.43982623385347,63.43982623385347,63.43982623385347,63.43982623385347,63.43982623385347
5791,65.77060853712071,65.77060853712071,65.77060853712071,65.77060853712071,65.77060853712071
5792,60.061278489929535,60.061278489929535,60.061278489929535,60.061278489929535,60.061278489929535
5793,62.92284736546584,62.92284736546584,62.92284736546584,62.92284736546584,62.92284736546584
5794,58.71430936634895,58.71430936634895,58.71430936634895,58.71430936634895,58.71430936634895
5795,66.81870186991476,66.81870186991476,66.81870186991476,66.81870186991476,66.81870186991476
5796,60.718842679813314,60.718842679813314,60.718842679813314,60.718842679813314,60.718842679813314
5797,65.47141482028272,65.47141482028272,65.47141482028272,65.47141482028272,65.47141482028272
5798,60.4892256671934,60.4892256671934,60.4892256671934,60.4892256671934,60.4892256671934
5799,69.56761855299864,69.56761855299864,69.56761855299864,69.56761855299864,69.56761855299864
5800,67.88247779660026,67.88247779660026,67.88247779660026,67.88247779660026,67.88247779660026
5801,59.02620178080397,59.02620178080397,59.02620178080397,59.02620178080397,59.02620178080397
5802,58.8204537011668,58.8204537011668,58.8204537011668,58.8204537011668,58.8204537011668
5803,59.86242667494536,59.86242667494536,59.86242667494536,59.86242667494536,59.86242667494536
5804,69.69786931956415,69.69786931956415,69.69786931956415,69.69786931956415,69.69786931956415
5805,59.76018796358042,59.76018796358042,59.76018796358042,59.76018796358042,59.76018796358042
5806,60.035593367703385,60.035593367703385,60.035593367703385,60.035593367703385,60.035593367703385
5807,70.2777693036368,70.2777693036368,70.2777693036368,70.2777693036368,70.2777693036368
5808,66.43302117653933,66.43302117653933,66.43302117653933,66.43302117653933,66.43302117653933
5809,65.61011488666617,65.61011488666617,65.61011488666617,65.61011488666617,65.61011488666617
5810,59.6248712968028,59.6248712968028,59.6248712968028,59.6248712968028,59.6248712968028
5811,61.02417459964538,61.02417459964538,61.02417459964538,61.02417459964538,61.02417459964538
5812,66.21771088184731,66.21771088184731,66.21771088184731,66.21771088184731,66.21771088184731
5813,61.78888736202535,61.78888736202535,61.78888736202535,61.78888736202535,61.78888736202535
5814,59.82368100091177,59.82368100091177,59.82368100091177,59.82368100091177,59.82368100091177
5815,70.04416548280305,70.04416548280305,70.04416548280305,70.04416548280305,70.04416548280305
5816,68.03687493496359,68.03687493496359,68.03687493496359,68.03687493496359,68.03687493496359
5817,63.00332690320954,63.00332690320954,63.00332690320954,63.00332690320954,63.00332690320954
5818,62.34460568299809,62.34460568299809,62.34460568299809,62.34460568299809,62.34460568299809
5819,66.2481558385875,66.2481558385875,66.2481558385875,66.2481558385875,66.2481558385875
5820,62.20854934159372,62.20854934159372,62.20854934159372,62.20854934159372,62.20854934159372
5821,59.33072336100473,59.33072336100473,59.33072336100473,59.33072336100473,59.33072336100473
5822,71.24593516334109,71.24593516334109,71.24593516334109,71.24593516334109,71.24593516334109
5823,61.624346245691754,61.624346245691754,61.624346245691754,61.624346245691754,61.624346245691754
5824,68.17899701273599,68.17899701273599,68.17899701273599,68.17899701273599,68.17899701273599
5825,70.6096694028346,70.6096694028346,70.6096694028346,70.6096694028346,70.6096694028346
5826,66.09084185142046,66.09084185142046,66.09084185142046,66.09084185142046,66.09084185142046
5827,67.24697030304665,67.24697030304665,67.24697030304665,67.24697030304665,67.24697030304665
5828,60.59066496634112,60.59066496634112,60.59066496634112,60.59066496634112,60.59066496634112
5829,68.56508706264012,68.56508706264012,68.56508706264012,68.56508706264012,68.56508706264012
5830,60.47023169594509,60.47023169594509,60.47023169594509,60.47023169594509,60.47023169594509
5831,71.48650376934381,71.48650376934381,71.48650376934381,71.48650376934381,71.48650376934381
5832,66.40614893370417,66.40614893370417,66.40614893370417,66.40614893370417,66.40614893370417
5833,59.526580834246744,59.526580834246744,59.526580834246744,59.526580834246744,59.526580834246744
5834,66.19201328755936,66.19201328755936,66.19201328755936,66.19201328755936,66.19201328755936
5835,60.794420976123575,60.794420976123575,60.794420976123575,60.794420976123575,60.794420976123575
5836,64.81624876187787,64.81624876187787,64.81624876187787,64.81624876187787,64.81624876187787
5837,61.851768597302964,61.851768597302964,61.851768597302964,61.851768597302964,61.851768597302964
5838,64.59295501537702,64.59295501537702,64.59295501537702,64.59295501537702,64.59295501537702
5839,67.31267343174964,67.31267343174964,67.31267343174964,67.31267343174964,67.31267343174964
5840,67.23256221148554,67.23256221148554,67.23256221148554,67.23256221148554,67.23256221148554
5841,64.39173677807969,64.39173677807969,64.39173677807969,64.39173677807969,64.39173677807969
5842,59.73797026930205,59.73797026930205,59.73797026930205,59.73797026930205,59.73797026930205
5843,71.3922527736732,71.3922527736732,71.3922527736732,71.3922527736732,71.3922527736732
5844,67.3564859787176,67.3564859787176,67.3564859787176,67.3564859787176,67.3564859787176
5845,69.04592420740227,69.04592420740227,69.04592420740227,69.04592420740227,69.04592420740227
5846,61.3131772150085,61.3131772150085,61.3131772150085,61.3131772150085,61.3131772150085
5847,69.26123631032459,69.26123631032459,69.26123631032459,69.26123631032459,69.26123631032459
5848,68.85511439913775,68.85511439913775,68.85511439913775,68.85511439913775,68.85511439913775
5849,64.0196544696039,64.0196544696039,64.0196544696039,64.0196544696039,64.0196544696039
5850,60.95802679491942,60.95802679491942,60.95802679491942,60.95802679491942,60.95802679491942
5851,68.06522902746394,68.06522902746394,68.06522902746394,68.06522902746394,68.06522902746394
5852,68.40309908670575,68.40309908670575,68.40309908670575,68.40309908670575,68.40309908670575
5853,59.018403780309356,59.018403780309356,59.018403780309356,59.018403780309356,59.018403780309356
5854,59.91311643992894,59.91311643992894,59.91311643992894,59.91311643992894,59.91311643992894
5855,60.23512998363992,60.23512998363992,60.23512998363992,60.23512998363992,60.23512998363992
5856,70.97545924625862,70.97545924625862,70.97545924625862,70.97545924625862,70.97545924625862
5857,61.97620688974301,61.97620688974301,61.97620688974301,61.97620688974301,61.97620688974301
5858,66.7583849607602,66.7583849607602,66.7583849607602,66.7583849607602,66.7583849607602
5859,66.45356371480999,66.45356371480999,66.45356371480999,66.45356371480999,66.45356371480999
5860,60.76195439833717,60.76195439833717,60.76195439833717,60.76195439833717,60.76195439833717
5861,66.84972727345105,66.84972727345105,66.84972727345105,66.84972727345105,66.84972727345105
5862,65.73547275703194,65.73547275703194,65.73547275703194,65.73547275703194,65.73547275703194
5863,69.10697571214584,69.10697571214584,69.10697571214584,69.10697571214584,69.10697571214584
5864,62.89850646201205,62.89850646201205,62.89850646201205,62.89850646201205,62.89850646201205
5865,64.53055415014873,64.53055415014873,64.53055415014873,64.53055415014873,64.53055415014873
5866,63.97232627054544,63.97232627054544,63.97232627054544,63.97232627054544,63.97232627054544
5867,68.30140033186316,68.30140033186316,68.30140033186316,68.30140033186316,68.30140033186316
5868,69.20932672676535,69.20932672676535,69.20932672676535,69.20932672676535,69.20932672676535
5869,65.13946920519889,65.13946920519889,65.13946920519889,65.13946920519889,65.13946920519889
5870,66.95916575641982,66.95916575641982,66.95916575641982,66.95916575641982,66.95916575641982
5871,63.63533670782379,63.63533670782379,63.63533670782379,63.63533670782379,63.63533670782379
5872,64.13839016501802,64.13839016501802,64.13839016501802,64.13839016501802,64.13839016501802
5873,64.46136018537847,64.46136018537847,64.46136018537847,64.46136018537847,64.46136018537847
5874,63.93497692594576,63.93497692594576,63.93497692594576,63.93497692594576,63.93497692594576
5875,66.96402837468595,66.96402837468595,66.96402837468595,66.96402837468595,66.96402837468595
5876,64.56689575043427,64.56689575043427,64.56689575043427,64.56689575043427,64.56689575043427
5877,67.49480234800183,67.49480234800183,67.49480234800183,67.49480234800183,67.49480234800183
5878,61.679873364415194,61.679873364415194,61.679873364415194,61.679873364415194,61.679873364415194
5879,63.811918753523194,63.811918753523194,63.811918753523194,63.811918753523194,63.811918753523194
5880,70.6984116459725,70.6984116459725,70.6984116459725,70.6984116459725,70.6984116459725
5881,64.71590224201947,64.71590224201947,64.71590224201947,64.71590224201947,64.71590224201947
5882,61.14694697534245,61.14694697534245,61.14694697534245,61.14694697534245,61.14694697534245
5883,65.54411502510469,65.54411502510469,65.54411502510469,65.54411502510469,65.54411502510469
5884,62.203826604067,62.203826604067,62.203826604067,62.203826604067,62.203826604067
5885,59.03574910670691,59.03574910670691,59.03574910670691,59.03574910670691,59.03574910670691
5886,68.06471991886333,68.06471991886333,68.06471991886333,68.06471991886333,68.06471991886333
5887,65.89864921293994,65.89864921293994,65.89864921293994,65.89864921293994,65.89864921293994
5888,65.88061365171613,65.88061365171613,65.88061365171613,65.88061365171613,65.88061365171613
5889,60.91334375696315,60.91334375696315,60.91334375696315,60.91334375696315,60.91334375696315
5890,65.18112429788803,65.18112429788803,65.18112429788803,65.18112429788803,65.18112429788803
5891,60.50070048909281,60.50070048909281,60.50070048909281,60.50070048909281,60.50070048909281
5892,66.32047938363043,66.32047938363043,66.32047938363043,66.32047938363043,66.32047938363043
5893,61.77853377581314,61.77853377581314,61.77853377581314,61.77853377581314,61.77853377581314
5894,66.13071941438993,66.13071941438993,66.13071941438993,66.13071941438993,66.13071941438993
5895,71.42489189454716,71.42489189454716,71.42489189454716,71.42489189454716,71.42489189454716
5896,64.08648979364936,64.08648979364936,64.08648979364936,64.08648979364936,64.08648979364936
5897,67.82977378440415,67.82977378440415,67.82977378440415,67.82977378440415,67.82977378440415
5898,58.78125383686739,58.78125383686739,58.78125383686739,58.78125383686739,58.78125383686739
5899,59.00329157473941,59.00329157473941,59.00329157473941,59.00329157473941,59.00329157473941
5900,69.45956125172155,69.45956125172155,69.45956125172155,69.45956125172155,69.45956125172155
5901,65.42776197087593,65.42776197087593,65.42776197087593,65.42776197087593,65.42776197087593
5902,65.593905109448,65.593905109448,65.593905109448,65.593905109448,65.593905109448
5903,63.99723684713945,63.99723684713945,63.99723684713945,63.99723684713945,63.99723684713945
5904,69.31687187781988,69.31687187781988,69.31687187781988,69.31687187781988,69.31687187781988
5905,69.75840022875974,69.75840022875974,69.75840022875974,69.75840022875974,69.75840022875974
5906,68.2305947525648,68.2305947525648,68.2305947525648,68.2305947525648,68.2305947525648
5907,65.14219225357293,65.14219225357293,65.14219225357293,65.14219225357293,65.14219225357293
5908,70.11351830813788,70.11351830813788,70.11351830813788,70.11351830813788,70.11351830813788
5909,67.63766088670687,67.63766088670687,67.63766088670687,67.63766088670687,67.63766088670687
5910,65.377081322436,65.377081322436,65.377081322436,65.377081322436,65.377081322436
5911,62.78499473125994,62.78499473125994,62.78499473125994,62.78499473125994,62.78499473125994
5912,69.93639126093795,69.93639126093795,69.93639126093795,69.93639126093795,69.93639126093795
5913,66.13234619223726,66.13234619223726,66.13234619223726,66.13234619223726,66.13234619223726
5914,62.444925638587556,62.444925638587556,62.444925638587556,62.444925638587556,62.444925638587556
5915,70.94393080197318,70.94393080197318,70.94393080197318,70.94393080197318,70.94393080197318
5916,66.83141656596734,66.83141656596734,66.83141656596734,66.83141656596734,66.83141656596734
5917,59.064073008202215,59.064073008202215,59.064073008202215,59.064073008202215,59.064073008202215
5918,67.44441384760295,67.44441384760295,67.44441384760295,67.44441384760295,67.44441384760295
5919,62.219678190045144,62.219678190045144,62.219678190045144,62.219678190045144,62.219678190045144
5920,68.37514500313536,68.37514500313536,68.37514500313536,68.37514500313536,68.37514500313536
5921,60.55228381060663,60.55228381060663,60.55228381060663,60.55228381060663,60.55228381060663
5922,65.66418714681483,65.66418714681483,65.66418714681483,65.66418714681483,65.66418714681483
5923,62.33579025312982,62.33579025312982,62.33579025312982,62.33579025312982,62.33579025312982
5924,67.1581101005967,67.1581101005967,67.1581101005967,67.1581101005967,67.1581101005967
5925,63.234970747903596,63.234970747903596,63.234970747903596,63.234970747903596,63.234970747903596
5926,62.45528704691438,62.45528704691438,62.45528704691438,62.45528704691438,62.45528704691438
5927,66.50526643041962,66.50526643041962,66.50526643041962,66.50526643041962,66.50526643041962
5928,62.2991598722496,62.2991598722496,62.2991598722496,62.2991598722496,62.2991598722496
5929,70.10792066507234,70.10792066507234,70.10792066507234,70.10792066507234,70.10792066507234
5930,71.4020849566938,71.4020849566938,71.4020849566938,71.4020849566938,71.4020849566938
5931,62.77119401473543,62.77119401473543,62.77119401473543,62.77119401473543,62.77119401473543
5932,68.59645243600322,68.59645243600322,68.59645243600322,68.59645243600322,68.59645243600322
5933,69.42554826761756,69.42554826761756,69.42554826761756,69.42554826761756,69.42554826761756
5934,58.60280257168609,58.60280257168609,58.60280257168609,58.60280257168609,58.60280257168609
5935,58.722589606963254,58.722589606963254,58.722589606963254,58.722589606963254,58.722589606963254
5936,62.12687144297381,62.12687144297381,62.12687144297381,62.12687144297381,62.12687144297381
5937,68.54585588229803,68.54585588229803,68.54585588229803,68.54585588229803,68.54585588229803
5938,68.082361563,68.082361563,68.082361563,68.082361563,68.082361563
5939,61.165951301480085,61.165951301480085,61.165951301480085,61.165951301480085,61.165951301480085
5940,68.93720764541843,68.93720764541843,68.93720764541843,68.93720764541843,68.93720764541843
5941,64.44032701542663,64.44032701542663,64.44032701542663,64.44032701542663,64.44032701542663
5942,58.73442495678086,58.73442495678086,58.73442495678086,58.73442495678086,58.73442495678086
5943,63.31601940769318,63.31601940769318,63.31601940769318,63.31601940769318,63.31601940769318
5944,64.7066966208444,64.7066966208444,64.7066966208444,64.7066966208444,64.7066966208444
5945,60.65770674092412,60.65770674092412,60.65770674092412,60.65770674092412,60.65770674092412
5946,60.83236614728018,60.83236614728018,60.83236614728018,60.83236614728018,60.83236614728018
5947,59.515453163659195,59.515453163659195,59.515453163659195,59.515453163659195,59.515453163659195
5948,62.243319883007835,62.243319883007835,62.243319883007835,62.243319883007835,62.243319883007835
5949,66.58838653345644,66.58838653345644,66.58838653345644,66.58838653345644,66.58838653345644
5950,60.05971212544521,60.05971212544521,60.05971212544521,60.05971212544521,60.05971212544521
5951,67.83734470605481,67.83734470605481,67.83734470605481,67.83734470605481,67.83734470605481
5952,65.78915053999319,65.78915053999319,65.78915053999319,65.78915053999319,65.78915053999319
5953,66.32513792861769,66.32513792861769,66.32513792861769,66.32513792861769,66.32513792861769
5954,60.10623890646722,60.10623890646722,60.10623890646722,60.10623890646722,60.10623890646722
5955,70.4390045225256,70.4390045225256,70.4390045225256,70.4390045225256,70.4390045225256
5956,69.66675014446038,69.66675014446038,69.66675014446038,69.66675014446038,69.66675014446038
5957,62.111117863054794,62.111117863054794,62.111117863054794,62.111117863054794,62.111117863054794
5958,67.82976117297542,67.82976117297542,67.82976117297542,67.82976117297542,67.82976117297542
5959,65.60627230596421,65.60627230596421,65.60627230596421,65.60627230596421,65.60627230596421
5960,65.51557953323572,65.51557953323572,65.51557953323572,65.51557953323572,65.51557953323572
5961,69.92553602674465,69.92553602674465,69.92553602674465,69.92553602674465,69.92553602674465
5962,64.71631798903023,64.71631798903023,64.71631798903023,64.71631798903023,64.71631798903023
5963,65.28248339455487,65.28248339455487,65.28248339455487,65.28248339455487,65.28248339455487
5964,70.30988472072181,70.30988472072181,70.30988472072181,70.30988472072181,70.30988472072181
5965,66.22026069311066,66.22026069311066,66.22026069311066,66.22026069311066,66.22026069311066
5966,63.51328505812788,63.51328505812788,63.51328505812788,63.51328505812788,63.51328505812788
5967,61.64724714470323,61.64724714470323,61.64724714470323,61.64724714470323,61.64724714470323
5968,66.80288361080076,66.80288361080076,66.80288361080076,66.80288361080076,66.80288361080076
5969,64.04039310812172,64.04039310812172,64.04039310812172,64.04039310812172,64.04039310812172
5970,70.21050621749599,70.21050621749599,70.21050621749599,70.21050621749599,70.21050621749599
5971,65.44745500531582,65.44745500531582,65.44745500531582,65.44745500531582,65.44745500531582
5972,61.57675504287419,61.57675504287419,61.57675504287419,61.57675504287419,61.57675504287419
5973,65.08400162921075,65.08400162921075,65.08400162921075,65.08400162921075,65.08400162921075
5974,68.1628265895777,68.1628265895777,68.1628265895777,68.1628265895777,68.1628265895777
5975,68.33942248197688,68.33942248197688,68.33942248197688,68.33942248197688,68.33942248197688
5976,63.44496936009718,63.44496936009718,63.44496936009718,63.44496936009718,63.44496936009718
5977,64.99736933952097,64.99736933952097,64.99736933952097,64.99736933952097,64.99736933952097
5978,70.40828475974584,70.40828475974584,70.40828475974584,70.40828475974584,70.40828475974584
5979,62.94474086452323,62.94474086452323,62.94474086452323,62.94474086452323,62.94474086452323
5980,64.51858970480389,64.51858970480389,64.51858970480389,64.51858970480389,64.51858970480389
5981,66.73141316001525,66.73141316001525,66.73141316001525,66.73141316001525,66.73141316001525
5982,68.79727565642062,68.79727565642062,68.79727565642062,68.79727565642062,68.79727565642062
5983,71.39164460729955,71.39164460729955,71.39164460729955,71.39164460729955,71.39164460729955
5984,69.13249954638229,69.13249954638229,69.13249954638229,69.13249954638229,69.13249954638229
5985,70.23982664569287,70.23982664569287,70.23982664569287,70.23982664569287,70.23982664569287
5986,58.69803605830014,58.69803605830014,58.69803605830014,58.69803605830014,58.69803605830014
5987,70.82781666889633,70.82781666889633,70.82781666889633,70.82781666889633,70.82781666889633
5988,58.5144498412248,58.5144498412248,58.5144498412248,58.5144498412248,58.5144498412248
5989,60.77365977226214,60.77365977226214,60.77365977226214,60.77365977226214,60.77365977226214
5990,58.761331445870354,58.761331445870354,58.761331445870354,58.761331445870354,58.761331445870354
5991,62.98607152747403,62.98607152747403,62.98607152747403,62.98607152747403,62.98607152747403
5992,62.52559082462903,62.52559082462903,62.52559082462903,62.52559082462903,62.52559082462903
5993,62.01031815226275,62.01031815226275,62.01031815226275,62.01031815226275,62.01031815226275
5994,69.80679822153756,69.80679822153756,69.80679822153756,69.80679822153756,69.80679822153756
5995,63.28111247861538,63.28111247861538,63.28111247861538,63.28111247861538,63.28111247861538
5996,60.14646452647323,60.14646452647323,60.14646452647323,60.14646452647323,60.14646452647323
5997,59.0384092060952,59.0384092060952,59.0384092060952,59.0384092060952,59.0384092060952
5998,68.57348967235843,68.57348967235843,68.57348967235843,68.57348967235843,68.57348967235843
5999,71.25379913787071,71.25379913787071,71.25379913787071,71.25379913787071,71.25379913787071
6000,69.1412911861954,69.1412911861954,69.1412911861954,69.1412911861954,69.1412911861954
6001,59.97101837795775,59.97101837795775,59.97101837795775,59.97101837795775,59.97101837795775
6002,70.47929199182985,70.47929199182985,70.47929199182985,70.47929199182985,70.47929199182985
6003,66.51746797506128,66.51746797506128,66.51746797506128,66.51746797506128,66.51746797506128
6004,60.14916118420573,60.14916118420573,60.14916118420573,60.14916118420573,60.14916118420573
6005,67.59409653497637,67.59409653497637,67.59409653497637,67.59409653497637,67.59409653497637
6006,65.91707428158901,65.91707428158901,65.91707428158901,65.91707428158901,65.91707428158901
6007,71.19810768775679,71.19810768775679,71.19810768775679,71.19810768775679,71.19810768775679
6008,64.07507282635804,64.07507282635804,64.07507282635804,64.07507282635804,64.07507282635804
6009,65.35790507883156,65.35790507883156,65.35790507883156,65.35790507883156,65.35790507883156
6010,67.07191151749689,67.07191151749689,67.07191151749689,67.07191151749689,67.07191151749689
6011,68.32619057230488,68.32619057230488,68.32619057230488,68.32619057230488,68.32619057230488
6012,59.60312293450488,59.60312293450488,59.60312293450488,59.60312293450488,59.60312293450488
6013,59.658045866792826,59.658045866792826,59.658045866792826,59.658045866792826,59.658045866792826
6014,61.526070998069464,61.526070998069464,61.526070998069464,61.526070998069464,61.526070998069464
6015,71.22217146635579,71.22217146635579,71.22217146635579,71.22217146635579,71.22217146635579
6016,68.1294226985551,68.1294226985551,68.1294226985551,68.1294226985551,68.1294226985551
6017,64.96466072396309,64.96466072396309,64.96466072396309,64.96466072396309,64.96466072396309
6018,60.17011125671346,60.17011125671346,60.17011125671346,60.17011125671346,60.17011125671346
6019,60.40077000657126,60.40077000657126,60.40077000657126,60.40077000657126,60.40077000657126
6020,65.342272791801,65.342272791801,65.342272791801,65.342272791801,65.342272791801
6021,64.22021891508189,64.22021891508189,64.22021891508189,64.22021891508189,64.22021891508189
6022,65.50021267897897,65.50021267897897,65.50021267897897,65.50021267897897,65.50021267897897
6023,70.8623132273029,70.8623132273029,70.8623132273029,70.8623132273029,70.8623132273029
6024,67.23464993461248,67.23464993461248,67.23464993461248,67.23464993461248,67.23464993461248
6025,69.79151169252576,69.79151169252576,69.79151169252576,69.79151169252576,69.79151169252576
6026,66.39753634740129,66.39753634740129,66.39753634740129,66.39753634740129,66.39753634740129
6027,63.05047986234984,63.05047986234984,63.05047986234984,63.05047986234984,63.05047986234984
6028,59.58027073051316,59.58027073051316,59.58027073051316,59.58027073051316,59.58027073051316
6029,70.92336554491852,70.92336554491852,70.92336554491852,70.92336554491852,70.92336554491852
6030,67.42474363804992,67.42474363804992,67.42474363804992,67.42474363804992,67.42474363804992
6031,61.611092547205196,61.611092547205196,61.611092547205196,61.611092547205196,61.611092547205196
6032,62.937706124058955,62.937706124058955,62.937706124058955,62.937706124058955,62.937706124058955
6033,61.229099525021724,61.229099525021724,61.229099525021724,61.229099525021724,61.229099525021724
6034,63.356312360235144,63.356312360235144,63.356312360235144,63.356312360235144,63.356312360235144
6035,64.04058848406636,64.04058848406636,64.04058848406636,64.04058848406636,64.04058848406636
6036,66.52608378263128,66.52608378263128,66.52608378263128,66.52608378263128,66.52608378263128
6037,64.29050797618335,64.29050797618335,64.29050797618335,64.29050797618335,64.29050797618335
6038,63.59199580757003,63.59199580757003,63.59199580757003,63.59199580757003,63.59199580757003
6039,71.23290139654084,71.23290139654084,71.23290139654084,71.23290139654084,71.23290139654084
6040,60.06304933834177,60.06304933834177,60.06304933834177,60.06304933834177,60.06304933834177
6041,62.93969495668632,62.93969495668632,62.93969495668632,62.93969495668632,62.93969495668632
6042,59.979399640169895,59.979399640169895,59.979399640169895,59.979399640169895,59.979399640169895
6043,66.10388795361312,66.10388795361312,66.10388795361312,66.10388795361312,66.10388795361312
6044,62.75450013124882,62.75450013124882,62.75450013124882,62.75450013124882,62.75450013124882
6045,68.4204362606693,68.4204362606693,68.4204362606693,68.4204362606693,68.4204362606693
6046,61.77764987687895,61.77764987687895,61.77764987687895,61.77764987687895,61.77764987687895
6047,59.39472561537832,59.39472561537832,59.39472561537832,59.39472561537832,59.39472561537832
6048,65.0694670457558,65.0694670457558,65.0694670457558,65.0694670457558,65.0694670457558
6049,61.788170737126244,61.788170737126244,61.788170737126244,61.788170737126244,61.788170737126244
6050,59.7332980967591,59.7332980967591,59.7332980967591,59.7332980967591,59.7332980967591
6051,65.6969145703338,65.6969145703338,65.6969145703338,65.6969145703338,65.6969145703338
6052,63.61506168162935,63.61506168162935,63.61506168162935,63.61506168162935,63.61506168162935
6053,68.29656867285179,68.29656867285179,68.29656867285179,68.29656867285179,68.29656867285179
6054,67.39190435731547,67.39190435731547,67.39190435731547,67.39190435731547,67.39190435731547
6055,65.23942852385548,65.23942852385548,65.23942852385548,65.23942852385548,65.23942852385548
6056,62.16314574156538,62.16314574156538,62.16314574156538,62.16314574156538,62.16314574156538
6057,62.62367007319712,62.62367007319712,62.62367007319712,62.62367007319712,62.62367007319712
6058,63.96026875781689,63.96026875781689,63.96026875781689,63.96026875781689,63.96026875781689
6059,69.60450531013483,69.60450531013483,69.60450531013483,69.60450531013483,69.60450531013483
6060,71.39247475709607,71.39247475709607,71.39247475709607,71.39247475709607,71.39247475709607
6061,65.25283739781418,65.25283739781418,65.25283739781418,65.25283739781418,65.25283739781418
6062,65.26346694297794,65.26346694297794,65.26346694297794,65.26346694297794,65.26346694297794
6063,71.46496931137159,71.46496931137159,71.46496931137159,71.46496931137159,71.46496931137159
6064,67.56870809248547,67.56870809248547,67.56870809248547,67.56870809248547,67.56870809248547
6065,63.96167810205553,63.96167810205553,63.96167810205553,63.96167810205553,63.96167810205553
6066,69.10955808086221,69.10955808086221,69.10955808086221,69.10955808086221,69.10955808086221
6067,62.85114315827522,62.85114315827522,62.85114315827522,62.85114315827522,62.85114315827522
6068,58.696335380810126,58.696335380810126,58.696335380810126,58.696335380810126,58.696335380810126
6069,64.79543115954425,64.79543115954425,64.79543115954425,64.79543115954425,64.79543115954425
6070,62.38401697075041,62.38401697075041,62.38401697075041,62.38401697075041,62.38401697075041
6071,67.81392431372781,67.81392431372781,67.81392431372781,67.81392431372781,67.81392431372781
6072,70.5840570257463,70.5840570257463,70.5840570257463,70.5840570257463,70.5840570257463
6073,59.311013643309764,59.311013643309764,59.311013643309764,59.311013643309764,59.311013643309764
6074,69.33939003855325,69.33939003855325,69.33939003855325,69.33939003855325,69.33939003855325
6075,65.60796347594052,65.60796347594052,65.60796347594052,65.60796347594052,65.60796347594052
6076,70.37563744239117,70.37563744239117,70.37563744239117,70.37563744239117,70.37563744239117
6077,63.17866562903569,63.17866562903569,63.17866562903569,63.17866562903569,63.17866562903569
6078,67.77559929415835,67.77559929415835,67.77559929415835,67.77559929415835,67.77559929415835
6079,63.786238001364204,63.786238001364204,63.786238001364204,63.786238001364204,63.786238001364204
6080,70.91045234211312,70.91045234211312,70.91045234211312,70.91045234211312,70.91045234211312
6081,62.9704174006641,62.9704174006641,62.9704174006641,62.9704174006641,62.9704174006641
6082,68.84948302291535,68.84948302291535,68.84948302291535,68.84948302291535,68.84948302291535
6083,71.34208110074728,71.34208110074728,71.34208110074728,71.34208110074728,71.34208110074728
6084,70.56465193310365,70.56465193310365,70.56465193310365,70.56465193310365,70.56465193310365
6085,67.19195864007645,67.19195864007645,67.19195864007645,67.19195864007645,67.19195864007645
6086,70.39701643647302,70.39701643647302,70.39701643647302,70.39701643647302,70.39701643647302
6087,69.09408606352135,69.09408606352135,69.09408606352135,69.09408606352135,69.09408606352135
6088,61.67609828554402,61.67609828554402,61.67609828554402,61.67609828554402,61.67609828554402
6089,62.049178675063715,62.049178675063715,62.049178675063715,62.049178675063715,62.049178675063715
6090,63.99833383355397,63.99833383355397,63.99833383355397,63.99833383355397,63.99833383355397
6091,68.77817924461534,68.77817924461534,68.77817924461534,68.77817924461534,68.77817924461534
6092,59.34435920860061,59.34435920860061,59.34435920860061,59.34435920860061,59.34435920860061
6093,60.93337131547381,60.93337131547381,60.93337131547381,60.93337131547381,60.93337131547381
6094,61.18235543259989,61.18235543259989,61.18235543259989,61.18235543259989,61.18235543259989
6095,66.49891555029448,66.49891555029448,66.49891555029448,66.49891555029448,66.49891555029448
6096,65.03010012609101,65.03010012609101,65.03010012609101,65.03010012609101,65.03010012609101
6097,61.0215787295668,61.0215787295668,61.0215787295668,61.0215787295668,61.0215787295668
6098,59.64957442632975,59.64957442632975,59.64957442632975,59.64957442632975,59.64957442632975
6099,69.94626558050533,69.94626558050533,69.94626558050533,69.94626558050533,69.94626558050533
6100,71.44336405301804,71.44336405301804,71.44336405301804,71.44336405301804,71.44336405301804
6101,70.48971096594373,70.48971096594373,70.48971096594373,70.48971096594373,70.48971096594373
6102,65.61517676444555,65.61517676444555,65.61517676444555,65.61517676444555,65.61517676444555
6103,59.10908954456387,59.10908954456387,59.10908954456387,59.10908954456387,59.10908954456387
6104,69.84393858183681,69.84393858183681,69.84393858183681,69.84393858183681,69.84393858183681
6105,66.01679727002436,66.01679727002436,66.01679727002436,66.01679727002436,66.01679727002436
6106,64.5040895668557,64.5040895668557,64.5040895668557,64.5040895668557,64.5040895668557
6107,68.21421431999178,68.21421431999178,68.21421431999178,68.21421431999178,68.21421431999178
6108,63.663625510046465,63.663625510046465,63.663625510046465,63.663625510046465,63.663625510046465
6109,62.64125369181973,62.64125369181973,62.64125369181973,62.64125369181973,62.64125369181973
6110,70.51646633159005,70.51646633159005,70.51646633159005,70.51646633159005,70.51646633159005
6111,62.50524481272542,62.50524481272542,62.50524481272542,62.50524481272542,62.50524481272542
6112,66.93401986141964,66.93401986141964,66.93401986141964,66.93401986141964,66.93401986141964
6113,67.03851512931014,67.03851512931014,67.03851512931014,67.03851512931014,67.03851512931014
6114,68.94170780942427,68.94170780942427,68.94170780942427,68.94170780942427,68.94170780942427
6115,69.20912189516197,69.20912189516197,69.20912189516197,69.20912189516197,69.20912189516197
6116,63.478862892906164,63.478862892906164,63.478862892906164,63.478862892906164,63.478862892906164
6117,70.84070062900035,70.84070062900035,70.84070062900035,70.84070062900035,70.84070062900035
6118,64.17174292961055,64.17174292961055,64.17174292961055,64.17174292961055,64.17174292961055
6119,69.95503041095094,69.95503041095094,69.95503041095094,69.95503041095094,69.95503041095094
6120,63.41774748006695,63.41774748006695,63.41774748006695,63.41774748006695,63.41774748006695
6121,58.55345898032343,58.55345898032343,58.55345898032343,58.55345898032343,58.55345898032343
6122,58.685383479126884,58.685383479126884,58.685383479126884,58.685383479126884,58.685383479126884
6123,59.13176013985224,59.13176013985224,59.13176013985224,59.13176013985224,59.13176013985224
6124,64.77462807144082,64.77462807144082,64.77462807144082,64.77462807144082,64.77462807144082
6125,66.80755966442146,66.80755966442146,66.80755966442146,66.80755966442146,66.80755966442146
6126,64.01090995461789,64.01090995461789,64.01090995461789,64.01090995461789,64.01090995461789
6127,65.31861821257651,65.31861821257651,65.31861821257651,65.31861821257651,65.31861821257651
6128,65.57445681568413,65.57445681568413,65.57445681568413,65.57445681568413,65.57445681568413
6129,62.753577923561906,62.753577923561906,62.753577923561906,62.753577923561906,62.753577923561906
6130,60.20388370577889,60.20388370577889,60.20388370577889,60.20388370577889,60.20388370577889
6131,64.57376090787099,64.57376090787099,64.57376090787099,64.57376090787099,64.57376090787099
6132,67.28615849223658,67.28615849223658,67.28615849223658,67.28615849223658,67.28615849223658
6133,59.25581251986823,59.25581251986823,59.25581251986823,59.25581251986823,59.25581251986823
6134,62.59102335173932,62.59102335173932,62.59102335173932,62.59102335173932,62.59102335173932
6135,67.52681627667351,67.52681627667351,67.52681627667351,67.52681627667351,67.52681627667351
6136,67.24479868587768,67.24479868587768,67.24479868587768,67.24479868587768,67.24479868587768
6137,63.08787216062111,63.08787216062111,63.08787216062111,63.08787216062111,63.08787216062111
6138,70.39828773735684,70.39828773735684,70.39828773735684,70.39828773735684,70.39828773735684
6139,60.885167072260494,60.885167072260494,60.885167072260494,60.885167072260494,60.885167072260494
6140,62.23482730495052,62.23482730495052,62.23482730495052,62.23482730495052,62.23482730495052
6141,68.53737806523789,68.53737806523789,68.53737806523789,68.53737806523789,68.53737806523789
6142,59.44986301715416,59.44986301715416,59.44986301715416,59.44986301715416,59.44986301715416
6143,66.62423912792161,66.62423912792161,66.62423912792161,66.62423912792161,66.62423912792161
6144,66.33588807188977,66.33588807188977,66.33588807188977,66.33588807188977,66.33588807188977
6145,69.6677685155415,69.6677685155415,69.6677685155415,69.6677685155415,69.6677685155415
6146,64.10773517198881,64.10773517198881,64.10773517198881,64.10773517198881,64.10773517198881
6147,60.346913009243586,60.346913009243586,60.346913009243586,60.346913009243586,60.346913009243586
6148,66.95103586892498,66.95103586892498,66.95103586892498,66.95103586892498,66.95103586892498
6149,59.89519433333832,59.89519433333832,59.89519433333832,59.89519433333832,59.89519433333832
6150,61.18384616857968,61.18384616857968,61.18384616857968,61.18384616857968,61.18384616857968
6151,60.8370787837114,60.8370787837114,60.8370787837114,60.8370787837114,60.8370787837114
6152,62.896786826576836,62.896786826576836,62.896786826576836,62.896786826576836,62.896786826576836
6153,67.88587756695274,67.88587756695274,67.88587756695274,67.88587756695274,67.88587756695274
6154,63.24950507116026,63.24950507116026,63.24950507116026,63.24950507116026,63.24950507116026
6155,65.03093143976386,65.03093143976386,65.03093143976386,65.03093143976386,65.03093143976386
6156,59.37500698512209,59.37500698512209,59.37500698512209,59.37500698512209,59.37500698512209
6157,61.78193283073226,61.78193283073226,61.78193283073226,61.78193283073226,61.78193283073226
6158,71.34590453354518,71.34590453354518,71.34590453354518,71.34590453354518,71.34590453354518
6159,66.21426201049252,66.21426201049252,66.21426201049252,66.21426201049252,66.21426201049252
6160,61.10757095970673,61.10757095970673,61.10757095970673,61.10757095970673,61.10757095970673
6161,64.23110871609153,64.23110871609153,64.23110871609153,64.23110871609153,64.23110871609153
6162,65.0794047404554,65.0794047404554,65.0794047404554,65.0794047404554,65.0794047404554
6163,63.06063854370438,63.06063854370438,63.06063854370438,63.06063854370438,63.06063854370438
6164,59.84056232740156,59.84056232740156,59.84056232740156,59.84056232740156,59.84056232740156
6165,60.53765382589555,60.53765382589555,60.53765382589555,60.53765382589555,60.53765382589555
6166,70.79429488159867,70.79429488159867,70.79429488159867,70.79429488159867,70.79429488159867
6167,65.4588131177052,65.4588131177052,65.4588131177052,65.4588131177052,65.4588131177052
6168,68.93982799630811,68.93982799630811,68.93982799630811,68.93982799630811,68.93982799630811
6169,59.98522507848679,59.98522507848679,59.98522507848679,59.98522507848679,59.98522507848679
6170,64.90453122405208,64.90453122405208,64.90453122405208,64.90453122405208,64.90453122405208
6171,64.16529724579742,64.16529724579742,64.16529724579742,64.16529724579742,64.16529724579742
6172,70.83920316421022,70.83920316421022,70.83920316421022,70.83920316421022,70.83920316421022
6173,67.92547360316064,67.92547360316064,67.92547360316064,67.92547360316064,67.92547360316064
6174,63.085944320192155,63.085944320192155,63.085944320192155,63.085944320192155,63.085944320192155
6175,66.8145767589044,66.8145767589044,66.8145767589044,66.8145767589044,66.8145767589044
6176,68.11150127947046,68.11150127947046,68.11150127947046,68.11150127947046,68.11150127947046
6177,70.41540326810586,70.41540326810586,70.41540326810586,70.41540326810586,70.41540326810586
6178,60.76839077566625,60.76839077566625,60.76839077566625,60.76839077566625,60.76839077566625
6179,60.86157568517171,60.86157568517171,60.86157568517171,60.86157568517171,60.86157568517171
6180,69.9446543425773,69.9446543425773,69.9446543425773,69.9446543425773,69.9446543425773
6181,69.61754618872236,69.61754618872236,69.61754618872236,69.61754618872236,69.61754618872236
6182,69.36405496422795,69.36405496422795,69.36405496422795,69.36405496422795,69.36405496422795
6183,60.28663545052061,60.28663545052061,60.28663545052061,60.28663545052061,60.28663545052061
6184,61.77996575605739,61.77996575605739,61.77996575605739,61.77996575605739,61.77996575605739
6185,66.54144465509066,66.54144465509066,66.54144465509066,66.54144465509066,66.54144465509066
6186,63.625718216771574,63.625718216771574,63.625718216771574,63.625718216771574,63.625718216771574
6187,61.32976513105832,61.32976513105832,61.32976513105832,61.32976513105832,61.32976513105832
6188,70.85323444700462,70.85323444700462,70.85323444700462,70.85323444700462,70.85323444700462
6189,62.99723734589373,62.99723734589373,62.99723734589373,62.99723734589373,62.99723734589373
6190,61.53273151148871,61.53273151148871,61.53273151148871,61.53273151148871,61.53273151148871
6191,67.79161304585816,67.79161304585816,67.79161304585816,67.79161304585816,67.79161304585816
6192,63.057566981591194,63.057566981591194,63.057566981591194,63.057566981591194,63.057566981591194
6193,69.19799850395022,69.19799850395022,69.19799850395022,69.19799850395022,69.19799850395022
6194,68.86006347781768,68.86006347781768,68.86006347781768,68.86006347781768,68.86006347781768
6195,61.479744170840426,61.479744170840426,61.479744170840426,61.479744170840426,61.479744170840426
6196,60.116576318135195,60.116576318135195,60.116576318135195,60.116576318135195,60.116576318135195
6197,59.35833315419625,59.35833315419625,59.35833315419625,59.35833315419625,59.35833315419625
6198,59.31358202079638,59.31358202079638,59.31358202079638,59.31358202079638,59.31358202079638
6199,62.077423908539956,62.077423908539956,62.077423908539956,62.077423908539956,62.077423908539956
6200,68.24113962589189,68.24113962589189,68.24113962589189,68.24113962589189,68.24113962589189
6201,64.15471571331666,64.15471571331666,64.15471571331666,64.15471571331666,64.15471571331666
6202,71.43962789493231,71.43962789493231,71.43962789493231,71.43962789493231,71.43962789493231
6203,65.50944645602507,65.50944645602507,65.50944645602507,65.50944645602507,65.50944645602507
6204,62.252873569232875,62.252873569232875,62.252873569232875,62.252873569232875,62.252873569232875
6205,60.056719613381304,60.056719613381304,60.056719613381304,60.056719613381304,60.056719613381304
6206,66.230614411742,66.230614411742,66.230614411742,66.230614411742,66.230614411742
6207,68.75871461552555,68.75871461552555,68.75871461552555,68.75871461552555,68.75871461552555
6208,67.78109482111529,67.78109482111529,67.78109482111529,67.78109482111529,67.78109482111529
6209,70.60114952887764,70.60114952887764,70.60114952887764,70.60114952887764,70.60114952887764
6210,59.06166526596254,59.06166526596254,59.06166526596254,59.06166526596254,59.06166526596254
6211,60.8659986171649,60.8659986171649,60.8659986171649,60.8659986171649,60.8659986171649
6212,64.89738584631824,64.89738584631824,64.89738584631824,64.89738584631824,64.89738584631824
6213,61.38094585618365,61.38094585618365,61.38094585618365,61.38094585618365,61.38094585618365
6214,69.35327608405818,69.35327608405818,69.35327608405818,69.35327608405818,69.35327608405818
6215,70.54102230307606,70.54102230307606,70.54102230307606,70.54102230307606,70.54102230307606
6216,59.26246022203309,59.26246022203309,59.26246022203309,59.26246022203309,59.26246022203309
6217,58.85896392176083,58.85896392176083,58.85896392176083,58.85896392176083,58.85896392176083
6218,65.01885643639984,65.01885643639984,65.01885643639984,65.01885643639984,65.01885643639984
6219,60.61438215470313,60.61438215470313,60.61438215470313,60.61438215470313,60.61438215470313
6220,64.64256916176885,64.64256916176885,64.64256916176885,64.64256916176885,64.64256916176885
6221,68.56101400413449,68.56101400413449,68.56101400413449,68.56101400413449,68.56101400413449
6222,61.25169302814329,61.25169302814329,61.25169302814329,61.25169302814329,61.25169302814329
6223,63.694169333598765,63.694169333598765,63.694169333598765,63.694169333598765,63.694169333598765
6224,61.99354410551591,61.99354410551591,61.99354410551591,61.99354410551591,61.99354410551591
6225,66.06082222931417,66.06082222931417,66.06082222931417,66.06082222931417,66.06082222931417
6226,70.88971876243932,70.88971876243932,70.88971876243932,70.88971876243932,70.88971876243932
6227,70.80561575544756,70.80561575544756,70.80561575544756,70.80561575544756,70.80561575544756
6228,64.74766607094072,64.74766607094072,64.74766607094072,64.74766607094072,64.74766607094072
6229,68.91307060477006,68.91307060477006,68.91307060477006,68.91307060477006,68.91307060477006
6230,63.58753019850072,63.58753019850072,63.58753019850072,63.58753019850072,63.58753019850072
6231,63.55816705561189,63.55816705561189,63.55816705561189,63.55816705561189,63.55816705561189
6232,66.34456085890452,66.34456085890452,66.34456085890452,66.34456085890452,66.34456085890452
6233,69.80921135726545,69.80921135726545,69.80921135726545,69.80921135726545,69.80921135726545
6234,68.46091644441572,68.46091644441572,68.46091644441572,68.46091644441572,68.46091644441572
6235,71.49564183506132,71.49564183506132,71.49564183506132,71.49564183506132,71.49564183506132
6236,63.83286402107951,63.83286402107951,63.83286402107951,63.83286402107951,63.83286402107951
6237,63.05143870512767,63.05143870512767,63.05143870512767,63.05143870512767,63.05143870512767
6238,60.55902170892014,60.55902170892014,60.55902170892014,60.55902170892014,60.55902170892014
6239,60.17150854604434,60.17150854604434,60.17150854604434,60.17150854604434,60.17150854604434
6240,60.88321330241197,60.88321330241197,60.88321330241197,60.88321330241197,60.88321330241197
6241,69.82233055251733,69.82233055251733,69.82233055251733,69.82233055251733,69.82233055251733
6242,59.168957661328264,59.168957661328264,59.168957661328264,59.168957661328264,59.168957661328264
6243,69.7148758616182,69.7148758616182,69.7148758616182,69.7148758616182,69.7148758616182
6244,65.2361991057113,65.2361991057113,65.2361991057113,65.2361991057113,65.2361991057113
6245,70.77656034411586,70.77656034411586,70.77656034411586,70.77656034411586,70.77656034411586
6246,65.83423838144355,65.83423838144355,65.83423838144355,65.83423838144355,65.83423838144355
6247,65.29364381483781,65.29364381483781,65.29364381483781,65.29364381483781,65.29364381483781
6248,61.61213686003943,61.61213686003943,61.61213686003943,61.61213686003943,61.61213686003943
6249,60.2931159400447,60.2931159400447,60.2931159400447,60.2931159400447,60.2931159400447
6250,70.27354107677122,70.27354107677122,70.27354107677122,70.27354107677122,70.27354107677122
6251,70.53868861782775,70.53868861782775,70.53868861782775,70.53868861782775,70.53868861782775
6252,68.31330961952493,68.31330961952493,68.31330961952493,68.31330961952493,68.31330961952493
6253,62.50367119397472,62.50367119397472,62.50367119397472,62.50367119397472,62.50367119397472
6254,67.49462923768755,67.49462923768755,67.49462923768755,67.49462923768755,67.49462923768755
6255,63.86022938662521,63.86022938662521,63.86022938662521,63.86022938662521,63.86022938662521
6256,59.291628058527245,59.291628058527245,59.291628058527245,59.291628058527245,59.291628058527245
6257,68.17253048102651,68.17253048102651,68.17253048102651,68.17253048102651,68.17253048102651
6258,69.81928410191892,69.81928410191892,69.81928410191892,69.81928410191892,69.81928410191892
6259,66.6819603961731,66.6819603961731,66.6819603961731,66.6819603961731,66.6819603961731
6260,68.10734270007868,68.10734270007868,68.10734270007868,68.10734270007868,68.10734270007868
6261,65.20367635094554,65.20367635094554,65.20367635094554,65.20367635094554,65.20367635094554
6262,69.66612398117833,69.66612398117833,69.66612398117833,69.66612398117833,69.66612398117833
6263,63.786423495228284,63.786423495228284,63.786423495228284,63.786423495228284,63.786423495228284
6264,65.34294993091414,65.34294993091414,65.34294993091414,65.34294993091414,65.34294993091414
6265,66.59149247084885,66.59149247084885,66.59149247084885,66.59149247084885,66.59149247084885
6266,61.6320896201711,61.6320896201711,61.6320896201711,61.6320896201711,61.6320896201711
6267,69.47682968197046,69.47682968197046,69.47682968197046,69.47682968197046,69.47682968197046
6268,58.5094830474514,58.5094830474514,58.5094830474514,58.5094830474514,58.5094830474514
6269,70.20877100423375,70.20877100423375,70.20877100423375,70.20877100423375,70.20877100423375
6270,62.463364759677646,62.463364759677646,62.463364759677646,62.463364759677646,62.463364759677646
6271,66.1006376610198,66.1006376610198,66.1006376610198,66.1006376610198,66.1006376610198
6272,71.33829759132618,71.33829759132618,71.33829759132618,71.33829759132618,71.33829759132618
6273,68.59075204155997,68.59075204155997,68.59075204155997,68.59075204155997,68.59075204155997
6274,61.43915096937018,61.43915096937018,61.43915096937018,61.43915096937018,61.43915096937018
6275,65.95541462162136,65.95541462162136,65.95541462162136,65.95541462162136,65.95541462162136
6276,60.15685885762443,60.15685885762443,60.15685885762443,60.15685885762443,60.15685885762443
6277,70.78193211074687,70.78193211074687,70.78193211074687,70.78193211074687,70.78193211074687
6278,61.99015045758632,61.99015045758632,61.99015045758632,61.99015045758632,61.99015045758632
6279,70.8545174721721,70.8545174721721,70.8545174721721,70.8545174721721,70.8545174721721
6280,69.79920505348656,69.79920505348656,69.79920505348656,69.79920505348656,69.79920505348656
6281,58.633695395690474,58.633695395690474,58.633695395690474,58.633695395690474,58.633695395690474
6282,69.31221673580761,69.31221673580761,69.31221673580761,69.31221673580761,69.31221673580761
6283,59.028068202265175,59.028068202265175,59.028068202265175,59.028068202265175,59.028068202265175
6284,65.64196610204108,65.64196610204108,65.64196610204108,65.64196610204108,65.64196610204108
6285,60.39085328678706,60.39085328678706,60.39085328678706,60.39085328678706,60.39085328678706
6286,59.82833536777715,59.82833536777715,59.82833536777715,59.82833536777715,59.82833536777715
6287,66.93045435630825,66.93045435630825,66.93045435630825,66.93045435630825,66.93045435630825
6288,64.94549614109211,64.94549614109211,64.94549614109211,64.94549614109211,64.94549614109211
6289,59.46143356730428,59.46143356730428,59.46143356730428,59.46143356730428,59.46143356730428
6290,66.96073726780328,66.96073726780328,66.96073726780328,66.96073726780328,66.96073726780328
6291,59.56693981515911,59.56693981515911,59.56693981515911,59.56693981515911,59.56693981515911
6292,60.6941978311451,60.6941978311451,60.6941978311451,60.6941978311451,60.6941978311451
6293,69.5828778807065,69.5828778807065,69.5828778807065,69.5828778807065,69.5828778807065
6294,70.65553359417936,70.65553359417936,70.65553359417936,70.65553359417936,70.65553359417936
6295,60.350456024044455,60.350456024044455,60.350456024044455,60.350456024044455,60.350456024044455
6296,62.09662917292138,62.09662917292138,62.09662917292138,62.09662917292138,62.09662917292138
6297,58.648256750419435,58.648256750419435,58.648256750419435,58.648256750419435,58.648256750419435
6298,67.42244242446701,67.42244242446701,67.42244242446701,67.42244242446701,67.42244242446701
6299,60.82606110428351,60.82606110428351,60.82606110428351,60.82606110428351,60.82606110428351
6300,63.484549106356084,63.484549106356084,63.484549106356084,63.484549106356084,63.484549106356084
6301,59.70024541956358,59.70024541956358,59.70024541956358,59.70024541956358,59.70024541956358
6302,69.31244996922796,69.31244996922796,69.31244996922796,69.31244996922796,69.31244996922796
6303,70.05783678176725,70.05783678176725,70.05783678176725,70.05783678176725,70.05783678176725
6304,60.43743154611237,60.43743154611237,60.43743154611237,60.43743154611237,60.43743154611237
6305,63.08663684585317,63.08663684585317,63.08663684585317,63.08663684585317,63.08663684585317
6306,69.01205709846636,69.01205709846636,69.01205709846636,69.01205709846636,69.01205709846636
6307,61.37682731082445,61.37682731082445,61.37682731082445,61.37682731082445,61.37682731082445
6308,67.47864581215673,67.47864581215673,67.47864581215673,67.47864581215673,67.47864581215673
6309,68.47467343445054,68.47467343445054,68.47467343445054,68.47467343445054,68.47467343445054
6310,68.71890153702809,68.71890153702809,68.71890153702809,68.71890153702809,68.71890153702809
6311,63.89610525998107,63.89610525998107,63.89610525998107,63.89610525998107,63.89610525998107
6312,65.73433533917091,65.73433533917091,65.73433533917091,65.73433533917091,65.73433533917091
6313,66.0189950120357,66.0189950120357,66.0189950120357,66.0189950120357,66.0189950120357
6314,60.7071577016031,60.7071577016031,60.7071577016031,60.7071577016031,60.7071577016031
6315,65.70269214785895,65.70269214785895,65.70269214785895,65.70269214785895,65.70269214785895
6316,64.19830826504221,64.19830826504221,64.19830826504221,64.19830826504221,64.19830826504221
6317,68.34848421518183,68.34848421518183,68.34848421518183,68.34848421518183,68.34848421518183
6318,60.38626045037645,60.38626045037645,60.38626045037645,60.38626045037645,60.38626045037645
6319,61.523151991384125,61.523151991384125,61.523151991384125,61.523151991384125,61.523151991384125
6320,61.00355424465419,61.00355424465419,61.00355424465419,61.00355424465419,61.00355424465419
6321,65.99492210771174,65.99492210771174,65.99492210771174,65.99492210771174,65.99492210771174
6322,66.5900137691379,66.5900137691379,66.5900137691379,66.5900137691379,66.5900137691379
6323,60.058700413797084,60.058700413797084,60.058700413797084,60.058700413797084,60.058700413797084
6324,70.5960563037669,70.5960563037669,70.5960563037669,70.5960563037669,70.5960563037669
6325,68.10878902819792,68.10878902819792,68.10878902819792,68.10878902819792,68.10878902819792
6326,69.34669487136607,69.34669487136607,69.34669487136607,69.34669487136607,69.34669487136607
6327,69.22161167703031,69.22161167703031,69.22161167703031,69.22161167703031,69.22161167703031
6328,59.01488010472441,59.01488010472441,59.01488010472441,59.01488010472441,59.01488010472441
6329,63.530678409356874,63.530678409356874,63.530678409356874,63.530678409356874,63.530678409356874
6330,66.13415903870485,66.13415903870485,66.13415903870485,66.13415903870485,66.13415903870485
6331,68.15994124551342,68.15994124551342,68.15994124551342,68.15994124551342,68.15994124551342
6332,65.40031254978503,65.40031254978503,65.40031254978503,65.40031254978503,65.40031254978503
6333,66.87447669535464,66.87447669535464,66.87447669535464,66.87447669535464,66.87447669535464
6334,59.33954761770497,59.33954761770497,59.33954761770497,59.33954761770497,59.33954761770497
6335,63.020592455199434,63.020592455199434,63.020592455199434,63.020592455199434,63.020592455199434
6336,60.885892097470176,60.885892097470176,60.885892097470176,60.885892097470176,60.885892097470176
6337,62.11592342346049,62.11592342346049,62.11592342346049,62.11592342346049,62.11592342346049
6338,68.24994365526356,68.24994365526356,68.24994365526356,68.24994365526356,68.24994365526356
6339,62.459032229833895,62.459032229833895,62.459032229833895,62.459032229833895,62.459032229833895
6340,70.85009225548187,70.85009225548187,70.85009225548187,70.85009225548187,70.85009225548187
6341,66.45427087383607,66.45427087383607,66.45427087383607,66.45427087383607,66.45427087383607
6342,60.73315066963353,60.73315066963353,60.73315066963353,60.73315066963353,60.73315066963353
6343,64.50691143192542,64.50691143192542,64.50691143192542,64.50691143192542,64.50691143192542
6344,69.00676174324789,69.00676174324789,69.00676174324789,69.00676174324789,69.00676174324789
6345,68.08862671152255,68.08862671152255,68.08862671152255,68.08862671152255,68.08862671152255
6346,69.39934113776296,69.39934113776296,69.39934113776296,69.39934113776296,69.39934113776296
6347,60.78623707639791,60.78623707639791,60.78623707639791,60.78623707639791,60.78623707639791
6348,64.52697011383961,64.52697011383961,64.52697011383961,64.52697011383961,64.52697011383961
6349,58.932325514176505,58.932325514176505,58.932325514176505,58.932325514176505,58.932325514176505
6350,63.50766370749929,63.50766370749929,63.50766370749929,63.50766370749929,63.50766370749929
6351,63.09666451710571,63.09666451710571,63.09666451710571,63.09666451710571,63.09666451710571
6352,60.435033107164145,60.435033107164145,60.435033107164145,60.435033107164145,60.435033107164145
6353,58.84706780671749,58.84706780671749,58.84706780671749,58.84706780671749,58.84706780671749
6354,60.63786264601161,60.63786264601161,60.63786264601161,60.63786264601161,60.63786264601161
6355,69.67575448040846,69.67575448040846,69.67575448040846,69.67575448040846,69.67575448040846
6356,65.61661264999866,65.61661264999866,65.61661264999866,65.61661264999866,65.61661264999866
6357,69.28097228359714,69.28097228359714,69.28097228359714,69.28097228359714,69.28097228359714
6358,66.45994274120255,66.45994274120255,66.45994274120255,66.45994274120255,66.45994274120255
6359,60.1588652546334,60.1588652546334,60.1588652546334,60.1588652546334,60.1588652546334
6360,63.625069062630885,63.625069062630885,63.625069062630885,63.625069062630885,63.625069062630885
6361,71.15900465850274,71.15900465850274,71.15900465850274,71.15900465850274,71.15900465850274
6362,63.09650584670048,63.09650584670048,63.09650584670048,63.09650584670048,63.09650584670048
6363,60.68739811750375,60.68739811750375,60.68739811750375,60.68739811750375,60.68739811750375
6364,69.92069708045335,69.92069708045335,69.92069708045335,69.92069708045335,69.92069708045335
6365,64.10963053035923,64.10963053035923,64.10963053035923,64.10963053035923,64.10963053035923
6366,71.21452089391747,71.21452089391747,71.21452089391747,71.21452089391747,71.21452089391747
6367,64.72478250090914,64.72478250090914,64.72478250090914,64.72478250090914,64.72478250090914
6368,61.25503091325109,61.25503091325109,61.25503091325109,61.25503091325109,61.25503091325109
6369,60.491968012456745,60.491968012456745,60.491968012456745,60.491968012456745,60.491968012456745
6370,64.46524409608648,64.46524409608648,64.46524409608648,64.46524409608648,64.46524409608648
6371,68.36112791256265,68.36112791256265,68.36112791256265,68.36112791256265,68.36112791256265
6372,59.49561407154278,59.49561407154278,59.49561407154278,59.49561407154278,59.49561407154278
6373,59.53839977544847,59.53839977544847,59.53839977544847,59.53839977544847,59.53839977544847
6374,62.467583544912785,62.467583544912785,62.467583544912785,62.467583544912785,62.467583544912785
6375,63.068394236388706,63.068394236388706,63.068394236388706,63.068394236388706,63.068394236388706
6376,61.11117512017804,61.11117512017804,61.11117512017804,61.11117512017804,61.11117512017804
6377,62.788689077856276,62.788689077856276,62.788689077856276,62.788689077856276,62.788689077856276
6378,60.679402398545086,60.679402398545086,60.679402398545086,60.679402398545086,60.679402398545086
6379,69.54594567999447,69.54594567999447,69.54594567999447,69.54594567999447,69.54594567999447
6380,69.60478392879281,69.60478392879281,69.60478392879281,69.60478392879281,69.60478392879281
6381,62.82913305732087,62.82913305732087,62.82913305732087,62.82913305732087,62.82913305732087
6382,59.046478036387136,59.046478036387136,59.046478036387136,59.046478036387136,59.046478036387136
6383,62.71686416031919,62.71686416031919,62.71686416031919,62.71686416031919,62.71686416031919
6384,61.07179532744131,61.07179532744131,61.07179532744131,61.07179532744131,61.07179532744131
6385,59.92442040253172,59.92442040253172,59.92442040253172,59.92442040253172,59.92442040253172
6386,64.66925084508355,64.66925084508355,64.66925084508355,64.66925084508355,64.66925084508355
6387,67.07956621854191,67.07956621854191,67.07956621854191,67.07956621854191,67.07956621854191
6388,60.821383601233016,60.821383601233016,60.821383601233016,60.821383601233016,60.821383601233016
6389,60.26181124723289,60.26181124723289,60.26181124723289,60.26181124723289,60.26181124723289
6390,70.34484645535014,70.34484645535014,70.34484645535014,70.34484645535014,70.34484645535014
6391,67.18479988115837,67.18479988115837,67.18479988115837,67.18479988115837,67.18479988115837
6392,66.2766810317616,66.2766810317616,66.2766810317616,66.2766810317616,66.2766810317616
6393,69.22032403597993,69.22032403597993,69.22032403597993,69.22032403597993,69.22032403597993
6394,70.00742433414011,70.00742433414011,70.00742433414011,70.00742433414011,70.00742433414011
6395,70.66670290298886,70.66670290298886,70.66670290298886,70.66670290298886,70.66670290298886
6396,67.38726364174558,67.38726364174558,67.38726364174558,67.38726364174558,67.38726364174558
6397,66.45125687282369,66.45125687282369,66.45125687282369,66.45125687282369,66.45125687282369
6398,70.92692289336982,70.92692289336982,70.92692289336982,70.92692289336982,70.92692289336982
6399,61.862601765858635,61.862601765858635,61.862601765858635,61.862601765858635,61.862601765858635
6400,59.390075002803044,59.390075002803044,59.390075002803044,59.390075002803044,59.390075002803044
6401,64.77572282380076,64.77572282380076,64.77572282380076,64.77572282380076,64.77572282380076
6402,65.91140046160658,65.91140046160658,65.91140046160658,65.91140046160658,65.91140046160658
6403,59.41786678599349,59.41786678599349,59.41786678599349,59.41786678599349,59.41786678599349
6404,58.79884355685002,58.79884355685002,58.79884355685002,58.79884355685002,58.79884355685002
6405,61.65250161326676,61.65250161326676,61.65250161326676,61.65250161326676,61.65250161326676
6406,58.58262018329499,58.58262018329499,58.58262018329499,58.58262018329499,58.58262018329499
6407,67.86959779707576,67.86959779707576,67.86959779707576,67.86959779707576,67.86959779707576
6408,61.0004261166312,61.0004261166312,61.0004261166312,61.0004261166312,61.0004261166312
6409,68.06229381469407,68.06229381469407,68.06229381469407,68.06229381469407,68.06229381469407
6410,62.17086013763995,62.17086013763995,62.17086013763995,62.17086013763995,62.17086013763995
6411,63.438890502874585,63.438890502874585,63.438890502874585,63.438890502874585,63.438890502874585
6412,67.20194263434075,67.20194263434075,67.20194263434075,67.20194263434075,67.20194263434075
6413,67.19905184772091,67.19905184772091,67.19905184772091,67.19905184772091,67.19905184772091
6414,71.29862722465363,71.29862722465363,71.29862722465363,71.29862722465363,71.29862722465363
6415,58.7398924986548,58.7398924986548,58.7398924986548,58.7398924986548,58.7398924986548
6416,62.711690895450666,62.711690895450666,62.711690895450666,62.711690895450666,62.711690895450666
6417,63.67933734327924,63.67933734327924,63.67933734327924,63.67933734327924,63.67933734327924
6418,65.9458614932287,65.9458614932287,65.9458614932287,65.9458614932287,65.9458614932287
6419,69.88547252718162,69.88547252718162,69.88547252718162,69.88547252718162,69.88547252718162
6420,61.14966567843834,61.14966567843834,61.14966567843834,61.14966567843834,61.14966567843834
6421,60.656563572098804,60.656563572098804,60.656563572098804,60.656563572098804,60.656563572098804
6422,66.72384460583349,66.72384460583349,66.72384460583349,66.72384460583349,66.72384460583349
6423,61.13141139391712,61.13141139391712,61.13141139391712,61.13141139391712,61.13141139391712
6424,60.31091382300151,60.31091382300151,60.31091382300151,60.31091382300151,60.31091382300151
6425,60.06274262574482,60.06274262574482,60.06274262574482,60.06274262574482,60.06274262574482
6426,63.65295705640083,63.65295705640083,63.65295705640083,63.65295705640083,63.65295705640083
6427,71.15329477703084,71.15329477703084,71.15329477703084,71.15329477703084,71.15329477703084
6428,63.98634128396569,63.98634128396569,63.98634128396569,63.98634128396569,63.98634128396569
6429,70.00748038039741,70.00748038039741,70.00748038039741,70.00748038039741,70.00748038039741
6430,63.92447847832859,63.92447847832859,63.92447847832859,63.92447847832859,63.92447847832859
6431,68.217145310859,68.217145310859,68.217145310859,68.217145310859,68.217145310859
6432,71.45275145752774,71.45275145752774,71.45275145752774,71.45275145752774,71.45275145752774
6433,64.04772545968495,64.04772545968495,64.04772545968495,64.04772545968495,64.04772545968495
6434,68.18322831587831,68.18322831587831,68.18322831587831,68.18322831587831,68.18322831587831
6435,70.50612864649086,70.50612864649086,70.50612864649086,70.50612864649086,70.50612864649086
6436,69.02440874584728,69.02440874584728,69.02440874584728,69.02440874584728,69.02440874584728
6437,67.94760502749288,67.94760502749288,67.94760502749288,67.94760502749288,67.94760502749288
6438,66.15713565744932,66.15713565744932,66.15713565744932,66.15713565744932,66.15713565744932
6439,70.54170195100811,70.54170195100811,70.54170195100811,70.54170195100811,70.54170195100811
6440,68.80031425348619,68.80031425348619,68.80031425348619,68.80031425348619,68.80031425348619
6441,63.60892261361895,63.60892261361895,63.60892261361895,63.60892261361895,63.60892261361895
6442,66.0362647054573,66.0362647054573,66.0362647054573,66.0362647054573,66.0362647054573
6443,70.59445575548844,70.59445575548844,70.59445575548844,70.59445575548844,70.59445575548844
6444,63.961002188425184,63.961002188425184,63.961002188425184,63.961002188425184,63.961002188425184
6445,63.14975812827928,63.14975812827928,63.14975812827928,63.14975812827928,63.14975812827928
6446,66.26767471994287,66.26767471994287,66.26767471994287,66.26767471994287,66.26767471994287
6447,63.69141636620913,63.69141636620913,63.69141636620913,63.69141636620913,63.69141636620913
6448,64.55667340195511,64.55667340195511,64.55667340195511,64.55667340195511,64.55667340195511
6449,61.16733538924147,61.16733538924147,61.16733538924147,61.16733538924147,61.16733538924147
6450,62.04461083017858,62.04461083017858,62.04461083017858,62.04461083017858,62.04461083017858
6451,64.97414485016725,64.97414485016725,64.97414485016725,64.97414485016725,64.97414485016725
6452,61.09550452949893,61.09550452949893,61.09550452949893,61.09550452949893,61.09550452949893
6453,60.168416943900255,60.168416943900255,60.168416943900255,60.168416943900255,60.168416943900255
6454,61.47326798594837,61.47326798594837,61.47326798594837,61.47326798594837,61.47326798594837
6455,63.30902237625606,63.30902237625606,63.30902237625606,63.30902237625606,63.30902237625606
6456,62.138196615604635,62.138196615604635,62.138196615604635,62.138196615604635,62.138196615604635
6457,58.95387444026637,58.95387444026637,58.95387444026637,58.95387444026637,58.95387444026637
6458,59.859594385585496,59.859594385585496,59.859594385585496,59.859594385585496,59.859594385585496
6459,62.3100555607072,62.3100555607072,62.3100555607072,62.3100555607072,62.3100555607072
6460,69.61196336384879,69.61196336384879,69.61196336384879,69.61196336384879,69.61196336384879
6461,66.49778290274104,66.49778290274104,66.49778290274104,66.49778290274104,66.49778290274104
6462,61.687997459785315,61.687997459785315,61.687997459785315,61.687997459785315,61.687997459785315
6463,71.03480948051057,71.03480948051057,71.03480948051057,71.03480948051057,71.03480948051057
6464,62.277975207644644,62.277975207644644,62.277975207644644,62.277975207644644,62.277975207644644
6465,63.71219329179971,63.71219329179971,63.71219329179971,63.71219329179971,63.71219329179971
6466,65.77589570967876,65.77589570967876,65.77589570967876,65.77589570967876,65.77589570967876
6467,66.50258185190359,66.50258185190359,66.50258185190359,66.50258185190359,66.50258185190359
6468,68.62203275232264,68.62203275232264,68.62203275232264,68.62203275232264,68.62203275232264
6469,64.917632749486,64.917632749486,64.917632749486,64.917632749486,64.917632749486
6470,59.999331191428276,59.999331191428276,59.999331191428276,59.999331191428276,59.999331191428276
6471,64.02510907667593,64.02510907667593,64.02510907667593,64.02510907667593,64.02510907667593
6472,68.59947720023021,68.59947720023021,68.59947720023021,68.59947720023021,68.59947720023021
6473,69.8762311869811,69.8762311869811,69.8762311869811,69.8762311869811,69.8762311869811
6474,70.36790935317268,70.36790935317268,70.36790935317268,70.36790935317268,70.36790935317268
6475,63.5695559583525,63.5695559583525,63.5695559583525,63.5695559583525,63.5695559583525
6476,59.48259123181266,59.48259123181266,59.48259123181266,59.48259123181266,59.48259123181266
6477,68.52650730955017,68.52650730955017,68.52650730955017,68.52650730955017,68.52650730955017
6478,70.16983700717941,70.16983700717941,70.16983700717941,70.16983700717941,70.16983700717941
6479,59.65105770536923,59.65105770536923,59.65105770536923,59.65105770536923,59.65105770536923
6480,64.17980940741039,64.17980940741039,64.17980940741039,64.17980940741039,64.17980940741039
6481,68.18564924209457,68.18564924209457,68.18564924209457,68.18564924209457,68.18564924209457
6482,62.13472198040165,62.13472198040165,62.13472198040165,62.13472198040165,62.13472198040165
6483,70.47538958188117,70.47538958188117,70.47538958188117,70.47538958188117,70.47538958188117
6484,71.31948331156059,71.31948331156059,71.31948331156059,71.31948331156059,71.31948331156059
6485,63.22503602925339,63.22503602925339,63.22503602925339,63.22503602925339,63.22503602925339
6486,65.23227834530206,65.23227834530206,65.23227834530206,65.23227834530206,65.23227834530206
6487,59.655565955361006,59.655565955361006,59.655565955361006,59.655565955361006,59.655565955361006
6488,66.9986201676866,66.9986201676866,66.9986201676866,66.9986201676866,66.9986201676866
6489,62.04084152892187,62.04084152892187,62.04084152892187,62.04084152892187,62.04084152892187
6490,65.70125879541102,65.70125879541102,65.70125879541102,65.70125879541102,65.70125879541102
6491,66.79596881030763,66.79596881030763,66.79596881030763,66.79596881030763,66.79596881030763
6492,58.50518037957782,58.50518037957782,58.50518037957782,58.50518037957782,58.50518037957782
6493,66.67319203302448,66.67319203302448,66.67319203302448,66.67319203302448,66.67319203302448
6494,69.61679328265603,69.61679328265603,69.61679328265603,69.61679328265603,69.61679328265603
6495,68.41271807386345,68.41271807386345,68.41271807386345,68.41271807386345,68.41271807386345
6496,64.08501029007714,64.08501029007714,64.08501029007714,64.08501029007714,64.08501029007714
6497,66.6441119950072,66.6441119950072,66.6441119950072,66.6441119950072,66.6441119950072
6498,59.412350453808,59.412350453808,59.412350453808,59.412350453808,59.412350453808
6499,65.69256039817897,65.69256039817897,65.69256039817897,65.69256039817897,65.69256039817897
6500,63.32428220622675,63.32428220622675,63.32428220622675,63.32428220622675,63.32428220622675
6501,60.877397067331565,60.877397067331565,60.877397067331565,60.877397067331565,60.877397067331565
6502,63.01499284004396,63.01499284004396,63.01499284004396,63.01499284004396,63.01499284004396
6503,60.185861206542306,60.185861206542306,60.185861206542306,60.185861206542306,60.185861206542306
6504,63.30814751823231,63.30814751823231,63.30814751823231,63.30814751823231,63.30814751823231
6505,60.615680976698734,60.615680976698734,60.615680976698734,60.615680976698734,60.615680976698734
6506,61.55778417754794,61.55778417754794,61.55778417754794,61.55778417754794,61.55778417754794
6507,63.266808252515816,63.266808252515816,63.266808252515816,63.266808252515816,63.266808252515816
6508,60.88038304888361,60.88038304888361,60.88038304888361,60.88038304888361,60.88038304888361
6509,71.21627764969467,71.21627764969467,71.21627764969467,71.21627764969467,71.21627764969467
6510,66.92738216458606,66.92738216458606,66.92738216458606,66.92738216458606,66.92738216458606
6511,64.4224328884209,64.4224328884209,64.4224328884209,64.4224328884209,64.4224328884209
6512,63.64210866479923,63.64210866479923,63.64210866479923,63.64210866479923,63.64210866479923
6513,64.23288435807461,64.23288435807461,64.23288435807461,64.23288435807461,64.23288435807461
6514,69.59270841664386,69.59270841664386,69.59270841664386,69.59270841664386,69.59270841664386
6515,67.15205316248284,67.15205316248284,67.15205316248284,67.15205316248284,67.15205316248284
6516,64.06474964741363,64.06474964741363,64.06474964741363,64.06474964741363,64.06474964741363
6517,71.49966651759068,71.49966651759068,71.49966651759068,71.49966651759068,71.49966651759068
6518,64.66851797533648,64.66851797533648,64.66851797533648,64.66851797533648,64.66851797533648
6519,69.57284954671005,69.57284954671005,69.57284954671005,69.57284954671005,69.57284954671005
6520,62.24335369049598,62.24335369049598,62.24335369049598,62.24335369049598,62.24335369049598
6521,58.74646510924941,58.74646510924941,58.74646510924941,58.74646510924941,58.74646510924941
6522,59.20750646584423,59.20750646584423,59.20750646584423,59.20750646584423,59.20750646584423
6523,64.30864045838263,64.30864045838263,64.30864045838263,64.30864045838263,64.30864045838263
6524,61.89012019061935,61.89012019061935,61.89012019061935,61.89012019061935,61.89012019061935
6525,70.84531823859494,70.84531823859494,70.84531823859494,70.84531823859494,70.84531823859494
6526,59.75550662802838,59.75550662802838,59.75550662802838,59.75550662802838,59.75550662802838
6527,70.47356416403107,70.47356416403107,70.47356416403107,70.47356416403107,70.47356416403107
6528,71.39034207506559,71.39034207506559,71.39034207506559,71.39034207506559,71.39034207506559
6529,63.1180213743515,63.1180213743515,63.1180213743515,63.1180213743515,63.1180213743515
6530,70.29109928885867,70.29109928885867,70.29109928885867,70.29109928885867,70.29109928885867
6531,70.4961008495068,70.4961008495068,70.4961008495068,70.4961008495068,70.4961008495068
6532,71.01655313824358,71.01655313824358,71.01655313824358,71.01655313824358,71.01655313824358
6533,69.04866087079968,69.04866087079968,69.04866087079968,69.04866087079968,69.04866087079968
6534,68.0991564255741,68.0991564255741,68.0991564255741,68.0991564255741,68.0991564255741
6535,69.12786908086127,69.12786908086127,69.12786908086127,69.12786908086127,69.12786908086127
6536,60.48419461365619,60.48419461365619,60.48419461365619,60.48419461365619,60.48419461365619
6537,61.85456441455004,61.85456441455004,61.85456441455004,61.85456441455004,61.85456441455004
6538,67.47192742203494,67.47192742203494,67.47192742203494,67.47192742203494,67.47192742203494
6539,69.58039304876863,69.58039304876863,69.58039304876863,69.58039304876863,69.58039304876863
6540,70.48265781736247,70.48265781736247,70.48265781736247,70.48265781736247,70.48265781736247
6541,71.39302893723175,71.39302893723175,71.39302893723175,71.39302893723175,71.39302893723175
6542,65.88972836869624,65.88972836869624,65.88972836869624,65.88972836869624,65.88972836869624
6543,59.92733750955452,59.92733750955452,59.92733750955452,59.92733750955452,59.92733750955452
6544,58.97503607343837,58.97503607343837,58.97503607343837,58.97503607343837,58.97503607343837
6545,68.80404385923619,68.80404385923619,68.80404385923619,68.80404385923619,68.80404385923619
6546,66.26361225300984,66.26361225300984,66.26361225300984,66.26361225300984,66.26361225300984
6547,62.79414620809267,62.79414620809267,62.79414620809267,62.79414620809267,62.79414620809267
6548,62.59719297709644,62.59719297709644,62.59719297709644,62.59719297709644,62.59719297709644
6549,59.885844131071785,59.885844131071785,59.885844131071785,59.885844131071785,59.885844131071785
6550,63.58654717504227,63.58654717504227,63.58654717504227,63.58654717504227,63.58654717504227
6551,70.66793743845044,70.66793743845044,70.66793743845044,70.66793743845044,70.66793743845044
6552,59.624892694397566,59.624892694397566,59.624892694397566,59.624892694397566,59.624892694397566
6553,67.34227785364307,67.34227785364307,67.34227785364307,67.34227785364307,67.34227785364307
6554,70.44179881464812,70.44179881464812,70.44179881464812,70.44179881464812,70.44179881464812
6555,63.60735397316157,63.60735397316157,63.60735397316157,63.60735397316157,63.60735397316157
6556,68.71118057138273,68.71118057138273,68.71118057138273,68.71118057138273,68.71118057138273
6557,60.56554467682328,60.56554467682328,60.56554467682328,60.56554467682328,60.56554467682328
6558,60.20965673163661,60.20965673163661,60.20965673163661,60.20965673163661,60.20965673163661
6559,66.13122276333135,66.13122276333135,66.13122276333135,66.13122276333135,66.13122276333135
6560,65.24103761175952,65.24103761175952,65.24103761175952,65.24103761175952,65.24103761175952
6561,60.642113184503025,60.642113184503025,60.642113184503025,60.642113184503025,60.642113184503025
6562,69.31094331883149,69.31094331883149,69.31094331883149,69.31094331883149,69.31094331883149
6563,68.9878161115382,68.9878161115382,68.9878161115382,68.9878161115382,68.9878161115382
6564,62.756667808649425,62.756667808649425,62.756667808649425,62.756667808649425,62.756667808649425
6565,61.170521350395525,61.170521350395525,61.170521350395525,61.170521350395525,61.170521350395525
6566,59.58258959302293,59.58258959302293,59.58258959302293,59.58258959302293,59.58258959302293
6567,65.46786780148493,65.46786780148493,65.46786780148493,65.46786780148493,65.46786780148493
6568,62.0830823715538,62.0830823715538,62.0830823715538,62.0830823715538,62.0830823715538
6569,64.17605623539765,64.17605623539765,64.17605623539765,64.17605623539765,64.17605623539765
6570,58.68148501590914,58.68148501590914,58.68148501590914,58.68148501590914,58.68148501590914
6571,60.8985559968662,60.8985559968662,60.8985559968662,60.8985559968662,60.8985559968662
6572,69.9162354116263,69.9162354116263,69.9162354116263,69.9162354116263,69.9162354116263
6573,67.81120172893375,67.81120172893375,67.81120172893375,67.81120172893375,67.81120172893375
6574,59.97260394436825,59.97260394436825,59.97260394436825,59.97260394436825,59.97260394436825
6575,63.847639552897604,63.847639552897604,63.847639552897604,63.847639552897604,63.847639552897604
6576,64.79116785384032,64.79116785384032,64.79116785384032,64.79116785384032,64.79116785384032
6577,70.31788118105628,70.31788118105628,70.31788118105628,70.31788118105628,70.31788118105628
6578,63.191288979360856,63.191288979360856,63.191288979360856,63.191288979360856,63.191288979360856
6579,60.042068282101866,60.042068282101866,60.042068282101866,60.042068282101866,60.042068282101866
6580,63.455033277306896,63.455033277306896,63.455033277306896,63.455033277306896,63.455033277306896
6581,69.67165280178958,69.67165280178958,69.67165280178958,69.67165280178958,69.67165280178958
6582,64.85601276303294,64.85601276303294,64.85601276303294,64.85601276303294,64.85601276303294
6583,66.72636210887279,66.72636210887279,66.72636210887279,66.72636210887279,66.72636210887279
6584,61.74441532891537,61.74441532891537,61.74441532891537,61.74441532891537,61.74441532891537
6585,58.644499015308256,58.644499015308256,58.644499015308256,58.644499015308256,58.644499015308256
6586,66.08066594876618,66.08066594876618,66.08066594876618,66.08066594876618,66.08066594876618
6587,62.95673175908431,62.95673175908431,62.95673175908431,62.95673175908431,62.95673175908431
6588,60.38746773971732,60.38746773971732,60.38746773971732,60.38746773971732,60.38746773971732
6589,71.24839546250463,71.24839546250463,71.24839546250463,71.24839546250463,71.24839546250463
6590,59.88849596150577,59.88849596150577,59.88849596150577,59.88849596150577,59.88849596150577
6591,65.50334293889424,65.50334293889424,65.50334293889424,65.50334293889424,65.50334293889424
6592,67.65014799822549,67.65014799822549,67.65014799822549,67.65014799822549,67.65014799822549
6593,64.31121531478794,64.31121531478794,64.31121531478794,64.31121531478794,64.31121531478794
6594,66.71788881193775,66.71788881193775,66.71788881193775,66.71788881193775,66.71788881193775
6595,65.23796262363973,65.23796262363973,65.23796262363973,65.23796262363973,65.23796262363973
6596,58.52357284654021,58.52357284654021,58.52357284654021,58.52357284654021,58.52357284654021
6597,67.04093033949046,67.04093033949046,67.04093033949046,67.04093033949046,67.04093033949046
6598,62.507769571754814,62.507769571754814,62.507769571754814,62.507769571754814,62.507769571754814
6599,68.556101777086,68.556101777086,68.556101777086,68.556101777086,68.556101777086
6600,61.28946329653383,61.28946329653383,61.28946329653383,61.28946329653383,61.28946329653383
6601,59.10256734074257,59.10256734074257,59.10256734074257,59.10256734074257,59.10256734074257
6602,67.65848493256142,67.65848493256142,67.65848493256142,67.65848493256142,67.65848493256142
6603,70.67961080497881,70.67961080497881,70.67961080497881,70.67961080497881,70.67961080497881
6604,68.79325601880852,68.79325601880852,68.79325601880852,68.79325601880852,68.79325601880852
6605,59.14536317905264,59.14536317905264,59.14536317905264,59.14536317905264,59.14536317905264
6606,60.179874463754956,60.179874463754956,60.179874463754956,60.179874463754956,60.179874463754956
6607,71.01517645840009,71.01517645840009,71.01517645840009,71.01517645840009,71.01517645840009
6608,63.52867245397291,63.52867245397291,63.52867245397291,63.52867245397291,63.52867245397291
6609,70.71680363051715,70.71680363051715,70.71680363051715,70.71680363051715,70.71680363051715
6610,66.79377075737621,66.79377075737621,66.79377075737621,66.79377075737621,66.79377075737621
6611,58.75222976906564,58.75222976906564,58.75222976906564,58.75222976906564,58.75222976906564
6612,63.47493265188219,63.47493265188219,63.47493265188219,63.47493265188219,63.47493265188219
6613,66.12299843328765,66.12299843328765,66.12299843328765,66.12299843328765,66.12299843328765
6614,59.90663837943209,59.90663837943209,59.90663837943209,59.90663837943209,59.90663837943209
6615,60.251596581730844,60.251596581730844,60.251596581730844,60.251596581730844,60.251596581730844
6616,63.42046699830605,63.42046699830605,63.42046699830605,63.42046699830605,63.42046699830605
6617,69.67798350402568,69.67798350402568,69.67798350402568,69.67798350402568,69.67798350402568
6618,63.49218189114943,63.49218189114943,63.49218189114943,63.49218189114943,63.49218189114943
6619,70.64125179182005,70.64125179182005,70.64125179182005,70.64125179182005,70.64125179182005
6620,68.16592607689704,68.16592607689704,68.16592607689704,68.16592607689704,68.16592607689704
6621,66.19763995649762,66.19763995649762,66.19763995649762,66.19763995649762,66.19763995649762
6622,58.674870282301804,58.674870282301804,58.674870282301804,58.674870282301804,58.674870282301804
6623,60.12300090329567,60.12300090329567,60.12300090329567,60.12300090329567,60.12300090329567
6624,64.65886378685732,64.65886378685732,64.65886378685732,64.65886378685732,64.65886378685732
6625,67.52557177223765,67.52557177223765,67.52557177223765,67.52557177223765,67.52557177223765
6626,65.0952037128931,65.0952037128931,65.0952037128931,65.0952037128931,65.0952037128931
6627,65.97532568352017,65.97532568352017,65.97532568352017,65.97532568352017,65.97532568352017
6628,68.49443005334476,68.49443005334476,68.49443005334476,68.49443005334476,68.49443005334476
6629,67.56564776854005,67.56564776854005,67.56564776854005,67.56564776854005,67.56564776854005
6630,70.84922005716751,70.84922005716751,70.84922005716751,70.84922005716751,70.84922005716751
6631,65.16248812337457,65.16248812337457,65.16248812337457,65.16248812337457,65.16248812337457
6632,62.305954699826934,62.305954699826934,62.305954699826934,62.305954699826934,62.305954699826934
6633,68.93363647218972,68.93363647218972,68.93363647218972,68.93363647218972,68.93363647218972
6634,70.89760463391093,70.89760463391093,70.89760463391093,70.89760463391093,70.89760463391093
6635,71.2821183402606,71.2821183402606,71.2821183402606,71.2821183402606,71.2821183402606
6636,67.97497951881351,67.97497951881351,67.97497951881351,67.97497951881351,67.97497951881351
6637,61.30732707414722,61.30732707414722,61.30732707414722,61.30732707414722,61.30732707414722
6638,71.13002330225605,71.13002330225605,71.13002330225605,71.13002330225605,71.13002330225605
6639,65.64561256059393,65.64561256059393,65.64561256059393,65.64561256059393,65.64561256059393
6640,71.12593888948629,71.12593888948629,71.12593888948629,71.12593888948629,71.12593888948629
6641,64.59044252750147,64.59044252750147,64.59044252750147,64.59044252750147,64.59044252750147
6642,68.28399987777742,68.28399987777742,68.28399987777742,68.28399987777742,68.28399987777742
6643,70.4214869500647,70.4214869500647,70.4214869500647,70.4214869500647,70.4214869500647
6644,69.76737056450641,69.76737056450641,69.76737056450641,69.76737056450641,69.76737056450641
6645,61.5745894414868,61.5745894414868,61.5745894414868,61.5745894414868,61.5745894414868
6646,69.10943623436314,69.10943623436314,69.10943623436314,69.10943623436314,69.10943623436314
6647,62.16707544841851,62.16707544841851,62.16707544841851,62.16707544841851,62.16707544841851
6648,71.08609608768157,71.08609608768157,71.08609608768157,71.08609608768157,71.08609608768157
6649,70.48932110976953,70.48932110976953,70.48932110976953,70.48932110976953,70.48932110976953
6650,62.269302864701814,62.269302864701814,62.269302864701814,62.269302864701814,62.269302864701814
6651,62.39001512987847,62.39001512987847,62.39001512987847,62.39001512987847,62.39001512987847
6652,64.19446556520258,64.19446556520258,64.19446556520258,64.19446556520258,64.19446556520258
6653,64.14914002277003,64.14914002277003,64.14914002277003,64.14914002277003,64.14914002277003
6654,68.33335877356426,68.33335877356426,68.33335877356426,68.33335877356426,68.33335877356426
6655,66.22306831357027,66.22306831357027,66.22306831357027,66.22306831357027,66.22306831357027
6656,69.35401676949164,69.35401676949164,69.35401676949164,69.35401676949164,69.35401676949164
6657,62.22917408005348,62.22917408005348,62.22917408005348,62.22917408005348,62.22917408005348
6658,65.65546196908156,65.65546196908156,65.65546196908156,65.65546196908156,65.65546196908156
6659,65.4180803409278,65.4180803409278,65.4180803409278,65.4180803409278,65.4180803409278
6660,63.54688962412204,63.54688962412204,63.54688962412204,63.54688962412204,63.54688962412204
6661,62.48828949020514,62.48828949020514,62.48828949020514,62.48828949020514,62.48828949020514
6662,67.74362066258118,67.74362066258118,67.74362066258118,67.74362066258118,67.74362066258118
6663,68.13877118184539,68.13877118184539,68.13877118184539,68.13877118184539,68.13877118184539
6664,68.19437722568054,68.19437722568054,68.19437722568054,68.19437722568054,68.19437722568054
6665,69.53681934203162,69.53681934203162,69.53681934203162,69.53681934203162,69.53681934203162
6666,70.75334747401432,70.75334747401432,70.75334747401432,70.75334747401432,70.75334747401432
6667,59.20810530093378,59.20810530093378,59.20810530093378,59.20810530093378,59.20810530093378
6668,68.3152947681142,68.3152947681142,68.3152947681142,68.3152947681142,68.3152947681142
6669,65.26218956135406,65.26218956135406,65.26218956135406,65.26218956135406,65.26218956135406
6670,64.66488798740903,64.66488798740903,64.66488798740903,64.66488798740903,64.66488798740903
6671,64.96839030279234,64.96839030279234,64.96839030279234,64.96839030279234,64.96839030279234
6672,68.34866736384389,68.34866736384389,68.34866736384389,68.34866736384389,68.34866736384389
6673,69.50601597421641,69.50601597421641,69.50601597421641,69.50601597421641,69.50601597421641
6674,66.82920095979675,66.82920095979675,66.82920095979675,66.82920095979675,66.82920095979675
6675,61.84831385495029,61.84831385495029,61.84831385495029,61.84831385495029,61.84831385495029
6676,62.926371004058446,62.926371004058446,62.926371004058446,62.926371004058446,62.926371004058446
6677,68.22757263821975,68.22757263821975,68.22757263821975,68.22757263821975,68.22757263821975
6678,66.56441648293739,66.56441648293739,66.56441648293739,66.56441648293739,66.56441648293739
6679,63.96263054109616,63.96263054109616,63.96263054109616,63.96263054109616,63.96263054109616
6680,68.8649898079794,68.8649898079794,68.8649898079794,68.8649898079794,68.8649898079794
6681,70.44848637113333,70.44848637113333,70.44848637113333,70.44848637113333,70.44848637113333
6682,68.355020357178,68.355020357178,68.355020357178,68.355020357178,68.355020357178
6683,63.46355581876352,63.46355581876352,63.46355581876352,63.46355581876352,63.46355581876352
6684,66.08875734418481,66.08875734418481,66.08875734418481,66.08875734418481,66.08875734418481
6685,64.47947129489704,64.47947129489704,64.47947129489704,64.47947129489704,64.47947129489704
6686,70.48763576863276,70.48763576863276,70.48763576863276,70.48763576863276,70.48763576863276
6687,67.12458038483625,67.12458038483625,67.12458038483625,67.12458038483625,67.12458038483625
6688,68.81644470584837,68.81644470584837,68.81644470584837,68.81644470584837,68.81644470584837
6689,60.7452875128208,60.7452875128208,60.7452875128208,60.7452875128208,60.7452875128208
6690,70.35132209769188,70.35132209769188,70.35132209769188,70.35132209769188,70.35132209769188
6691,67.1018461614572,67.1018461614572,67.1018461614572,67.1018461614572,67.1018461614572
6692,67.4956288044813,67.4956288044813,67.4956288044813,67.4956288044813,67.4956288044813
6693,67.61588833107596,67.61588833107596,67.61588833107596,67.61588833107596,67.61588833107596
6694,59.69283554105575,59.69283554105575,59.69283554105575,59.69283554105575,59.69283554105575
6695,60.112921127767194,60.112921127767194,60.112921127767194,60.112921127767194,60.112921127767194
6696,63.2618845233406,63.2618845233406,63.2618845233406,63.2618845233406,63.2618845233406
6697,67.80624154928479,67.80624154928479,67.80624154928479,67.80624154928479,67.80624154928479
6698,67.12672950919693,67.12672950919693,67.12672950919693,67.12672950919693,67.12672950919693
6699,64.30314581447013,64.30314581447013,64.30314581447013,64.30314581447013,64.30314581447013
6700,70.24219145537882,70.24219145537882,70.24219145537882,70.24219145537882,70.24219145537882
6701,63.3671584267592,63.3671584267592,63.3671584267592,63.3671584267592,63.3671584267592
6702,65.38225432525813,65.38225432525813,65.38225432525813,65.38225432525813,65.38225432525813
6703,70.56105354306527,70.56105354306527,70.56105354306527,70.56105354306527,70.56105354306527
6704,58.56271679855546,58.56271679855546,58.56271679855546,58.56271679855546,58.56271679855546
6705,69.565272200107,69.565272200107,69.565272200107,69.565272200107,69.565272200107
6706,69.9683530723167,69.9683530723167,69.9683530723167,69.9683530723167,69.9683530723167
6707,61.20954736871202,61.20954736871202,61.20954736871202,61.20954736871202,61.20954736871202
6708,68.41627471752192,68.41627471752192,68.41627471752192,68.41627471752192,68.41627471752192
6709,61.123800131063085,61.123800131063085,61.123800131063085,61.123800131063085,61.123800131063085
6710,65.07421221329217,65.07421221329217,65.07421221329217,65.07421221329217,65.07421221329217
6711,65.46754281124107,65.46754281124107,65.46754281124107,65.46754281124107,65.46754281124107
6712,70.48921838811752,70.48921838811752,70.48921838811752,70.48921838811752,70.48921838811752
6713,70.81616612442734,70.81616612442734,70.81616612442734,70.81616612442734,70.81616612442734
6714,63.23729853266666,63.23729853266666,63.23729853266666,63.23729853266666,63.23729853266666
6715,59.40201140862887,59.40201140862887,59.40201140862887,59.40201140862887,59.40201140862887
6716,67.92464053425665,67.92464053425665,67.92464053425665,67.92464053425665,67.92464053425665
6717,59.37859389142424,59.37859389142424,59.37859389142424,59.37859389142424,59.37859389142424
6718,69.93338243378956,69.93338243378956,69.93338243378956,69.93338243378956,69.93338243378956
6719,68.07062066807299,68.07062066807299,68.07062066807299,68.07062066807299,68.07062066807299
6720,67.43104369471538,67.43104369471538,67.43104369471538,67.43104369471538,67.43104369471538
6721,59.393284351651936,59.393284351651936,59.393284351651936,59.393284351651936,59.393284351651936
6722,66.8987850842494,66.8987850842494,66.8987850842494,66.8987850842494,66.8987850842494
6723,66.23955149964398,66.23955149964398,66.23955149964398,66.23955149964398,66.23955149964398
6724,59.02717147180365,59.02717147180365,59.02717147180365,59.02717147180365,59.02717147180365
6725,64.82597150783499,64.82597150783499,64.82597150783499,64.82597150783499,64.82597150783499
6726,63.566269036798744,63.566269036798744,63.566269036798744,63.566269036798744,63.566269036798744
6727,68.64193446228839,68.64193446228839,68.64193446228839,68.64193446228839,68.64193446228839
6728,62.695653790340636,62.695653790340636,62.695653790340636,62.695653790340636,62.695653790340636
6729,59.5924133171418,59.5924133171418,59.5924133171418,59.5924133171418,59.5924133171418
6730,71.10951493889014,71.10951493889014,71.10951493889014,71.10951493889014,71.10951493889014
6731,58.580212796312786,58.580212796312786,58.580212796312786,58.580212796312786,58.580212796312786
6732,64.17254173435119,64.17254173435119,64.17254173435119,64.17254173435119,64.17254173435119
6733,59.363535746015664,59.363535746015664,59.363535746015664,59.363535746015664,59.363535746015664
6734,60.1867774675958,60.1867774675958,60.1867774675958,60.1867774675958,60.1867774675958
6735,63.115225215487285,63.115225215487285,63.115225215487285,63.115225215487285,63.115225215487285
6736,66.86736225253335,66.86736225253335,66.86736225253335,66.86736225253335,66.86736225253335
6737,64.78374295619444,64.78374295619444,64.78374295619444,64.78374295619444,64.78374295619444
6738,58.73997802585263,58.73997802585263,58.73997802585263,58.73997802585263,58.73997802585263
6739,64.95635400922467,64.95635400922467,64.95635400922467,64.95635400922467,64.95635400922467
6740,60.516482147225915,60.516482147225915,60.516482147225915,60.516482147225915,60.516482147225915
6741,67.14507608477628,67.14507608477628,67.14507608477628,67.14507608477628,67.14507608477628
6742,59.210902817322896,59.210902817322896,59.210902817322896,59.210902817322896,59.210902817322896
6743,60.35224986538056,60.35224986538056,60.35224986538056,60.35224986538056,60.35224986538056
6744,66.38509176672444,66.38509176672444,66.38509176672444,66.38509176672444,66.38509176672444
6745,62.47336842198731,62.47336842198731,62.47336842198731,62.47336842198731,62.47336842198731
6746,71.48011399082787,71.48011399082787,71.48011399082787,71.48011399082787,71.48011399082787
6747,65.95593468637603,65.95593468637603,65.95593468637603,65.95593468637603,65.95593468637603
6748,63.25957480881585,63.25957480881585,63.25957480881585,63.25957480881585,63.25957480881585
6749,68.57994004967311,68.57994004967311,68.57994004967311,68.57994004967311,68.57994004967311
6750,67.27960836040134,67.27960836040134,67.27960836040134,67.27960836040134,67.27960836040134
6751,68.92793653403045,68.92793653403045,68.92793653403045,68.92793653403045,68.92793653403045
6752,67.70266033913803,67.70266033913803,67.70266033913803,67.70266033913803,67.70266033913803
6753,64.80483307897397,64.80483307897397,64.80483307897397,64.80483307897397,64.80483307897397
6754,60.81453270827627,60.81453270827627,60.81453270827627,60.81453270827627,60.81453270827627
6755,60.80548743400132,60.80548743400132,60.80548743400132,60.80548743400132,60.80548743400132
6756,59.90464276146083,59.90464276146083,59.90464276146083,59.90464276146083,59.90464276146083
6757,60.888984814468145,60.888984814468145,60.888984814468145,60.888984814468145,60.888984814468145
6758,59.40667962282815,59.40667962282815,59.40667962282815,59.40667962282815,59.40667962282815
6759,61.10392375616156,61.10392375616156,61.10392375616156,61.10392375616156,61.10392375616156
6760,71.0481469517393,71.0481469517393,71.0481469517393,71.0481469517393,71.0481469517393
6761,70.16384253177678,70.16384253177678,70.16384253177678,70.16384253177678,70.16384253177678
6762,58.6548439840658,58.6548439840658,58.6548439840658,58.6548439840658,58.6548439840658
6763,69.92410973540743,69.92410973540743,69.92410973540743,69.92410973540743,69.92410973540743
6764,71.01135468147976,71.01135468147976,71.01135468147976,71.01135468147976,71.01135468147976
6765,60.60340612047851,60.60340612047851,60.60340612047851,60.60340612047851,60.60340612047851
6766,69.3388938371532,69.3388938371532,69.3388938371532,69.3388938371532,69.3388938371532
6767,69.4360634309853,69.4360634309853,69.4360634309853,69.4360634309853,69.4360634309853
6768,67.85298060544447,67.85298060544447,67.85298060544447,67.85298060544447,67.85298060544447
6769,60.701969907021514,60.701969907021514,60.701969907021514,60.701969907021514,60.701969907021514
6770,69.32466933038725,69.32466933038725,69.32466933038725,69.32466933038725,69.32466933038725
6771,66.18426223655133,66.18426223655133,66.18426223655133,66.18426223655133,66.18426223655133
6772,70.9973218064893,70.9973218064893,70.9973218064893,70.9973218064893,70.9973218064893
6773,61.89483293209757,61.89483293209757,61.89483293209757,61.89483293209757,61.89483293209757
6774,69.10041179807574,69.10041179807574,69.10041179807574,69.10041179807574,69.10041179807574
6775,65.28390475421439,65.28390475421439,65.28390475421439,65.28390475421439,65.28390475421439
6776,68.80092044124675,68.80092044124675,68.80092044124675,68.80092044124675,68.80092044124675
6777,61.560772070918425,61.560772070918425,61.560772070918425,61.560772070918425,61.560772070918425
6778,69.71010231124252,69.71010231124252,69.71010231124252,69.71010231124252,69.71010231124252
6779,61.419858888816194,61.419858888816194,61.419858888816194,61.419858888816194,61.419858888816194
6780,65.6447682047729,65.6447682047729,65.6447682047729,65.6447682047729,65.6447682047729
6781,60.89558976411721,60.89558976411721,60.89558976411721,60.89558976411721,60.89558976411721
6782,68.0292252913482,68.0292252913482,68.0292252913482,68.0292252913482,68.0292252913482
6783,71.34522695355977,71.34522695355977,71.34522695355977,71.34522695355977,71.34522695355977
6784,60.46533002947271,60.46533002947271,60.46533002947271,60.46533002947271,60.46533002947271
6785,62.25774227304342,62.25774227304342,62.25774227304342,62.25774227304342,62.25774227304342
6786,64.47423646035467,64.47423646035467,64.47423646035467,64.47423646035467,64.47423646035467
6787,69.40733827566243,69.40733827566243,69.40733827566243,69.40733827566243,69.40733827566243
6788,70.05668871682094,70.05668871682094,70.05668871682094,70.05668871682094,70.05668871682094
6789,70.01993892669566,70.01993892669566,70.01993892669566,70.01993892669566,70.01993892669566
6790,66.69347954444682,66.69347954444682,66.69347954444682,66.69347954444682,66.69347954444682
6791,62.794849339173126,62.794849339173126,62.794849339173126,62.794849339173126,62.794849339173126
6792,62.7549215735814,62.7549215735814,62.7549215735814,62.7549215735814,62.7549215735814
6793,63.7511156954901,63.7511156954901,63.7511156954901,63.7511156954901,63.7511156954901
6794,62.26007762918455,62.26007762918455,62.26007762918455,62.26007762918455,62.26007762918455
6795,68.54504465259049,68.54504465259049,68.54504465259049,68.54504465259049,68.54504465259049
6796,69.45801439974578,69.45801439974578,69.45801439974578,69.45801439974578,69.45801439974578
6797,67.33010350461807,67.33010350461807,67.33010350461807,67.33010350461807,67.33010350461807
6798,58.7461691051508,58.7461691051508,58.7461691051508,58.7461691051508,58.7461691051508
6799,62.40493184399687,62.40493184399687,62.40493184399687,62.40493184399687,62.40493184399687
6800,62.159778250819805,62.159778250819805,62.159778250819805,62.159778250819805,62.159778250819805
6801,60.011878124121,60.011878124121,60.011878124121,60.011878124121,60.011878124121
6802,60.21396634824108,60.21396634824108,60.21396634824108,60.21396634824108,60.21396634824108
6803,69.13650764096369,69.13650764096369,69.13650764096369,69.13650764096369,69.13650764096369
6804,61.343845897714374,61.343845897714374,61.343845897714374,61.343845897714374,61.343845897714374
6805,60.37289023880862,60.37289023880862,60.37289023880862,60.37289023880862,60.37289023880862
6806,70.09397192972689,70.09397192972689,70.09397192972689,70.09397192972689,70.09397192972689
6807,63.88976786173154,63.88976786173154,63.88976786173154,63.88976786173154,63.88976786173154
6808,65.3291133338018,65.3291133338018,65.3291133338018,65.3291133338018,65.3291133338018
6809,67.43139795615397,67.43139795615397,67.43139795615397,67.43139795615397,67.43139795615397
6810,68.08446514685929,68.08446514685929,68.08446514685929,68.08446514685929,68.08446514685929
6811,62.735948678719396,62.735948678719396,62.735948678719396,62.735948678719396,62.735948678719396
6812,68.3028788907498,68.3028788907498,68.3028788907498,68.3028788907498,68.3028788907498
6813,60.02573209883167,60.02573209883167,60.02573209883167,60.02573209883167,60.02573209883167
6814,62.818325540545736,62.818325540545736,62.818325540545736,62.818325540545736,62.818325540545736
6815,63.720074092365635,63.720074092365635,63.720074092365635,63.720074092365635,63.720074092365635
6816,64.13076137084863,64.13076137084863,64.13076137084863,64.13076137084863,64.13076137084863
6817,68.3502162428972,68.3502162428972,68.3502162428972,68.3502162428972,68.3502162428972
6818,63.35884484976498,63.35884484976498,63.35884484976498,63.35884484976498,63.35884484976498
6819,68.41798737559947,68.41798737559947,68.41798737559947,68.41798737559947,68.41798737559947
6820,66.57156144181089,66.57156144181089,66.57156144181089,66.57156144181089,66.57156144181089
6821,59.744702551615845,59.744702551615845,59.744702551615845,59.744702551615845,59.744702551615845
6822,61.54501691839872,61.54501691839872,61.54501691839872,61.54501691839872,61.54501691839872
6823,67.42211573653141,67.42211573653141,67.42211573653141,67.42211573653141,67.42211573653141
6824,70.26108777392551,70.26108777392551,70.26108777392551,70.26108777392551,70.26108777392551
6825,68.0238199065993,68.0238199065993,68.0238199065993,68.0238199065993,68.0238199065993
6826,61.535662300292344,61.535662300292344,61.535662300292344,61.535662300292344,61.535662300292344
6827,62.188684819249936,62.188684819249936,62.188684819249936,62.188684819249936,62.188684819249936
6828,58.54850009930122,58.54850009930122,58.54850009930122,58.54850009930122,58.54850009930122
6829,66.5918921028967,66.5918921028967,66.5918921028967,66.5918921028967,66.5918921028967
6830,70.5510349463877,70.5510349463877,70.5510349463877,70.5510349463877,70.5510349463877
6831,66.02112252393022,66.02112252393022,66.02112252393022,66.02112252393022,66.02112252393022
6832,66.29886730620673,66.29886730620673,66.29886730620673,66.29886730620673,66.29886730620673
6833,67.13624993617287,67.13624993617287,67.13624993617287,67.13624993617287,67.13624993617287
6834,66.71970832386373,66.71970832386373,66.71970832386373,66.71970832386373,66.71970832386373
6835,69.32546385994009,69.32546385994009,69.32546385994009,69.32546385994009,69.32546385994009
6836,65.9152586194465,65.9152586194465,65.9152586194465,65.9152586194465,65.9152586194465
6837,59.80841796844446,59.80841796844446,59.80841796844446,59.80841796844446,59.80841796844446
6838,70.84901395848378,70.84901395848378,70.84901395848378,70.84901395848378,70.84901395848378
6839,68.54000454644915,68.54000454644915,68.54000454644915,68.54000454644915,68.54000454644915
6840,62.31714181504207,62.31714181504207,62.31714181504207,62.31714181504207,62.31714181504207
6841,69.56999640225875,69.56999640225875,69.56999640225875,69.56999640225875,69.56999640225875
6842,66.01077840316205,66.01077840316205,66.01077840316205,66.01077840316205,66.01077840316205
6843,63.680370658099946,63.680370658099946,63.680370658099946,63.680370658099946,63.680370658099946
6844,61.630211410480946,61.630211410480946,61.630211410480946,61.630211410480946,61.630211410480946
6845,65.53243822931235,65.53243822931235,65.53243822931235,65.53243822931235,65.53243822931235
6846,68.57723582577722,68.57723582577722,68.57723582577722,68.57723582577722,68.57723582577722
6847,70.03865761111486,70.03865761111486,70.03865761111486,70.03865761111486,70.03865761111486
6848,65.60808454525002,65.60808454525002,65.60808454525002,65.60808454525002,65.60808454525002
6849,65.18677670538257,65.18677670538257,65.18677670538257,65.18677670538257,65.18677670538257
6850,61.76542477795329,61.76542477795329,61.76542477795329,61.76542477795329,61.76542477795329
6851,64.07090927313548,64.07090927313548,64.07090927313548,64.07090927313548,64.07090927313548
6852,65.60842091504107,65.60842091504107,65.60842091504107,65.60842091504107,65.60842091504107
6853,64.21359700575147,64.21359700575147,64.21359700575147,64.21359700575147,64.21359700575147
6854,64.99160849452997,64.99160849452997,64.99160849452997,64.99160849452997,64.99160849452997
6855,59.79909432975015,59.79909432975015,59.79909432975015,59.79909432975015,59.79909432975015
6856,61.50666899538525,61.50666899538525,61.50666899538525,61.50666899538525,61.50666899538525
6857,65.35422854168704,65.35422854168704,65.35422854168704,65.35422854168704,65.35422854168704
6858,62.03856233705744,62.03856233705744,62.03856233705744,62.03856233705744,62.03856233705744
6859,59.012330385167715,59.012330385167715,59.012330385167715,59.012330385167715,59.012330385167715
6860,64.61558832927173,64.61558832927173,64.61558832927173,64.61558832927173,64.61558832927173
6861,63.947704069561944,63.947704069561944,63.947704069561944,63.947704069561944,63.947704069561944
6862,70.61088629488096,70.61088629488096,70.61088629488096,70.61088629488096,70.61088629488096
6863,69.42728521938511,69.42728521938511,69.42728521938511,69.42728521938511,69.42728521938511
6864,71.01812716292613,71.01812716292613,71.01812716292613,71.01812716292613,71.01812716292613
6865,64.77314573605746,64.77314573605746,64.77314573605746,64.77314573605746,64.77314573605746
6866,68.86882844615674,68.86882844615674,68.86882844615674,68.86882844615674,68.86882844615674
6867,59.57340629378029,59.57340629378029,59.57340629378029,59.57340629378029,59.57340629378029
6868,68.75879711781833,68.75879711781833,68.75879711781833,68.75879711781833,68.75879711781833
6869,58.86266959142186,58.86266959142186,58.86266959142186,58.86266959142186,58.86266959142186
6870,68.90709027291784,68.90709027291784,68.90709027291784,68.90709027291784,68.90709027291784
6871,69.91905729207491,69.91905729207491,69.91905729207491,69.91905729207491,69.91905729207491
6872,71.45697547414973,71.45697547414973,71.45697547414973,71.45697547414973,71.45697547414973
6873,59.73095238463509,59.73095238463509,59.73095238463509,59.73095238463509,59.73095238463509
6874,67.88249905080806,67.88249905080806,67.88249905080806,67.88249905080806,67.88249905080806
6875,61.67908837002005,61.67908837002005,61.67908837002005,61.67908837002005,61.67908837002005
6876,63.73941416773637,63.73941416773637,63.73941416773637,63.73941416773637,63.73941416773637
6877,63.03772510780416,63.03772510780416,63.03772510780416,63.03772510780416,63.03772510780416
6878,70.28866866241631,70.28866866241631,70.28866866241631,70.28866866241631,70.28866866241631
6879,67.9992118641042,67.9992118641042,67.9992118641042,67.9992118641042,67.9992118641042
6880,64.96760303593992,64.96760303593992,64.96760303593992,64.96760303593992,64.96760303593992
6881,66.60549169034823,66.60549169034823,66.60549169034823,66.60549169034823,66.60549169034823
6882,66.06330213141192,66.06330213141192,66.06330213141192,66.06330213141192,66.06330213141192
6883,65.82730289746239,65.82730289746239,65.82730289746239,65.82730289746239,65.82730289746239
6884,59.92105950600103,59.92105950600103,59.92105950600103,59.92105950600103,59.92105950600103
6885,60.632419088457944,60.632419088457944,60.632419088457944,60.632419088457944,60.632419088457944
6886,70.35054013100245,70.35054013100245,70.35054013100245,70.35054013100245,70.35054013100245
6887,63.67550854000561,63.67550854000561,63.67550854000561,63.67550854000561,63.67550854000561
6888,69.13502986708886,69.13502986708886,69.13502986708886,69.13502986708886,69.13502986708886
6889,60.76821995933199,60.76821995933199,60.76821995933199,60.76821995933199,60.76821995933199
6890,67.47710841555016,67.47710841555016,67.47710841555016,67.47710841555016,67.47710841555016
6891,68.19933809232653,68.19933809232653,68.19933809232653,68.19933809232653,68.19933809232653
6892,62.342980613841995,62.342980613841995,62.342980613841995,62.342980613841995,62.342980613841995
6893,69.41366337509471,69.41366337509471,69.41366337509471,69.41366337509471,69.41366337509471
6894,65.75628616757852,65.75628616757852,65.75628616757852,65.75628616757852,65.75628616757852
6895,62.352630304219915,62.352630304219915,62.352630304219915,62.352630304219915,62.352630304219915
6896,64.30560914748584,64.30560914748584,64.30560914748584,64.30560914748584,64.30560914748584
6897,71.4935346022439,71.4935346022439,71.4935346022439,71.4935346022439,71.4935346022439
6898,65.84705351531422,65.84705351531422,65.84705351531422,65.84705351531422,65.84705351531422
6899,58.84070098807192,58.84070098807192,58.84070098807192,58.84070098807192,58.84070098807192
6900,68.69081367220804,68.69081367220804,68.69081367220804,68.69081367220804,68.69081367220804
6901,67.86660814123385,67.86660814123385,67.86660814123385,67.86660814123385,67.86660814123385
6902,61.61047936785616,61.61047936785616,61.61047936785616,61.61047936785616,61.61047936785616
6903,65.38592325629439,65.38592325629439,65.38592325629439,65.38592325629439,65.38592325629439
6904,64.61431603677958,64.61431603677958,64.61431603677958,64.61431603677958,64.61431603677958
6905,70.31065642628202,70.31065642628202,70.31065642628202,70.31065642628202,70.31065642628202
6906,68.34461056079522,68.34461056079522,68.34461056079522,68.34461056079522,68.34461056079522
6907,60.04959508031105,60.04959508031105,60.04959508031105,60.04959508031105,60.04959508031105
6908,62.71796092781335,62.71796092781335,62.71796092781335,62.71796092781335,62.71796092781335
6909,59.56759248451522,59.56759248451522,59.56759248451522,59.56759248451522,59.56759248451522
6910,65.1715906334212,65.1715906334212,65.1715906334212,65.1715906334212,65.1715906334212
6911,70.70914404025496,70.70914404025496,70.70914404025496,70.70914404025496,70.70914404025496
6912,62.52397177843716,62.52397177843716,62.52397177843716,62.52397177843716,62.52397177843716
6913,60.69898699844619,60.69898699844619,60.69898699844619,60.69898699844619,60.69898699844619
6914,69.902069573608,69.902069573608,69.902069573608,69.902069573608,69.902069573608
6915,60.486081933595486,60.486081933595486,60.486081933595486,60.486081933595486,60.486081933595486
6916,61.07643796093845,61.07643796093845,61.07643796093845,61.07643796093845,61.07643796093845
6917,65.63271530515937,65.63271530515937,65.63271530515937,65.63271530515937,65.63271530515937
6918,66.27720613027076,66.27720613027076,66.27720613027076,66.27720613027076,66.27720613027076
6919,63.778280831064045,63.778280831064045,63.778280831064045,63.778280831064045,63.778280831064045
6920,66.25483688692925,66.25483688692925,66.25483688692925,66.25483688692925,66.25483688692925
6921,60.89890014107492,60.89890014107492,60.89890014107492,60.89890014107492,60.89890014107492
6922,58.82127616834666,58.82127616834666,58.82127616834666,58.82127616834666,58.82127616834666
6923,62.752860595179314,62.752860595179314,62.752860595179314,62.752860595179314,62.752860595179314
6924,68.86963595445516,68.86963595445516,68.86963595445516,68.86963595445516,68.86963595445516
6925,71.16184677374511,71.16184677374511,71.16184677374511,71.16184677374511,71.16184677374511
6926,60.686009115747744,60.686009115747744,60.686009115747744,60.686009115747744,60.686009115747744
6927,68.16184540177078,68.16184540177078,68.16184540177078,68.16184540177078,68.16184540177078
6928,70.90908041733697,70.90908041733697,70.90908041733697,70.90908041733697,70.90908041733697
6929,60.221574455764305,60.221574455764305,60.221574455764305,60.221574455764305,60.221574455764305
6930,68.4836925038572,68.4836925038572,68.4836925038572,68.4836925038572,68.4836925038572
6931,60.78603516148612,60.78603516148612,60.78603516148612,60.78603516148612,60.78603516148612
6932,69.45286334017747,69.45286334017747,69.45286334017747,69.45286334017747,69.45286334017747
6933,60.9620193795243,60.9620193795243,60.9620193795243,60.9620193795243,60.9620193795243
6934,60.30497344054747,60.30497344054747,60.30497344054747,60.30497344054747,60.30497344054747
6935,60.17617425850854,60.17617425850854,60.17617425850854,60.17617425850854,60.17617425850854
6936,60.73913215848865,60.73913215848865,60.73913215848865,60.73913215848865,60.73913215848865
6937,58.73997156551018,58.73997156551018,58.73997156551018,58.73997156551018,58.73997156551018
6938,62.85776979865619,62.85776979865619,62.85776979865619,62.85776979865619,62.85776979865619
6939,59.085852649568245,59.085852649568245,59.085852649568245,59.085852649568245,59.085852649568245
6940,60.59058805740524,60.59058805740524,60.59058805740524,60.59058805740524,60.59058805740524
6941,59.57254574904737,59.57254574904737,59.57254574904737,59.57254574904737,59.57254574904737
6942,63.38048148368447,63.38048148368447,63.38048148368447,63.38048148368447,63.38048148368447
6943,65.94041211935134,65.94041211935134,65.94041211935134,65.94041211935134,65.94041211935134
6944,59.628143438514215,59.628143438514215,59.628143438514215,59.628143438514215,59.628143438514215
6945,68.06203823812521,68.06203823812521,68.06203823812521,68.06203823812521,68.06203823812521
6946,71.06766480569725,71.06766480569725,71.06766480569725,71.06766480569725,71.06766480569725
6947,70.43610330679127,70.43610330679127,70.43610330679127,70.43610330679127,70.43610330679127
6948,59.21519658317956,59.21519658317956,59.21519658317956,59.21519658317956,59.21519658317956
6949,65.00157726794961,65.00157726794961,65.00157726794961,65.00157726794961,65.00157726794961
6950,59.06280416154285,59.06280416154285,59.06280416154285,59.06280416154285,59.06280416154285
6951,70.29910521985249,70.29910521985249,70.29910521985249,70.29910521985249,70.29910521985249
6952,60.1782817327464,60.1782817327464,60.1782817327464,60.1782817327464,60.1782817327464
6953,63.72445570434832,63.72445570434832,63.72445570434832,63.72445570434832,63.72445570434832
6954,63.999353632123075,63.999353632123075,63.999353632123075,63.999353632123075,63.999353632123075
6955,69.19698229498253,69.19698229498253,69.19698229498253,69.19698229498253,69.19698229498253
6956,69.52453463060606,69.52453463060606,69.52453463060606,69.52453463060606,69.52453463060606
6957,66.70782076803839,66.70782076803839,66.70782076803839,66.70782076803839,66.70782076803839
6958,65.83618167519016,65.83618167519016,65.83618167519016,65.83618167519016,65.83618167519016
6959,67.03304207463971,67.03304207463971,67.03304207463971,67.03304207463971,67.03304207463971
6960,68.1682780529404,68.1682780529404,68.1682780529404,68.1682780529404,68.1682780529404
6961,68.28580269172889,68.28580269172889,68.28580269172889,68.28580269172889,68.28580269172889
6962,66.47483491471237,66.47483491471237,66.47483491471237,66.47483491471237,66.47483491471237
6963,67.67741377559233,67.67741377559233,67.67741377559233,67.67741377559233,67.67741377559233
6964,69.79030054118077,69.79030054118077,69.79030054118077,69.79030054118077,69.79030054118077
6965,64.17978130563404,64.17978130563404,64.17978130563404,64.17978130563404,64.17978130563404
6966,58.73659824672287,58.73659824672287,58.73659824672287,58.73659824672287,58.73659824672287
6967,64.94709410686889,64.94709410686889,64.94709410686889,64.94709410686889,64.94709410686889
6968,62.323568940400165,62.323568940400165,62.323568940400165,62.323568940400165,62.323568940400165
6969,65.79656511099626,65.79656511099626,65.79656511099626,65.79656511099626,65.79656511099626
6970,62.13757766114498,62.13757766114498,62.13757766114498,62.13757766114498,62.13757766114498
6971,67.9572182834385,67.9572182834385,67.9572182834385,67.9572182834385,67.9572182834385
6972,65.88068308901718,65.88068308901718,65.88068308901718,65.88068308901718,65.88068308901718
6973,63.362297396840724,63.362297396840724,63.362297396840724,63.362297396840724,63.362297396840724
6974,70.67049403137787,70.67049403137787,70.67049403137787,70.67049403137787,70.67049403137787
6975,67.25657089737301,67.25657089737301,67.25657089737301,67.25657089737301,67.25657089737301
6976,69.21549711006644,69.21549711006644,69.21549711006644,69.21549711006644,69.21549711006644
6977,59.17394067049788,59.17394067049788,59.17394067049788,59.17394067049788,59.17394067049788
6978,65.17409145879955,65.17409145879955,65.17409145879955,65.17409145879955,65.17409145879955
6979,58.94486640978114,58.94486640978114,58.94486640978114,58.94486640978114,58.94486640978114
6980,65.92994918097432,65.92994918097432,65.92994918097432,65.92994918097432,65.92994918097432
6981,68.12105202868926,68.12105202868926,68.12105202868926,68.12105202868926,68.12105202868926
6982,60.36735931966949,60.36735931966949,60.36735931966949,60.36735931966949,60.36735931966949
6983,63.15714116315194,63.15714116315194,63.15714116315194,63.15714116315194,63.15714116315194
6984,67.09585361298947,67.09585361298947,67.09585361298947,67.09585361298947,67.09585361298947
6985,64.05868635624262,64.05868635624262,64.05868635624262,64.05868635624262,64.05868635624262
6986,66.10271973465453,66.10271973465453,66.10271973465453,66.10271973465453,66.10271973465453
6987,61.327030549092946,61.327030549092946,61.327030549092946,61.327030549092946,61.327030549092946
6988,67.91525106451742,67.91525106451742,67.91525106451742,67.91525106451742,67.91525106451742
6989,64.78829628368392,64.78829628368392,64.78829628368392,64.78829628368392,64.78829628368392
6990,61.98060297889583,61.98060297889583,61.98060297889583,61.98060297889583,61.98060297889583
6991,64.59281665360501,64.59281665360501,64.59281665360501,64.59281665360501,64.59281665360501
6992,64.18493850940818,64.18493850940818,64.18493850940818,64.18493850940818,64.18493850940818
6993,59.22137255124347,59.22137255124347,59.22137255124347,59.22137255124347,59.22137255124347
6994,67.7980262533304,67.7980262533304,67.7980262533304,67.7980262533304,67.7980262533304
6995,66.57198621513473,66.57198621513473,66.57198621513473,66.57198621513473,66.57198621513473
6996,61.52991068349782,61.52991068349782,61.52991068349782,61.52991068349782,61.52991068349782
6997,62.69917462005628,62.69917462005628,62.69917462005628,62.69917462005628,62.69917462005628
6998,69.59976591242851,69.59976591242851,69.59976591242851,69.59976591242851,69.59976591242851
6999,61.71437428117658,61.71437428117658,61.71437428117658,61.71437428117658,61.71437428117658
7000,62.914071893992386,62.914071893992386,62.914071893992386,62.914071893992386,62.914071893992386
7001,70.45751813946943,70.45751813946943,70.45751813946943,70.45751813946943,70.45751813946943
7002,67.27501015502668,67.27501015502668,67.27501015502668,67.27501015502668,67.27501015502668
7003,65.18006114478011,65.18006114478011,65.18006114478011,65.18006114478011,65.18006114478011
7004,62.2080924471118,62.2080924471118,62.2080924471118,62.2080924471118,62.2080924471118
7005,71.19000841311586,71.19000841311586,71.19000841311586,71.19000841311586,71.19000841311586
7006,63.949189156118244,63.949189156118244,63.949189156118244,63.949189156118244,63.949189156118244
7007,64.98829145633036,64.98829145633036,64.98829145633036,64.98829145633036,64.98829145633036
7008,60.61126024862034,60.61126024862034,60.61126024862034,60.61126024862034,60.61126024862034
7009,66.96726742221122,66.96726742221122,66.96726742221122,66.96726742221122,66.96726742221122
7010,70.59677621851672,70.59677621851672,70.59677621851672,70.59677621851672,70.59677621851672
7011,64.70873264582454,64.70873264582454,64.70873264582454,64.70873264582454,64.70873264582454
7012,68.14637339690829,68.14637339690829,68.14637339690829,68.14637339690829,68.14637339690829
7013,59.421835319000195,59.421835319000195,59.421835319000195,59.421835319000195,59.421835319000195
7014,68.10729740609699,68.10729740609699,68.10729740609699,68.10729740609699,68.10729740609699
7015,66.37387184328857,66.37387184328857,66.37387184328857,66.37387184328857,66.37387184328857
7016,59.54907283798236,59.54907283798236,59.54907283798236,59.54907283798236,59.54907283798236
7017,68.39772738049066,68.39772738049066,68.39772738049066,68.39772738049066,68.39772738049066
7018,70.51359343657118,70.51359343657118,70.51359343657118,70.51359343657118,70.51359343657118
7019,64.62468893973264,64.62468893973264,64.62468893973264,64.62468893973264,64.62468893973264
7020,67.17039592202434,67.17039592202434,67.17039592202434,67.17039592202434,67.17039592202434
7021,69.43037260822344,69.43037260822344,69.43037260822344,69.43037260822344,69.43037260822344
7022,70.72898899880845,70.72898899880845,70.72898899880845,70.72898899880845,70.72898899880845
7023,61.391709335915415,61.391709335915415,61.391709335915415,61.391709335915415,61.391709335915415
7024,63.621070947707096,63.621070947707096,63.621070947707096,63.621070947707096,63.621070947707096
7025,70.3849675490292,70.3849675490292,70.3849675490292,70.3849675490292,70.3849675490292
7026,67.96807801992838,67.96807801992838,67.96807801992838,67.96807801992838,67.96807801992838
7027,64.71990030399739,64.71990030399739,64.71990030399739,64.71990030399739,64.71990030399739
7028,63.02390636107421,63.02390636107421,63.02390636107421,63.02390636107421,63.02390636107421
7029,59.07151849423656,59.07151849423656,59.07151849423656,59.07151849423656,59.07151849423656
7030,69.56372370030486,69.56372370030486,69.56372370030486,69.56372370030486,69.56372370030486
7031,70.71732808347693,70.71732808347693,70.71732808347693,70.71732808347693,70.71732808347693
7032,68.71171647728411,68.71171647728411,68.71171647728411,68.71171647728411,68.71171647728411
7033,66.19441328139769,66.19441328139769,66.19441328139769,66.19441328139769,66.19441328139769
7034,68.14057028860722,68.14057028860722,68.14057028860722,68.14057028860722,68.14057028860722
7035,58.96699893853644,58.96699893853644,58.96699893853644,58.96699893853644,58.96699893853644
7036,60.54783473164585,60.54783473164585,60.54783473164585,60.54783473164585,60.54783473164585
7037,61.39775939831264,61.39775939831264,61.39775939831264,61.39775939831264,61.39775939831264
7038,61.221012985230715,61.221012985230715,61.221012985230715,61.221012985230715,61.221012985230715
7039,65.79888417990973,65.79888417990973,65.79888417990973,65.79888417990973,65.79888417990973
7040,66.5055433069777,66.5055433069777,66.5055433069777,66.5055433069777,66.5055433069777
7041,64.80262658026706,64.80262658026706,64.80262658026706,64.80262658026706,64.80262658026706
7042,68.36933783365515,68.36933783365515,68.36933783365515,68.36933783365515,68.36933783365515
7043,68.45302227497365,68.45302227497365,68.45302227497365,68.45302227497365,68.45302227497365
7044,70.74177764432034,70.74177764432034,70.74177764432034,70.74177764432034,70.74177764432034
7045,60.86903829706881,60.86903829706881,60.86903829706881,60.86903829706881,60.86903829706881
7046,69.89469226159255,69.89469226159255,69.89469226159255,69.89469226159255,69.89469226159255
7047,63.13175617931295,63.13175617931295,63.13175617931295,63.13175617931295,63.13175617931295
7048,60.74542786353985,60.74542786353985,60.74542786353985,60.74542786353985,60.74542786353985
7049,64.70890241063492,64.70890241063492,64.70890241063492,64.70890241063492,64.70890241063492
7050,62.664744732343586,62.664744732343586,62.664744732343586,62.664744732343586,62.664744732343586
7051,60.882053877572666,60.882053877572666,60.882053877572666,60.882053877572666,60.882053877572666
7052,67.13020981071644,67.13020981071644,67.13020981071644,67.13020981071644,67.13020981071644
7053,63.78756151238262,63.78756151238262,63.78756151238262,63.78756151238262,63.78756151238262
7054,63.024190925939294,63.024190925939294,63.024190925939294,63.024190925939294,63.024190925939294
7055,58.92232214301781,58.92232214301781,58.92232214301781,58.92232214301781,58.92232214301781
7056,67.42484976811723,67.42484976811723,67.42484976811723,67.42484976811723,67.42484976811723
7057,63.3848183594573,63.3848183594573,63.3848183594573,63.3848183594573,63.3848183594573
7058,60.17523325051671,60.17523325051671,60.17523325051671,60.17523325051671,60.17523325051671
7059,63.814477513798,63.814477513798,63.814477513798,63.814477513798,63.814477513798
7060,62.099704133076116,62.099704133076116,62.099704133076116,62.099704133076116,62.099704133076116
7061,59.84963099610154,59.84963099610154,59.84963099610154,59.84963099610154,59.84963099610154
7062,67.20175923373431,67.20175923373431,67.20175923373431,67.20175923373431,67.20175923373431
7063,59.7631625577787,59.7631625577787,59.7631625577787,59.7631625577787,59.7631625577787
7064,69.74237933707467,69.74237933707467,69.74237933707467,69.74237933707467,69.74237933707467
7065,69.80425847473748,69.80425847473748,69.80425847473748,69.80425847473748,69.80425847473748
7066,61.14427518252109,61.14427518252109,61.14427518252109,61.14427518252109,61.14427518252109
7067,60.5035433295333,60.5035433295333,60.5035433295333,60.5035433295333,60.5035433295333
7068,64.48397136814236,64.48397136814236,64.48397136814236,64.48397136814236,64.48397136814236
7069,68.47693714830389,68.47693714830389,68.47693714830389,68.47693714830389,68.47693714830389
7070,65.51003930105882,65.51003930105882,65.51003930105882,65.51003930105882,65.51003930105882
7071,67.41083055269053,67.41083055269053,67.41083055269053,67.41083055269053,67.41083055269053
7072,70.74412560470385,70.74412560470385,70.74412560470385,70.74412560470385,70.74412560470385
7073,63.6336903770167,63.6336903770167,63.6336903770167,63.6336903770167,63.6336903770167
7074,60.0532375301857,60.0532375301857,60.0532375301857,60.0532375301857,60.0532375301857
7075,60.33493843516269,60.33493843516269,60.33493843516269,60.33493843516269,60.33493843516269
7076,67.7220210289148,67.7220210289148,67.7220210289148,67.7220210289148,67.7220210289148
7077,69.7864798981075,69.7864798981075,69.7864798981075,69.7864798981075,69.7864798981075
7078,62.82873984738641,62.82873984738641,62.82873984738641,62.82873984738641,62.82873984738641
7079,70.40633555523023,70.40633555523023,70.40633555523023,70.40633555523023,70.40633555523023
7080,63.10361228908403,63.10361228908403,63.10361228908403,63.10361228908403,63.10361228908403
7081,63.54355463985577,63.54355463985577,63.54355463985577,63.54355463985577,63.54355463985577
7082,66.77140017058298,66.77140017058298,66.77140017058298,66.77140017058298,66.77140017058298
7083,64.61405114390483,64.61405114390483,64.61405114390483,64.61405114390483,64.61405114390483
7084,68.71770002925106,68.71770002925106,68.71770002925106,68.71770002925106,68.71770002925106
7085,70.24892008166059,70.24892008166059,70.24892008166059,70.24892008166059,70.24892008166059
7086,58.67744560440616,58.67744560440616,58.67744560440616,58.67744560440616,58.67744560440616
7087,67.03180296210039,67.03180296210039,67.03180296210039,67.03180296210039,67.03180296210039
7088,61.35817906641968,61.35817906641968,61.35817906641968,61.35817906641968,61.35817906641968
7089,68.5402934191943,68.5402934191943,68.5402934191943,68.5402934191943,68.5402934191943
7090,63.71505169708964,63.71505169708964,63.71505169708964,63.71505169708964,63.71505169708964
7091,64.98601464271589,64.98601464271589,64.98601464271589,64.98601464271589,64.98601464271589
7092,65.23413027300674,65.23413027300674,65.23413027300674,65.23413027300674,65.23413027300674
7093,62.8238758921373,62.8238758921373,62.8238758921373,62.8238758921373,62.8238758921373
7094,65.6963073020519,65.6963073020519,65.6963073020519,65.6963073020519,65.6963073020519
7095,65.75607437032279,65.75607437032279,65.75607437032279,65.75607437032279,65.75607437032279
7096,61.72774789588404,61.72774789588404,61.72774789588404,61.72774789588404,61.72774789588404
7097,71.47859001982187,71.47859001982187,71.47859001982187,71.47859001982187,71.47859001982187
7098,60.938399682836554,60.938399682836554,60.938399682836554,60.938399682836554,60.938399682836554
7099,64.20718000288501,64.20718000288501,64.20718000288501,64.20718000288501,64.20718000288501
7100,68.93829014283216,68.93829014283216,68.93829014283216,68.93829014283216,68.93829014283216
7101,62.42532030077306,62.42532030077306,62.42532030077306,62.42532030077306,62.42532030077306
7102,64.14454875558675,64.14454875558675,64.14454875558675,64.14454875558675,64.14454875558675
7103,67.39716215780714,67.39716215780714,67.39716215780714,67.39716215780714,67.39716215780714
7104,61.00269444215068,61.00269444215068,61.00269444215068,61.00269444215068,61.00269444215068
7105,69.04646934439589,69.04646934439589,69.04646934439589,69.04646934439589,69.04646934439589
7106,70.13957858424301,70.13957858424301,70.13957858424301,70.13957858424301,70.13957858424301
7107,64.00960557523275,64.00960557523275,64.00960557523275,64.00960557523275,64.00960557523275
7108,60.27842197634615,60.27842197634615,60.27842197634615,60.27842197634615,60.27842197634615
7109,63.273930655791574,63.273930655791574,63.273930655791574,63.273930655791574,63.273930655791574
7110,62.27871860554559,62.27871860554559,62.27871860554559,62.27871860554559,62.27871860554559
7111,60.2312460996597,60.2312460996597,60.2312460996597,60.2312460996597,60.2312460996597
7112,66.06211231796455,66.06211231796455,66.06211231796455,66.06211231796455,66.06211231796455
7113,64.54959655657167,64.54959655657167,64.54959655657167,64.54959655657167,64.54959655657167
7114,65.25850362236172,65.25850362236172,65.25850362236172,65.25850362236172,65.25850362236172
7115,59.08040420047896,59.08040420047896,59.08040420047896,59.08040420047896,59.08040420047896
7116,68.3504164698678,68.3504164698678,68.3504164698678,68.3504164698678,68.3504164698678
7117,62.8455391332814,62.8455391332814,62.8455391332814,62.8455391332814,62.8455391332814
7118,65.68838431729525,65.68838431729525,65.68838431729525,65.68838431729525,65.68838431729525
7119,69.20650420882114,69.20650420882114,69.20650420882114,69.20650420882114,69.20650420882114
7120,67.57253761802201,67.57253761802201,67.57253761802201,67.57253761802201,67.57253761802201
7121,71.24859862979497,71.24859862979497,71.24859862979497,71.24859862979497,71.24859862979497
7122,68.33492743352126,68.33492743352126,68.33492743352126,68.33492743352126,68.33492743352126
7123,61.14188009551163,61.14188009551163,61.14188009551163,61.14188009551163,61.14188009551163
7124,60.08198364580751,60.08198364580751,60.08198364580751,60.08198364580751,60.08198364580751
7125,64.4210298365574,64.4210298365574,64.4210298365574,64.4210298365574,64.4210298365574
7126,64.22647989375793,64.22647989375793,64.22647989375793,64.22647989375793,64.22647989375793
7127,63.45576270311373,63.45576270311373,63.45576270311373,63.45576270311373,63.45576270311373
7128,58.62437191077937,58.62437191077937,58.62437191077937,58.62437191077937,58.62437191077937
7129,59.22508543305861,59.22508543305861,59.22508543305861,59.22508543305861,59.22508543305861
7130,62.996834871859924,62.996834871859924,62.996834871859924,62.996834871859924,62.996834871859924
7131,65.72175609396267,65.72175609396267,65.72175609396267,65.72175609396267,65.72175609396267
7132,60.59632038581393,60.59632038581393,60.59632038581393,60.59632038581393,60.59632038581393
7133,64.49528715290715,64.49528715290715,64.49528715290715,64.49528715290715,64.49528715290715
7134,60.33442586883941,60.33442586883941,60.33442586883941,60.33442586883941,60.33442586883941
7135,60.803133909641765,60.803133909641765,60.803133909641765,60.803133909641765,60.803133909641765
7136,60.58168256307029,60.58168256307029,60.58168256307029,60.58168256307029,60.58168256307029
7137,61.18825978418068,61.18825978418068,61.18825978418068,61.18825978418068,61.18825978418068
7138,59.377871138265775,59.377871138265775,59.377871138265775,59.377871138265775,59.377871138265775
7139,64.52908270778876,64.52908270778876,64.52908270778876,64.52908270778876,64.52908270778876
7140,63.35696882923244,63.35696882923244,63.35696882923244,63.35696882923244,63.35696882923244
7141,66.16042891749278,66.16042891749278,66.16042891749278,66.16042891749278,66.16042891749278
7142,71.15665769991746,71.15665769991746,71.15665769991746,71.15665769991746,71.15665769991746
7143,67.77474764935276,67.77474764935276,67.77474764935276,67.77474764935276,67.77474764935276
7144,69.21424635273581,69.21424635273581,69.21424635273581,69.21424635273581,69.21424635273581
7145,65.9030797583262,65.9030797583262,65.9030797583262,65.9030797583262,65.9030797583262
7146,67.0305626327489,67.0305626327489,67.0305626327489,67.0305626327489,67.0305626327489
7147,68.57704744490424,68.57704744490424,68.57704744490424,68.57704744490424,68.57704744490424
7148,67.26073043940393,67.26073043940393,67.26073043940393,67.26073043940393,67.26073043940393
7149,63.92611270998455,63.92611270998455,63.92611270998455,63.92611270998455,63.92611270998455
7150,70.3065936715185,70.3065936715185,70.3065936715185,70.3065936715185,70.3065936715185
7151,59.47143449909099,59.47143449909099,59.47143449909099,59.47143449909099,59.47143449909099
7152,67.19253361766991,67.19253361766991,67.19253361766991,67.19253361766991,67.19253361766991
7153,65.15412823149634,65.15412823149634,65.15412823149634,65.15412823149634,65.15412823149634
7154,59.17979908192706,59.17979908192706,59.17979908192706,59.17979908192706,59.17979908192706
7155,61.39610378847359,61.39610378847359,61.39610378847359,61.39610378847359,61.39610378847359
7156,58.73009544333568,58.73009544333568,58.73009544333568,58.73009544333568,58.73009544333568
7157,70.467515827207,70.467515827207,70.467515827207,70.467515827207,70.467515827207
7158,63.732682501201786,63.732682501201786,63.732682501201786,63.732682501201786,63.732682501201786
7159,61.57699372815821,61.57699372815821,61.57699372815821,61.57699372815821,61.57699372815821
7160,67.06540362548012,67.06540362548012,67.06540362548012,67.06540362548012,67.06540362548012
7161,62.32049732186586,62.32049732186586,62.32049732186586,62.32049732186586,62.32049732186586
7162,62.98555317097679,62.98555317097679,62.98555317097679,62.98555317097679,62.98555317097679
7163,61.558097359947574,61.558097359947574,61.558097359947574,61.558097359947574,61.558097359947574
7164,71.12772151299326,71.12772151299326,71.12772151299326,71.12772151299326,71.12772151299326
7165,64.35924526572747,64.35924526572747,64.35924526572747,64.35924526572747,64.35924526572747
7166,66.329024232638,66.329024232638,66.329024232638,66.329024232638,66.329024232638
7167,67.247889707965,67.247889707965,67.247889707965,67.247889707965,67.247889707965
7168,66.5984679249036,66.5984679249036,66.5984679249036,66.5984679249036,66.5984679249036
7169,65.50709079197978,65.50709079197978,65.50709079197978,65.50709079197978,65.50709079197978
7170,67.3741925930334,67.3741925930334,67.3741925930334,67.3741925930334,67.3741925930334
7171,61.264237750486174,61.264237750486174,61.264237750486174,61.264237750486174,61.264237750486174
7172,63.54801886630243,63.54801886630243,63.54801886630243,63.54801886630243,63.54801886630243
7173,64.82276595260184,64.82276595260184,64.82276595260184,64.82276595260184,64.82276595260184
7174,62.76243031282526,62.76243031282526,62.76243031282526,62.76243031282526,62.76243031282526
7175,60.439397276585645,60.439397276585645,60.439397276585645,60.439397276585645,60.439397276585645
7176,65.78524336653228,65.78524336653228,65.78524336653228,65.78524336653228,65.78524336653228
7177,70.1879021227976,70.1879021227976,70.1879021227976,70.1879021227976,70.1879021227976
7178,64.12377784278209,64.12377784278209,64.12377784278209,64.12377784278209,64.12377784278209
7179,62.171204521796206,62.171204521796206,62.171204521796206,62.171204521796206,62.171204521796206
7180,66.94889830983236,66.94889830983236,66.94889830983236,66.94889830983236,66.94889830983236
7181,63.90541184916565,63.90541184916565,63.90541184916565,63.90541184916565,63.90541184916565
7182,65.17915773189904,65.17915773189904,65.17915773189904,65.17915773189904,65.17915773189904
7183,70.18603154192081,70.18603154192081,70.18603154192081,70.18603154192081,70.18603154192081
7184,70.86382977257993,70.86382977257993,70.86382977257993,70.86382977257993,70.86382977257993
7185,68.02168895730593,68.02168895730593,68.02168895730593,68.02168895730593,68.02168895730593
7186,60.444422192732425,60.444422192732425,60.444422192732425,60.444422192732425,60.444422192732425
7187,63.13405090046945,63.13405090046945,63.13405090046945,63.13405090046945,63.13405090046945
7188,69.2941517048999,69.2941517048999,69.2941517048999,69.2941517048999,69.2941517048999
7189,69.05638838383706,69.05638838383706,69.05638838383706,69.05638838383706,69.05638838383706
7190,60.40166709096864,60.40166709096864,60.40166709096864,60.40166709096864,60.40166709096864
7191,66.08746305351475,66.08746305351475,66.08746305351475,66.08746305351475,66.08746305351475
7192,61.12716711254081,61.12716711254081,61.12716711254081,61.12716711254081,61.12716711254081
7193,62.59240354059297,62.59240354059297,62.59240354059297,62.59240354059297,62.59240354059297
7194,67.46188652366088,67.46188652366088,67.46188652366088,67.46188652366088,67.46188652366088
7195,67.89099243090051,67.89099243090051,67.89099243090051,67.89099243090051,67.89099243090051
7196,67.58094502440298,67.58094502440298,67.58094502440298,67.58094502440298,67.58094502440298
7197,66.36824969158378,66.36824969158378,66.36824969158378,66.36824969158378,66.36824969158378
7198,65.7488669383527,65.7488669383527,65.7488669383527,65.7488669383527,65.7488669383527
7199,64.3059636037481,64.3059636037481,64.3059636037481,64.3059636037481,64.3059636037481
7200,65.48022341445838,65.48022341445838,65.48022341445838,65.48022341445838,65.48022341445838
7201,64.63726801542913,64.63726801542913,64.63726801542913,64.63726801542913,64.63726801542913
7202,59.92174503330818,59.92174503330818,59.92174503330818,59.92174503330818,59.92174503330818
7203,68.37854039809756,68.37854039809756,68.37854039809756,68.37854039809756,68.37854039809756
7204,63.245119728125445,63.245119728125445,63.245119728125445,63.245119728125445,63.245119728125445
7205,69.02163626286934,69.02163626286934,69.02163626286934,69.02163626286934,69.02163626286934
7206,63.244405810624706,63.244405810624706,63.244405810624706,63.244405810624706,63.244405810624706
7207,63.17720971547121,63.17720971547121,63.17720971547121,63.17720971547121,63.17720971547121
7208,70.03137783904033,70.03137783904033,70.03137783904033,70.03137783904033,70.03137783904033
7209,61.6483322044118,61.6483322044118,61.6483322044118,61.6483322044118,61.6483322044118
7210,70.20298196247782,70.20298196247782,70.20298196247782,70.20298196247782,70.20298196247782
7211,59.74387932821574,59.74387932821574,59.74387932821574,59.74387932821574,59.74387932821574
7212,62.6308076775738,62.6308076775738,62.6308076775738,62.6308076775738,62.6308076775738
7213,66.27716834176816,66.27716834176816,66.27716834176816,66.27716834176816,66.27716834176816
7214,71.21317971137864,71.21317971137864,71.21317971137864,71.21317971137864,71.21317971137864
7215,69.83752464816598,69.83752464816598,69.83752464816598,69.83752464816598,69.83752464816598
7216,71.02965791713368,71.02965791713368,71.02965791713368,71.02965791713368,71.02965791713368
7217,63.516186298849306,63.516186298849306,63.516186298849306,63.516186298849306,63.516186298849306
7218,59.04638645424827,59.04638645424827,59.04638645424827,59.04638645424827,59.04638645424827
7219,67.11155277539446,67.11155277539446,67.11155277539446,67.11155277539446,67.11155277539446
7220,66.9937281433456,66.9937281433456,66.9937281433456,66.9937281433456,66.9937281433456
7221,62.080136929996414,62.080136929996414,62.080136929996414,62.080136929996414,62.080136929996414
7222,60.724178258070104,60.724178258070104,60.724178258070104,60.724178258070104,60.724178258070104
7223,65.23227952906058,65.23227952906058,65.23227952906058,65.23227952906058,65.23227952906058
7224,70.166704721448,70.166704721448,70.166704721448,70.166704721448,70.166704721448
7225,64.49097652646758,64.49097652646758,64.49097652646758,64.49097652646758,64.49097652646758
7226,62.91314245104752,62.91314245104752,62.91314245104752,62.91314245104752,62.91314245104752
7227,67.8484506774956,67.8484506774956,67.8484506774956,67.8484506774956,67.8484506774956
7228,62.40233146842241,62.40233146842241,62.40233146842241,62.40233146842241,62.40233146842241
7229,69.37418769309183,69.37418769309183,69.37418769309183,69.37418769309183,69.37418769309183
7230,70.68219750244997,70.68219750244997,70.68219750244997,70.68219750244997,70.68219750244997
7231,70.56431075068744,70.56431075068744,70.56431075068744,70.56431075068744,70.56431075068744
7232,69.45978978430377,69.45978978430377,69.45978978430377,69.45978978430377,69.45978978430377
7233,65.8615966132815,65.8615966132815,65.8615966132815,65.8615966132815,65.8615966132815
7234,66.37354215318709,66.37354215318709,66.37354215318709,66.37354215318709,66.37354215318709
7235,59.824117411535234,59.824117411535234,59.824117411535234,59.824117411535234,59.824117411535234
7236,63.09759857627903,63.09759857627903,63.09759857627903,63.09759857627903,63.09759857627903
7237,62.98060415530725,62.98060415530725,62.98060415530725,62.98060415530725,62.98060415530725
7238,64.1084750071202,64.1084750071202,64.1084750071202,64.1084750071202,64.1084750071202
7239,66.84453260871791,66.84453260871791,66.84453260871791,66.84453260871791,66.84453260871791
7240,70.67770613276599,70.67770613276599,70.67770613276599,70.67770613276599,70.67770613276599
7241,67.22406460757986,67.22406460757986,67.22406460757986,67.22406460757986,67.22406460757986
7242,69.20403118864384,69.20403118864384,69.20403118864384,69.20403118864384,69.20403118864384
7243,61.496733121567615,61.496733121567615,61.496733121567615,61.496733121567615,61.496733121567615
7244,70.2546018208629,70.2546018208629,70.2546018208629,70.2546018208629,70.2546018208629
7245,67.45625208618114,67.45625208618114,67.45625208618114,67.45625208618114,67.45625208618114
7246,60.57418269670374,60.57418269670374,60.57418269670374,60.57418269670374,60.57418269670374
7247,69.3167305102852,69.3167305102852,69.3167305102852,69.3167305102852,69.3167305102852
7248,71.16393151375762,71.16393151375762,71.16393151375762,71.16393151375762,71.16393151375762
7249,67.7577476519551,67.7577476519551,67.7577476519551,67.7577476519551,67.7577476519551
7250,62.994471601659775,62.994471601659775,62.994471601659775,62.994471601659775,62.994471601659775
7251,66.15054499737592,66.15054499737592,66.15054499737592,66.15054499737592,66.15054499737592
7252,62.481765994436095,62.481765994436095,62.481765994436095,62.481765994436095,62.481765994436095
7253,67.59035184393852,67.59035184393852,67.59035184393852,67.59035184393852,67.59035184393852
7254,65.72867893908574,65.72867893908574,65.72867893908574,65.72867893908574,65.72867893908574
7255,62.937247159922606,62.937247159922606,62.937247159922606,62.937247159922606,62.937247159922606
7256,59.86143950704795,59.86143950704795,59.86143950704795,59.86143950704795,59.86143950704795
7257,67.59827375895716,67.59827375895716,67.59827375895716,67.59827375895716,67.59827375895716
7258,62.35614865301003,62.35614865301003,62.35614865301003,62.35614865301003,62.35614865301003
7259,66.72424685957623,66.72424685957623,66.72424685957623,66.72424685957623,66.72424685957623
7260,70.92898662627711,70.92898662627711,70.92898662627711,70.92898662627711,70.92898662627711
7261,71.46723242716644,71.46723242716644,71.46723242716644,71.46723242716644,71.46723242716644
7262,66.1266704356855,66.1266704356855,66.1266704356855,66.1266704356855,66.1266704356855
7263,70.02900767530508,70.02900767530508,70.02900767530508,70.02900767530508,70.02900767530508
7264,66.54830143491941,66.54830143491941,66.54830143491941,66.54830143491941,66.54830143491941
7265,60.93419160514889,60.93419160514889,60.93419160514889,60.93419160514889,60.93419160514889
7266,68.4431112926592,68.4431112926592,68.4431112926592,68.4431112926592,68.4431112926592
7267,69.04301996008063,69.04301996008063,69.04301996008063,69.04301996008063,69.04301996008063
7268,58.61113192607825,58.61113192607825,58.61113192607825,58.61113192607825,58.61113192607825
7269,66.33563424132761,66.33563424132761,66.33563424132761,66.33563424132761,66.33563424132761
7270,63.52387648374371,63.52387648374371,63.52387648374371,63.52387648374371,63.52387648374371
7271,62.17408489994925,62.17408489994925,62.17408489994925,62.17408489994925,62.17408489994925
7272,58.76662248006371,58.76662248006371,58.76662248006371,58.76662248006371,58.76662248006371
7273,69.53000910139737,69.53000910139737,69.53000910139737,69.53000910139737,69.53000910139737
7274,64.72994613699943,64.72994613699943,64.72994613699943,64.72994613699943,64.72994613699943
7275,67.500745296128,67.500745296128,67.500745296128,67.500745296128,67.500745296128
7276,69.62243064178571,69.62243064178571,69.62243064178571,69.62243064178571,69.62243064178571
7277,63.28028747369524,63.28028747369524,63.28028747369524,63.28028747369524,63.28028747369524
7278,58.53134353598785,58.53134353598785,58.53134353598785,58.53134353598785,58.53134353598785
7279,64.25551935123015,64.25551935123015,64.25551935123015,64.25551935123015,64.25551935123015
7280,67.40760665782018,67.40760665782018,67.40760665782018,67.40760665782018,67.40760665782018
7281,68.30655684380416,68.30655684380416,68.30655684380416,68.30655684380416,68.30655684380416
7282,64.40549659838204,64.40549659838204,64.40549659838204,64.40549659838204,64.40549659838204
7283,62.94657280599149,62.94657280599149,62.94657280599149,62.94657280599149,62.94657280599149
7284,70.49168028011137,70.49168028011137,70.49168028011137,70.49168028011137,70.49168028011137
7285,65.72550410881342,65.72550410881342,65.72550410881342,65.72550410881342,65.72550410881342
7286,63.902821830768374,63.902821830768374,63.902821830768374,63.902821830768374,63.902821830768374
7287,66.30025275985344,66.30025275985344,66.30025275985344,66.30025275985344,66.30025275985344
7288,64.944066231397,64.944066231397,64.944066231397,64.944066231397,64.944066231397
7289,59.07011489130382,59.07011489130382,59.07011489130382,59.07011489130382,59.07011489130382
7290,61.97427088931582,61.97427088931582,61.97427088931582,61.97427088931582,61.97427088931582
7291,67.35118786509696,67.35118786509696,67.35118786509696,67.35118786509696,67.35118786509696
7292,64.83253321046313,64.83253321046313,64.83253321046313,64.83253321046313,64.83253321046313
7293,61.05628346467788,61.05628346467788,61.05628346467788,61.05628346467788,61.05628346467788
7294,62.238878278998904,62.238878278998904,62.238878278998904,62.238878278998904,62.238878278998904
7295,63.85686922623183,63.85686922623183,63.85686922623183,63.85686922623183,63.85686922623183
7296,67.50816777235538,67.50816777235538,67.50816777235538,67.50816777235538,67.50816777235538
7297,67.07869779856942,67.07869779856942,67.07869779856942,67.07869779856942,67.07869779856942
7298,66.39537294714249,66.39537294714249,66.39537294714249,66.39537294714249,66.39537294714249
7299,60.73616132882694,60.73616132882694,60.73616132882694,60.73616132882694,60.73616132882694
7300,60.479563661523,60.479563661523,60.479563661523,60.479563661523,60.479563661523
7301,65.63293483290096,65.63293483290096,65.63293483290096,65.63293483290096,65.63293483290096
7302,59.14590802075598,59.14590802075598,59.14590802075598,59.14590802075598,59.14590802075598
7303,59.51111636917303,59.51111636917303,59.51111636917303,59.51111636917303,59.51111636917303
7304,69.25817990257393,69.25817990257393,69.25817990257393,69.25817990257393,69.25817990257393
7305,60.13569946164369,60.13569946164369,60.13569946164369,60.13569946164369,60.13569946164369
7306,66.51548576402641,66.51548576402641,66.51548576402641,66.51548576402641,66.51548576402641
7307,67.2946476651108,67.2946476651108,67.2946476651108,67.2946476651108,67.2946476651108
7308,63.86864886702446,63.86864886702446,63.86864886702446,63.86864886702446,63.86864886702446
7309,69.92846939224883,69.92846939224883,69.92846939224883,69.92846939224883,69.92846939224883
7310,70.67942170848656,70.67942170848656,70.67942170848656,70.67942170848656,70.67942170848656
7311,68.06233584746553,68.06233584746553,68.06233584746553,68.06233584746553,68.06233584746553
7312,62.89006740282095,62.89006740282095,62.89006740282095,62.89006740282095,62.89006740282095
7313,69.79685765913347,69.79685765913347,69.79685765913347,69.79685765913347,69.79685765913347
7314,68.79820221014093,68.79820221014093,68.79820221014093,68.79820221014093,68.79820221014093
7315,61.21057430307981,61.21057430307981,61.21057430307981,61.21057430307981,61.21057430307981
7316,59.247318202836745,59.247318202836745,59.247318202836745,59.247318202836745,59.247318202836745
7317,58.7343439327351,58.7343439327351,58.7343439327351,58.7343439327351,58.7343439327351
7318,60.57967030497419,60.57967030497419,60.57967030497419,60.57967030497419,60.57967030497419
7319,62.960036449513794,62.960036449513794,62.960036449513794,62.960036449513794,62.960036449513794
7320,64.99439529056882,64.99439529056882,64.99439529056882,64.99439529056882,64.99439529056882
7321,67.74490274368102,67.74490274368102,67.74490274368102,67.74490274368102,67.74490274368102
7322,68.45342796390014,68.45342796390014,68.45342796390014,68.45342796390014,68.45342796390014
7323,63.453394193177274,63.453394193177274,63.453394193177274,63.453394193177274,63.453394193177274
7324,59.31864315319012,59.31864315319012,59.31864315319012,59.31864315319012,59.31864315319012
7325,66.13904707554723,66.13904707554723,66.13904707554723,66.13904707554723,66.13904707554723
7326,69.05838586908722,69.05838586908722,69.05838586908722,69.05838586908722,69.05838586908722
7327,63.28398904942948,63.28398904942948,63.28398904942948,63.28398904942948,63.28398904942948
7328,60.37810602216423,60.37810602216423,60.37810602216423,60.37810602216423,60.37810602216423
7329,69.52125520746098,69.52125520746098,69.52125520746098,69.52125520746098,69.52125520746098
7330,64.78997254825022,64.78997254825022,64.78997254825022,64.78997254825022,64.78997254825022
7331,66.03218639112981,66.03218639112981,66.03218639112981,66.03218639112981,66.03218639112981
7332,67.0914974206535,67.0914974206535,67.0914974206535,67.0914974206535,67.0914974206535
7333,68.45631452114569,68.45631452114569,68.45631452114569,68.45631452114569,68.45631452114569
7334,61.93765966724178,61.93765966724178,61.93765966724178,61.93765966724178,61.93765966724178
7335,65.95887339324408,65.95887339324408,65.95887339324408,65.95887339324408,65.95887339324408
7336,64.5663297295716,64.5663297295716,64.5663297295716,64.5663297295716,64.5663297295716
7337,61.78974629777053,61.78974629777053,61.78974629777053,61.78974629777053,61.78974629777053
7338,65.9498638718496,65.9498638718496,65.9498638718496,65.9498638718496,65.9498638718496
7339,70.35564074767944,70.35564074767944,70.35564074767944,70.35564074767944,70.35564074767944
7340,70.3455580102107,70.3455580102107,70.3455580102107,70.3455580102107,70.3455580102107
7341,67.77322902127007,67.77322902127007,67.77322902127007,67.77322902127007,67.77322902127007
7342,64.30665612436044,64.30665612436044,64.30665612436044,64.30665612436044,64.30665612436044
7343,68.16770082767421,68.16770082767421,68.16770082767421,68.16770082767421,68.16770082767421
7344,69.95926571416311,69.95926571416311,69.95926571416311,69.95926571416311,69.95926571416311
7345,60.52600357471778,60.52600357471778,60.52600357471778,60.52600357471778,60.52600357471778
7346,58.51532814832328,58.51532814832328,58.51532814832328,58.51532814832328,58.51532814832328
7347,64.39445977931038,64.39445977931038,64.39445977931038,64.39445977931038,64.39445977931038
7348,58.89626772496976,58.89626772496976,58.89626772496976,58.89626772496976,58.89626772496976
7349,69.20917457358568,69.20917457358568,69.20917457358568,69.20917457358568,69.20917457358568
7350,69.14146149262409,69.14146149262409,69.14146149262409,69.14146149262409,69.14146149262409
7351,68.72941937749437,68.72941937749437,68.72941937749437,68.72941937749437,68.72941937749437
7352,69.67354116587748,69.67354116587748,69.67354116587748,69.67354116587748,69.67354116587748
7353,70.31656800753593,70.31656800753593,70.31656800753593,70.31656800753593,70.31656800753593
7354,67.70584216518722,67.70584216518722,67.70584216518722,67.70584216518722,67.70584216518722
7355,70.13882752557831,70.13882752557831,70.13882752557831,70.13882752557831,70.13882752557831
7356,71.27762207744314,71.27762207744314,71.27762207744314,71.27762207744314,71.27762207744314
7357,60.17772261569869,60.17772261569869,60.17772261569869,60.17772261569869,60.17772261569869
7358,61.11254487858293,61.11254487858293,61.11254487858293,61.11254487858293,61.11254487858293
7359,68.48444604375284,68.48444604375284,68.48444604375284,68.48444604375284,68.48444604375284
7360,70.64175651042075,70.64175651042075,70.64175651042075,70.64175651042075,70.64175651042075
7361,66.9510429287133,66.9510429287133,66.9510429287133,66.9510429287133,66.9510429287133
7362,62.15350368719412,62.15350368719412,62.15350368719412,62.15350368719412,62.15350368719412
7363,68.05595443367214,68.05595443367214,68.05595443367214,68.05595443367214,68.05595443367214
7364,62.79174591991157,62.79174591991157,62.79174591991157,62.79174591991157,62.79174591991157
7365,69.00250931518002,69.00250931518002,69.00250931518002,69.00250931518002,69.00250931518002
7366,66.50713689168596,66.50713689168596,66.50713689168596,66.50713689168596,66.50713689168596
7367,62.749015528581694,62.749015528581694,62.749015528581694,62.749015528581694,62.749015528581694
7368,67.90661975715169,67.90661975715169,67.90661975715169,67.90661975715169,67.90661975715169
7369,68.40232179368452,68.40232179368452,68.40232179368452,68.40232179368452,68.40232179368452
7370,61.81151545276101,61.81151545276101,61.81151545276101,61.81151545276101,61.81151545276101
7371,69.56198867459082,69.56198867459082,69.56198867459082,69.56198867459082,69.56198867459082
7372,71.46029569172991,71.46029569172991,71.46029569172991,71.46029569172991,71.46029569172991
7373,70.73133247403763,70.73133247403763,70.73133247403763,70.73133247403763,70.73133247403763
7374,71.25735913541705,71.25735913541705,71.25735913541705,71.25735913541705,71.25735913541705
7375,65.73442932280909,65.73442932280909,65.73442932280909,65.73442932280909,65.73442932280909
7376,63.07975698897107,63.07975698897107,63.07975698897107,63.07975698897107,63.07975698897107
7377,65.45420659728266,65.45420659728266,65.45420659728266,65.45420659728266,65.45420659728266
7378,63.36673757960543,63.36673757960543,63.36673757960543,63.36673757960543,63.36673757960543
7379,60.291882413859014,60.291882413859014,60.291882413859014,60.291882413859014,60.291882413859014
7380,64.43038795188482,64.43038795188482,64.43038795188482,64.43038795188482,64.43038795188482
7381,64.5605026880254,64.5605026880254,64.5605026880254,64.5605026880254,64.5605026880254
7382,69.58917177254864,69.58917177254864,69.58917177254864,69.58917177254864,69.58917177254864
7383,59.97074621519994,59.97074621519994,59.97074621519994,59.97074621519994,59.97074621519994
7384,62.46194144363874,62.46194144363874,62.46194144363874,62.46194144363874,62.46194144363874
7385,70.50666058720945,70.50666058720945,70.50666058720945,70.50666058720945,70.50666058720945
7386,59.164361418368685,59.164361418368685,59.164361418368685,59.164361418368685,59.164361418368685
7387,58.522889626290095,58.522889626290095,58.522889626290095,58.522889626290095,58.522889626290095
7388,68.25434916591385,68.25434916591385,68.25434916591385,68.25434916591385,68.25434916591385
7389,58.687460393266036,58.687460393266036,58.687460393266036,58.687460393266036,58.687460393266036
7390,69.41713637562775,69.41713637562775,69.41713637562775,69.41713637562775,69.41713637562775
7391,71.24517837242097,71.24517837242097,71.24517837242097,71.24517837242097,71.24517837242097
7392,67.29638177113225,67.29638177113225,67.29638177113225,67.29638177113225,67.29638177113225
7393,60.44175570718897,60.44175570718897,60.44175570718897,60.44175570718897,60.44175570718897
7394,60.61664410220211,60.61664410220211,60.61664410220211,60.61664410220211,60.61664410220211
7395,65.04615621990581,65.04615621990581,65.04615621990581,65.04615621990581,65.04615621990581
7396,61.16193950655648,61.16193950655648,61.16193950655648,61.16193950655648,61.16193950655648
7397,62.19407204150045,62.19407204150045,62.19407204150045,62.19407204150045,62.19407204150045
7398,69.46752976402165,69.46752976402165,69.46752976402165,69.46752976402165,69.46752976402165
7399,69.32095041977485,69.32095041977485,69.32095041977485,69.32095041977485,69.32095041977485
7400,70.36019469125539,70.36019469125539,70.36019469125539,70.36019469125539,70.36019469125539
7401,59.99762530575111,59.99762530575111,59.99762530575111,59.99762530575111,59.99762530575111
7402,66.02635995673418,66.02635995673418,66.02635995673418,66.02635995673418,66.02635995673418
7403,62.2992632156426,62.2992632156426,62.2992632156426,62.2992632156426,62.2992632156426
7404,60.465683556071646,60.465683556071646,60.465683556071646,60.465683556071646,60.465683556071646
7405,58.63984647515742,58.63984647515742,58.63984647515742,58.63984647515742,58.63984647515742
7406,58.782256567661015,58.782256567661015,58.782256567661015,58.782256567661015,58.782256567661015
7407,68.77359026851454,68.77359026851454,68.77359026851454,68.77359026851454,68.77359026851454
7408,71.41463296869111,71.41463296869111,71.41463296869111,71.41463296869111,71.41463296869111
7409,62.53514909507587,62.53514909507587,62.53514909507587,62.53514909507587,62.53514909507587
7410,67.84339566630454,67.84339566630454,67.84339566630454,67.84339566630454,67.84339566630454
7411,68.41741363955676,68.41741363955676,68.41741363955676,68.41741363955676,68.41741363955676
7412,63.905226658392145,63.905226658392145,63.905226658392145,63.905226658392145,63.905226658392145
7413,67.36894265882579,67.36894265882579,67.36894265882579,67.36894265882579,67.36894265882579
7414,62.37624440836145,62.37624440836145,62.37624440836145,62.37624440836145,62.37624440836145
7415,65.45535555341822,65.45535555341822,65.45535555341822,65.45535555341822,65.45535555341822
7416,68.42010403382204,68.42010403382204,68.42010403382204,68.42010403382204,68.42010403382204
7417,65.65829942862553,65.65829942862553,65.65829942862553,65.65829942862553,65.65829942862553
7418,64.25405913884676,64.25405913884676,64.25405913884676,64.25405913884676,64.25405913884676
7419,70.53136281671081,70.53136281671081,70.53136281671081,70.53136281671081,70.53136281671081
7420,63.99789339965136,63.99789339965136,63.99789339965136,63.99789339965136,63.99789339965136
7421,70.9856188763533,70.9856188763533,70.9856188763533,70.9856188763533,70.9856188763533
7422,70.40817882158007,70.40817882158007,70.40817882158007,70.40817882158007,70.40817882158007
7423,61.54285964523816,61.54285964523816,61.54285964523816,61.54285964523816,61.54285964523816
7424,70.57643726996184,70.57643726996184,70.57643726996184,70.57643726996184,70.57643726996184
7425,66.23619504471915,66.23619504471915,66.23619504471915,66.23619504471915,66.23619504471915
7426,70.54581150788991,70.54581150788991,70.54581150788991,70.54581150788991,70.54581150788991
7427,69.3009513015705,69.3009513015705,69.3009513015705,69.3009513015705,69.3009513015705
7428,60.45848879420205,60.45848879420205,60.45848879420205,60.45848879420205,60.45848879420205
7429,62.7425110681697,62.7425110681697,62.7425110681697,62.7425110681697,62.7425110681697
7430,68.76419201351928,68.76419201351928,68.76419201351928,68.76419201351928,68.76419201351928
7431,64.25312847181326,64.25312847181326,64.25312847181326,64.25312847181326,64.25312847181326
7432,64.03445941910736,64.03445941910736,64.03445941910736,64.03445941910736,64.03445941910736
7433,68.21065336972777,68.21065336972777,68.21065336972777,68.21065336972777,68.21065336972777
7434,69.77159902339203,69.77159902339203,69.77159902339203,69.77159902339203,69.77159902339203
7435,60.236628774768675,60.236628774768675,60.236628774768675,60.236628774768675,60.236628774768675
7436,71.01887591661529,71.01887591661529,71.01887591661529,71.01887591661529,71.01887591661529
7437,66.24570195570519,66.24570195570519,66.24570195570519,66.24570195570519,66.24570195570519
7438,69.08846321457527,69.08846321457527,69.08846321457527,69.08846321457527,69.08846321457527
7439,62.472607317281565,62.472607317281565,62.472607317281565,62.472607317281565,62.472607317281565
7440,67.15419983757998,67.15419983757998,67.15419983757998,67.15419983757998,67.15419983757998
7441,70.13161440397336,70.13161440397336,70.13161440397336,70.13161440397336,70.13161440397336
7442,59.221911952737585,59.221911952737585,59.221911952737585,59.221911952737585,59.221911952737585
7443,60.66239679575159,60.66239679575159,60.66239679575159,60.66239679575159,60.66239679575159
7444,59.79741371301565,59.79741371301565,59.79741371301565,59.79741371301565,59.79741371301565
7445,69.43709538740893,69.43709538740893,69.43709538740893,69.43709538740893,69.43709538740893
7446,64.98808233631266,64.98808233631266,64.98808233631266,64.98808233631266,64.98808233631266
7447,63.06995945647042,63.06995945647042,63.06995945647042,63.06995945647042,63.06995945647042
7448,60.58248417498598,60.58248417498598,60.58248417498598,60.58248417498598,60.58248417498598
7449,64.02556034839952,64.02556034839952,64.02556034839952,64.02556034839952,64.02556034839952
7450,68.76051258298072,68.76051258298072,68.76051258298072,68.76051258298072,68.76051258298072
7451,68.15690363462627,68.15690363462627,68.15690363462627,68.15690363462627,68.15690363462627
7452,58.95255513166521,58.95255513166521,58.95255513166521,58.95255513166521,58.95255513166521
7453,68.12767840355467,68.12767840355467,68.12767840355467,68.12767840355467,68.12767840355467
7454,59.72398503367766,59.72398503367766,59.72398503367766,59.72398503367766,59.72398503367766
7455,58.848899015078814,58.848899015078814,58.848899015078814,58.848899015078814,58.848899015078814
7456,68.93660542014987,68.93660542014987,68.93660542014987,68.93660542014987,68.93660542014987
7457,63.138062438219734,63.138062438219734,63.138062438219734,63.138062438219734,63.138062438219734
7458,67.27770817317271,67.27770817317271,67.27770817317271,67.27770817317271,67.27770817317271
7459,65.8817831537376,65.8817831537376,65.8817831537376,65.8817831537376,65.8817831537376
7460,71.46528400207892,71.46528400207892,71.46528400207892,71.46528400207892,71.46528400207892
7461,63.3965780293638,63.3965780293638,63.3965780293638,63.3965780293638,63.3965780293638
7462,67.46898583832062,67.46898583832062,67.46898583832062,67.46898583832062,67.46898583832062
7463,59.988320835500936,59.988320835500936,59.988320835500936,59.988320835500936,59.988320835500936
7464,65.58312865548554,65.58312865548554,65.58312865548554,65.58312865548554,65.58312865548554
7465,61.65305106186861,61.65305106186861,61.65305106186861,61.65305106186861,61.65305106186861
7466,59.253327959583466,59.253327959583466,59.253327959583466,59.253327959583466,59.253327959583466
7467,71.28761286516385,71.28761286516385,71.28761286516385,71.28761286516385,71.28761286516385
7468,68.16441931939507,68.16441931939507,68.16441931939507,68.16441931939507,68.16441931939507
7469,66.79860823686639,66.79860823686639,66.79860823686639,66.79860823686639,66.79860823686639
7470,64.95627809308134,64.95627809308134,64.95627809308134,64.95627809308134,64.95627809308134
7471,66.39359659002895,66.39359659002895,66.39359659002895,66.39359659002895,66.39359659002895
7472,62.74992940243872,62.74992940243872,62.74992940243872,62.74992940243872,62.74992940243872
7473,66.18711670495077,66.18711670495077,66.18711670495077,66.18711670495077,66.18711670495077
7474,61.126905908432946,61.126905908432946,61.126905908432946,61.126905908432946,61.126905908432946
7475,67.18628103240168,67.18628103240168,67.18628103240168,67.18628103240168,67.18628103240168
7476,70.07447588092988,70.07447588092988,70.07447588092988,70.07447588092988,70.07447588092988
7477,71.4882444303597,71.4882444303597,71.4882444303597,71.4882444303597,71.4882444303597
7478,65.47213900858421,65.47213900858421,65.47213900858421,65.47213900858421,65.47213900858421
7479,60.52781328109609,60.52781328109609,60.52781328109609,60.52781328109609,60.52781328109609
7480,61.64067544877731,61.64067544877731,61.64067544877731,61.64067544877731,61.64067544877731
7481,63.7230727211587,63.7230727211587,63.7230727211587,63.7230727211587,63.7230727211587
7482,70.59472989673641,70.59472989673641,70.59472989673641,70.59472989673641,70.59472989673641
7483,60.158606526770875,60.158606526770875,60.158606526770875,60.158606526770875,60.158606526770875
7484,66.05166803857969,66.05166803857969,66.05166803857969,66.05166803857969,66.05166803857969
7485,68.08237865674545,68.08237865674545,68.08237865674545,68.08237865674545,68.08237865674545
7486,69.04134069329378,69.04134069329378,69.04134069329378,69.04134069329378,69.04134069329378
7487,61.12769842509588,61.12769842509588,61.12769842509588,61.12769842509588,61.12769842509588
7488,59.198136182972505,59.198136182972505,59.198136182972505,59.198136182972505,59.198136182972505
7489,58.72121808514021,58.72121808514021,58.72121808514021,58.72121808514021,58.72121808514021
7490,67.69614818329147,67.69614818329147,67.69614818329147,67.69614818329147,67.69614818329147
7491,63.08543210739371,63.08543210739371,63.08543210739371,63.08543210739371,63.08543210739371
7492,70.22853930873727,70.22853930873727,70.22853930873727,70.22853930873727,70.22853930873727
7493,63.7411065870233,63.7411065870233,63.7411065870233,63.7411065870233,63.7411065870233
7494,62.628956634908015,62.628956634908015,62.628956634908015,62.628956634908015,62.628956634908015
7495,61.59870819926741,61.59870819926741,61.59870819926741,61.59870819926741,61.59870819926741
7496,70.09573180073716,70.09573180073716,70.09573180073716,70.09573180073716,70.09573180073716
7497,65.9311817923881,65.9311817923881,65.9311817923881,65.9311817923881,65.9311817923881
7498,65.59077133431703,65.59077133431703,65.59077133431703,65.59077133431703,65.59077133431703
7499,70.07326617461985,70.07326617461985,70.07326617461985,70.07326617461985,70.07326617461985
7500,61.09069481118842,61.09069481118842,61.09069481118842,61.09069481118842,61.09069481118842
7501,71.30358693675832,71.30358693675832,71.30358693675832,71.30358693675832,71.30358693675832
7502,71.01237409128176,71.01237409128176,71.01237409128176,71.01237409128176,71.01237409128176
7503,60.724425068099634,60.724425068099634,60.724425068099634,60.724425068099634,60.724425068099634
7504,70.95980421300706,70.95980421300706,70.95980421300706,70.95980421300706,70.95980421300706
7505,65.03270553407907,65.03270553407907,65.03270553407907,65.03270553407907,65.03270553407907
7506,70.65707252920623,70.65707252920623,70.65707252920623,70.65707252920623,70.65707252920623
7507,67.25314393985957,67.25314393985957,67.25314393985957,67.25314393985957,67.25314393985957
7508,63.5878862523158,63.5878862523158,63.5878862523158,63.5878862523158,63.5878862523158
7509,62.58908260040588,62.58908260040588,62.58908260040588,62.58908260040588,62.58908260040588
7510,62.59215839153947,62.59215839153947,62.59215839153947,62.59215839153947,62.59215839153947
7511,62.98868297851968,62.98868297851968,62.98868297851968,62.98868297851968,62.98868297851968
7512,68.76166092241367,68.76166092241367,68.76166092241367,68.76166092241367,68.76166092241367
7513,67.2591745727717,67.2591745727717,67.2591745727717,67.2591745727717,67.2591745727717
7514,63.25361343080822,63.25361343080822,63.25361343080822,63.25361343080822,63.25361343080822
7515,62.52671282859654,62.52671282859654,62.52671282859654,62.52671282859654,62.52671282859654
7516,69.82270507957031,69.82270507957031,69.82270507957031,69.82270507957031,69.82270507957031
7517,60.883611671535625,60.883611671535625,60.883611671535625,60.883611671535625,60.883611671535625
7518,61.19499904891276,61.19499904891276,61.19499904891276,61.19499904891276,61.19499904891276
7519,63.99086902834031,63.99086902834031,63.99086902834031,63.99086902834031,63.99086902834031
7520,68.4162989447523,68.4162989447523,68.4162989447523,68.4162989447523,68.4162989447523
7521,58.69218188245144,58.69218188245144,58.69218188245144,58.69218188245144,58.69218188245144
7522,64.05881272892448,64.05881272892448,64.05881272892448,64.05881272892448,64.05881272892448
7523,69.50691389836302,69.50691389836302,69.50691389836302,69.50691389836302,69.50691389836302
7524,60.60463885050279,60.60463885050279,60.60463885050279,60.60463885050279,60.60463885050279
7525,58.952538500707966,58.952538500707966,58.952538500707966,58.952538500707966,58.952538500707966
7526,65.77971429650533,65.77971429650533,65.77971429650533,65.77971429650533,65.77971429650533
7527,66.44109990361018,66.44109990361018,66.44109990361018,66.44109990361018,66.44109990361018
7528,68.21608265990628,68.21608265990628,68.21608265990628,68.21608265990628,68.21608265990628
7529,60.85518178761876,60.85518178761876,60.85518178761876,60.85518178761876,60.85518178761876
7530,68.8255832843847,68.8255832843847,68.8255832843847,68.8255832843847,68.8255832843847
7531,69.08679147443476,69.08679147443476,69.08679147443476,69.08679147443476,69.08679147443476
7532,60.08626291308174,60.08626291308174,60.08626291308174,60.08626291308174,60.08626291308174
7533,64.65105523631088,64.65105523631088,64.65105523631088,64.65105523631088,64.65105523631088
7534,70.31571000732876,70.31571000732876,70.31571000732876,70.31571000732876,70.31571000732876
7535,68.35224114856729,68.35224114856729,68.35224114856729,68.35224114856729,68.35224114856729
7536,65.1758204024527,65.1758204024527,65.1758204024527,65.1758204024527,65.1758204024527
7537,60.36920578697854,60.36920578697854,60.36920578697854,60.36920578697854,60.36920578697854
7538,61.43305037058819,61.43305037058819,61.43305037058819,61.43305037058819,61.43305037058819
7539,67.1890647108436,67.1890647108436,67.1890647108436,67.1890647108436,67.1890647108436
7540,63.48656431782062,63.48656431782062,63.48656431782062,63.48656431782062,63.48656431782062
7541,69.47783135748745,69.47783135748745,69.47783135748745,69.47783135748745,69.47783135748745
7542,58.75512614384656,58.75512614384656,58.75512614384656,58.75512614384656,58.75512614384656
7543,63.81187034179073,63.81187034179073,63.81187034179073,63.81187034179073,63.81187034179073
7544,67.06456337980107,67.06456337980107,67.06456337980107,67.06456337980107,67.06456337980107
7545,69.79221074464994,69.79221074464994,69.79221074464994,69.79221074464994,69.79221074464994
7546,59.27435289007155,59.27435289007155,59.27435289007155,59.27435289007155,59.27435289007155
7547,61.66109304049323,61.66109304049323,61.66109304049323,61.66109304049323,61.66109304049323
7548,70.27826226215655,70.27826226215655,70.27826226215655,70.27826226215655,70.27826226215655
7549,69.49523421786036,69.49523421786036,69.49523421786036,69.49523421786036,69.49523421786036
7550,61.078452809006706,61.078452809006706,61.078452809006706,61.078452809006706,61.078452809006706
7551,60.43336424249783,60.43336424249783,60.43336424249783,60.43336424249783,60.43336424249783
7552,68.16442829805062,68.16442829805062,68.16442829805062,68.16442829805062,68.16442829805062
7553,66.50003503396702,66.50003503396702,66.50003503396702,66.50003503396702,66.50003503396702
7554,65.0623342922459,65.0623342922459,65.0623342922459,65.0623342922459,65.0623342922459
7555,67.16360880177166,67.16360880177166,67.16360880177166,67.16360880177166,67.16360880177166
7556,68.11081063548376,68.11081063548376,68.11081063548376,68.11081063548376,68.11081063548376
7557,70.81334384901099,70.81334384901099,70.81334384901099,70.81334384901099,70.81334384901099
7558,65.68958020839845,65.68958020839845,65.68958020839845,65.68958020839845,65.68958020839845
7559,63.98530000761764,63.98530000761764,63.98530000761764,63.98530000761764,63.98530000761764
7560,69.15017775833023,69.15017775833023,69.15017775833023,69.15017775833023,69.15017775833023
7561,61.91912808473921,61.91912808473921,61.91912808473921,61.91912808473921,61.91912808473921
7562,58.8510175259196,58.8510175259196,58.8510175259196,58.8510175259196,58.8510175259196
7563,62.02391821792187,62.02391821792187,62.02391821792187,62.02391821792187,62.02391821792187
7564,69.63563413678301,69.63563413678301,69.63563413678301,69.63563413678301,69.63563413678301
7565,68.51394099313198,68.51394099313198,68.51394099313198,68.51394099313198,68.51394099313198
7566,64.78455230296748,64.78455230296748,64.78455230296748,64.78455230296748,64.78455230296748
7567,63.85698781702372,63.85698781702372,63.85698781702372,63.85698781702372,63.85698781702372
7568,63.03927734893453,63.03927734893453,63.03927734893453,63.03927734893453,63.03927734893453
7569,65.91878601121616,65.91878601121616,65.91878601121616,65.91878601121616,65.91878601121616
7570,61.104096028383914,61.104096028383914,61.104096028383914,61.104096028383914,61.104096028383914
7571,60.1979683506948,60.1979683506948,60.1979683506948,60.1979683506948,60.1979683506948
7572,64.13282173566951,64.13282173566951,64.13282173566951,64.13282173566951,64.13282173566951
7573,64.45307819373204,64.45307819373204,64.45307819373204,64.45307819373204,64.45307819373204
7574,70.60916221700009,70.60916221700009,70.60916221700009,70.60916221700009,70.60916221700009
7575,69.91217334211217,69.91217334211217,69.91217334211217,69.91217334211217,69.91217334211217
7576,63.83203271052413,63.83203271052413,63.83203271052413,63.83203271052413,63.83203271052413
7577,68.37730075112624,68.37730075112624,68.37730075112624,68.37730075112624,68.37730075112624
7578,69.90109849816852,69.90109849816852,69.90109849816852,69.90109849816852,69.90109849816852
7579,62.207314113775624,62.207314113775624,62.207314113775624,62.207314113775624,62.207314113775624
7580,70.43690878259237,70.43690878259237,70.43690878259237,70.43690878259237,70.43690878259237
7581,59.6050195486391,59.6050195486391,59.6050195486391,59.6050195486391,59.6050195486391
7582,64.05239443360014,64.05239443360014,64.05239443360014,64.05239443360014,64.05239443360014
7583,71.23557752853834,71.23557752853834,71.23557752853834,71.23557752853834,71.23557752853834
7584,70.46452558136143,70.46452558136143,70.46452558136143,70.46452558136143,70.46452558136143
7585,63.204076680241705,63.204076680241705,63.204076680241705,63.204076680241705,63.204076680241705
7586,70.03773469649744,70.03773469649744,70.03773469649744,70.03773469649744,70.03773469649744
7587,63.09885668357835,63.09885668357835,63.09885668357835,63.09885668357835,63.09885668357835
7588,70.02720015102268,70.02720015102268,70.02720015102268,70.02720015102268,70.02720015102268
7589,65.9019654943731,65.9019654943731,65.9019654943731,65.9019654943731,65.9019654943731
7590,69.53970984926511,69.53970984926511,69.53970984926511,69.53970984926511,69.53970984926511
7591,66.96230705512984,66.96230705512984,66.96230705512984,66.96230705512984,66.96230705512984
7592,60.22917098852497,60.22917098852497,60.22917098852497,60.22917098852497,60.22917098852497
7593,59.71279414415535,59.71279414415535,59.71279414415535,59.71279414415535,59.71279414415535
7594,67.91973636928816,67.91973636928816,67.91973636928816,67.91973636928816,67.91973636928816
7595,58.89314485913189,58.89314485913189,58.89314485913189,58.89314485913189,58.89314485913189
7596,67.49113778687932,67.49113778687932,67.49113778687932,67.49113778687932,67.49113778687932
7597,65.96769335348252,65.96769335348252,65.96769335348252,65.96769335348252,65.96769335348252
7598,64.21683548730834,64.21683548730834,64.21683548730834,64.21683548730834,64.21683548730834
7599,63.780766961158484,63.780766961158484,63.780766961158484,63.780766961158484,63.780766961158484
7600,59.13382746992467,59.13382746992467,59.13382746992467,59.13382746992467,59.13382746992467
7601,58.92029237443097,58.92029237443097,58.92029237443097,58.92029237443097,58.92029237443097
7602,70.2722996197441,70.2722996197441,70.2722996197441,70.2722996197441,70.2722996197441
7603,67.825462907971,67.825462907971,67.825462907971,67.825462907971,67.825462907971
7604,68.68526579944542,68.68526579944542,68.68526579944542,68.68526579944542,68.68526579944542
7605,62.877739756906536,62.877739756906536,62.877739756906536,62.877739756906536,62.877739756906536
7606,61.14268147719236,61.14268147719236,61.14268147719236,61.14268147719236,61.14268147719236
7607,67.00300147815328,67.00300147815328,67.00300147815328,67.00300147815328,67.00300147815328
7608,65.39749966785486,65.39749966785486,65.39749966785486,65.39749966785486,65.39749966785486
7609,66.33014499503851,66.33014499503851,66.33014499503851,66.33014499503851,66.33014499503851
7610,68.53965089855801,68.53965089855801,68.53965089855801,68.53965089855801,68.53965089855801
7611,61.53029874962178,61.53029874962178,61.53029874962178,61.53029874962178,61.53029874962178
7612,70.82850298411924,70.82850298411924,70.82850298411924,70.82850298411924,70.82850298411924
7613,67.38263169869707,67.38263169869707,67.38263169869707,67.38263169869707,67.38263169869707
7614,66.95938024297612,66.95938024297612,66.95938024297612,66.95938024297612,66.95938024297612
7615,65.82863724662705,65.82863724662705,65.82863724662705,65.82863724662705,65.82863724662705
7616,58.755367799182984,58.755367799182984,58.755367799182984,58.755367799182984,58.755367799182984
7617,68.62220231928721,68.62220231928721,68.62220231928721,68.62220231928721,68.62220231928721
7618,59.769473654136775,59.769473654136775,59.769473654136775,59.769473654136775,59.769473654136775
7619,61.28938360353013,61.28938360353013,61.28938360353013,61.28938360353013,61.28938360353013
7620,69.97146979930461,69.97146979930461,69.97146979930461,69.97146979930461,69.97146979930461
7621,62.2949746282205,62.2949746282205,62.2949746282205,62.2949746282205,62.2949746282205
7622,64.71639246592623,64.71639246592623,64.71639246592623,64.71639246592623,64.71639246592623
7623,66.66811670813065,66.66811670813065,66.66811670813065,66.66811670813065,66.66811670813065
7624,63.72220815043791,63.72220815043791,63.72220815043791,63.72220815043791,63.72220815043791
7625,68.56475275725498,68.56475275725498,68.56475275725498,68.56475275725498,68.56475275725498
7626,65.02438368610079,65.02438368610079,65.02438368610079,65.02438368610079,65.02438368610079
7627,64.45040757488304,64.45040757488304,64.45040757488304,64.45040757488304,64.45040757488304
7628,63.234267510955156,63.234267510955156,63.234267510955156,63.234267510955156,63.234267510955156
7629,64.66633867178278,64.66633867178278,64.66633867178278,64.66633867178278,64.66633867178278
7630,64.02187586910105,64.02187586910105,64.02187586910105,64.02187586910105,64.02187586910105
7631,59.72647641262138,59.72647641262138,59.72647641262138,59.72647641262138,59.72647641262138
7632,70.1499667885592,70.1499667885592,70.1499667885592,70.1499667885592,70.1499667885592
7633,61.22492258088567,61.22492258088567,61.22492258088567,61.22492258088567,61.22492258088567
7634,71.33737486779978,71.33737486779978,71.33737486779978,71.33737486779978,71.33737486779978
7635,62.42006549243634,62.42006549243634,62.42006549243634,62.42006549243634,62.42006549243634
7636,60.29750222814497,60.29750222814497,60.29750222814497,60.29750222814497,60.29750222814497
7637,59.78455381286426,59.78455381286426,59.78455381286426,59.78455381286426,59.78455381286426
7638,60.140604581382384,60.140604581382384,60.140604581382384,60.140604581382384,60.140604581382384
7639,65.36148224021268,65.36148224021268,65.36148224021268,65.36148224021268,65.36148224021268
7640,67.01187940367222,67.01187940367222,67.01187940367222,67.01187940367222,67.01187940367222
7641,63.628170387683795,63.628170387683795,63.628170387683795,63.628170387683795,63.628170387683795
7642,60.81190972296561,60.81190972296561,60.81190972296561,60.81190972296561,60.81190972296561
7643,58.75067815104827,58.75067815104827,58.75067815104827,58.75067815104827,58.75067815104827
7644,59.86990127310833,59.86990127310833,59.86990127310833,59.86990127310833,59.86990127310833
7645,65.12092691747974,65.12092691747974,65.12092691747974,65.12092691747974,65.12092691747974
7646,64.08504517746098,64.08504517746098,64.08504517746098,64.08504517746098,64.08504517746098
7647,70.31331166016399,70.31331166016399,70.31331166016399,70.31331166016399,70.31331166016399
7648,71.16674071991679,71.16674071991679,71.16674071991679,71.16674071991679,71.16674071991679
7649,58.806813124877635,58.806813124877635,58.806813124877635,58.806813124877635,58.806813124877635
7650,60.60142694492173,60.60142694492173,60.60142694492173,60.60142694492173,60.60142694492173
7651,64.28529793265157,64.28529793265157,64.28529793265157,64.28529793265157,64.28529793265157
7652,71.45548090801604,71.45548090801604,71.45548090801604,71.45548090801604,71.45548090801604
7653,64.90889508221518,64.90889508221518,64.90889508221518,64.90889508221518,64.90889508221518
7654,70.69003328858453,70.69003328858453,70.69003328858453,70.69003328858453,70.69003328858453
7655,70.30453279621452,70.30453279621452,70.30453279621452,70.30453279621452,70.30453279621452
7656,66.47721918393235,66.47721918393235,66.47721918393235,66.47721918393235,66.47721918393235
7657,67.78868077521028,67.78868077521028,67.78868077521028,67.78868077521028,67.78868077521028
7658,63.63532049048931,63.63532049048931,63.63532049048931,63.63532049048931,63.63532049048931
7659,59.20915519239493,59.20915519239493,59.20915519239493,59.20915519239493,59.20915519239493
7660,69.70498581868169,69.70498581868169,69.70498581868169,69.70498581868169,69.70498581868169
7661,68.1278118241519,68.1278118241519,68.1278118241519,68.1278118241519,68.1278118241519
7662,69.1259137431414,69.1259137431414,69.1259137431414,69.1259137431414,69.1259137431414
7663,70.60304447007252,70.60304447007252,70.60304447007252,70.60304447007252,70.60304447007252
7664,65.45599420544622,65.45599420544622,65.45599420544622,65.45599420544622,65.45599420544622
7665,58.86565466532049,58.86565466532049,58.86565466532049,58.86565466532049,58.86565466532049
7666,68.99967448665063,68.99967448665063,68.99967448665063,68.99967448665063,68.99967448665063
7667,64.35932025743398,64.35932025743398,64.35932025743398,64.35932025743398,64.35932025743398
7668,62.41976093867222,62.41976093867222,62.41976093867222,62.41976093867222,62.41976093867222
7669,69.14314433851462,69.14314433851462,69.14314433851462,69.14314433851462,69.14314433851462
7670,70.21906181887788,70.21906181887788,70.21906181887788,70.21906181887788,70.21906181887788
7671,64.87299057372356,64.87299057372356,64.87299057372356,64.87299057372356,64.87299057372356
7672,65.41246082862604,65.41246082862604,65.41246082862604,65.41246082862604,65.41246082862604
7673,64.02586892738324,64.02586892738324,64.02586892738324,64.02586892738324,64.02586892738324
7674,63.54900186864833,63.54900186864833,63.54900186864833,63.54900186864833,63.54900186864833
7675,61.647407698995956,61.647407698995956,61.647407698995956,61.647407698995956,61.647407698995956
7676,70.82830825907683,70.82830825907683,70.82830825907683,70.82830825907683,70.82830825907683
7677,70.08456254671891,70.08456254671891,70.08456254671891,70.08456254671891,70.08456254671891
7678,60.12437481457988,60.12437481457988,60.12437481457988,60.12437481457988,60.12437481457988
7679,60.89753024885233,60.89753024885233,60.89753024885233,60.89753024885233,60.89753024885233
7680,64.6974268257248,64.6974268257248,64.6974268257248,64.6974268257248,64.6974268257248
7681,60.08677718532006,60.08677718532006,60.08677718532006,60.08677718532006,60.08677718532006
7682,60.171270053784795,60.171270053784795,60.171270053784795,60.171270053784795,60.171270053784795
7683,70.69035458111198,70.69035458111198,70.69035458111198,70.69035458111198,70.69035458111198
7684,61.73933722217202,61.73933722217202,61.73933722217202,61.73933722217202,61.73933722217202
7685,64.02611100726216,64.02611100726216,64.02611100726216,64.02611100726216,64.02611100726216
7686,67.23560883620559,67.23560883620559,67.23560883620559,67.23560883620559,67.23560883620559
7687,70.99527357362442,70.99527357362442,70.99527357362442,70.99527357362442,70.99527357362442
7688,67.21142286685864,67.21142286685864,67.21142286685864,67.21142286685864,67.21142286685864
7689,69.31735407678434,69.31735407678434,69.31735407678434,69.31735407678434,69.31735407678434
7690,67.09755893947285,67.09755893947285,67.09755893947285,67.09755893947285,67.09755893947285
7691,69.85496108843813,69.85496108843813,69.85496108843813,69.85496108843813,69.85496108843813
7692,65.94835933581116,65.94835933581116,65.94835933581116,65.94835933581116,65.94835933581116
7693,63.12428230916524,63.12428230916524,63.12428230916524,63.12428230916524,63.12428230916524
7694,70.6384295368095,70.6384295368095,70.6384295368095,70.6384295368095,70.6384295368095
7695,71.08582557560612,71.08582557560612,71.08582557560612,71.08582557560612,71.08582557560612
7696,64.73905498578456,64.73905498578456,64.73905498578456,64.73905498578456,64.73905498578456
7697,59.33461133301617,59.33461133301617,59.33461133301617,59.33461133301617,59.33461133301617
7698,59.08363539652682,59.08363539652682,59.08363539652682,59.08363539652682,59.08363539652682
7699,70.04986773574839,70.04986773574839,70.04986773574839,70.04986773574839,70.04986773574839
7700,66.97855564052614,66.97855564052614,66.97855564052614,66.97855564052614,66.97855564052614
7701,65.01695123518215,65.01695123518215,65.01695123518215,65.01695123518215,65.01695123518215
7702,62.73605546149796,62.73605546149796,62.73605546149796,62.73605546149796,62.73605546149796
7703,60.08685761338731,60.08685761338731,60.08685761338731,60.08685761338731,60.08685761338731
7704,58.93743385864645,58.93743385864645,58.93743385864645,58.93743385864645,58.93743385864645
7705,59.214987877763846,59.214987877763846,59.214987877763846,59.214987877763846,59.214987877763846
7706,63.315774465402285,63.315774465402285,63.315774465402285,63.315774465402285,63.315774465402285
7707,60.85834924656308,60.85834924656308,60.85834924656308,60.85834924656308,60.85834924656308
7708,59.86166589678874,59.86166589678874,59.86166589678874,59.86166589678874,59.86166589678874
7709,71.41727199498195,71.41727199498195,71.41727199498195,71.41727199498195,71.41727199498195
7710,67.4511089953285,67.4511089953285,67.4511089953285,67.4511089953285,67.4511089953285
7711,63.31632459178543,63.31632459178543,63.31632459178543,63.31632459178543,63.31632459178543
7712,59.59687108452166,59.59687108452166,59.59687108452166,59.59687108452166,59.59687108452166
7713,61.84803910979136,61.84803910979136,61.84803910979136,61.84803910979136,61.84803910979136
7714,58.903807476279354,58.903807476279354,58.903807476279354,58.903807476279354,58.903807476279354
7715,61.27282900762772,61.27282900762772,61.27282900762772,61.27282900762772,61.27282900762772
7716,69.11970193247049,69.11970193247049,69.11970193247049,69.11970193247049,69.11970193247049
7717,66.16272790538164,66.16272790538164,66.16272790538164,66.16272790538164,66.16272790538164
7718,68.3611374586275,68.3611374586275,68.3611374586275,68.3611374586275,68.3611374586275
7719,64.46927241809455,64.46927241809455,64.46927241809455,64.46927241809455,64.46927241809455
7720,66.47550812660081,66.47550812660081,66.47550812660081,66.47550812660081,66.47550812660081
7721,69.84874228390404,69.84874228390404,69.84874228390404,69.84874228390404,69.84874228390404
7722,64.27675324084402,64.27675324084402,64.27675324084402,64.27675324084402,64.27675324084402
7723,60.411899633606964,60.411899633606964,60.411899633606964,60.411899633606964,60.411899633606964
7724,58.60463933198957,58.60463933198957,58.60463933198957,58.60463933198957,58.60463933198957
7725,59.626284701419614,59.626284701419614,59.626284701419614,59.626284701419614,59.626284701419614
7726,61.00899453431233,61.00899453431233,61.00899453431233,61.00899453431233,61.00899453431233
7727,71.39438702478337,71.39438702478337,71.39438702478337,71.39438702478337,71.39438702478337
7728,65.37160133108368,65.37160133108368,65.37160133108368,65.37160133108368,65.37160133108368
7729,64.02403375502321,64.02403375502321,64.02403375502321,64.02403375502321,64.02403375502321
7730,65.60874680361789,65.60874680361789,65.60874680361789,65.60874680361789,65.60874680361789
7731,61.04273975448676,61.04273975448676,61.04273975448676,61.04273975448676,61.04273975448676
7732,66.5005032041209,66.5005032041209,66.5005032041209,66.5005032041209,66.5005032041209
7733,60.988500340063105,60.988500340063105,60.988500340063105,60.988500340063105,60.988500340063105
7734,68.16087086325793,68.16087086325793,68.16087086325793,68.16087086325793,68.16087086325793
7735,67.14418074647467,67.14418074647467,67.14418074647467,67.14418074647467,67.14418074647467
7736,68.26888073307562,68.26888073307562,68.26888073307562,68.26888073307562,68.26888073307562
7737,67.64418419020143,67.64418419020143,67.64418419020143,67.64418419020143,67.64418419020143
7738,65.80207192279913,65.80207192279913,65.80207192279913,65.80207192279913,65.80207192279913
7739,59.94111257277128,59.94111257277128,59.94111257277128,59.94111257277128,59.94111257277128
7740,63.51219325916421,63.51219325916421,63.51219325916421,63.51219325916421,63.51219325916421
7741,61.77602804796917,61.77602804796917,61.77602804796917,61.77602804796917,61.77602804796917
7742,62.43696298862442,62.43696298862442,62.43696298862442,62.43696298862442,62.43696298862442
7743,61.65191095300827,61.65191095300827,61.65191095300827,61.65191095300827,61.65191095300827
7744,68.6416891057886,68.6416891057886,68.6416891057886,68.6416891057886,68.6416891057886
7745,70.2404622941978,70.2404622941978,70.2404622941978,70.2404622941978,70.2404622941978
7746,61.788960171948105,61.788960171948105,61.788960171948105,61.788960171948105,61.788960171948105
7747,69.71915425699997,69.71915425699997,69.71915425699997,69.71915425699997,69.71915425699997
7748,64.10765976843702,64.10765976843702,64.10765976843702,64.10765976843702,64.10765976843702
7749,58.97675966411072,58.97675966411072,58.97675966411072,58.97675966411072,58.97675966411072
7750,67.93981638942603,67.93981638942603,67.93981638942603,67.93981638942603,67.93981638942603
7751,65.20005397687888,65.20005397687888,65.20005397687888,65.20005397687888,65.20005397687888
7752,68.56099858417784,68.56099858417784,68.56099858417784,68.56099858417784,68.56099858417784
7753,69.83034899458438,69.83034899458438,69.83034899458438,69.83034899458438,69.83034899458438
7754,63.75813474336273,63.75813474336273,63.75813474336273,63.75813474336273,63.75813474336273
7755,68.54773896325953,68.54773896325953,68.54773896325953,68.54773896325953,68.54773896325953
7756,70.00414271770812,70.00414271770812,70.00414271770812,70.00414271770812,70.00414271770812
7757,65.15578011046188,65.15578011046188,65.15578011046188,65.15578011046188,65.15578011046188
7758,70.76013459063087,70.76013459063087,70.76013459063087,70.76013459063087,70.76013459063087
7759,71.36623113102675,71.36623113102675,71.36623113102675,71.36623113102675,71.36623113102675
7760,66.91905516954303,66.91905516954303,66.91905516954303,66.91905516954303,66.91905516954303
7761,61.023705306742514,61.023705306742514,61.023705306742514,61.023705306742514,61.023705306742514
7762,71.16335999650636,71.16335999650636,71.16335999650636,71.16335999650636,71.16335999650636
7763,69.99642080263868,69.99642080263868,69.99642080263868,69.99642080263868,69.99642080263868
7764,60.39657546410473,60.39657546410473,60.39657546410473,60.39657546410473,60.39657546410473
7765,60.06824675871404,60.06824675871404,60.06824675871404,60.06824675871404,60.06824675871404
7766,64.51972638207656,64.51972638207656,64.51972638207656,64.51972638207656,64.51972638207656
7767,68.33322068091775,68.33322068091775,68.33322068091775,68.33322068091775,68.33322068091775
7768,60.18797887074928,60.18797887074928,60.18797887074928,60.18797887074928,60.18797887074928
7769,62.16514730433053,62.16514730433053,62.16514730433053,62.16514730433053,62.16514730433053
7770,60.63828011589139,60.63828011589139,60.63828011589139,60.63828011589139,60.63828011589139
7771,66.7212161172785,66.7212161172785,66.7212161172785,66.7212161172785,66.7212161172785
7772,66.35481726627944,66.35481726627944,66.35481726627944,66.35481726627944,66.35481726627944
7773,61.183147691828836,61.183147691828836,61.183147691828836,61.183147691828836,61.183147691828836
7774,70.891822667118,70.891822667118,70.891822667118,70.891822667118,70.891822667118
7775,63.8136879183204,63.8136879183204,63.8136879183204,63.8136879183204,63.8136879183204
7776,61.795285314802875,61.795285314802875,61.795285314802875,61.795285314802875,61.795285314802875
7777,66.2453682480893,66.2453682480893,66.2453682480893,66.2453682480893,66.2453682480893
7778,68.95132145513419,68.95132145513419,68.95132145513419,68.95132145513419,68.95132145513419
7779,65.20523263808956,65.20523263808956,65.20523263808956,65.20523263808956,65.20523263808956
7780,61.88991025112136,61.88991025112136,61.88991025112136,61.88991025112136,61.88991025112136
7781,61.646206189488396,61.646206189488396,61.646206189488396,61.646206189488396,61.646206189488396
7782,67.50367776066871,67.50367776066871,67.50367776066871,67.50367776066871,67.50367776066871
7783,67.13934288217864,67.13934288217864,67.13934288217864,67.13934288217864,67.13934288217864
7784,66.28554148125751,66.28554148125751,66.28554148125751,66.28554148125751,66.28554148125751
7785,64.5651996036276,64.5651996036276,64.5651996036276,64.5651996036276,64.5651996036276
7786,71.0262313998559,71.0262313998559,71.0262313998559,71.0262313998559,71.0262313998559
7787,71.09627446477948,71.09627446477948,71.09627446477948,71.09627446477948,71.09627446477948
7788,62.21992670970773,62.21992670970773,62.21992670970773,62.21992670970773,62.21992670970773
7789,67.226272097865,67.226272097865,67.226272097865,67.226272097865,67.226272097865
7790,70.74077786746382,70.74077786746382,70.74077786746382,70.74077786746382,70.74077786746382
7791,59.28328736295333,59.28328736295333,59.28328736295333,59.28328736295333,59.28328736295333
7792,68.52567554664004,68.52567554664004,68.52567554664004,68.52567554664004,68.52567554664004
7793,59.74719972009386,59.74719972009386,59.74719972009386,59.74719972009386,59.74719972009386
7794,63.98545861878025,63.98545861878025,63.98545861878025,63.98545861878025,63.98545861878025
7795,69.81539832425635,69.81539832425635,69.81539832425635,69.81539832425635,69.81539832425635
7796,67.11268647291634,67.11268647291634,67.11268647291634,67.11268647291634,67.11268647291634
7797,70.10034030559797,70.10034030559797,70.10034030559797,70.10034030559797,70.10034030559797
7798,64.11741626477037,64.11741626477037,64.11741626477037,64.11741626477037,64.11741626477037
7799,62.84093890919805,62.84093890919805,62.84093890919805,62.84093890919805,62.84093890919805
7800,58.82632602177877,58.82632602177877,58.82632602177877,58.82632602177877,58.82632602177877
7801,69.85948040731759,69.85948040731759,69.85948040731759,69.85948040731759,69.85948040731759
7802,70.31573404251617,70.31573404251617,70.31573404251617,70.31573404251617,70.31573404251617
7803,61.25929852562053,61.25929852562053,61.25929852562053,61.25929852562053,61.25929852562053
7804,59.61478012704866,59.61478012704866,59.61478012704866,59.61478012704866,59.61478012704866
7805,70.54598270717969,70.54598270717969,70.54598270717969,70.54598270717969,70.54598270717969
7806,58.977798721538306,58.977798721538306,58.977798721538306,58.977798721538306,58.977798721538306
7807,65.58392631644723,65.58392631644723,65.58392631644723,65.58392631644723,65.58392631644723
7808,62.534654041290295,62.534654041290295,62.534654041290295,62.534654041290295,62.534654041290295
7809,58.553151237933776,58.553151237933776,58.553151237933776,58.553151237933776,58.553151237933776
7810,64.07842679984128,64.07842679984128,64.07842679984128,64.07842679984128,64.07842679984128
7811,65.27208816048928,65.27208816048928,65.27208816048928,65.27208816048928,65.27208816048928
7812,70.6963185126969,70.6963185126969,70.6963185126969,70.6963185126969,70.6963185126969
7813,66.65697898841358,66.65697898841358,66.65697898841358,66.65697898841358,66.65697898841358
7814,71.39504415849952,71.39504415849952,71.39504415849952,71.39504415849952,71.39504415849952
7815,65.38397410084073,65.38397410084073,65.38397410084073,65.38397410084073,65.38397410084073
7816,70.95248672614015,70.95248672614015,70.95248672614015,70.95248672614015,70.95248672614015
7817,61.645335848826946,61.645335848826946,61.645335848826946,61.645335848826946,61.645335848826946
7818,68.89635178549634,68.89635178549634,68.89635178549634,68.89635178549634,68.89635178549634
7819,67.84134368145624,67.84134368145624,67.84134368145624,67.84134368145624,67.84134368145624
7820,60.91435071045004,60.91435071045004,60.91435071045004,60.91435071045004,60.91435071045004
7821,61.577090134243385,61.577090134243385,61.577090134243385,61.577090134243385,61.577090134243385
7822,69.74620213715315,69.74620213715315,69.74620213715315,69.74620213715315,69.74620213715315
7823,68.93725079319623,68.93725079319623,68.93725079319623,68.93725079319623,68.93725079319623
7824,62.389558809728506,62.389558809728506,62.389558809728506,62.389558809728506,62.389558809728506
7825,67.2759476601753,67.2759476601753,67.2759476601753,67.2759476601753,67.2759476601753
7826,66.30889962790485,66.30889962790485,66.30889962790485,66.30889962790485,66.30889962790485
7827,65.17744275129863,65.17744275129863,65.17744275129863,65.17744275129863,65.17744275129863
7828,64.05495446933242,64.05495446933242,64.05495446933242,64.05495446933242,64.05495446933242
7829,70.27749987728552,70.27749987728552,70.27749987728552,70.27749987728552,70.27749987728552
7830,58.78041947875688,58.78041947875688,58.78041947875688,58.78041947875688,58.78041947875688
7831,66.3599085230982,66.3599085230982,66.3599085230982,66.3599085230982,66.3599085230982
7832,58.62445921152046,58.62445921152046,58.62445921152046,58.62445921152046,58.62445921152046
7833,64.30055557849876,64.30055557849876,64.30055557849876,64.30055557849876,64.30055557849876
7834,71.18413561517141,71.18413561517141,71.18413561517141,71.18413561517141,71.18413561517141
7835,59.64911368870401,59.64911368870401,59.64911368870401,59.64911368870401,59.64911368870401
7836,65.452768683331,65.452768683331,65.452768683331,65.452768683331,65.452768683331
7837,59.34584378210282,59.34584378210282,59.34584378210282,59.34584378210282,59.34584378210282
7838,62.604832557912616,62.604832557912616,62.604832557912616,62.604832557912616,62.604832557912616
7839,71.02635587696608,71.02635587696608,71.02635587696608,71.02635587696608,71.02635587696608
7840,59.99079416418963,59.99079416418963,59.99079416418963,59.99079416418963,59.99079416418963
7841,70.27256373820232,70.27256373820232,70.27256373820232,70.27256373820232,70.27256373820232
7842,63.18406216297934,63.18406216297934,63.18406216297934,63.18406216297934,63.18406216297934
7843,61.390549841615666,61.390549841615666,61.390549841615666,61.390549841615666,61.390549841615666
7844,58.75663742584016,58.75663742584016,58.75663742584016,58.75663742584016,58.75663742584016
7845,67.20546504735292,67.20546504735292,67.20546504735292,67.20546504735292,67.20546504735292
7846,62.57433908370341,62.57433908370341,62.57433908370341,62.57433908370341,62.57433908370341
7847,69.79826610795543,69.79826610795543,69.79826610795543,69.79826610795543,69.79826610795543
7848,66.7246247290461,66.7246247290461,66.7246247290461,66.7246247290461,66.7246247290461
7849,60.575715449808364,60.575715449808364,60.575715449808364,60.575715449808364,60.575715449808364
7850,68.94057955289225,68.94057955289225,68.94057955289225,68.94057955289225,68.94057955289225
7851,70.65793376016356,70.65793376016356,70.65793376016356,70.65793376016356,70.65793376016356
7852,65.82682331778707,65.82682331778707,65.82682331778707,65.82682331778707,65.82682331778707
7853,60.723788481479296,60.723788481479296,60.723788481479296,60.723788481479296,60.723788481479296
7854,66.67194140848444,66.67194140848444,66.67194140848444,66.67194140848444,66.67194140848444
7855,63.74571027803773,63.74571027803773,63.74571027803773,63.74571027803773,63.74571027803773
7856,70.48728898719155,70.48728898719155,70.48728898719155,70.48728898719155,70.48728898719155
7857,68.75153730594872,68.75153730594872,68.75153730594872,68.75153730594872,68.75153730594872
7858,59.268914456029634,59.268914456029634,59.268914456029634,59.268914456029634,59.268914456029634
7859,68.85030182599697,68.85030182599697,68.85030182599697,68.85030182599697,68.85030182599697
7860,63.72863524996627,63.72863524996627,63.72863524996627,63.72863524996627,63.72863524996627
7861,66.06131441760547,66.06131441760547,66.06131441760547,66.06131441760547,66.06131441760547
7862,63.9202901930319,63.9202901930319,63.9202901930319,63.9202901930319,63.9202901930319
7863,66.76678170484692,66.76678170484692,66.76678170484692,66.76678170484692,66.76678170484692
7864,64.39599968063087,64.39599968063087,64.39599968063087,64.39599968063087,64.39599968063087
7865,69.26544052009501,69.26544052009501,69.26544052009501,69.26544052009501,69.26544052009501
7866,58.5927121031927,58.5927121031927,58.5927121031927,58.5927121031927,58.5927121031927
7867,58.61605678039203,58.61605678039203,58.61605678039203,58.61605678039203,58.61605678039203
7868,69.37599739139196,69.37599739139196,69.37599739139196,69.37599739139196,69.37599739139196
7869,70.51566170321229,70.51566170321229,70.51566170321229,70.51566170321229,70.51566170321229
7870,58.55103224431801,58.55103224431801,58.55103224431801,58.55103224431801,58.55103224431801
7871,70.87439562643675,70.87439562643675,70.87439562643675,70.87439562643675,70.87439562643675
7872,68.6069847281632,68.6069847281632,68.6069847281632,68.6069847281632,68.6069847281632
7873,67.47263905724138,67.47263905724138,67.47263905724138,67.47263905724138,67.47263905724138
7874,62.62532071783327,62.62532071783327,62.62532071783327,62.62532071783327,62.62532071783327
7875,70.72794279870213,70.72794279870213,70.72794279870213,70.72794279870213,70.72794279870213
7876,70.50636163762815,70.50636163762815,70.50636163762815,70.50636163762815,70.50636163762815
7877,69.8714612771112,69.8714612771112,69.8714612771112,69.8714612771112,69.8714612771112
7878,67.05657825741869,67.05657825741869,67.05657825741869,67.05657825741869,67.05657825741869
7879,69.3029002635709,69.3029002635709,69.3029002635709,69.3029002635709,69.3029002635709
7880,59.24853962623882,59.24853962623882,59.24853962623882,59.24853962623882,59.24853962623882
7881,67.80807132786924,67.80807132786924,67.80807132786924,67.80807132786924,67.80807132786924
7882,58.73439837499661,58.73439837499661,58.73439837499661,58.73439837499661,58.73439837499661
7883,59.32966030260054,59.32966030260054,59.32966030260054,59.32966030260054,59.32966030260054
7884,61.02615006875912,61.02615006875912,61.02615006875912,61.02615006875912,61.02615006875912
7885,64.53177221103631,64.53177221103631,64.53177221103631,64.53177221103631,64.53177221103631
7886,71.32565316282054,71.32565316282054,71.32565316282054,71.32565316282054,71.32565316282054
7887,64.14975361584372,64.14975361584372,64.14975361584372,64.14975361584372,64.14975361584372
7888,63.83392503739666,63.83392503739666,63.83392503739666,63.83392503739666,63.83392503739666
7889,62.74677437902247,62.74677437902247,62.74677437902247,62.74677437902247,62.74677437902247
7890,60.505544591153146,60.505544591153146,60.505544591153146,60.505544591153146,60.505544591153146
7891,59.5904876087958,59.5904876087958,59.5904876087958,59.5904876087958,59.5904876087958
7892,63.33052767621992,63.33052767621992,63.33052767621992,63.33052767621992,63.33052767621992
7893,64.17619784059787,64.17619784059787,64.17619784059787,64.17619784059787,64.17619784059787
7894,62.98786821714557,62.98786821714557,62.98786821714557,62.98786821714557,62.98786821714557
7895,66.51764410765166,66.51764410765166,66.51764410765166,66.51764410765166,66.51764410765166
7896,64.58964353948008,64.58964353948008,64.58964353948008,64.58964353948008,64.58964353948008
7897,67.73144187291996,67.73144187291996,67.73144187291996,67.73144187291996,67.73144187291996
7898,68.64248354993859,68.64248354993859,68.64248354993859,68.64248354993859,68.64248354993859
7899,65.46105645851272,65.46105645851272,65.46105645851272,65.46105645851272,65.46105645851272
7900,63.96722722708886,63.96722722708886,63.96722722708886,63.96722722708886,63.96722722708886
7901,58.62572288506761,58.62572288506761,58.62572288506761,58.62572288506761,58.62572288506761
7902,63.808228940027426,63.808228940027426,63.808228940027426,63.808228940027426,63.808228940027426
7903,63.091478372200434,63.091478372200434,63.091478372200434,63.091478372200434,63.091478372200434
7904,66.8538329950144,66.8538329950144,66.8538329950144,66.8538329950144,66.8538329950144
7905,71.15767877296514,71.15767877296514,71.15767877296514,71.15767877296514,71.15767877296514
7906,66.90754619364297,66.90754619364297,66.90754619364297,66.90754619364297,66.90754619364297
7907,63.05165334255364,63.05165334255364,63.05165334255364,63.05165334255364,63.05165334255364
7908,71.4592766992212,71.4592766992212,71.4592766992212,71.4592766992212,71.4592766992212
7909,69.7576539148648,69.7576539148648,69.7576539148648,69.7576539148648,69.7576539148648
7910,71.33910317691,71.33910317691,71.33910317691,71.33910317691,71.33910317691
7911,61.70761747311477,61.70761747311477,61.70761747311477,61.70761747311477,61.70761747311477
7912,66.0552950964739,66.0552950964739,66.0552950964739,66.0552950964739,66.0552950964739
7913,59.44213101546758,59.44213101546758,59.44213101546758,59.44213101546758,59.44213101546758
7914,62.5994621921101,62.5994621921101,62.5994621921101,62.5994621921101,62.5994621921101
7915,62.296124308389714,62.296124308389714,62.296124308389714,62.296124308389714,62.296124308389714
7916,66.27023786247808,66.27023786247808,66.27023786247808,66.27023786247808,66.27023786247808
7917,67.02522933481775,67.02522933481775,67.02522933481775,67.02522933481775,67.02522933481775
7918,62.037685596043545,62.037685596043545,62.037685596043545,62.037685596043545,62.037685596043545
7919,66.1852607984416,66.1852607984416,66.1852607984416,66.1852607984416,66.1852607984416
7920,68.13013629921757,68.13013629921757,68.13013629921757,68.13013629921757,68.13013629921757
7921,67.89742449019836,67.89742449019836,67.89742449019836,67.89742449019836,67.89742449019836
7922,58.85103215422952,58.85103215422952,58.85103215422952,58.85103215422952,58.85103215422952
7923,64.2009723063159,64.2009723063159,64.2009723063159,64.2009723063159,64.2009723063159
7924,65.2611558295613,65.2611558295613,65.2611558295613,65.2611558295613,65.2611558295613
7925,69.83320600261065,69.83320600261065,69.83320600261065,69.83320600261065,69.83320600261065
7926,65.16389541334418,65.16389541334418,65.16389541334418,65.16389541334418,65.16389541334418
7927,69.71838432280214,69.71838432280214,69.71838432280214,69.71838432280214,69.71838432280214
7928,62.04343858461951,62.04343858461951,62.04343858461951,62.04343858461951,62.04343858461951
7929,65.99571918327526,65.99571918327526,65.99571918327526,65.99571918327526,65.99571918327526
7930,70.03559796692332,70.03559796692332,70.03559796692332,70.03559796692332,70.03559796692332
7931,68.27046138064257,68.27046138064257,68.27046138064257,68.27046138064257,68.27046138064257
7932,64.89668638743808,64.89668638743808,64.89668638743808,64.89668638743808,64.89668638743808
7933,70.70824535545806,70.70824535545806,70.70824535545806,70.70824535545806,70.70824535545806
7934,65.49548864464732,65.49548864464732,65.49548864464732,65.49548864464732,65.49548864464732
7935,60.51421502868139,60.51421502868139,60.51421502868139,60.51421502868139,60.51421502868139
7936,63.61112316521827,63.61112316521827,63.61112316521827,63.61112316521827,63.61112316521827
7937,60.83598288651633,60.83598288651633,60.83598288651633,60.83598288651633,60.83598288651633
7938,59.60339309274715,59.60339309274715,59.60339309274715,59.60339309274715,59.60339309274715
7939,71.05916885674498,71.05916885674498,71.05916885674498,71.05916885674498,71.05916885674498
7940,67.07623998957504,67.07623998957504,67.07623998957504,67.07623998957504,67.07623998957504
7941,70.79122799386705,70.79122799386705,70.79122799386705,70.79122799386705,70.79122799386705
7942,63.38054826287353,63.38054826287353,63.38054826287353,63.38054826287353,63.38054826287353
7943,67.9254136983977,67.9254136983977,67.9254136983977,67.9254136983977,67.9254136983977
7944,60.42428959775144,60.42428959775144,60.42428959775144,60.42428959775144,60.42428959775144
7945,71.03997248458795,71.03997248458795,71.03997248458795,71.03997248458795,71.03997248458795
7946,67.49045705448023,67.49045705448023,67.49045705448023,67.49045705448023,67.49045705448023
7947,61.625863195187904,61.625863195187904,61.625863195187904,61.625863195187904,61.625863195187904
7948,64.5765309609197,64.5765309609197,64.5765309609197,64.5765309609197,64.5765309609197
7949,70.92883651148622,70.92883651148622,70.92883651148622,70.92883651148622,70.92883651148622
7950,59.61369500797932,59.61369500797932,59.61369500797932,59.61369500797932,59.61369500797932
7951,62.5744317786197,62.5744317786197,62.5744317786197,62.5744317786197,62.5744317786197
7952,70.16297826551175,70.16297826551175,70.16297826551175,70.16297826551175,70.16297826551175
7953,62.21582462779716,62.21582462779716,62.21582462779716,62.21582462779716,62.21582462779716
7954,62.33669544948857,62.33669544948857,62.33669544948857,62.33669544948857,62.33669544948857
7955,67.35921071204882,67.35921071204882,67.35921071204882,67.35921071204882,67.35921071204882
7956,64.5475046722294,64.5475046722294,64.5475046722294,64.5475046722294,64.5475046722294
7957,66.10671741256421,66.10671741256421,66.10671741256421,66.10671741256421,66.10671741256421
7958,60.49357675320549,60.49357675320549,60.49357675320549,60.49357675320549,60.49357675320549
7959,66.83978239895033,66.83978239895033,66.83978239895033,66.83978239895033,66.83978239895033
7960,66.26061341210661,66.26061341210661,66.26061341210661,66.26061341210661,66.26061341210661
7961,66.76542389793315,66.76542389793315,66.76542389793315,66.76542389793315,66.76542389793315
7962,63.3687665174803,63.3687665174803,63.3687665174803,63.3687665174803,63.3687665174803
7963,65.30690363969167,65.30690363969167,65.30690363969167,65.30690363969167,65.30690363969167
7964,64.27397101705594,64.27397101705594,64.27397101705594,64.27397101705594,64.27397101705594
7965,59.40080185047062,59.40080185047062,59.40080185047062,59.40080185047062,59.40080185047062
7966,70.36588179813924,70.36588179813924,70.36588179813924,70.36588179813924,70.36588179813924
7967,61.57103589326662,61.57103589326662,61.57103589326662,61.57103589326662,61.57103589326662
7968,68.87172986627165,68.87172986627165,68.87172986627165,68.87172986627165,68.87172986627165
7969,68.0685107963251,68.0685107963251,68.0685107963251,68.0685107963251,68.0685107963251
7970,66.7117630070777,66.7117630070777,66.7117630070777,66.7117630070777,66.7117630070777
7971,69.76349389234834,69.76349389234834,69.76349389234834,69.76349389234834,69.76349389234834
7972,65.99794311716794,65.99794311716794,65.99794311716794,65.99794311716794,65.99794311716794
7973,60.134083939052786,60.134083939052786,60.134083939052786,60.134083939052786,60.134083939052786
7974,64.06396329568118,64.06396329568118,64.06396329568118,64.06396329568118,64.06396329568118
7975,58.51187408495327,58.51187408495327,58.51187408495327,58.51187408495327,58.51187408495327
7976,61.088835676618636,61.088835676618636,61.088835676618636,61.088835676618636,61.088835676618636
7977,68.8865787784167,68.8865787784167,68.8865787784167,68.8865787784167,68.8865787784167
7978,71.22414826213998,71.22414826213998,71.22414826213998,71.22414826213998,71.22414826213998
7979,62.06603642431484,62.06603642431484,62.06603642431484,62.06603642431484,62.06603642431484
7980,65.90661455353562,65.90661455353562,65.90661455353562,65.90661455353562,65.90661455353562
7981,71.22141349167465,71.22141349167465,71.22141349167465,71.22141349167465,71.22141349167465
7982,63.61244186274294,63.61244186274294,63.61244186274294,63.61244186274294,63.61244186274294
7983,65.9089299540804,65.9089299540804,65.9089299540804,65.9089299540804,65.9089299540804
7984,66.71413496267682,66.71413496267682,66.71413496267682,66.71413496267682,66.71413496267682
7985,68.68004487047696,68.68004487047696,68.68004487047696,68.68004487047696,68.68004487047696
7986,62.324851279432934,62.324851279432934,62.324851279432934,62.324851279432934,62.324851279432934
7987,60.776777680125534,60.776777680125534,60.776777680125534,60.776777680125534,60.776777680125534
7988,62.38989595618081,62.38989595618081,62.38989595618081,62.38989595618081,62.38989595618081
7989,62.04503078115217,62.04503078115217,62.04503078115217,62.04503078115217,62.04503078115217
7990,64.31826273259664,64.31826273259664,64.31826273259664,64.31826273259664,64.31826273259664
7991,59.79465994715375,59.79465994715375,59.79465994715375,59.79465994715375,59.79465994715375
7992,67.03274143032606,67.03274143032606,67.03274143032606,67.03274143032606,67.03274143032606
7993,68.10526505246872,68.10526505246872,68.10526505246872,68.10526505246872,68.10526505246872
7994,68.05008604425186,68.05008604425186,68.05008604425186,68.05008604425186,68.05008604425186
7995,64.20943173528615,64.20943173528615,64.20943173528615,64.20943173528615,64.20943173528615
7996,70.10338794653904,70.10338794653904,70.10338794653904,70.10338794653904,70.10338794653904
7997,65.41107939531673,65.41107939531673,65.41107939531673,65.41107939531673,65.41107939531673
7998,64.12763231478448,64.12763231478448,64.12763231478448,64.12763231478448,64.12763231478448
7999,61.83019686962215,61.83019686962215,61.83019686962215,61.83019686962215,61.83019686962215
8000,63.91395050007818,63.91395050007818,63.91395050007818,63.91395050007818,63.91395050007818
8001,69.42421357083582,69.42421357083582,69.42421357083582,69.42421357083582,69.42421357083582
8002,70.45906732339145,70.45906732339145,70.45906732339145,70.45906732339145,70.45906732339145
8003,68.87531070264933,68.87531070264933,68.87531070264933,68.87531070264933,68.87531070264933
8004,61.84579723070883,61.84579723070883,61.84579723070883,61.84579723070883,61.84579723070883
8005,63.31163199182529,63.31163199182529,63.31163199182529,63.31163199182529,63.31163199182529
8006,65.65227506974186,65.65227506974186,65.65227506974186,65.65227506974186,65.65227506974186
8007,63.154818046039516,63.154818046039516,63.154818046039516,63.154818046039516,63.154818046039516
8008,64.20375209681119,64.20375209681119,64.20375209681119,64.20375209681119,64.20375209681119
8009,68.2410940746578,68.2410940746578,68.2410940746578,68.2410940746578,68.2410940746578
8010,70.64397263964044,70.64397263964044,70.64397263964044,70.64397263964044,70.64397263964044
8011,64.00002165724557,64.00002165724557,64.00002165724557,64.00002165724557,64.00002165724557
8012,70.95019770674186,70.95019770674186,70.95019770674186,70.95019770674186,70.95019770674186
8013,61.79742729465719,61.79742729465719,61.79742729465719,61.79742729465719,61.79742729465719
8014,63.095487044951476,63.095487044951476,63.095487044951476,63.095487044951476,63.095487044951476
8015,58.61442936153269,58.61442936153269,58.61442936153269,58.61442936153269,58.61442936153269
8016,59.958505498668366,59.958505498668366,59.958505498668366,59.958505498668366,59.958505498668366
8017,62.02718558123494,62.02718558123494,62.02718558123494,62.02718558123494,62.02718558123494
8018,63.59302489559511,63.59302489559511,63.59302489559511,63.59302489559511,63.59302489559511
8019,68.68213782304183,68.68213782304183,68.68213782304183,68.68213782304183,68.68213782304183
8020,61.33439850098676,61.33439850098676,61.33439850098676,61.33439850098676,61.33439850098676
8021,67.26955910433901,67.26955910433901,67.26955910433901,67.26955910433901,67.26955910433901
8022,64.11008399356386,64.11008399356386,64.11008399356386,64.11008399356386,64.11008399356386
8023,65.90895176091384,65.90895176091384,65.90895176091384,65.90895176091384,65.90895176091384
8024,59.02976709233651,59.02976709233651,59.02976709233651,59.02976709233651,59.02976709233651
8025,63.374906256226446,63.374906256226446,63.374906256226446,63.374906256226446,63.374906256226446
8026,64.37452941957949,64.37452941957949,64.37452941957949,64.37452941957949,64.37452941957949
8027,68.33004083303307,68.33004083303307,68.33004083303307,68.33004083303307,68.33004083303307
8028,61.16489370916375,61.16489370916375,61.16489370916375,61.16489370916375,61.16489370916375
8029,61.79364025731834,61.79364025731834,61.79364025731834,61.79364025731834,61.79364025731834
8030,65.34402770580498,65.34402770580498,65.34402770580498,65.34402770580498,65.34402770580498
8031,66.15166620711744,66.15166620711744,66.15166620711744,66.15166620711744,66.15166620711744
8032,59.3740294834335,59.3740294834335,59.3740294834335,59.3740294834335,59.3740294834335
8033,61.730223307173794,61.730223307173794,61.730223307173794,61.730223307173794,61.730223307173794
8034,69.33241687151819,69.33241687151819,69.33241687151819,69.33241687151819,69.33241687151819
8035,60.53190248898195,60.53190248898195,60.53190248898195,60.53190248898195,60.53190248898195
8036,67.24547068633785,67.24547068633785,67.24547068633785,67.24547068633785,67.24547068633785
8037,58.53762292605498,58.53762292605498,58.53762292605498,58.53762292605498,58.53762292605498
8038,61.890819308136614,61.890819308136614,61.890819308136614,61.890819308136614,61.890819308136614
8039,61.251452250369624,61.251452250369624,61.251452250369624,61.251452250369624,61.251452250369624
8040,63.42052417216801,63.42052417216801,63.42052417216801,63.42052417216801,63.42052417216801
8041,68.47413159511169,68.47413159511169,68.47413159511169,68.47413159511169,68.47413159511169
8042,71.06012073326026,71.06012073326026,71.06012073326026,71.06012073326026,71.06012073326026
8043,68.14990706978665,68.14990706978665,68.14990706978665,68.14990706978665,68.14990706978665
8044,63.01417398424446,63.01417398424446,63.01417398424446,63.01417398424446,63.01417398424446
8045,70.96578598956852,70.96578598956852,70.96578598956852,70.96578598956852,70.96578598956852
8046,68.97259825293453,68.97259825293453,68.97259825293453,68.97259825293453,68.97259825293453
8047,60.1375409706273,60.1375409706273,60.1375409706273,60.1375409706273,60.1375409706273
8048,67.36970773812297,67.36970773812297,67.36970773812297,67.36970773812297,67.36970773812297
8049,63.336229939475444,63.336229939475444,63.336229939475444,63.336229939475444,63.336229939475444
8050,62.414879355449315,62.414879355449315,62.414879355449315,62.414879355449315,62.414879355449315
8051,63.64401176168148,63.64401176168148,63.64401176168148,63.64401176168148,63.64401176168148
8052,71.42935941536871,71.42935941536871,71.42935941536871,71.42935941536871,71.42935941536871
8053,68.02099942558448,68.02099942558448,68.02099942558448,68.02099942558448,68.02099942558448
8054,61.06630368881734,61.06630368881734,61.06630368881734,61.06630368881734,61.06630368881734
8055,69.56304829226939,69.56304829226939,69.56304829226939,69.56304829226939,69.56304829226939
8056,60.05697716002761,60.05697716002761,60.05697716002761,60.05697716002761,60.05697716002761
8057,66.03664410691955,66.03664410691955,66.03664410691955,66.03664410691955,66.03664410691955
8058,67.83320867841512,67.83320867841512,67.83320867841512,67.83320867841512,67.83320867841512
8059,63.52472157736407,63.52472157736407,63.52472157736407,63.52472157736407,63.52472157736407
8060,63.14427705340504,63.14427705340504,63.14427705340504,63.14427705340504,63.14427705340504
8061,66.38105344148171,66.38105344148171,66.38105344148171,66.38105344148171,66.38105344148171
8062,65.1143394535625,65.1143394535625,65.1143394535625,65.1143394535625,65.1143394535625
8063,62.85583895464676,62.85583895464676,62.85583895464676,62.85583895464676,62.85583895464676
8064,60.68833142496605,60.68833142496605,60.68833142496605,60.68833142496605,60.68833142496605
8065,66.11680548557347,66.11680548557347,66.11680548557347,66.11680548557347,66.11680548557347
8066,66.66473571288701,66.66473571288701,66.66473571288701,66.66473571288701,66.66473571288701
8067,60.409388603949,60.409388603949,60.409388603949,60.409388603949,60.409388603949
8068,70.27783432993878,70.27783432993878,70.27783432993878,70.27783432993878,70.27783432993878
8069,71.01931734070847,71.01931734070847,71.01931734070847,71.01931734070847,71.01931734070847
8070,63.46304117398974,63.46304117398974,63.46304117398974,63.46304117398974,63.46304117398974
8071,68.55237784702388,68.55237784702388,68.55237784702388,68.55237784702388,68.55237784702388
8072,68.06324253889422,68.06324253889422,68.06324253889422,68.06324253889422,68.06324253889422
8073,65.18410013473064,65.18410013473064,65.18410013473064,65.18410013473064,65.18410013473064
8074,65.2771781319561,65.2771781319561,65.2771781319561,65.2771781319561,65.2771781319561
8075,63.10992750335624,63.10992750335624,63.10992750335624,63.10992750335624,63.10992750335624
8076,59.41343064059253,59.41343064059253,59.41343064059253,59.41343064059253,59.41343064059253
8077,65.37447623999927,65.37447623999927,65.37447623999927,65.37447623999927,65.37447623999927
8078,68.97956389481173,68.97956389481173,68.97956389481173,68.97956389481173,68.97956389481173
8079,67.49599764755244,67.49599764755244,67.49599764755244,67.49599764755244,67.49599764755244
8080,68.19794281975089,68.19794281975089,68.19794281975089,68.19794281975089,68.19794281975089
8081,60.97143367271305,60.97143367271305,60.97143367271305,60.97143367271305,60.97143367271305
8082,59.51227409480169,59.51227409480169,59.51227409480169,59.51227409480169,59.51227409480169
8083,61.147201198259125,61.147201198259125,61.147201198259125,61.147201198259125,61.147201198259125
8084,70.18234632474058,70.18234632474058,70.18234632474058,70.18234632474058,70.18234632474058
8085,66.9578950524498,66.9578950524498,66.9578950524498,66.9578950524498,66.9578950524498
8086,67.43325683922009,67.43325683922009,67.43325683922009,67.43325683922009,67.43325683922009
8087,63.70371520037185,63.70371520037185,63.70371520037185,63.70371520037185,63.70371520037185
8088,65.56105126907038,65.56105126907038,65.56105126907038,65.56105126907038,65.56105126907038
8089,59.11630754862692,59.11630754862692,59.11630754862692,59.11630754862692,59.11630754862692
8090,68.1067940543237,68.1067940543237,68.1067940543237,68.1067940543237,68.1067940543237
8091,59.250116356376765,59.250116356376765,59.250116356376765,59.250116356376765,59.250116356376765
8092,67.42287258783544,67.42287258783544,67.42287258783544,67.42287258783544,67.42287258783544
8093,65.4338189682297,65.4338189682297,65.4338189682297,65.4338189682297,65.4338189682297
8094,67.15790854319106,67.15790854319106,67.15790854319106,67.15790854319106,67.15790854319106
8095,64.78673526086061,64.78673526086061,64.78673526086061,64.78673526086061,64.78673526086061
8096,67.80997422146285,67.80997422146285,67.80997422146285,67.80997422146285,67.80997422146285
8097,62.48203316522573,62.48203316522573,62.48203316522573,62.48203316522573,62.48203316522573
8098,70.19436743478035,70.19436743478035,70.19436743478035,70.19436743478035,70.19436743478035
8099,59.9075880420075,59.9075880420075,59.9075880420075,59.9075880420075,59.9075880420075
8100,68.26737082259265,68.26737082259265,68.26737082259265,68.26737082259265,68.26737082259265
8101,68.11514258515061,68.11514258515061,68.11514258515061,68.11514258515061,68.11514258515061
8102,67.40751608308842,67.40751608308842,67.40751608308842,67.40751608308842,67.40751608308842
8103,66.10011447304889,66.10011447304889,66.10011447304889,66.10011447304889,66.10011447304889
8104,65.258750626843,65.258750626843,65.258750626843,65.258750626843,65.258750626843
8105,69.5237173198267,69.5237173198267,69.5237173198267,69.5237173198267,69.5237173198267
8106,60.5172748694095,60.5172748694095,60.5172748694095,60.5172748694095,60.5172748694095
8107,70.30328965213624,70.30328965213624,70.30328965213624,70.30328965213624,70.30328965213624
8108,61.2384640401948,61.2384640401948,61.2384640401948,61.2384640401948,61.2384640401948
8109,63.467349337153045,63.467349337153045,63.467349337153045,63.467349337153045,63.467349337153045
8110,61.530803907143586,61.530803907143586,61.530803907143586,61.530803907143586,61.530803907143586
8111,66.50475769652807,66.50475769652807,66.50475769652807,66.50475769652807,66.50475769652807
8112,61.179565560944425,61.179565560944425,61.179565560944425,61.179565560944425,61.179565560944425
8113,61.63694620513473,61.63694620513473,61.63694620513473,61.63694620513473,61.63694620513473
8114,67.7750758593782,67.7750758593782,67.7750758593782,67.7750758593782,67.7750758593782
8115,68.89168496646688,68.89168496646688,68.89168496646688,68.89168496646688,68.89168496646688
8116,66.34676868065613,66.34676868065613,66.34676868065613,66.34676868065613,66.34676868065613
8117,63.75152095519485,63.75152095519485,63.75152095519485,63.75152095519485,63.75152095519485
8118,61.26131488075122,61.26131488075122,61.26131488075122,61.26131488075122,61.26131488075122
8119,62.813573710861746,62.813573710861746,62.813573710861746,62.813573710861746,62.813573710861746
8120,64.33192394541615,64.33192394541615,64.33192394541615,64.33192394541615,64.33192394541615
8121,69.70439358926119,69.70439358926119,69.70439358926119,69.70439358926119,69.70439358926119
8122,64.43308882861754,64.43308882861754,64.43308882861754,64.43308882861754,64.43308882861754
8123,60.392446146844996,60.392446146844996,60.392446146844996,60.392446146844996,60.392446146844996
8124,67.8200463200992,67.8200463200992,67.8200463200992,67.8200463200992,67.8200463200992
8125,68.24191903516144,68.24191903516144,68.24191903516144,68.24191903516144,68.24191903516144
8126,62.0439171604309,62.0439171604309,62.0439171604309,62.0439171604309,62.0439171604309
8127,68.68622798243935,68.68622798243935,68.68622798243935,68.68622798243935,68.68622798243935
8128,60.369303186749754,60.369303186749754,60.369303186749754,60.369303186749754,60.369303186749754
8129,66.30100466031831,66.30100466031831,66.30100466031831,66.30100466031831,66.30100466031831
8130,62.36282799627696,62.36282799627696,62.36282799627696,62.36282799627696,62.36282799627696
8131,69.02606892007155,69.02606892007155,69.02606892007155,69.02606892007155,69.02606892007155
8132,68.30149237596576,68.30149237596576,68.30149237596576,68.30149237596576,68.30149237596576
8133,63.33144955014109,63.33144955014109,63.33144955014109,63.33144955014109,63.33144955014109
8134,59.79405937546529,59.79405937546529,59.79405937546529,59.79405937546529,59.79405937546529
8135,71.15780991644243,71.15780991644243,71.15780991644243,71.15780991644243,71.15780991644243
8136,67.22649155434237,67.22649155434237,67.22649155434237,67.22649155434237,67.22649155434237
8137,69.05709996304806,69.05709996304806,69.05709996304806,69.05709996304806,69.05709996304806
8138,61.928638437059746,61.928638437059746,61.928638437059746,61.928638437059746,61.928638437059746
8139,62.0635307352538,62.0635307352538,62.0635307352538,62.0635307352538,62.0635307352538
8140,68.93789159601143,68.93789159601143,68.93789159601143,68.93789159601143,68.93789159601143
8141,63.91045163539274,63.91045163539274,63.91045163539274,63.91045163539274,63.91045163539274
8142,60.726858462245275,60.726858462245275,60.726858462245275,60.726858462245275,60.726858462245275
8143,60.230403692352624,60.230403692352624,60.230403692352624,60.230403692352624,60.230403692352624
8144,70.85857830833781,70.85857830833781,70.85857830833781,70.85857830833781,70.85857830833781
8145,63.861540925351115,63.861540925351115,63.861540925351115,63.861540925351115,63.861540925351115
8146,62.474916480060934,62.474916480060934,62.474916480060934,62.474916480060934,62.474916480060934
8147,60.72539927262691,60.72539927262691,60.72539927262691,60.72539927262691,60.72539927262691
8148,62.201338278644606,62.201338278644606,62.201338278644606,62.201338278644606,62.201338278644606
8149,64.3857310472645,64.3857310472645,64.3857310472645,64.3857310472645,64.3857310472645
8150,61.1553415766557,61.1553415766557,61.1553415766557,61.1553415766557,61.1553415766557
8151,60.19509677561858,60.19509677561858,60.19509677561858,60.19509677561858,60.19509677561858
8152,60.74377609095318,60.74377609095318,60.74377609095318,60.74377609095318,60.74377609095318
8153,71.02893656127912,71.02893656127912,71.02893656127912,71.02893656127912,71.02893656127912
8154,58.98423848226167,58.98423848226167,58.98423848226167,58.98423848226167,58.98423848226167
8155,61.739044728018875,61.739044728018875,61.739044728018875,61.739044728018875,61.739044728018875
8156,59.299923246019645,59.299923246019645,59.299923246019645,59.299923246019645,59.299923246019645
8157,65.76494756212591,65.76494756212591,65.76494756212591,65.76494756212591,65.76494756212591
8158,65.21689024922895,65.21689024922895,65.21689024922895,65.21689024922895,65.21689024922895
8159,68.24909174777262,68.24909174777262,68.24909174777262,68.24909174777262,68.24909174777262
8160,69.12686412228265,69.12686412228265,69.12686412228265,69.12686412228265,69.12686412228265
8161,62.054814069796265,62.054814069796265,62.054814069796265,62.054814069796265,62.054814069796265
8162,61.40166827508009,61.40166827508009,61.40166827508009,61.40166827508009,61.40166827508009
8163,65.85809666195898,65.85809666195898,65.85809666195898,65.85809666195898,65.85809666195898
8164,65.2185864065838,65.2185864065838,65.2185864065838,65.2185864065838,65.2185864065838
8165,70.25038690661886,70.25038690661886,70.25038690661886,70.25038690661886,70.25038690661886
8166,59.61162828240547,59.61162828240547,59.61162828240547,59.61162828240547,59.61162828240547
8167,66.02324791523175,66.02324791523175,66.02324791523175,66.02324791523175,66.02324791523175
8168,62.432322949684114,62.432322949684114,62.432322949684114,62.432322949684114,62.432322949684114
8169,71.45085955350683,71.45085955350683,71.45085955350683,71.45085955350683,71.45085955350683
8170,62.49102658416509,62.49102658416509,62.49102658416509,62.49102658416509,62.49102658416509
8171,66.71835029857189,66.71835029857189,66.71835029857189,66.71835029857189,66.71835029857189
8172,61.788947116465096,61.788947116465096,61.788947116465096,61.788947116465096,61.788947116465096
8173,63.14006254013939,63.14006254013939,63.14006254013939,63.14006254013939,63.14006254013939
8174,61.24644372603952,61.24644372603952,61.24644372603952,61.24644372603952,61.24644372603952
8175,60.795154237864224,60.795154237864224,60.795154237864224,60.795154237864224,60.795154237864224
8176,69.71628227640542,69.71628227640542,69.71628227640542,69.71628227640542,69.71628227640542
8177,64.59028390425391,64.59028390425391,64.59028390425391,64.59028390425391,64.59028390425391
8178,64.457783634323,64.457783634323,64.457783634323,64.457783634323,64.457783634323
8179,61.28507854223964,61.28507854223964,61.28507854223964,61.28507854223964,61.28507854223964
8180,69.29151859906068,69.29151859906068,69.29151859906068,69.29151859906068,69.29151859906068
8181,60.17999741095989,60.17999741095989,60.17999741095989,60.17999741095989,60.17999741095989
8182,61.251772166994954,61.251772166994954,61.251772166994954,61.251772166994954,61.251772166994954
8183,61.28861769200555,61.28861769200555,61.28861769200555,61.28861769200555,61.28861769200555
8184,68.91237787289268,68.91237787289268,68.91237787289268,68.91237787289268,68.91237787289268
8185,58.74123513218155,58.74123513218155,58.74123513218155,58.74123513218155,58.74123513218155
8186,59.53671568239148,59.53671568239148,59.53671568239148,59.53671568239148,59.53671568239148
8187,61.43626078719813,61.43626078719813,61.43626078719813,61.43626078719813,61.43626078719813
8188,68.70166051375057,68.70166051375057,68.70166051375057,68.70166051375057,68.70166051375057
8189,70.64488627975537,70.64488627975537,70.64488627975537,70.64488627975537,70.64488627975537
8190,60.963003300192064,60.963003300192064,60.963003300192064,60.963003300192064,60.963003300192064
8191,63.42302688516246,63.42302688516246,63.42302688516246,63.42302688516246,63.42302688516246
8192,62.102455610363776,62.102455610363776,62.102455610363776,62.102455610363776,62.102455610363776
8193,71.07478046347374,71.07478046347374,71.07478046347374,71.07478046347374,71.07478046347374
8194,59.23965353087144,59.23965353087144,59.23965353087144,59.23965353087144,59.23965353087144
8195,70.87558166645114,70.87558166645114,70.87558166645114,70.87558166645114,70.87558166645114
8196,66.36026054053919,66.36026054053919,66.36026054053919,66.36026054053919,66.36026054053919
8197,64.59395055180724,64.59395055180724,64.59395055180724,64.59395055180724,64.59395055180724
8198,69.59014416686097,69.59014416686097,69.59014416686097,69.59014416686097,69.59014416686097
8199,59.37910560280225,59.37910560280225,59.37910560280225,59.37910560280225,59.37910560280225
8200,66.90690917661993,66.90690917661993,66.90690917661993,66.90690917661993,66.90690917661993
8201,65.88102684219352,65.88102684219352,65.88102684219352,65.88102684219352,65.88102684219352
8202,68.55074598586752,68.55074598586752,68.55074598586752,68.55074598586752,68.55074598586752
8203,65.89597626883528,65.89597626883528,65.89597626883528,65.89597626883528,65.89597626883528
8204,68.44612851771862,68.44612851771862,68.44612851771862,68.44612851771862,68.44612851771862
8205,65.00576357418294,65.00576357418294,65.00576357418294,65.00576357418294,65.00576357418294
8206,69.48580022439408,69.48580022439408,69.48580022439408,69.48580022439408,69.48580022439408
8207,63.938941461199214,63.938941461199214,63.938941461199214,63.938941461199214,63.938941461199214
8208,65.97776615044141,65.97776615044141,65.97776615044141,65.97776615044141,65.97776615044141
8209,60.31929757998248,60.31929757998248,60.31929757998248,60.31929757998248,60.31929757998248
8210,64.31949538306091,64.31949538306091,64.31949538306091,64.31949538306091,64.31949538306091
8211,67.06064883608653,67.06064883608653,67.06064883608653,67.06064883608653,67.06064883608653
8212,71.22645840945,71.22645840945,71.22645840945,71.22645840945,71.22645840945
8213,69.20386818927093,69.20386818927093,69.20386818927093,69.20386818927093,69.20386818927093
8214,58.64723668470408,58.64723668470408,58.64723668470408,58.64723668470408,58.64723668470408
8215,62.0724423860024,62.0724423860024,62.0724423860024,62.0724423860024,62.0724423860024
8216,67.3813878830429,67.3813878830429,67.3813878830429,67.3813878830429,67.3813878830429
8217,66.05185707110111,66.05185707110111,66.05185707110111,66.05185707110111,66.05185707110111
8218,59.25237358863046,59.25237358863046,59.25237358863046,59.25237358863046,59.25237358863046
8219,65.44669779652838,65.44669779652838,65.44669779652838,65.44669779652838,65.44669779652838
8220,66.59145795726963,66.59145795726963,66.59145795726963,66.59145795726963,66.59145795726963
8221,66.06820022610876,66.06820022610876,66.06820022610876,66.06820022610876,66.06820022610876
8222,65.40644746393107,65.40644746393107,65.40644746393107,65.40644746393107,65.40644746393107
8223,61.45174649060151,61.45174649060151,61.45174649060151,61.45174649060151,61.45174649060151
8224,61.0574625684199,61.0574625684199,61.0574625684199,61.0574625684199,61.0574625684199
8225,63.622609661263986,63.622609661263986,63.622609661263986,63.622609661263986,63.622609661263986
8226,61.477216864575965,61.477216864575965,61.477216864575965,61.477216864575965,61.477216864575965
8227,58.683724152522686,58.683724152522686,58.683724152522686,58.683724152522686,58.683724152522686
8228,70.47269442644392,70.47269442644392,70.47269442644392,70.47269442644392,70.47269442644392
8229,62.28827949526543,62.28827949526543,62.28827949526543,62.28827949526543,62.28827949526543
8230,66.50146292326632,66.50146292326632,66.50146292326632,66.50146292326632,66.50146292326632
8231,64.36793860268263,64.36793860268263,64.36793860268263,64.36793860268263,64.36793860268263
8232,69.96858121890568,69.96858121890568,69.96858121890568,69.96858121890568,69.96858121890568
8233,71.44196157459716,71.44196157459716,71.44196157459716,71.44196157459716,71.44196157459716
8234,61.524259827497644,61.524259827497644,61.524259827497644,61.524259827497644,61.524259827497644
8235,63.900492848273295,63.900492848273295,63.900492848273295,63.900492848273295,63.900492848273295
8236,67.99558100253543,67.99558100253543,67.99558100253543,67.99558100253543,67.99558100253543
8237,59.359228207365554,59.359228207365554,59.359228207365554,59.359228207365554,59.359228207365554
8238,61.68394260492253,61.68394260492253,61.68394260492253,61.68394260492253,61.68394260492253
8239,61.71007292363046,61.71007292363046,61.71007292363046,61.71007292363046,61.71007292363046
8240,68.37664538435828,68.37664538435828,68.37664538435828,68.37664538435828,68.37664538435828
8241,69.52375501136733,69.52375501136733,69.52375501136733,69.52375501136733,69.52375501136733
8242,59.548167770211954,59.548167770211954,59.548167770211954,59.548167770211954,59.548167770211954
8243,64.67399224958969,64.67399224958969,64.67399224958969,64.67399224958969,64.67399224958969
8244,68.25972601173024,68.25972601173024,68.25972601173024,68.25972601173024,68.25972601173024
8245,62.8419703237196,62.8419703237196,62.8419703237196,62.8419703237196,62.8419703237196
8246,68.20772023955678,68.20772023955678,68.20772023955678,68.20772023955678,68.20772023955678
8247,70.09952386151518,70.09952386151518,70.09952386151518,70.09952386151518,70.09952386151518
8248,65.80374933698987,65.80374933698987,65.80374933698987,65.80374933698987,65.80374933698987
8249,64.11048230307533,64.11048230307533,64.11048230307533,64.11048230307533,64.11048230307533
8250,67.69801655890643,67.69801655890643,67.69801655890643,67.69801655890643,67.69801655890643
8251,68.74722225790987,68.74722225790987,68.74722225790987,68.74722225790987,68.74722225790987
8252,62.60689153390025,62.60689153390025,62.60689153390025,62.60689153390025,62.60689153390025
8253,65.97328521112105,65.97328521112105,65.97328521112105,65.97328521112105,65.97328521112105
8254,59.81192584163711,59.81192584163711,59.81192584163711,59.81192584163711,59.81192584163711
8255,70.71586076691841,70.71586076691841,70.71586076691841,70.71586076691841,70.71586076691841
8256,63.90617310775594,63.90617310775594,63.90617310775594,63.90617310775594,63.90617310775594
8257,67.30624168747063,67.30624168747063,67.30624168747063,67.30624168747063,67.30624168747063
8258,58.87919782933161,58.87919782933161,58.87919782933161,58.87919782933161,58.87919782933161
8259,68.95985284138453,68.95985284138453,68.95985284138453,68.95985284138453,68.95985284138453
8260,70.10001232112431,70.10001232112431,70.10001232112431,70.10001232112431,70.10001232112431
8261,70.2304374678465,70.2304374678465,70.2304374678465,70.2304374678465,70.2304374678465
8262,67.20848532576224,67.20848532576224,67.20848532576224,67.20848532576224,67.20848532576224
8263,62.12193210809511,62.12193210809511,62.12193210809511,62.12193210809511,62.12193210809511
8264,59.174878180283436,59.174878180283436,59.174878180283436,59.174878180283436,59.174878180283436
8265,69.03366616993519,69.03366616993519,69.03366616993519,69.03366616993519,69.03366616993519
8266,66.19356994365663,66.19356994365663,66.19356994365663,66.19356994365663,66.19356994365663
8267,67.68053080935104,67.68053080935104,67.68053080935104,67.68053080935104,67.68053080935104
8268,61.34430497223578,61.34430497223578,61.34430497223578,61.34430497223578,61.34430497223578
8269,59.897954122876634,59.897954122876634,59.897954122876634,59.897954122876634,59.897954122876634
8270,62.39697662944276,62.39697662944276,62.39697662944276,62.39697662944276,62.39697662944276
8271,63.3004725091259,63.3004725091259,63.3004725091259,63.3004725091259,63.3004725091259
8272,65.23338891276647,65.23338891276647,65.23338891276647,65.23338891276647,65.23338891276647
8273,65.1115608475945,65.1115608475945,65.1115608475945,65.1115608475945,65.1115608475945
8274,70.23239725701883,70.23239725701883,70.23239725701883,70.23239725701883,70.23239725701883
8275,64.30923834975181,64.30923834975181,64.30923834975181,64.30923834975181,64.30923834975181
8276,68.68807096965249,68.68807096965249,68.68807096965249,68.68807096965249,68.68807096965249
8277,65.22961050254,65.22961050254,65.22961050254,65.22961050254,65.22961050254
8278,59.159220930084075,59.159220930084075,59.159220930084075,59.159220930084075,59.159220930084075
8279,61.29792493835069,61.29792493835069,61.29792493835069,61.29792493835069,61.29792493835069
8280,68.44197832129808,68.44197832129808,68.44197832129808,68.44197832129808,68.44197832129808
8281,63.14656023911277,63.14656023911277,63.14656023911277,63.14656023911277,63.14656023911277
8282,62.078348114129135,62.078348114129135,62.078348114129135,62.078348114129135,62.078348114129135
8283,58.606078003924225,58.606078003924225,58.606078003924225,58.606078003924225,58.606078003924225
8284,64.5726033427568,64.5726033427568,64.5726033427568,64.5726033427568,64.5726033427568
8285,59.5999737018038,59.5999737018038,59.5999737018038,59.5999737018038,59.5999737018038
8286,70.82333638130801,70.82333638130801,70.82333638130801,70.82333638130801,70.82333638130801
8287,63.03485541464471,63.03485541464471,63.03485541464471,63.03485541464471,63.03485541464471
8288,67.93847552292222,67.93847552292222,67.93847552292222,67.93847552292222,67.93847552292222
8289,64.74987485717274,64.74987485717274,64.74987485717274,64.74987485717274,64.74987485717274
8290,64.70726820174919,64.70726820174919,64.70726820174919,64.70726820174919,64.70726820174919
8291,70.97764248163921,70.97764248163921,70.97764248163921,70.97764248163921,70.97764248163921
8292,64.5010891461879,64.5010891461879,64.5010891461879,64.5010891461879,64.5010891461879
8293,59.49290881363808,59.49290881363808,59.49290881363808,59.49290881363808,59.49290881363808
8294,66.19785668532973,66.19785668532973,66.19785668532973,66.19785668532973,66.19785668532973
8295,63.46838223771202,63.46838223771202,63.46838223771202,63.46838223771202,63.46838223771202
8296,63.929815118603514,63.929815118603514,63.929815118603514,63.929815118603514,63.929815118603514
8297,61.80794858392137,61.80794858392137,61.80794858392137,61.80794858392137,61.80794858392137
8298,69.35466573706998,69.35466573706998,69.35466573706998,69.35466573706998,69.35466573706998
8299,68.81894155862754,68.81894155862754,68.81894155862754,68.81894155862754,68.81894155862754
8300,61.860986280648156,61.860986280648156,61.860986280648156,61.860986280648156,61.860986280648156
8301,70.91312058293992,70.91312058293992,70.91312058293992,70.91312058293992,70.91312058293992
8302,58.54598096661539,58.54598096661539,58.54598096661539,58.54598096661539,58.54598096661539
8303,59.59627939048542,59.59627939048542,59.59627939048542,59.59627939048542,59.59627939048542
8304,59.64677846551101,59.64677846551101,59.64677846551101,59.64677846551101,59.64677846551101
8305,61.53918696063367,61.53918696063367,61.53918696063367,61.53918696063367,61.53918696063367
8306,59.793592610858695,59.793592610858695,59.793592610858695,59.793592610858695,59.793592610858695
8307,66.22911489361566,66.22911489361566,66.22911489361566,66.22911489361566,66.22911489361566
8308,64.31383687927945,64.31383687927945,64.31383687927945,64.31383687927945,64.31383687927945
8309,61.70294919213442,61.70294919213442,61.70294919213442,61.70294919213442,61.70294919213442
8310,67.78480738870113,67.78480738870113,67.78480738870113,67.78480738870113,67.78480738870113
8311,67.44569512733958,67.44569512733958,67.44569512733958,67.44569512733958,67.44569512733958
8312,67.31367020919035,67.31367020919035,67.31367020919035,67.31367020919035,67.31367020919035
8313,65.58691573702619,65.58691573702619,65.58691573702619,65.58691573702619,65.58691573702619
8314,66.48422407453235,66.48422407453235,66.48422407453235,66.48422407453235,66.48422407453235
8315,69.2241631878477,69.2241631878477,69.2241631878477,69.2241631878477,69.2241631878477
8316,60.584425744289454,60.584425744289454,60.584425744289454,60.584425744289454,60.584425744289454
8317,67.15648761603497,67.15648761603497,67.15648761603497,67.15648761603497,67.15648761603497
8318,62.1872354492176,62.1872354492176,62.1872354492176,62.1872354492176,62.1872354492176
8319,68.64929314940021,68.64929314940021,68.64929314940021,68.64929314940021,68.64929314940021
8320,69.71076453066051,69.71076453066051,69.71076453066051,69.71076453066051,69.71076453066051
8321,65.6465492282947,65.6465492282947,65.6465492282947,65.6465492282947,65.6465492282947
8322,64.502978616502,64.502978616502,64.502978616502,64.502978616502,64.502978616502
8323,70.0461375610473,70.0461375610473,70.0461375610473,70.0461375610473,70.0461375610473
8324,68.10435972289955,68.10435972289955,68.10435972289955,68.10435972289955,68.10435972289955
8325,60.56516581834407,60.56516581834407,60.56516581834407,60.56516581834407,60.56516581834407
8326,61.94777272470281,61.94777272470281,61.94777272470281,61.94777272470281,61.94777272470281
8327,63.49204331687662,63.49204331687662,63.49204331687662,63.49204331687662,63.49204331687662
8328,62.402368652662055,62.402368652662055,62.402368652662055,62.402368652662055,62.402368652662055
8329,66.33296855406245,66.33296855406245,66.33296855406245,66.33296855406245,66.33296855406245
8330,68.89826907906705,68.89826907906705,68.89826907906705,68.89826907906705,68.89826907906705
8331,60.60383780461801,60.60383780461801,60.60383780461801,60.60383780461801,60.60383780461801
8332,70.40009579593418,70.40009579593418,70.40009579593418,70.40009579593418,70.40009579593418
8333,63.87850892556638,63.87850892556638,63.87850892556638,63.87850892556638,63.87850892556638
8334,59.076340868375205,59.076340868375205,59.076340868375205,59.076340868375205,59.076340868375205
8335,66.02428660055595,66.02428660055595,66.02428660055595,66.02428660055595,66.02428660055595
8336,64.26284044508823,64.26284044508823,64.26284044508823,64.26284044508823,64.26284044508823
8337,68.2585309966291,68.2585309966291,68.2585309966291,68.2585309966291,68.2585309966291
8338,64.5656696928828,64.5656696928828,64.5656696928828,64.5656696928828,64.5656696928828
8339,64.20483704405815,64.20483704405815,64.20483704405815,64.20483704405815,64.20483704405815
8340,63.32932602306125,63.32932602306125,63.32932602306125,63.32932602306125,63.32932602306125
8341,67.85238265216498,67.85238265216498,67.85238265216498,67.85238265216498,67.85238265216498
8342,62.659416324635295,62.659416324635295,62.659416324635295,62.659416324635295,62.659416324635295
8343,71.4001165544055,71.4001165544055,71.4001165544055,71.4001165544055,71.4001165544055
8344,59.1568844309117,59.1568844309117,59.1568844309117,59.1568844309117,59.1568844309117
8345,62.34411176282727,62.34411176282727,62.34411176282727,62.34411176282727,62.34411176282727
8346,63.65372445006065,63.65372445006065,63.65372445006065,63.65372445006065,63.65372445006065
8347,63.39440200683214,63.39440200683214,63.39440200683214,63.39440200683214,63.39440200683214
8348,70.72071830609265,70.72071830609265,70.72071830609265,70.72071830609265,70.72071830609265
8349,65.87901909250446,65.87901909250446,65.87901909250446,65.87901909250446,65.87901909250446
8350,62.87472625278268,62.87472625278268,62.87472625278268,62.87472625278268,62.87472625278268
8351,70.87484865412817,70.87484865412817,70.87484865412817,70.87484865412817,70.87484865412817
8352,69.87105130834401,69.87105130834401,69.87105130834401,69.87105130834401,69.87105130834401
8353,60.672733661846046,60.672733661846046,60.672733661846046,60.672733661846046,60.672733661846046
8354,63.27281397903635,63.27281397903635,63.27281397903635,63.27281397903635,63.27281397903635
8355,67.2020289565474,67.2020289565474,67.2020289565474,67.2020289565474,67.2020289565474
8356,65.28068548944877,65.28068548944877,65.28068548944877,65.28068548944877,65.28068548944877
8357,62.094416718876694,62.094416718876694,62.094416718876694,62.094416718876694,62.094416718876694
8358,71.44688402399781,71.44688402399781,71.44688402399781,71.44688402399781,71.44688402399781
8359,70.62930910437306,70.62930910437306,70.62930910437306,70.62930910437306,70.62930910437306
8360,62.474795975918795,62.474795975918795,62.474795975918795,62.474795975918795,62.474795975918795
8361,67.90560385128387,67.90560385128387,67.90560385128387,67.90560385128387,67.90560385128387
8362,69.44070308047854,69.44070308047854,69.44070308047854,69.44070308047854,69.44070308047854
8363,64.6775069696299,64.6775069696299,64.6775069696299,64.6775069696299,64.6775069696299
8364,65.71758468051826,65.71758468051826,65.71758468051826,65.71758468051826,65.71758468051826
8365,66.69898685611257,66.69898685611257,66.69898685611257,66.69898685611257,66.69898685611257
8366,62.251937552930016,62.251937552930016,62.251937552930016,62.251937552930016,62.251937552930016
8367,66.85923480701148,66.85923480701148,66.85923480701148,66.85923480701148,66.85923480701148
8368,60.61240791310876,60.61240791310876,60.61240791310876,60.61240791310876,60.61240791310876
8369,61.25679690777929,61.25679690777929,61.25679690777929,61.25679690777929,61.25679690777929
8370,64.55314112376604,64.55314112376604,64.55314112376604,64.55314112376604,64.55314112376604
8371,69.245983716372,69.245983716372,69.245983716372,69.245983716372,69.245983716372
8372,62.899071679776604,62.899071679776604,62.899071679776604,62.899071679776604,62.899071679776604
8373,69.08221649740801,69.08221649740801,69.08221649740801,69.08221649740801,69.08221649740801
8374,60.7860482808814,60.7860482808814,60.7860482808814,60.7860482808814,60.7860482808814
8375,65.11609540288737,65.11609540288737,65.11609540288737,65.11609540288737,65.11609540288737
8376,64.98772977195347,64.98772977195347,64.98772977195347,64.98772977195347,64.98772977195347
8377,65.00508366675722,65.00508366675722,65.00508366675722,65.00508366675722,65.00508366675722
8378,61.07860045060559,61.07860045060559,61.07860045060559,61.07860045060559,61.07860045060559
8379,66.44963631451836,66.44963631451836,66.44963631451836,66.44963631451836,66.44963631451836
8380,59.68729280454999,59.68729280454999,59.68729280454999,59.68729280454999,59.68729280454999
8381,70.76654839147604,70.76654839147604,70.76654839147604,70.76654839147604,70.76654839147604
8382,60.12621229852059,60.12621229852059,60.12621229852059,60.12621229852059,60.12621229852059
8383,69.698255379014,69.698255379014,69.698255379014,69.698255379014,69.698255379014
8384,58.54892101080096,58.54892101080096,58.54892101080096,58.54892101080096,58.54892101080096
8385,65.69429061281615,65.69429061281615,65.69429061281615,65.69429061281615,65.69429061281615
8386,71.4247307827173,71.4247307827173,71.4247307827173,71.4247307827173,71.4247307827173
8387,61.48290488959055,61.48290488959055,61.48290488959055,61.48290488959055,61.48290488959055
8388,68.90177367261326,68.90177367261326,68.90177367261326,68.90177367261326,68.90177367261326
8389,61.42326545706124,61.42326545706124,61.42326545706124,61.42326545706124,61.42326545706124
8390,70.85148286991583,70.85148286991583,70.85148286991583,70.85148286991583,70.85148286991583
8391,66.82014243783837,66.82014243783837,66.82014243783837,66.82014243783837,66.82014243783837
8392,68.11315857601815,68.11315857601815,68.11315857601815,68.11315857601815,68.11315857601815
8393,68.34564252279743,68.34564252279743,68.34564252279743,68.34564252279743,68.34564252279743
8394,62.67388712941896,62.67388712941896,62.67388712941896,62.67388712941896,62.67388712941896
8395,59.834037354867895,59.834037354867895,59.834037354867895,59.834037354867895,59.834037354867895
8396,66.63039801832882,66.63039801832882,66.63039801832882,66.63039801832882,66.63039801832882
8397,70.68456606630441,70.68456606630441,70.68456606630441,70.68456606630441,70.68456606630441
8398,66.81485107996825,66.81485107996825,66.81485107996825,66.81485107996825,66.81485107996825
8399,65.00305421896688,65.00305421896688,65.00305421896688,65.00305421896688,65.00305421896688
8400,66.6666097442929,66.6666097442929,66.6666097442929,66.6666097442929,66.6666097442929
8401,68.3357607163974,68.3357607163974,68.3357607163974,68.3357607163974,68.3357607163974
8402,62.21119944558894,62.21119944558894,62.21119944558894,62.21119944558894,62.21119944558894
8403,61.43090805248584,61.43090805248584,61.43090805248584,61.43090805248584,61.43090805248584
8404,69.02239943455615,69.02239943455615,69.02239943455615,69.02239943455615,69.02239943455615
8405,67.2118034140374,67.2118034140374,67.2118034140374,67.2118034140374,67.2118034140374
8406,61.96902329981742,61.96902329981742,61.96902329981742,61.96902329981742,61.96902329981742
8407,64.39230819802398,64.39230819802398,64.39230819802398,64.39230819802398,64.39230819802398
8408,70.52617150511705,70.52617150511705,70.52617150511705,70.52617150511705,70.52617150511705
8409,70.12432846057133,70.12432846057133,70.12432846057133,70.12432846057133,70.12432846057133
8410,58.937666124311505,58.937666124311505,58.937666124311505,58.937666124311505,58.937666124311505
8411,71.20039365573795,71.20039365573795,71.20039365573795,71.20039365573795,71.20039365573795
8412,58.73254091976267,58.73254091976267,58.73254091976267,58.73254091976267,58.73254091976267
8413,68.99830505798383,68.99830505798383,68.99830505798383,68.99830505798383,68.99830505798383
8414,64.16457021716363,64.16457021716363,64.16457021716363,64.16457021716363,64.16457021716363
8415,61.39098241028225,61.39098241028225,61.39098241028225,61.39098241028225,61.39098241028225
8416,58.76230866983851,58.76230866983851,58.76230866983851,58.76230866983851,58.76230866983851
8417,62.172208292825985,62.172208292825985,62.172208292825985,62.172208292825985,62.172208292825985
8418,66.53598619679933,66.53598619679933,66.53598619679933,66.53598619679933,66.53598619679933
8419,68.81377740524492,68.81377740524492,68.81377740524492,68.81377740524492,68.81377740524492
8420,68.21313684703746,68.21313684703746,68.21313684703746,68.21313684703746,68.21313684703746
8421,65.83859947518822,65.83859947518822,65.83859947518822,65.83859947518822,65.83859947518822
8422,62.55662618835265,62.55662618835265,62.55662618835265,62.55662618835265,62.55662618835265
8423,62.70284063105179,62.70284063105179,62.70284063105179,62.70284063105179,62.70284063105179
8424,61.81487055927558,61.81487055927558,61.81487055927558,61.81487055927558,61.81487055927558
8425,59.35119229367073,59.35119229367073,59.35119229367073,59.35119229367073,59.35119229367073
8426,69.23183082171944,69.23183082171944,69.23183082171944,69.23183082171944,69.23183082171944
8427,69.23789597763874,69.23789597763874,69.23789597763874,69.23789597763874,69.23789597763874
8428,60.55950970933615,60.55950970933615,60.55950970933615,60.55950970933615,60.55950970933615
8429,60.62422986102159,60.62422986102159,60.62422986102159,60.62422986102159,60.62422986102159
8430,67.53376982142669,67.53376982142669,67.53376982142669,67.53376982142669,67.53376982142669
8431,67.26737477256437,67.26737477256437,67.26737477256437,67.26737477256437,67.26737477256437
8432,66.39605760207648,66.39605760207648,66.39605760207648,66.39605760207648,66.39605760207648
8433,60.669329804849234,60.669329804849234,60.669329804849234,60.669329804849234,60.669329804849234
8434,65.63663863342441,65.63663863342441,65.63663863342441,65.63663863342441,65.63663863342441
8435,63.4274906044149,63.4274906044149,63.4274906044149,63.4274906044149,63.4274906044149
8436,65.74604128534298,65.74604128534298,65.74604128534298,65.74604128534298,65.74604128534298
8437,59.89715142151921,59.89715142151921,59.89715142151921,59.89715142151921,59.89715142151921
8438,66.62318397399234,66.62318397399234,66.62318397399234,66.62318397399234,66.62318397399234
8439,69.98613423835708,69.98613423835708,69.98613423835708,69.98613423835708,69.98613423835708
8440,68.37183230136992,68.37183230136992,68.37183230136992,68.37183230136992,68.37183230136992
8441,64.31841812082997,64.31841812082997,64.31841812082997,64.31841812082997,64.31841812082997
8442,68.4880081702737,68.4880081702737,68.4880081702737,68.4880081702737,68.4880081702737
8443,60.235594949449286,60.235594949449286,60.235594949449286,60.235594949449286,60.235594949449286
8444,60.82988881141198,60.82988881141198,60.82988881141198,60.82988881141198,60.82988881141198
8445,60.3133142188957,60.3133142188957,60.3133142188957,60.3133142188957,60.3133142188957
8446,66.49114580553632,66.49114580553632,66.49114580553632,66.49114580553632,66.49114580553632
8447,65.29793045927958,65.29793045927958,65.29793045927958,65.29793045927958,65.29793045927958
8448,64.72274853403535,64.72274853403535,64.72274853403535,64.72274853403535,64.72274853403535
8449,66.87301493563811,66.87301493563811,66.87301493563811,66.87301493563811,66.87301493563811
8450,60.067896000597074,60.067896000597074,60.067896000597074,60.067896000597074,60.067896000597074
8451,71.27514861931705,71.27514861931705,71.27514861931705,71.27514861931705,71.27514861931705
8452,60.9741493946209,60.9741493946209,60.9741493946209,60.9741493946209,60.9741493946209
8453,70.66088478825792,70.66088478825792,70.66088478825792,70.66088478825792,70.66088478825792
8454,64.00497175111786,64.00497175111786,64.00497175111786,64.00497175111786,64.00497175111786
8455,59.907053949265794,59.907053949265794,59.907053949265794,59.907053949265794,59.907053949265794
8456,66.7402333242314,66.7402333242314,66.7402333242314,66.7402333242314,66.7402333242314
8457,67.35091085728023,67.35091085728023,67.35091085728023,67.35091085728023,67.35091085728023
8458,62.04239123976518,62.04239123976518,62.04239123976518,62.04239123976518,62.04239123976518
8459,65.88655770534399,65.88655770534399,65.88655770534399,65.88655770534399,65.88655770534399
8460,62.25873372264521,62.25873372264521,62.25873372264521,62.25873372264521,62.25873372264521
8461,59.146790536462994,59.146790536462994,59.146790536462994,59.146790536462994,59.146790536462994
8462,67.03620947171072,67.03620947171072,67.03620947171072,67.03620947171072,67.03620947171072
8463,69.42906223717118,69.42906223717118,69.42906223717118,69.42906223717118,69.42906223717118
8464,68.09503050512122,68.09503050512122,68.09503050512122,68.09503050512122,68.09503050512122
8465,67.1204931668337,67.1204931668337,67.1204931668337,67.1204931668337,67.1204931668337
8466,71.21565472716227,71.21565472716227,71.21565472716227,71.21565472716227,71.21565472716227
8467,59.79808154900654,59.79808154900654,59.79808154900654,59.79808154900654,59.79808154900654
8468,62.05443152054306,62.05443152054306,62.05443152054306,62.05443152054306,62.05443152054306
8469,67.55566734474218,67.55566734474218,67.55566734474218,67.55566734474218,67.55566734474218
8470,68.86626424801328,68.86626424801328,68.86626424801328,68.86626424801328,68.86626424801328
8471,64.2643124973253,64.2643124973253,64.2643124973253,64.2643124973253,64.2643124973253
8472,68.58842123519338,68.58842123519338,68.58842123519338,68.58842123519338,68.58842123519338
8473,70.9604989308016,70.9604989308016,70.9604989308016,70.9604989308016,70.9604989308016
8474,58.741509618338085,58.741509618338085,58.741509618338085,58.741509618338085,58.741509618338085
8475,61.171404412907954,61.171404412907954,61.171404412907954,61.171404412907954,61.171404412907954
8476,60.80679819010231,60.80679819010231,60.80679819010231,60.80679819010231,60.80679819010231
8477,65.55175674408538,65.55175674408538,65.55175674408538,65.55175674408538,65.55175674408538
8478,65.50724675679807,65.50724675679807,65.50724675679807,65.50724675679807,65.50724675679807
8479,62.0877718175949,62.0877718175949,62.0877718175949,62.0877718175949,62.0877718175949
8480,62.54837801620513,62.54837801620513,62.54837801620513,62.54837801620513,62.54837801620513
8481,67.65211999867392,67.65211999867392,67.65211999867392,67.65211999867392,67.65211999867392
8482,70.10172205481888,70.10172205481888,70.10172205481888,70.10172205481888,70.10172205481888
8483,61.7849501169072,61.7849501169072,61.7849501169072,61.7849501169072,61.7849501169072
8484,70.29955411297713,70.29955411297713,70.29955411297713,70.29955411297713,70.29955411297713
8485,70.2304000674877,70.2304000674877,70.2304000674877,70.2304000674877,70.2304000674877
8486,68.0864861015775,68.0864861015775,68.0864861015775,68.0864861015775,68.0864861015775
8487,67.20277169275238,67.20277169275238,67.20277169275238,67.20277169275238,67.20277169275238
8488,67.77981868142952,67.77981868142952,67.77981868142952,67.77981868142952,67.77981868142952
8489,65.38612890709237,65.38612890709237,65.38612890709237,65.38612890709237,65.38612890709237
8490,59.8478245443991,59.8478245443991,59.8478245443991,59.8478245443991,59.8478245443991
8491,63.96859160209466,63.96859160209466,63.96859160209466,63.96859160209466,63.96859160209466
8492,65.44879560965535,65.44879560965535,65.44879560965535,65.44879560965535,65.44879560965535
8493,61.89836152442861,61.89836152442861,61.89836152442861,61.89836152442861,61.89836152442861
8494,71.02735919868782,71.02735919868782,71.02735919868782,71.02735919868782,71.02735919868782
8495,65.36127297881987,65.36127297881987,65.36127297881987,65.36127297881987,65.36127297881987
8496,70.58468238161653,70.58468238161653,70.58468238161653,70.58468238161653,70.58468238161653
8497,65.43825855874783,65.43825855874783,65.43825855874783,65.43825855874783,65.43825855874783
8498,58.88144581152112,58.88144581152112,58.88144581152112,58.88144581152112,58.88144581152112
8499,69.09176927580545,69.09176927580545,69.09176927580545,69.09176927580545,69.09176927580545
8500,63.96088404350662,63.96088404350662,63.96088404350662,63.96088404350662,63.96088404350662
8501,70.1092885780936,70.1092885780936,70.1092885780936,70.1092885780936,70.1092885780936
8502,66.65356556417926,66.65356556417926,66.65356556417926,66.65356556417926,66.65356556417926
8503,64.89721220795779,64.89721220795779,64.89721220795779,64.89721220795779,64.89721220795779
8504,62.3768255258037,62.3768255258037,62.3768255258037,62.3768255258037,62.3768255258037
8505,63.41675245397981,63.41675245397981,63.41675245397981,63.41675245397981,63.41675245397981
8506,66.76183036736687,66.76183036736687,66.76183036736687,66.76183036736687,66.76183036736687
8507,59.11855399745162,59.11855399745162,59.11855399745162,59.11855399745162,59.11855399745162
8508,60.89382727604497,60.89382727604497,60.89382727604497,60.89382727604497,60.89382727604497
8509,68.85895534817587,68.85895534817587,68.85895534817587,68.85895534817587,68.85895534817587
8510,59.4758274545728,59.4758274545728,59.4758274545728,59.4758274545728,59.4758274545728
8511,66.82260082455834,66.82260082455834,66.82260082455834,66.82260082455834,66.82260082455834
8512,59.82953603476719,59.82953603476719,59.82953603476719,59.82953603476719,59.82953603476719
8513,67.17723095668838,67.17723095668838,67.17723095668838,67.17723095668838,67.17723095668838
8514,62.42820763998552,62.42820763998552,62.42820763998552,62.42820763998552,62.42820763998552
8515,63.643357557954495,63.643357557954495,63.643357557954495,63.643357557954495,63.643357557954495
8516,67.78362369693379,67.78362369693379,67.78362369693379,67.78362369693379,67.78362369693379
8517,66.56235430208255,66.56235430208255,66.56235430208255,66.56235430208255,66.56235430208255
8518,64.46293390006562,64.46293390006562,64.46293390006562,64.46293390006562,64.46293390006562
8519,68.38285263670319,68.38285263670319,68.38285263670319,68.38285263670319,68.38285263670319
8520,66.37847988056659,66.37847988056659,66.37847988056659,66.37847988056659,66.37847988056659
8521,64.74213140717649,64.74213140717649,64.74213140717649,64.74213140717649,64.74213140717649
8522,62.533818508796436,62.533818508796436,62.533818508796436,62.533818508796436,62.533818508796436
8523,71.42432000172363,71.42432000172363,71.42432000172363,71.42432000172363,71.42432000172363
8524,70.37844112948983,70.37844112948983,70.37844112948983,70.37844112948983,70.37844112948983
8525,69.92056861350748,69.92056861350748,69.92056861350748,69.92056861350748,69.92056861350748
8526,62.479894105528196,62.479894105528196,62.479894105528196,62.479894105528196,62.479894105528196
8527,65.88753730969658,65.88753730969658,65.88753730969658,65.88753730969658,65.88753730969658
8528,68.29652221904308,68.29652221904308,68.29652221904308,68.29652221904308,68.29652221904308
8529,69.95592586209695,69.95592586209695,69.95592586209695,69.95592586209695,69.95592586209695
8530,68.01027116492203,68.01027116492203,68.01027116492203,68.01027116492203,68.01027116492203
8531,65.90156914020692,65.90156914020692,65.90156914020692,65.90156914020692,65.90156914020692
8532,59.75911210517141,59.75911210517141,59.75911210517141,59.75911210517141,59.75911210517141
8533,60.14992254089234,60.14992254089234,60.14992254089234,60.14992254089234,60.14992254089234
8534,62.94440577749906,62.94440577749906,62.94440577749906,62.94440577749906,62.94440577749906
8535,64.16609850680263,64.16609850680263,64.16609850680263,64.16609850680263,64.16609850680263
8536,68.91644425816837,68.91644425816837,68.91644425816837,68.91644425816837,68.91644425816837
8537,60.302746263168984,60.302746263168984,60.302746263168984,60.302746263168984,60.302746263168984
8538,67.51517696436977,67.51517696436977,67.51517696436977,67.51517696436977,67.51517696436977
8539,70.748996385487,70.748996385487,70.748996385487,70.748996385487,70.748996385487
8540,70.18768531828135,70.18768531828135,70.18768531828135,70.18768531828135,70.18768531828135
8541,60.86781900292036,60.86781900292036,60.86781900292036,60.86781900292036,60.86781900292036
8542,63.71274120000417,63.71274120000417,63.71274120000417,63.71274120000417,63.71274120000417
8543,59.726217530312624,59.726217530312624,59.726217530312624,59.726217530312624,59.726217530312624
8544,58.75643839223743,58.75643839223743,58.75643839223743,58.75643839223743,58.75643839223743
8545,65.96165064310014,65.96165064310014,65.96165064310014,65.96165064310014,65.96165064310014
8546,63.35438977467352,63.35438977467352,63.35438977467352,63.35438977467352,63.35438977467352
8547,61.864310427654246,61.864310427654246,61.864310427654246,61.864310427654246,61.864310427654246
8548,63.174559684276204,63.174559684276204,63.174559684276204,63.174559684276204,63.174559684276204
8549,63.437560984081166,63.437560984081166,63.437560984081166,63.437560984081166,63.437560984081166
8550,66.59739253174205,66.59739253174205,66.59739253174205,66.59739253174205,66.59739253174205
8551,62.10195853678042,62.10195853678042,62.10195853678042,62.10195853678042,62.10195853678042
8552,64.66978289207202,64.66978289207202,64.66978289207202,64.66978289207202,64.66978289207202
8553,69.40029565998302,69.40029565998302,69.40029565998302,69.40029565998302,69.40029565998302
8554,61.26499906706439,61.26499906706439,61.26499906706439,61.26499906706439,61.26499906706439
8555,66.65146401287679,66.65146401287679,66.65146401287679,66.65146401287679,66.65146401287679
8556,59.30462238977637,59.30462238977637,59.30462238977637,59.30462238977637,59.30462238977637
8557,67.13594274009898,67.13594274009898,67.13594274009898,67.13594274009898,67.13594274009898
8558,62.33169943575842,62.33169943575842,62.33169943575842,62.33169943575842,62.33169943575842
8559,59.93467478219907,59.93467478219907,59.93467478219907,59.93467478219907,59.93467478219907
8560,71.15809702299464,71.15809702299464,71.15809702299464,71.15809702299464,71.15809702299464
8561,64.82528456485284,64.82528456485284,64.82528456485284,64.82528456485284,64.82528456485284
8562,66.57889609087697,66.57889609087697,66.57889609087697,66.57889609087697,66.57889609087697
8563,63.74779979249289,63.74779979249289,63.74779979249289,63.74779979249289,63.74779979249289
8564,60.131379327004886,60.131379327004886,60.131379327004886,60.131379327004886,60.131379327004886
8565,63.057450134298136,63.057450134298136,63.057450134298136,63.057450134298136,63.057450134298136
8566,59.78907417308176,59.78907417308176,59.78907417308176,59.78907417308176,59.78907417308176
8567,58.875116265867106,58.875116265867106,58.875116265867106,58.875116265867106,58.875116265867106
8568,68.55868121981246,68.55868121981246,68.55868121981246,68.55868121981246,68.55868121981246
8569,63.35259393862585,63.35259393862585,63.35259393862585,63.35259393862585,63.35259393862585
8570,69.44071286983119,69.44071286983119,69.44071286983119,69.44071286983119,69.44071286983119
8571,68.17333865667523,68.17333865667523,68.17333865667523,68.17333865667523,68.17333865667523
8572,65.23733996110425,65.23733996110425,65.23733996110425,65.23733996110425,65.23733996110425
8573,63.82493300803726,63.82493300803726,63.82493300803726,63.82493300803726,63.82493300803726
8574,58.8675861212335,58.8675861212335,58.8675861212335,58.8675861212335,58.8675861212335
8575,70.17133712073863,70.17133712073863,70.17133712073863,70.17133712073863,70.17133712073863
8576,60.20751671246024,60.20751671246024,60.20751671246024,60.20751671246024,60.20751671246024
8577,60.05470899773531,60.05470899773531,60.05470899773531,60.05470899773531,60.05470899773531
8578,71.31163411660758,71.31163411660758,71.31163411660758,71.31163411660758,71.31163411660758
8579,65.85937768453856,65.85937768453856,65.85937768453856,65.85937768453856,65.85937768453856
8580,65.36649909533914,65.36649909533914,65.36649909533914,65.36649909533914,65.36649909533914
8581,64.07183772787596,64.07183772787596,64.07183772787596,64.07183772787596,64.07183772787596
8582,63.925725881896916,63.925725881896916,63.925725881896916,63.925725881896916,63.925725881896916
8583,61.11526857766114,61.11526857766114,61.11526857766114,61.11526857766114,61.11526857766114
8584,69.44530271726131,69.44530271726131,69.44530271726131,69.44530271726131,69.44530271726131
8585,60.253187277119025,60.253187277119025,60.253187277119025,60.253187277119025,60.253187277119025
8586,65.76816675567434,65.76816675567434,65.76816675567434,65.76816675567434,65.76816675567434
8587,61.048470328982845,61.048470328982845,61.048470328982845,61.048470328982845,61.048470328982845
8588,60.01386757994466,60.01386757994466,60.01386757994466,60.01386757994466,60.01386757994466
8589,70.23117660052354,70.23117660052354,70.23117660052354,70.23117660052354,70.23117660052354
8590,62.619647192365576,62.619647192365576,62.619647192365576,62.619647192365576,62.619647192365576
8591,68.55031475127223,68.55031475127223,68.55031475127223,68.55031475127223,68.55031475127223
8592,69.93822394955328,69.93822394955328,69.93822394955328,69.93822394955328,69.93822394955328
8593,62.7319858608458,62.7319858608458,62.7319858608458,62.7319858608458,62.7319858608458
8594,66.6487184382715,66.6487184382715,66.6487184382715,66.6487184382715,66.6487184382715
8595,64.78714264148434,64.78714264148434,64.78714264148434,64.78714264148434,64.78714264148434
8596,69.31259817899088,69.31259817899088,69.31259817899088,69.31259817899088,69.31259817899088
8597,66.30807972523513,66.30807972523513,66.30807972523513,66.30807972523513,66.30807972523513
8598,64.4526771625414,64.4526771625414,64.4526771625414,64.4526771625414,64.4526771625414
8599,59.81972207022937,59.81972207022937,59.81972207022937,59.81972207022937,59.81972207022937
8600,67.75827104554195,67.75827104554195,67.75827104554195,67.75827104554195,67.75827104554195
8601,59.09296202858191,59.09296202858191,59.09296202858191,59.09296202858191,59.09296202858191
8602,63.57856523012697,63.57856523012697,63.57856523012697,63.57856523012697,63.57856523012697
8603,68.09237555992395,68.09237555992395,68.09237555992395,68.09237555992395,68.09237555992395
8604,64.84844271799604,64.84844271799604,64.84844271799604,64.84844271799604,64.84844271799604
8605,62.06444595070432,62.06444595070432,62.06444595070432,62.06444595070432,62.06444595070432
8606,65.5086860934339,65.5086860934339,65.5086860934339,65.5086860934339,65.5086860934339
8607,65.63057781994664,65.63057781994664,65.63057781994664,65.63057781994664,65.63057781994664
8608,65.16299569924371,65.16299569924371,65.16299569924371,65.16299569924371,65.16299569924371
8609,64.57959872801516,64.57959872801516,64.57959872801516,64.57959872801516,64.57959872801516
8610,66.1014949961471,66.1014949961471,66.1014949961471,66.1014949961471,66.1014949961471
8611,63.38008637286515,63.38008637286515,63.38008637286515,63.38008637286515,63.38008637286515
8612,66.20815234312721,66.20815234312721,66.20815234312721,66.20815234312721,66.20815234312721
8613,58.6314924859123,58.6314924859123,58.6314924859123,58.6314924859123,58.6314924859123
8614,68.68953341378469,68.68953341378469,68.68953341378469,68.68953341378469,68.68953341378469
8615,68.61074759363503,68.61074759363503,68.61074759363503,68.61074759363503,68.61074759363503
8616,62.424424235834145,62.424424235834145,62.424424235834145,62.424424235834145,62.424424235834145
8617,62.988132739148355,62.988132739148355,62.988132739148355,62.988132739148355,62.988132739148355
8618,66.3644201205018,66.3644201205018,66.3644201205018,66.3644201205018,66.3644201205018
8619,60.341068908407436,60.341068908407436,60.341068908407436,60.341068908407436,60.341068908407436
8620,60.916657608883995,60.916657608883995,60.916657608883995,60.916657608883995,60.916657608883995
8621,69.37204727088925,69.37204727088925,69.37204727088925,69.37204727088925,69.37204727088925
8622,60.82079963616517,60.82079963616517,60.82079963616517,60.82079963616517,60.82079963616517
8623,69.32972528911303,69.32972528911303,69.32972528911303,69.32972528911303,69.32972528911303
8624,70.73069153462563,70.73069153462563,70.73069153462563,70.73069153462563,70.73069153462563
8625,67.65877494096426,67.65877494096426,67.65877494096426,67.65877494096426,67.65877494096426
8626,61.94301219855349,61.94301219855349,61.94301219855349,61.94301219855349,61.94301219855349
8627,67.38200274769886,67.38200274769886,67.38200274769886,67.38200274769886,67.38200274769886
8628,66.25935252020707,66.25935252020707,66.25935252020707,66.25935252020707,66.25935252020707
8629,65.92186241152403,65.92186241152403,65.92186241152403,65.92186241152403,65.92186241152403
8630,69.66024859806353,69.66024859806353,69.66024859806353,69.66024859806353,69.66024859806353
8631,63.563547940870436,63.563547940870436,63.563547940870436,63.563547940870436,63.563547940870436
8632,68.96174992818217,68.96174992818217,68.96174992818217,68.96174992818217,68.96174992818217
8633,60.145788163062775,60.145788163062775,60.145788163062775,60.145788163062775,60.145788163062775
8634,63.65165289996127,63.65165289996127,63.65165289996127,63.65165289996127,63.65165289996127
8635,64.01561121739785,64.01561121739785,64.01561121739785,64.01561121739785,64.01561121739785
8636,62.463862952830645,62.463862952830645,62.463862952830645,62.463862952830645,62.463862952830645
8637,65.65053341092856,65.65053341092856,65.65053341092856,65.65053341092856,65.65053341092856
8638,61.055909083865124,61.055909083865124,61.055909083865124,61.055909083865124,61.055909083865124
8639,65.96456832537739,65.96456832537739,65.96456832537739,65.96456832537739,65.96456832537739
8640,64.81286438960974,64.81286438960974,64.81286438960974,64.81286438960974,64.81286438960974
8641,69.58468429760443,69.58468429760443,69.58468429760443,69.58468429760443,69.58468429760443
8642,67.62702126847489,67.62702126847489,67.62702126847489,67.62702126847489,67.62702126847489
8643,67.0155592445819,67.0155592445819,67.0155592445819,67.0155592445819,67.0155592445819
8644,70.43004534990867,70.43004534990867,70.43004534990867,70.43004534990867,70.43004534990867
8645,61.19830883566705,61.19830883566705,61.19830883566705,61.19830883566705,61.19830883566705
8646,70.41451178045098,70.41451178045098,70.41451178045098,70.41451178045098,70.41451178045098
8647,68.66350382372661,68.66350382372661,68.66350382372661,68.66350382372661,68.66350382372661
8648,59.90346136661988,59.90346136661988,59.90346136661988,59.90346136661988,59.90346136661988
8649,62.34394119938349,62.34394119938349,62.34394119938349,62.34394119938349,62.34394119938349
8650,70.73750629574315,70.73750629574315,70.73750629574315,70.73750629574315,70.73750629574315
8651,62.04243029794421,62.04243029794421,62.04243029794421,62.04243029794421,62.04243029794421
8652,61.68082208436988,61.68082208436988,61.68082208436988,61.68082208436988,61.68082208436988
8653,62.92239088514035,62.92239088514035,62.92239088514035,62.92239088514035,62.92239088514035
8654,62.34434010571746,62.34434010571746,62.34434010571746,62.34434010571746,62.34434010571746
8655,61.954144884781876,61.954144884781876,61.954144884781876,61.954144884781876,61.954144884781876
8656,64.50337411727152,64.50337411727152,64.50337411727152,64.50337411727152,64.50337411727152
8657,67.12925919597663,67.12925919597663,67.12925919597663,67.12925919597663,67.12925919597663
8658,62.19277268292586,62.19277268292586,62.19277268292586,62.19277268292586,62.19277268292586
8659,67.12267959099826,67.12267959099826,67.12267959099826,67.12267959099826,67.12267959099826
8660,62.601965312649256,62.601965312649256,62.601965312649256,62.601965312649256,62.601965312649256
8661,65.15688456545897,65.15688456545897,65.15688456545897,65.15688456545897,65.15688456545897
8662,67.92709687740012,67.92709687740012,67.92709687740012,67.92709687740012,67.92709687740012
8663,58.79507121042421,58.79507121042421,58.79507121042421,58.79507121042421,58.79507121042421
8664,60.32941412754806,60.32941412754806,60.32941412754806,60.32941412754806,60.32941412754806
8665,71.43664782783803,71.43664782783803,71.43664782783803,71.43664782783803,71.43664782783803
8666,61.65362779854656,61.65362779854656,61.65362779854656,61.65362779854656,61.65362779854656
8667,64.13962037788015,64.13962037788015,64.13962037788015,64.13962037788015,64.13962037788015
8668,68.60263920300734,68.60263920300734,68.60263920300734,68.60263920300734,68.60263920300734
8669,68.67051158270999,68.67051158270999,68.67051158270999,68.67051158270999,68.67051158270999
8670,61.3795729583951,61.3795729583951,61.3795729583951,61.3795729583951,61.3795729583951
8671,63.74367435467483,63.74367435467483,63.74367435467483,63.74367435467483,63.74367435467483
8672,61.518176107251705,61.518176107251705,61.518176107251705,61.518176107251705,61.518176107251705
8673,62.61242954808299,62.61242954808299,62.61242954808299,62.61242954808299,62.61242954808299
8674,63.09353323761105,63.09353323761105,63.09353323761105,63.09353323761105,63.09353323761105
8675,63.75133474602759,63.75133474602759,63.75133474602759,63.75133474602759,63.75133474602759
8676,64.10560750088186,64.10560750088186,64.10560750088186,64.10560750088186,64.10560750088186
8677,66.24578071843094,66.24578071843094,66.24578071843094,66.24578071843094,66.24578071843094
8678,64.08609453399427,64.08609453399427,64.08609453399427,64.08609453399427,64.08609453399427
8679,59.687958058712276,59.687958058712276,59.687958058712276,59.687958058712276,59.687958058712276
8680,67.93945086142216,67.93945086142216,67.93945086142216,67.93945086142216,67.93945086142216
8681,58.719273502482736,58.719273502482736,58.719273502482736,58.719273502482736,58.719273502482736
8682,71.37989649015562,71.37989649015562,71.37989649015562,71.37989649015562,71.37989649015562
8683,69.89453868685627,69.89453868685627,69.89453868685627,69.89453868685627,69.89453868685627
8684,67.58595666115652,67.58595666115652,67.58595666115652,67.58595666115652,67.58595666115652
8685,69.75442164260927,69.75442164260927,69.75442164260927,69.75442164260927,69.75442164260927
8686,70.1699730345337,70.1699730345337,70.1699730345337,70.1699730345337,70.1699730345337
8687,59.894036242935165,59.894036242935165,59.894036242935165,59.894036242935165,59.894036242935165
8688,61.640978200357395,61.640978200357395,61.640978200357395,61.640978200357395,61.640978200357395
8689,67.06018381198062,67.06018381198062,67.06018381198062,67.06018381198062,67.06018381198062
8690,62.480640389495456,62.480640389495456,62.480640389495456,62.480640389495456,62.480640389495456
8691,70.98615993632382,70.98615993632382,70.98615993632382,70.98615993632382,70.98615993632382
8692,61.95581337753298,61.95581337753298,61.95581337753298,61.95581337753298,61.95581337753298
8693,64.98576734477398,64.98576734477398,64.98576734477398,64.98576734477398,64.98576734477398
8694,59.8796398079111,59.8796398079111,59.8796398079111,59.8796398079111,59.8796398079111
8695,68.86110403377796,68.86110403377796,68.86110403377796,68.86110403377796,68.86110403377796
8696,59.57797934223536,59.57797934223536,59.57797934223536,59.57797934223536,59.57797934223536
8697,64.90482495820979,64.90482495820979,64.90482495820979,64.90482495820979,64.90482495820979
8698,70.16964230331145,70.16964230331145,70.16964230331145,70.16964230331145,70.16964230331145
8699,59.481138030487294,59.481138030487294,59.481138030487294,59.481138030487294,59.481138030487294
8700,63.132326763921114,63.132326763921114,63.132326763921114,63.132326763921114,63.132326763921114
8701,62.925760401167075,62.925760401167075,62.925760401167075,62.925760401167075,62.925760401167075
8702,69.83369520390636,69.83369520390636,69.83369520390636,69.83369520390636,69.83369520390636
8703,65.4438712285979,65.4438712285979,65.4438712285979,65.4438712285979,65.4438712285979
8704,68.94072001396457,68.94072001396457,68.94072001396457,68.94072001396457,68.94072001396457
8705,71.28304247453254,71.28304247453254,71.28304247453254,71.28304247453254,71.28304247453254
8706,66.46204308358226,66.46204308358226,66.46204308358226,66.46204308358226,66.46204308358226
8707,63.861634511390506,63.861634511390506,63.861634511390506,63.861634511390506,63.861634511390506
8708,63.149264418642694,63.149264418642694,63.149264418642694,63.149264418642694,63.149264418642694
8709,62.69365918796155,62.69365918796155,62.69365918796155,62.69365918796155,62.69365918796155
8710,62.36740841796317,62.36740841796317,62.36740841796317,62.36740841796317,62.36740841796317
8711,66.47659431165701,66.47659431165701,66.47659431165701,66.47659431165701,66.47659431165701
8712,67.67903520650269,67.67903520650269,67.67903520650269,67.67903520650269,67.67903520650269
8713,59.44520174753134,59.44520174753134,59.44520174753134,59.44520174753134,59.44520174753134
8714,66.15945105593568,66.15945105593568,66.15945105593568,66.15945105593568,66.15945105593568
8715,67.09512569200774,67.09512569200774,67.09512569200774,67.09512569200774,67.09512569200774
8716,62.92067781333654,62.92067781333654,62.92067781333654,62.92067781333654,62.92067781333654
8717,61.82343478763496,61.82343478763496,61.82343478763496,61.82343478763496,61.82343478763496
8718,71.32132230609625,71.32132230609625,71.32132230609625,71.32132230609625,71.32132230609625
8719,65.57425025143075,65.57425025143075,65.57425025143075,65.57425025143075,65.57425025143075
8720,59.360503314554215,59.360503314554215,59.360503314554215,59.360503314554215,59.360503314554215
8721,67.22636489458071,67.22636489458071,67.22636489458071,67.22636489458071,67.22636489458071
8722,64.75060943982551,64.75060943982551,64.75060943982551,64.75060943982551,64.75060943982551
8723,61.99199603098405,61.99199603098405,61.99199603098405,61.99199603098405,61.99199603098405
8724,67.79186453426462,67.79186453426462,67.79186453426462,67.79186453426462,67.79186453426462
8725,71.36869088687445,71.36869088687445,71.36869088687445,71.36869088687445,71.36869088687445
8726,68.0497316853492,68.0497316853492,68.0497316853492,68.0497316853492,68.0497316853492
8727,59.29556112246775,59.29556112246775,59.29556112246775,59.29556112246775,59.29556112246775
8728,59.17728460853142,59.17728460853142,59.17728460853142,59.17728460853142,59.17728460853142
8729,58.778493696854014,58.778493696854014,58.778493696854014,58.778493696854014,58.778493696854014
8730,66.9969291556147,66.9969291556147,66.9969291556147,66.9969291556147,66.9969291556147
8731,60.77235035944546,60.77235035944546,60.77235035944546,60.77235035944546,60.77235035944546
8732,59.67459892259949,59.67459892259949,59.67459892259949,59.67459892259949,59.67459892259949
8733,69.23298083542967,69.23298083542967,69.23298083542967,69.23298083542967,69.23298083542967
8734,68.15782396545373,68.15782396545373,68.15782396545373,68.15782396545373,68.15782396545373
8735,61.17099254017371,61.17099254017371,61.17099254017371,61.17099254017371,61.17099254017371
8736,58.62394245666022,58.62394245666022,58.62394245666022,58.62394245666022,58.62394245666022
8737,62.48793445960821,62.48793445960821,62.48793445960821,62.48793445960821,62.48793445960821
8738,58.66381894643737,58.66381894643737,58.66381894643737,58.66381894643737,58.66381894643737
8739,66.15271963158379,66.15271963158379,66.15271963158379,66.15271963158379,66.15271963158379
8740,68.94131752078147,68.94131752078147,68.94131752078147,68.94131752078147,68.94131752078147
8741,60.693663546036234,60.693663546036234,60.693663546036234,60.693663546036234,60.693663546036234
8742,61.64359527731079,61.64359527731079,61.64359527731079,61.64359527731079,61.64359527731079
8743,68.6842865589104,68.6842865589104,68.6842865589104,68.6842865589104,68.6842865589104
8744,63.371415378183606,63.371415378183606,63.371415378183606,63.371415378183606,63.371415378183606
8745,61.205755587659276,61.205755587659276,61.205755587659276,61.205755587659276,61.205755587659276
8746,67.37750466886546,67.37750466886546,67.37750466886546,67.37750466886546,67.37750466886546
8747,67.89876460270237,67.89876460270237,67.89876460270237,67.89876460270237,67.89876460270237
8748,59.3915114811331,59.3915114811331,59.3915114811331,59.3915114811331,59.3915114811331
8749,59.29893948240049,59.29893948240049,59.29893948240049,59.29893948240049,59.29893948240049
8750,66.88171583387192,66.88171583387192,66.88171583387192,66.88171583387192,66.88171583387192
8751,59.71560823455465,59.71560823455465,59.71560823455465,59.71560823455465,59.71560823455465
8752,65.05686431254713,65.05686431254713,65.05686431254713,65.05686431254713,65.05686431254713
8753,71.07940232979452,71.07940232979452,71.07940232979452,71.07940232979452,71.07940232979452
8754,62.54068253978205,62.54068253978205,62.54068253978205,62.54068253978205,62.54068253978205
8755,65.27541084995985,65.27541084995985,65.27541084995985,65.27541084995985,65.27541084995985
8756,65.31642038899966,65.31642038899966,65.31642038899966,65.31642038899966,65.31642038899966
8757,59.43240832858153,59.43240832858153,59.43240832858153,59.43240832858153,59.43240832858153
8758,64.37450038965262,64.37450038965262,64.37450038965262,64.37450038965262,64.37450038965262
8759,64.60536788564795,64.60536788564795,64.60536788564795,64.60536788564795,64.60536788564795
8760,69.61213602373664,69.61213602373664,69.61213602373664,69.61213602373664,69.61213602373664
8761,60.410523791753455,60.410523791753455,60.410523791753455,60.410523791753455,60.410523791753455
8762,65.9533212046654,65.9533212046654,65.9533212046654,65.9533212046654,65.9533212046654
8763,61.261906037098385,61.261906037098385,61.261906037098385,61.261906037098385,61.261906037098385
8764,60.420099799306904,60.420099799306904,60.420099799306904,60.420099799306904,60.420099799306904
8765,63.341620843328755,63.341620843328755,63.341620843328755,63.341620843328755,63.341620843328755
8766,60.2247920867336,60.2247920867336,60.2247920867336,60.2247920867336,60.2247920867336
8767,66.75257713000296,66.75257713000296,66.75257713000296,66.75257713000296,66.75257713000296
8768,61.03350079860152,61.03350079860152,61.03350079860152,61.03350079860152,61.03350079860152
8769,61.626785715122935,61.626785715122935,61.626785715122935,61.626785715122935,61.626785715122935
8770,67.48670001089957,67.48670001089957,67.48670001089957,67.48670001089957,67.48670001089957
8771,65.96528047291018,65.96528047291018,65.96528047291018,65.96528047291018,65.96528047291018
8772,64.48142125434522,64.48142125434522,64.48142125434522,64.48142125434522,64.48142125434522
8773,69.07075505182884,69.07075505182884,69.07075505182884,69.07075505182884,69.07075505182884
8774,61.271088890172464,61.271088890172464,61.271088890172464,61.271088890172464,61.271088890172464
8775,62.918667623351915,62.918667623351915,62.918667623351915,62.918667623351915,62.918667623351915
8776,59.23549608551378,59.23549608551378,59.23549608551378,59.23549608551378,59.23549608551378
8777,63.115595388967385,63.115595388967385,63.115595388967385,63.115595388967385,63.115595388967385
8778,68.91610855116542,68.91610855116542,68.91610855116542,68.91610855116542,68.91610855116542
8779,60.799470442836586,60.799470442836586,60.799470442836586,60.799470442836586,60.799470442836586
8780,62.25062141613912,62.25062141613912,62.25062141613912,62.25062141613912,62.25062141613912
8781,67.70687740289466,67.70687740289466,67.70687740289466,67.70687740289466,67.70687740289466
8782,70.14442382474479,70.14442382474479,70.14442382474479,70.14442382474479,70.14442382474479
8783,68.92050488627939,68.92050488627939,68.92050488627939,68.92050488627939,68.92050488627939
8784,62.771271002481164,62.771271002481164,62.771271002481164,62.771271002481164,62.771271002481164
8785,69.4713706133014,69.4713706133014,69.4713706133014,69.4713706133014,69.4713706133014
8786,62.7188303023426,62.7188303023426,62.7188303023426,62.7188303023426,62.7188303023426
8787,58.991631521908424,58.991631521908424,58.991631521908424,58.991631521908424,58.991631521908424
8788,62.20143491412309,62.20143491412309,62.20143491412309,62.20143491412309,62.20143491412309
8789,59.56702663802723,59.56702663802723,59.56702663802723,59.56702663802723,59.56702663802723
8790,65.87063280760553,65.87063280760553,65.87063280760553,65.87063280760553,65.87063280760553
8791,62.00107558295433,62.00107558295433,62.00107558295433,62.00107558295433,62.00107558295433
8792,65.17610757755257,65.17610757755257,65.17610757755257,65.17610757755257,65.17610757755257
8793,63.22278607156549,63.22278607156549,63.22278607156549,63.22278607156549,63.22278607156549
8794,63.35532728585597,63.35532728585597,63.35532728585597,63.35532728585597,63.35532728585597
8795,70.1216080604994,70.1216080604994,70.1216080604994,70.1216080604994,70.1216080604994
8796,70.5527737447349,70.5527737447349,70.5527737447349,70.5527737447349,70.5527737447349
8797,60.485007274497484,60.485007274497484,60.485007274497484,60.485007274497484,60.485007274497484
8798,66.2320997655545,66.2320997655545,66.2320997655545,66.2320997655545,66.2320997655545
8799,67.20203542817498,67.20203542817498,67.20203542817498,67.20203542817498,67.20203542817498
8800,66.45194469405357,66.45194469405357,66.45194469405357,66.45194469405357,66.45194469405357
8801,62.9078034076404,62.9078034076404,62.9078034076404,62.9078034076404,62.9078034076404
8802,69.00368928140082,69.00368928140082,69.00368928140082,69.00368928140082,69.00368928140082
8803,60.10942271519221,60.10942271519221,60.10942271519221,60.10942271519221,60.10942271519221
8804,62.74570739276217,62.74570739276217,62.74570739276217,62.74570739276217,62.74570739276217
8805,58.8548907039852,58.8548907039852,58.8548907039852,58.8548907039852,58.8548907039852
8806,58.68728932105462,58.68728932105462,58.68728932105462,58.68728932105462,58.68728932105462
8807,61.82236917633539,61.82236917633539,61.82236917633539,61.82236917633539,61.82236917633539
8808,63.35358070443007,63.35358070443007,63.35358070443007,63.35358070443007,63.35358070443007
8809,60.92891743322929,60.92891743322929,60.92891743322929,60.92891743322929,60.92891743322929
8810,59.71398309406018,59.71398309406018,59.71398309406018,59.71398309406018,59.71398309406018
8811,63.845473302256714,63.845473302256714,63.845473302256714,63.845473302256714,63.845473302256714
8812,64.72095713600002,64.72095713600002,64.72095713600002,64.72095713600002,64.72095713600002
8813,65.22766864312744,65.22766864312744,65.22766864312744,65.22766864312744,65.22766864312744
8814,71.34770672210173,71.34770672210173,71.34770672210173,71.34770672210173,71.34770672210173
8815,65.03408133551903,65.03408133551903,65.03408133551903,65.03408133551903,65.03408133551903
8816,63.11131600019391,63.11131600019391,63.11131600019391,63.11131600019391,63.11131600019391
8817,63.2029482510271,63.2029482510271,63.2029482510271,63.2029482510271,63.2029482510271
8818,63.48542005412206,63.48542005412206,63.48542005412206,63.48542005412206,63.48542005412206
8819,65.24041596841326,65.24041596841326,65.24041596841326,65.24041596841326,65.24041596841326
8820,63.032139389019164,63.032139389019164,63.032139389019164,63.032139389019164,63.032139389019164
8821,61.22310151450556,61.22310151450556,61.22310151450556,61.22310151450556,61.22310151450556
8822,64.85069008633181,64.85069008633181,64.85069008633181,64.85069008633181,64.85069008633181
8823,60.712412750968724,60.712412750968724,60.712412750968724,60.712412750968724,60.712412750968724
8824,60.69904025458583,60.69904025458583,60.69904025458583,60.69904025458583,60.69904025458583
8825,67.26608757138004,67.26608757138004,67.26608757138004,67.26608757138004,67.26608757138004
8826,66.85176942877658,66.85176942877658,66.85176942877658,66.85176942877658,66.85176942877658
8827,59.30418766688116,59.30418766688116,59.30418766688116,59.30418766688116,59.30418766688116
8828,60.40743698440433,60.40743698440433,60.40743698440433,60.40743698440433,60.40743698440433
8829,66.75803268623442,66.75803268623442,66.75803268623442,66.75803268623442,66.75803268623442
8830,70.84166114758693,70.84166114758693,70.84166114758693,70.84166114758693,70.84166114758693
8831,69.3024903026445,69.3024903026445,69.3024903026445,69.3024903026445,69.3024903026445
8832,64.91985716889727,64.91985716889727,64.91985716889727,64.91985716889727,64.91985716889727
8833,66.52096803222705,66.52096803222705,66.52096803222705,66.52096803222705,66.52096803222705
8834,71.08263659642073,71.08263659642073,71.08263659642073,71.08263659642073,71.08263659642073
8835,63.4506552133004,63.4506552133004,63.4506552133004,63.4506552133004,63.4506552133004
8836,71.07628178399423,71.07628178399423,71.07628178399423,71.07628178399423,71.07628178399423
8837,65.10130846288185,65.10130846288185,65.10130846288185,65.10130846288185,65.10130846288185
8838,60.95419871490758,60.95419871490758,60.95419871490758,60.95419871490758,60.95419871490758
8839,68.91206021025124,68.91206021025124,68.91206021025124,68.91206021025124,68.91206021025124
8840,60.19531569425771,60.19531569425771,60.19531569425771,60.19531569425771,60.19531569425771
8841,60.20074751372529,60.20074751372529,60.20074751372529,60.20074751372529,60.20074751372529
8842,66.31926675027314,66.31926675027314,66.31926675027314,66.31926675027314,66.31926675027314
8843,68.5295166365397,68.5295166365397,68.5295166365397,68.5295166365397,68.5295166365397
8844,67.11246966608593,67.11246966608593,67.11246966608593,67.11246966608593,67.11246966608593
8845,63.58778535129395,63.58778535129395,63.58778535129395,63.58778535129395,63.58778535129395
8846,58.65640478176325,58.65640478176325,58.65640478176325,58.65640478176325,58.65640478176325
8847,69.39534060064321,69.39534060064321,69.39534060064321,69.39534060064321,69.39534060064321
8848,63.398950261654655,63.398950261654655,63.398950261654655,63.398950261654655,63.398950261654655
8849,65.67678444550165,65.67678444550165,65.67678444550165,65.67678444550165,65.67678444550165
8850,62.615029877016305,62.615029877016305,62.615029877016305,62.615029877016305,62.615029877016305
8851,63.49557261392706,63.49557261392706,63.49557261392706,63.49557261392706,63.49557261392706
8852,68.2399145276261,68.2399145276261,68.2399145276261,68.2399145276261,68.2399145276261
8853,68.35748995380128,68.35748995380128,68.35748995380128,68.35748995380128,68.35748995380128
8854,59.57630631757632,59.57630631757632,59.57630631757632,59.57630631757632,59.57630631757632
8855,69.02684641248561,69.02684641248561,69.02684641248561,69.02684641248561,69.02684641248561
8856,63.84749585895018,63.84749585895018,63.84749585895018,63.84749585895018,63.84749585895018
8857,66.77138968630028,66.77138968630028,66.77138968630028,66.77138968630028,66.77138968630028
8858,59.76839140661684,59.76839140661684,59.76839140661684,59.76839140661684,59.76839140661684
8859,67.23440013318161,67.23440013318161,67.23440013318161,67.23440013318161,67.23440013318161
8860,69.26342962642181,69.26342962642181,69.26342962642181,69.26342962642181,69.26342962642181
8861,66.83006623570304,66.83006623570304,66.83006623570304,66.83006623570304,66.83006623570304
8862,66.69274105694865,66.69274105694865,66.69274105694865,66.69274105694865,66.69274105694865
8863,58.90208824970949,58.90208824970949,58.90208824970949,58.90208824970949,58.90208824970949
8864,66.29378992998673,66.29378992998673,66.29378992998673,66.29378992998673,66.29378992998673
8865,62.8809186798993,62.8809186798993,62.8809186798993,62.8809186798993,62.8809186798993
8866,64.97306169032558,64.97306169032558,64.97306169032558,64.97306169032558,64.97306169032558
8867,61.34259488154246,61.34259488154246,61.34259488154246,61.34259488154246,61.34259488154246
8868,63.20637742372378,63.20637742372378,63.20637742372378,63.20637742372378,63.20637742372378
8869,61.75986809389843,61.75986809389843,61.75986809389843,61.75986809389843,61.75986809389843
8870,62.54384490747083,62.54384490747083,62.54384490747083,62.54384490747083,62.54384490747083
8871,71.44367890774109,71.44367890774109,71.44367890774109,71.44367890774109,71.44367890774109
8872,66.52576579019937,66.52576579019937,66.52576579019937,66.52576579019937,66.52576579019937
8873,68.50208314826673,68.50208314826673,68.50208314826673,68.50208314826673,68.50208314826673
8874,63.78322372698809,63.78322372698809,63.78322372698809,63.78322372698809,63.78322372698809
8875,66.69584781830523,66.69584781830523,66.69584781830523,66.69584781830523,66.69584781830523
8876,65.37907230685138,65.37907230685138,65.37907230685138,65.37907230685138,65.37907230685138
8877,60.24999201280116,60.24999201280116,60.24999201280116,60.24999201280116,60.24999201280116
8878,69.12560794668589,69.12560794668589,69.12560794668589,69.12560794668589,69.12560794668589
8879,68.80706025580517,68.80706025580517,68.80706025580517,68.80706025580517,68.80706025580517
8880,63.27109511406795,63.27109511406795,63.27109511406795,63.27109511406795,63.27109511406795
8881,70.57149873731302,70.57149873731302,70.57149873731302,70.57149873731302,70.57149873731302
8882,64.43992573050052,64.43992573050052,64.43992573050052,64.43992573050052,64.43992573050052
8883,59.87099490400174,59.87099490400174,59.87099490400174,59.87099490400174,59.87099490400174
8884,62.91350965968474,62.91350965968474,62.91350965968474,62.91350965968474,62.91350965968474
8885,69.18242217764028,69.18242217764028,69.18242217764028,69.18242217764028,69.18242217764028
8886,70.28188911116303,70.28188911116303,70.28188911116303,70.28188911116303,70.28188911116303
8887,59.37993316283637,59.37993316283637,59.37993316283637,59.37993316283637,59.37993316283637
8888,59.81425177683523,59.81425177683523,59.81425177683523,59.81425177683523,59.81425177683523
8889,66.53318296347699,66.53318296347699,66.53318296347699,66.53318296347699,66.53318296347699
8890,70.37631099962394,70.37631099962394,70.37631099962394,70.37631099962394,70.37631099962394
8891,63.36434898226442,63.36434898226442,63.36434898226442,63.36434898226442,63.36434898226442
8892,65.90031828672944,65.90031828672944,65.90031828672944,65.90031828672944,65.90031828672944
8893,63.051414355932295,63.051414355932295,63.051414355932295,63.051414355932295,63.051414355932295
8894,60.61634801671168,60.61634801671168,60.61634801671168,60.61634801671168,60.61634801671168
8895,64.95830369937568,64.95830369937568,64.95830369937568,64.95830369937568,64.95830369937568
8896,66.4270241025584,66.4270241025584,66.4270241025584,66.4270241025584,66.4270241025584
8897,62.4001936267394,62.4001936267394,62.4001936267394,62.4001936267394,62.4001936267394
8898,66.17225003952359,66.17225003952359,66.17225003952359,66.17225003952359,66.17225003952359
8899,59.454975099624676,59.454975099624676,59.454975099624676,59.454975099624676,59.454975099624676
8900,58.92328368194816,58.92328368194816,58.92328368194816,58.92328368194816,58.92328368194816
8901,69.58295471442202,69.58295471442202,69.58295471442202,69.58295471442202,69.58295471442202
8902,59.922246950309756,59.922246950309756,59.922246950309756,59.922246950309756,59.922246950309756
8903,63.014834002498716,63.014834002498716,63.014834002498716,63.014834002498716,63.014834002498716
8904,62.441044839509026,62.441044839509026,62.441044839509026,62.441044839509026,62.441044839509026
8905,64.6955724479236,64.6955724479236,64.6955724479236,64.6955724479236,64.6955724479236
8906,63.15363014351578,63.15363014351578,63.15363014351578,63.15363014351578,63.15363014351578
8907,63.86344484456964,63.86344484456964,63.86344484456964,63.86344484456964,63.86344484456964
8908,62.242993389327815,62.242993389327815,62.242993389327815,62.242993389327815,62.242993389327815
8909,61.02566648356795,61.02566648356795,61.02566648356795,61.02566648356795,61.02566648356795
8910,62.84150572658041,62.84150572658041,62.84150572658041,62.84150572658041,62.84150572658041
8911,62.591901589749185,62.591901589749185,62.591901589749185,62.591901589749185,62.591901589749185
8912,60.34363564367253,60.34363564367253,60.34363564367253,60.34363564367253,60.34363564367253
8913,71.45959168302961,71.45959168302961,71.45959168302961,71.45959168302961,71.45959168302961
8914,64.57864785779748,64.57864785779748,64.57864785779748,64.57864785779748,64.57864785779748
8915,61.368240065630204,61.368240065630204,61.368240065630204,61.368240065630204,61.368240065630204
8916,67.58984894586247,67.58984894586247,67.58984894586247,67.58984894586247,67.58984894586247
8917,67.1958366655796,67.1958366655796,67.1958366655796,67.1958366655796,67.1958366655796
8918,58.670086702306875,58.670086702306875,58.670086702306875,58.670086702306875,58.670086702306875
8919,60.72333179269054,60.72333179269054,60.72333179269054,60.72333179269054,60.72333179269054
8920,60.07752948703184,60.07752948703184,60.07752948703184,60.07752948703184,60.07752948703184
8921,59.11934828279599,59.11934828279599,59.11934828279599,59.11934828279599,59.11934828279599
8922,67.25929738135939,67.25929738135939,67.25929738135939,67.25929738135939,67.25929738135939
8923,70.54245317675566,70.54245317675566,70.54245317675566,70.54245317675566,70.54245317675566
8924,67.4803071044704,67.4803071044704,67.4803071044704,67.4803071044704,67.4803071044704
8925,68.6073963253566,68.6073963253566,68.6073963253566,68.6073963253566,68.6073963253566
8926,66.03418784503413,66.03418784503413,66.03418784503413,66.03418784503413,66.03418784503413
8927,62.71950155479422,62.71950155479422,62.71950155479422,62.71950155479422,62.71950155479422
8928,66.23763380813406,66.23763380813406,66.23763380813406,66.23763380813406,66.23763380813406
8929,66.71684348275896,66.71684348275896,66.71684348275896,66.71684348275896,66.71684348275896
8930,59.961578014644886,59.961578014644886,59.961578014644886,59.961578014644886,59.961578014644886
8931,64.82673301430331,64.82673301430331,64.82673301430331,64.82673301430331,64.82673301430331
8932,65.30899313601678,65.30899313601678,65.30899313601678,65.30899313601678,65.30899313601678
8933,60.1198304638818,60.1198304638818,60.1198304638818,60.1198304638818,60.1198304638818
8934,67.12708660689623,67.12708660689623,67.12708660689623,67.12708660689623,67.12708660689623
8935,59.821792176772774,59.821792176772774,59.821792176772774,59.821792176772774,59.821792176772774
8936,68.19308016809168,68.19308016809168,68.19308016809168,68.19308016809168,68.19308016809168
8937,68.21998030749602,68.21998030749602,68.21998030749602,68.21998030749602,68.21998030749602
8938,70.35463349963598,70.35463349963598,70.35463349963598,70.35463349963598,70.35463349963598
8939,62.2618690091428,62.2618690091428,62.2618690091428,62.2618690091428,62.2618690091428
8940,67.32257219140466,67.32257219140466,67.32257219140466,67.32257219140466,67.32257219140466
8941,66.42315346014345,66.42315346014345,66.42315346014345,66.42315346014345,66.42315346014345
8942,66.97002989342862,66.97002989342862,66.97002989342862,66.97002989342862,66.97002989342862
8943,62.67432327264059,62.67432327264059,62.67432327264059,62.67432327264059,62.67432327264059
8944,70.5252107023883,70.5252107023883,70.5252107023883,70.5252107023883,70.5252107023883
8945,69.18301013376414,69.18301013376414,69.18301013376414,69.18301013376414,69.18301013376414
8946,67.26260572973402,67.26260572973402,67.26260572973402,67.26260572973402,67.26260572973402
8947,70.66061614860546,70.66061614860546,70.66061614860546,70.66061614860546,70.66061614860546
8948,65.70887353553972,65.70887353553972,65.70887353553972,65.70887353553972,65.70887353553972
8949,71.21852770012318,71.21852770012318,71.21852770012318,71.21852770012318,71.21852770012318
8950,64.93597458664006,64.93597458664006,64.93597458664006,64.93597458664006,64.93597458664006
8951,70.19089009225235,70.19089009225235,70.19089009225235,70.19089009225235,70.19089009225235
8952,60.03757100403587,60.03757100403587,60.03757100403587,60.03757100403587,60.03757100403587
8953,60.585598206807575,60.585598206807575,60.585598206807575,60.585598206807575,60.585598206807575
8954,65.06374182089687,65.06374182089687,65.06374182089687,65.06374182089687,65.06374182089687
8955,60.41847422574486,60.41847422574486,60.41847422574486,60.41847422574486,60.41847422574486
8956,60.870189511327844,60.870189511327844,60.870189511327844,60.870189511327844,60.870189511327844
8957,67.47817238362191,67.47817238362191,67.47817238362191,67.47817238362191,67.47817238362191
8958,69.58730732522376,69.58730732522376,69.58730732522376,69.58730732522376,69.58730732522376
8959,58.85792397392487,58.85792397392487,58.85792397392487,58.85792397392487,58.85792397392487
8960,68.191843958333,68.191843958333,68.191843958333,68.191843958333,68.191843958333
8961,65.12548056284476,65.12548056284476,65.12548056284476,65.12548056284476,65.12548056284476
8962,58.97906024395097,58.97906024395097,58.97906024395097,58.97906024395097,58.97906024395097
8963,65.67230299597679,65.67230299597679,65.67230299597679,65.67230299597679,65.67230299597679
8964,70.47959319096444,70.47959319096444,70.47959319096444,70.47959319096444,70.47959319096444
8965,68.46555355382526,68.46555355382526,68.46555355382526,68.46555355382526,68.46555355382526
8966,69.82790054342101,69.82790054342101,69.82790054342101,69.82790054342101,69.82790054342101
8967,67.06548480846557,67.06548480846557,67.06548480846557,67.06548480846557,67.06548480846557
8968,64.9379506359717,64.9379506359717,64.9379506359717,64.9379506359717,64.9379506359717
8969,59.969016411334856,59.969016411334856,59.969016411334856,59.969016411334856,59.969016411334856
8970,60.68987578224053,60.68987578224053,60.68987578224053,60.68987578224053,60.68987578224053
8971,63.06363657107348,63.06363657107348,63.06363657107348,63.06363657107348,63.06363657107348
8972,70.67266622487605,70.67266622487605,70.67266622487605,70.67266622487605,70.67266622487605
8973,60.863666297735925,60.863666297735925,60.863666297735925,60.863666297735925,60.863666297735925
8974,68.29779292781635,68.29779292781635,68.29779292781635,68.29779292781635,68.29779292781635
8975,60.45990333994232,60.45990333994232,60.45990333994232,60.45990333994232,60.45990333994232
8976,67.99576039821277,67.99576039821277,67.99576039821277,67.99576039821277,67.99576039821277
8977,68.9873974145768,68.9873974145768,68.9873974145768,68.9873974145768,68.9873974145768
8978,68.32493061455524,68.32493061455524,68.32493061455524,68.32493061455524,68.32493061455524
8979,65.25057451474828,65.25057451474828,65.25057451474828,65.25057451474828,65.25057451474828
8980,60.271105907484916,60.271105907484916,60.271105907484916,60.271105907484916,60.271105907484916
8981,69.54329682279366,69.54329682279366,69.54329682279366,69.54329682279366,69.54329682279366
8982,62.04463117554983,62.04463117554983,62.04463117554983,62.04463117554983,62.04463117554983
8983,60.369312461955964,60.369312461955964,60.369312461955964,60.369312461955964,60.369312461955964
8984,62.20461185087167,62.20461185087167,62.20461185087167,62.20461185087167,62.20461185087167
8985,68.45417941586639,68.45417941586639,68.45417941586639,68.45417941586639,68.45417941586639
8986,68.65221367332147,68.65221367332147,68.65221367332147,68.65221367332147,68.65221367332147
8987,58.74549338472064,58.74549338472064,58.74549338472064,58.74549338472064,58.74549338472064
8988,62.15821343424414,62.15821343424414,62.15821343424414,62.15821343424414,62.15821343424414
8989,68.11746810599693,68.11746810599693,68.11746810599693,68.11746810599693,68.11746810599693
8990,62.876394503208765,62.876394503208765,62.876394503208765,62.876394503208765,62.876394503208765
8991,70.29783265106627,70.29783265106627,70.29783265106627,70.29783265106627,70.29783265106627
8992,63.18508357791714,63.18508357791714,63.18508357791714,63.18508357791714,63.18508357791714
8993,60.80387606294341,60.80387606294341,60.80387606294341,60.80387606294341,60.80387606294341
8994,65.28617921793636,65.28617921793636,65.28617921793636,65.28617921793636,65.28617921793636
8995,60.59837083773951,60.59837083773951,60.59837083773951,60.59837083773951,60.59837083773951
8996,65.14995831358591,65.14995831358591,65.14995831358591,65.14995831358591,65.14995831358591
8997,61.38377465758567,61.38377465758567,61.38377465758567,61.38377465758567,61.38377465758567
8998,64.09295974738755,64.09295974738755,64.09295974738755,64.09295974738755,64.09295974738755
8999,58.96374488982906,58.96374488982906,58.96374488982906,58.96374488982906,58.96374488982906
9000,71.24049051337184,71.24049051337184,71.24049051337184,71.24049051337184,71.24049051337184
9001,68.48449303424965,68.48449303424965,68.48449303424965,68.48449303424965,68.48449303424965
9002,64.48586859578388,64.48586859578388,64.48586859578388,64.48586859578388,64.48586859578388
9003,64.36691839410014,64.36691839410014,64.36691839410014,64.36691839410014,64.36691839410014
9004,61.24243032283553,61.24243032283553,61.24243032283553,61.24243032283553,61.24243032283553
9005,59.52478886141879,59.52478886141879,59.52478886141879,59.52478886141879,59.52478886141879
9006,62.04307821660878,62.04307821660878,62.04307821660878,62.04307821660878,62.04307821660878
9007,69.687056367695,69.687056367695,69.687056367695,69.687056367695,69.687056367695
9008,63.32853768176271,63.32853768176271,63.32853768176271,63.32853768176271,63.32853768176271
9009,69.6289373609872,69.6289373609872,69.6289373609872,69.6289373609872,69.6289373609872
9010,62.11788805514563,62.11788805514563,62.11788805514563,62.11788805514563,62.11788805514563
9011,68.98345090404764,68.98345090404764,68.98345090404764,68.98345090404764,68.98345090404764
9012,63.16229083128861,63.16229083128861,63.16229083128861,63.16229083128861,63.16229083128861
9013,59.76690576702064,59.76690576702064,59.76690576702064,59.76690576702064,59.76690576702064
9014,67.86828040319251,67.86828040319251,67.86828040319251,67.86828040319251,67.86828040319251
9015,60.49558900506741,60.49558900506741,60.49558900506741,60.49558900506741,60.49558900506741
9016,66.47283973275972,66.47283973275972,66.47283973275972,66.47283973275972,66.47283973275972
9017,66.7690989303862,66.7690989303862,66.7690989303862,66.7690989303862,66.7690989303862
9018,59.09274713784074,59.09274713784074,59.09274713784074,59.09274713784074,59.09274713784074
9019,62.26131457335755,62.26131457335755,62.26131457335755,62.26131457335755,62.26131457335755
9020,69.30674235167353,69.30674235167353,69.30674235167353,69.30674235167353,69.30674235167353
9021,70.56852576211467,70.56852576211467,70.56852576211467,70.56852576211467,70.56852576211467
9022,70.42284799611915,70.42284799611915,70.42284799611915,70.42284799611915,70.42284799611915
9023,70.91985099521052,70.91985099521052,70.91985099521052,70.91985099521052,70.91985099521052
9024,63.43091211251765,63.43091211251765,63.43091211251765,63.43091211251765,63.43091211251765
9025,70.79808383130047,70.79808383130047,70.79808383130047,70.79808383130047,70.79808383130047
9026,67.69777280812549,67.69777280812549,67.69777280812549,67.69777280812549,67.69777280812549
9027,69.4067738440327,69.4067738440327,69.4067738440327,69.4067738440327,69.4067738440327
9028,60.98585164928107,60.98585164928107,60.98585164928107,60.98585164928107,60.98585164928107
9029,66.27365565169117,66.27365565169117,66.27365565169117,66.27365565169117,66.27365565169117
9030,70.9073714551893,70.9073714551893,70.9073714551893,70.9073714551893,70.9073714551893
9031,63.45819675089283,63.45819675089283,63.45819675089283,63.45819675089283,63.45819675089283
9032,68.12411368219392,68.12411368219392,68.12411368219392,68.12411368219392,68.12411368219392
9033,62.053084414614936,62.053084414614936,62.053084414614936,62.053084414614936,62.053084414614936
9034,67.18689619765969,67.18689619765969,67.18689619765969,67.18689619765969,67.18689619765969
9035,63.41720259181677,63.41720259181677,63.41720259181677,63.41720259181677,63.41720259181677
9036,69.98466319773061,69.98466319773061,69.98466319773061,69.98466319773061,69.98466319773061
9037,67.61490370639646,67.61490370639646,67.61490370639646,67.61490370639646,67.61490370639646
9038,60.872425507988204,60.872425507988204,60.872425507988204,60.872425507988204,60.872425507988204
9039,67.71286978378849,67.71286978378849,67.71286978378849,67.71286978378849,67.71286978378849
9040,58.80186424185399,58.80186424185399,58.80186424185399,58.80186424185399,58.80186424185399
9041,69.00372663787908,69.00372663787908,69.00372663787908,69.00372663787908,69.00372663787908
9042,68.44258694932518,68.44258694932518,68.44258694932518,68.44258694932518,68.44258694932518
9043,58.88088529814545,58.88088529814545,58.88088529814545,58.88088529814545,58.88088529814545
9044,63.20997252914288,63.20997252914288,63.20997252914288,63.20997252914288,63.20997252914288
9045,61.703289889521784,61.703289889521784,61.703289889521784,61.703289889521784,61.703289889521784
9046,62.43407667581106,62.43407667581106,62.43407667581106,62.43407667581106,62.43407667581106
9047,58.819647116120414,58.819647116120414,58.819647116120414,58.819647116120414,58.819647116120414
9048,70.19864824611962,70.19864824611962,70.19864824611962,70.19864824611962,70.19864824611962
9049,69.58935556892742,69.58935556892742,69.58935556892742,69.58935556892742,69.58935556892742
9050,66.48456094550188,66.48456094550188,66.48456094550188,66.48456094550188,66.48456094550188
9051,65.51000440885647,65.51000440885647,65.51000440885647,65.51000440885647,65.51000440885647
9052,63.42915793633998,63.42915793633998,63.42915793633998,63.42915793633998,63.42915793633998
9053,69.75614281117853,69.75614281117853,69.75614281117853,69.75614281117853,69.75614281117853
9054,59.86520402296955,59.86520402296955,59.86520402296955,59.86520402296955,59.86520402296955
9055,60.26224854715486,60.26224854715486,60.26224854715486,60.26224854715486,60.26224854715486
9056,66.54769161770271,66.54769161770271,66.54769161770271,66.54769161770271,66.54769161770271
9057,64.98886393665498,64.98886393665498,64.98886393665498,64.98886393665498,64.98886393665498
9058,67.69318528314369,67.69318528314369,67.69318528314369,67.69318528314369,67.69318528314369
9059,70.8357419436345,70.8357419436345,70.8357419436345,70.8357419436345,70.8357419436345
9060,59.22082203568401,59.22082203568401,59.22082203568401,59.22082203568401,59.22082203568401
9061,58.61014299241197,58.61014299241197,58.61014299241197,58.61014299241197,58.61014299241197
9062,70.1589516293118,70.1589516293118,70.1589516293118,70.1589516293118,70.1589516293118
9063,63.65975698868636,63.65975698868636,63.65975698868636,63.65975698868636,63.65975698868636
9064,70.97286880464945,70.97286880464945,70.97286880464945,70.97286880464945,70.97286880464945
9065,67.56126108497732,67.56126108497732,67.56126108497732,67.56126108497732,67.56126108497732
9066,69.90249146970832,69.90249146970832,69.90249146970832,69.90249146970832,69.90249146970832
9067,62.858614876244694,62.858614876244694,62.858614876244694,62.858614876244694,62.858614876244694
9068,60.865420515867484,60.865420515867484,60.865420515867484,60.865420515867484,60.865420515867484
9069,67.15786436134191,67.15786436134191,67.15786436134191,67.15786436134191,67.15786436134191
9070,60.49482569222436,60.49482569222436,60.49482569222436,60.49482569222436,60.49482569222436
9071,69.90839718327805,69.90839718327805,69.90839718327805,69.90839718327805,69.90839718327805
9072,67.18115783466502,67.18115783466502,67.18115783466502,67.18115783466502,67.18115783466502
9073,63.226787010355906,63.226787010355906,63.226787010355906,63.226787010355906,63.226787010355906
9074,66.8733295576509,66.8733295576509,66.8733295576509,66.8733295576509,66.8733295576509
9075,64.8294089064463,64.8294089064463,64.8294089064463,64.8294089064463,64.8294089064463
9076,68.59177475492082,68.59177475492082,68.59177475492082,68.59177475492082,68.59177475492082
9077,61.24940807576834,61.24940807576834,61.24940807576834,61.24940807576834,61.24940807576834
9078,62.77549330044917,62.77549330044917,62.77549330044917,62.77549330044917,62.77549330044917
9079,62.311270360561174,62.311270360561174,62.311270360561174,62.311270360561174,62.311270360561174
9080,63.34180187010432,63.34180187010432,63.34180187010432,63.34180187010432,63.34180187010432
9081,65.2836457250319,65.2836457250319,65.2836457250319,65.2836457250319,65.2836457250319
9082,69.9473513246617,69.9473513246617,69.9473513246617,69.9473513246617,69.9473513246617
9083,69.89196815225192,69.89196815225192,69.89196815225192,69.89196815225192,69.89196815225192
9084,61.811911158916914,61.811911158916914,61.811911158916914,61.811911158916914,61.811911158916914
9085,66.42940519314742,66.42940519314742,66.42940519314742,66.42940519314742,66.42940519314742
9086,59.317761253188394,59.317761253188394,59.317761253188394,59.317761253188394,59.317761253188394
9087,64.5794869248568,64.5794869248568,64.5794869248568,64.5794869248568,64.5794869248568
9088,65.24430094547243,65.24430094547243,65.24430094547243,65.24430094547243,65.24430094547243
9089,67.04244970364269,67.04244970364269,67.04244970364269,67.04244970364269,67.04244970364269
9090,66.28687807904221,66.28687807904221,66.28687807904221,66.28687807904221,66.28687807904221
9091,68.29588487101616,68.29588487101616,68.29588487101616,68.29588487101616,68.29588487101616
9092,70.07980242123602,70.07980242123602,70.07980242123602,70.07980242123602,70.07980242123602
9093,70.90142638405833,70.90142638405833,70.90142638405833,70.90142638405833,70.90142638405833
9094,68.83778028745806,68.83778028745806,68.83778028745806,68.83778028745806,68.83778028745806
9095,64.14945101135197,64.14945101135197,64.14945101135197,64.14945101135197,64.14945101135197
9096,59.83631547876761,59.83631547876761,59.83631547876761,59.83631547876761,59.83631547876761
9097,62.11161078762413,62.11161078762413,62.11161078762413,62.11161078762413,62.11161078762413
9098,64.30626871293747,64.30626871293747,64.30626871293747,64.30626871293747,64.30626871293747
9099,62.15145421046372,62.15145421046372,62.15145421046372,62.15145421046372,62.15145421046372
9100,66.75792997754664,66.75792997754664,66.75792997754664,66.75792997754664,66.75792997754664
9101,71.25005164185076,71.25005164185076,71.25005164185076,71.25005164185076,71.25005164185076
9102,63.90048966836227,63.90048966836227,63.90048966836227,63.90048966836227,63.90048966836227
9103,63.40266419720022,63.40266419720022,63.40266419720022,63.40266419720022,63.40266419720022
9104,60.95741864099068,60.95741864099068,60.95741864099068,60.95741864099068,60.95741864099068
9105,59.02562345509528,59.02562345509528,59.02562345509528,59.02562345509528,59.02562345509528
9106,71.24795128740499,71.24795128740499,71.24795128740499,71.24795128740499,71.24795128740499
9107,71.45072972986952,71.45072972986952,71.45072972986952,71.45072972986952,71.45072972986952
9108,68.4709465064224,68.4709465064224,68.4709465064224,68.4709465064224,68.4709465064224
9109,70.78798715404378,70.78798715404378,70.78798715404378,70.78798715404378,70.78798715404378
9110,70.23811671012977,70.23811671012977,70.23811671012977,70.23811671012977,70.23811671012977
9111,61.273204839892294,61.273204839892294,61.273204839892294,61.273204839892294,61.273204839892294
9112,59.435187802838385,59.435187802838385,59.435187802838385,59.435187802838385,59.435187802838385
9113,69.59278482333008,69.59278482333008,69.59278482333008,69.59278482333008,69.59278482333008
9114,63.10355644010668,63.10355644010668,63.10355644010668,63.10355644010668,63.10355644010668
9115,61.751479309489454,61.751479309489454,61.751479309489454,61.751479309489454,61.751479309489454
9116,65.4130668414411,65.4130668414411,65.4130668414411,65.4130668414411,65.4130668414411
9117,64.09860379923445,64.09860379923445,64.09860379923445,64.09860379923445,64.09860379923445
9118,69.7671635189542,69.7671635189542,69.7671635189542,69.7671635189542,69.7671635189542
9119,63.32302698348544,63.32302698348544,63.32302698348544,63.32302698348544,63.32302698348544
9120,61.664106132335085,61.664106132335085,61.664106132335085,61.664106132335085,61.664106132335085
9121,68.13951097155922,68.13951097155922,68.13951097155922,68.13951097155922,68.13951097155922
9122,70.41499567527846,70.41499567527846,70.41499567527846,70.41499567527846,70.41499567527846
9123,65.36479879332111,65.36479879332111,65.36479879332111,65.36479879332111,65.36479879332111
9124,67.44836471595605,67.44836471595605,67.44836471595605,67.44836471595605,67.44836471595605
9125,67.37379611982398,67.37379611982398,67.37379611982398,67.37379611982398,67.37379611982398
9126,61.85832094653756,61.85832094653756,61.85832094653756,61.85832094653756,61.85832094653756
9127,63.49243918405357,63.49243918405357,63.49243918405357,63.49243918405357,63.49243918405357
9128,63.593445672226366,63.593445672226366,63.593445672226366,63.593445672226366,63.593445672226366
9129,60.727073773896194,60.727073773896194,60.727073773896194,60.727073773896194,60.727073773896194
9130,71.11398980441301,71.11398980441301,71.11398980441301,71.11398980441301,71.11398980441301
9131,65.95640078143013,65.95640078143013,65.95640078143013,65.95640078143013,65.95640078143013
9132,62.766595392058704,62.766595392058704,62.766595392058704,62.766595392058704,62.766595392058704
9133,63.073221759641086,63.073221759641086,63.073221759641086,63.073221759641086,63.073221759641086
9134,59.61471442317686,59.61471442317686,59.61471442317686,59.61471442317686,59.61471442317686
9135,67.7266811448695,67.7266811448695,67.7266811448695,67.7266811448695,67.7266811448695
9136,61.75397192960355,61.75397192960355,61.75397192960355,61.75397192960355,61.75397192960355
9137,69.22594637412762,69.22594637412762,69.22594637412762,69.22594637412762,69.22594637412762
9138,69.37911334592575,69.37911334592575,69.37911334592575,69.37911334592575,69.37911334592575
9139,71.1543335822666,71.1543335822666,71.1543335822666,71.1543335822666,71.1543335822666
9140,62.62262805300479,62.62262805300479,62.62262805300479,62.62262805300479,62.62262805300479
9141,65.743984514169,65.743984514169,65.743984514169,65.743984514169,65.743984514169
9142,69.14207852590962,69.14207852590962,69.14207852590962,69.14207852590962,69.14207852590962
9143,66.1592569484374,66.1592569484374,66.1592569484374,66.1592569484374,66.1592569484374
9144,67.08483555609835,67.08483555609835,67.08483555609835,67.08483555609835,67.08483555609835
9145,61.256773827719236,61.256773827719236,61.256773827719236,61.256773827719236,61.256773827719236
9146,61.585763875051946,61.585763875051946,61.585763875051946,61.585763875051946,61.585763875051946
9147,66.11428452474115,66.11428452474115,66.11428452474115,66.11428452474115,66.11428452474115
9148,60.908595065269864,60.908595065269864,60.908595065269864,60.908595065269864,60.908595065269864
9149,61.51378542339037,61.51378542339037,61.51378542339037,61.51378542339037,61.51378542339037
9150,59.57577485245161,59.57577485245161,59.57577485245161,59.57577485245161,59.57577485245161
9151,66.88696008515136,66.88696008515136,66.88696008515136,66.88696008515136,66.88696008515136
9152,58.74346801727604,58.74346801727604,58.74346801727604,58.74346801727604,58.74346801727604
9153,64.39708154067651,64.39708154067651,64.39708154067651,64.39708154067651,64.39708154067651
9154,69.12227672393101,69.12227672393101,69.12227672393101,69.12227672393101,69.12227672393101
9155,65.97617912472714,65.97617912472714,65.97617912472714,65.97617912472714,65.97617912472714
9156,60.56058237894077,60.56058237894077,60.56058237894077,60.56058237894077,60.56058237894077
9157,60.88813016781888,60.88813016781888,60.88813016781888,60.88813016781888,60.88813016781888
9158,65.0389988579857,65.0389988579857,65.0389988579857,65.0389988579857,65.0389988579857
9159,60.77526623498305,60.77526623498305,60.77526623498305,60.77526623498305,60.77526623498305
9160,68.03274154947464,68.03274154947464,68.03274154947464,68.03274154947464,68.03274154947464
9161,70.31313644272495,70.31313644272495,70.31313644272495,70.31313644272495,70.31313644272495
9162,65.84657218003764,65.84657218003764,65.84657218003764,65.84657218003764,65.84657218003764
9163,66.17195451303613,66.17195451303613,66.17195451303613,66.17195451303613,66.17195451303613
9164,64.32804954060948,64.32804954060948,64.32804954060948,64.32804954060948,64.32804954060948
9165,59.45945438042443,59.45945438042443,59.45945438042443,59.45945438042443,59.45945438042443
9166,65.92194360835929,65.92194360835929,65.92194360835929,65.92194360835929,65.92194360835929
9167,70.10857316759459,70.10857316759459,70.10857316759459,70.10857316759459,70.10857316759459
9168,70.20982628985355,70.20982628985355,70.20982628985355,70.20982628985355,70.20982628985355
9169,62.34820652451652,62.34820652451652,62.34820652451652,62.34820652451652,62.34820652451652
9170,67.98070143395707,67.98070143395707,67.98070143395707,67.98070143395707,67.98070143395707
9171,70.54446088883338,70.54446088883338,70.54446088883338,70.54446088883338,70.54446088883338
9172,66.70033685141355,66.70033685141355,66.70033685141355,66.70033685141355,66.70033685141355
9173,62.59528311001705,62.59528311001705,62.59528311001705,62.59528311001705,62.59528311001705
9174,65.35976971225206,65.35976971225206,65.35976971225206,65.35976971225206,65.35976971225206
9175,58.987384485253315,58.987384485253315,58.987384485253315,58.987384485253315,58.987384485253315
9176,70.71740222058635,70.71740222058635,70.71740222058635,70.71740222058635,70.71740222058635
9177,60.03561829676409,60.03561829676409,60.03561829676409,60.03561829676409,60.03561829676409
9178,67.39920610655213,67.39920610655213,67.39920610655213,67.39920610655213,67.39920610655213
9179,69.194211149489,69.194211149489,69.194211149489,69.194211149489,69.194211149489
9180,67.97206890959129,67.97206890959129,67.97206890959129,67.97206890959129,67.97206890959129
9181,69.37662466522261,69.37662466522261,69.37662466522261,69.37662466522261,69.37662466522261
9182,69.92630618805791,69.92630618805791,69.92630618805791,69.92630618805791,69.92630618805791
9183,66.78345465351804,66.78345465351804,66.78345465351804,66.78345465351804,66.78345465351804
9184,61.12369852621201,61.12369852621201,61.12369852621201,61.12369852621201,61.12369852621201
9185,68.6836242731533,68.6836242731533,68.6836242731533,68.6836242731533,68.6836242731533
9186,62.998145410783835,62.998145410783835,62.998145410783835,62.998145410783835,62.998145410783835
9187,70.46985312322761,70.46985312322761,70.46985312322761,70.46985312322761,70.46985312322761
9188,58.82194795773032,58.82194795773032,58.82194795773032,58.82194795773032,58.82194795773032
9189,63.586542039187435,63.586542039187435,63.586542039187435,63.586542039187435,63.586542039187435
9190,61.775170895729,61.775170895729,61.775170895729,61.775170895729,61.775170895729
9191,69.57195925991692,69.57195925991692,69.57195925991692,69.57195925991692,69.57195925991692
9192,59.2223675928828,59.2223675928828,59.2223675928828,59.2223675928828,59.2223675928828
9193,59.57519870960805,59.57519870960805,59.57519870960805,59.57519870960805,59.57519870960805
9194,69.86177989450346,69.86177989450346,69.86177989450346,69.86177989450346,69.86177989450346
9195,66.86656026407769,66.86656026407769,66.86656026407769,66.86656026407769,66.86656026407769
9196,70.51881374502369,70.51881374502369,70.51881374502369,70.51881374502369,70.51881374502369
9197,59.96333666002417,59.96333666002417,59.96333666002417,59.96333666002417,59.96333666002417
9198,70.399021774664,70.399021774664,70.399021774664,70.399021774664,70.399021774664
9199,64.4266810040834,64.4266810040834,64.4266810040834,64.4266810040834,64.4266810040834
9200,67.1930570657334,67.1930570657334,67.1930570657334,67.1930570657334,67.1930570657334
9201,59.55755656511985,59.55755656511985,59.55755656511985,59.55755656511985,59.55755656511985
9202,64.09044491711406,64.09044491711406,64.09044491711406,64.09044491711406,64.09044491711406
9203,64.70209069681563,64.70209069681563,64.70209069681563,64.70209069681563,64.70209069681563
9204,63.819120561106665,63.819120561106665,63.819120561106665,63.819120561106665,63.819120561106665
9205,64.81141209068328,64.81141209068328,64.81141209068328,64.81141209068328,64.81141209068328
9206,69.66254269873896,69.66254269873896,69.66254269873896,69.66254269873896,69.66254269873896
9207,68.82808215184657,68.82808215184657,68.82808215184657,68.82808215184657,68.82808215184657
9208,65.1024771323906,65.1024771323906,65.1024771323906,65.1024771323906,65.1024771323906
9209,61.6015839680938,61.6015839680938,61.6015839680938,61.6015839680938,61.6015839680938
9210,69.11571567005156,69.11571567005156,69.11571567005156,69.11571567005156,69.11571567005156
9211,61.545551021807846,61.545551021807846,61.545551021807846,61.545551021807846,61.545551021807846
9212,67.0089592560385,67.0089592560385,67.0089592560385,67.0089592560385,67.0089592560385
9213,65.66968631383973,65.66968631383973,65.66968631383973,65.66968631383973,65.66968631383973
9214,59.51010671961085,59.51010671961085,59.51010671961085,59.51010671961085,59.51010671961085
9215,59.940468870504944,59.940468870504944,59.940468870504944,59.940468870504944,59.940468870504944
9216,62.57076806558058,62.57076806558058,62.57076806558058,62.57076806558058,62.57076806558058
9217,59.45676583275123,59.45676583275123,59.45676583275123,59.45676583275123,59.45676583275123
9218,64.74542075377785,64.74542075377785,64.74542075377785,64.74542075377785,64.74542075377785
9219,67.76125981199394,67.76125981199394,67.76125981199394,67.76125981199394,67.76125981199394
9220,65.37084191171375,65.37084191171375,65.37084191171375,65.37084191171375,65.37084191171375
9221,67.69711650447212,67.69711650447212,67.69711650447212,67.69711650447212,67.69711650447212
9222,69.70226530161847,69.70226530161847,69.70226530161847,69.70226530161847,69.70226530161847
9223,62.570230799536205,62.570230799536205,62.570230799536205,62.570230799536205,62.570230799536205
9224,69.51045586190058,69.51045586190058,69.51045586190058,69.51045586190058,69.51045586190058
9225,62.96694960825574,62.96694960825574,62.96694960825574,62.96694960825574,62.96694960825574
9226,58.75242916243495,58.75242916243495,58.75242916243495,58.75242916243495,58.75242916243495
9227,69.09706410781435,69.09706410781435,69.09706410781435,69.09706410781435,69.09706410781435
9228,70.77975437874639,70.77975437874639,70.77975437874639,70.77975437874639,70.77975437874639
9229,66.02054803954,66.02054803954,66.02054803954,66.02054803954,66.02054803954
9230,67.09949878035934,67.09949878035934,67.09949878035934,67.09949878035934,67.09949878035934
9231,58.951676628774415,58.951676628774415,58.951676628774415,58.951676628774415,58.951676628774415
9232,64.07088178823557,64.07088178823557,64.07088178823557,64.07088178823557,64.07088178823557
9233,59.03221191759352,59.03221191759352,59.03221191759352,59.03221191759352,59.03221191759352
9234,65.51388715959163,65.51388715959163,65.51388715959163,65.51388715959163,65.51388715959163
9235,68.20711261995677,68.20711261995677,68.20711261995677,68.20711261995677,68.20711261995677
9236,64.96881609728206,64.96881609728206,64.96881609728206,64.96881609728206,64.96881609728206
9237,69.50810228618789,69.50810228618789,69.50810228618789,69.50810228618789,69.50810228618789
9238,67.28577958824178,67.28577958824178,67.28577958824178,67.28577958824178,67.28577958824178
9239,61.862394924187704,61.862394924187704,61.862394924187704,61.862394924187704,61.862394924187704
9240,65.22897375679479,65.22897375679479,65.22897375679479,65.22897375679479,65.22897375679479
9241,60.52928598908925,60.52928598908925,60.52928598908925,60.52928598908925,60.52928598908925
9242,69.0529492972526,69.0529492972526,69.0529492972526,69.0529492972526,69.0529492972526
9243,70.7015737849484,70.7015737849484,70.7015737849484,70.7015737849484,70.7015737849484
9244,69.25949234895691,69.25949234895691,69.25949234895691,69.25949234895691,69.25949234895691
9245,63.70268245308237,63.70268245308237,63.70268245308237,63.70268245308237,63.70268245308237
9246,62.16594511824102,62.16594511824102,62.16594511824102,62.16594511824102,62.16594511824102
9247,67.46897108029631,67.46897108029631,67.46897108029631,67.46897108029631,67.46897108029631
9248,69.9844938073919,69.9844938073919,69.9844938073919,69.9844938073919,69.9844938073919
9249,64.83724295236865,64.83724295236865,64.83724295236865,64.83724295236865,64.83724295236865
9250,61.42378081200065,61.42378081200065,61.42378081200065,61.42378081200065,61.42378081200065
9251,71.49958176189575,71.49958176189575,71.49958176189575,71.49958176189575,71.49958176189575
9252,71.31345489567842,71.31345489567842,71.31345489567842,71.31345489567842,71.31345489567842
9253,70.23018104821791,70.23018104821791,70.23018104821791,70.23018104821791,70.23018104821791
9254,65.6964426739166,65.6964426739166,65.6964426739166,65.6964426739166,65.6964426739166
9255,67.48633776861168,67.48633776861168,67.48633776861168,67.48633776861168,67.48633776861168
9256,67.86040845013717,67.86040845013717,67.86040845013717,67.86040845013717,67.86040845013717
9257,65.71790519604707,65.71790519604707,65.71790519604707,65.71790519604707,65.71790519604707
9258,58.74508668086785,58.74508668086785,58.74508668086785,58.74508668086785,58.74508668086785
9259,61.73514746616804,61.73514746616804,61.73514746616804,61.73514746616804,61.73514746616804
9260,64.52359699269203,64.52359699269203,64.52359699269203,64.52359699269203,64.52359699269203
9261,70.8967925983545,70.8967925983545,70.8967925983545,70.8967925983545,70.8967925983545
9262,67.20738035765785,67.20738035765785,67.20738035765785,67.20738035765785,67.20738035765785
9263,70.48662530332936,70.48662530332936,70.48662530332936,70.48662530332936,70.48662530332936
9264,69.69462305953252,69.69462305953252,69.69462305953252,69.69462305953252,69.69462305953252
9265,64.54018554250082,64.54018554250082,64.54018554250082,64.54018554250082,64.54018554250082
9266,67.97448275672267,67.97448275672267,67.97448275672267,67.97448275672267,67.97448275672267
9267,71.21491857042011,71.21491857042011,71.21491857042011,71.21491857042011,71.21491857042011
9268,64.40537674865583,64.40537674865583,64.40537674865583,64.40537674865583,64.40537674865583
9269,61.03716351601942,61.03716351601942,61.03716351601942,61.03716351601942,61.03716351601942
9270,70.78065242311838,70.78065242311838,70.78065242311838,70.78065242311838,70.78065242311838
9271,59.33448749457797,59.33448749457797,59.33448749457797,59.33448749457797,59.33448749457797
9272,67.58840275560212,67.58840275560212,67.58840275560212,67.58840275560212,67.58840275560212
9273,60.097383544167755,60.097383544167755,60.097383544167755,60.097383544167755,60.097383544167755
9274,62.03572272777903,62.03572272777903,62.03572272777903,62.03572272777903,62.03572272777903
9275,66.92324213663757,66.92324213663757,66.92324213663757,66.92324213663757,66.92324213663757
9276,67.51714057591512,67.51714057591512,67.51714057591512,67.51714057591512,67.51714057591512
9277,65.8095529489017,65.8095529489017,65.8095529489017,65.8095529489017,65.8095529489017
9278,64.37165874145421,64.37165874145421,64.37165874145421,64.37165874145421,64.37165874145421
9279,69.53215934654736,69.53215934654736,69.53215934654736,69.53215934654736,69.53215934654736
9280,68.57429567189041,68.57429567189041,68.57429567189041,68.57429567189041,68.57429567189041
9281,64.114819951096,64.114819951096,64.114819951096,64.114819951096,64.114819951096
9282,65.02847094592515,65.02847094592515,65.02847094592515,65.02847094592515,65.02847094592515
9283,65.7614097197618,65.7614097197618,65.7614097197618,65.7614097197618,65.7614097197618
9284,68.06515891004805,68.06515891004805,68.06515891004805,68.06515891004805,68.06515891004805
9285,65.08126485108798,65.08126485108798,65.08126485108798,65.08126485108798,65.08126485108798
9286,67.97317818745746,67.97317818745746,67.97317818745746,67.97317818745746,67.97317818745746
9287,63.84837717363456,63.84837717363456,63.84837717363456,63.84837717363456,63.84837717363456
9288,61.78966158946667,61.78966158946667,61.78966158946667,61.78966158946667,61.78966158946667
9289,66.09983513361344,66.09983513361344,66.09983513361344,66.09983513361344,66.09983513361344
9290,63.12052145507732,63.12052145507732,63.12052145507732,63.12052145507732,63.12052145507732
9291,65.26358018674452,65.26358018674452,65.26358018674452,65.26358018674452,65.26358018674452
9292,63.56173492314144,63.56173492314144,63.56173492314144,63.56173492314144,63.56173492314144
9293,62.966271122620014,62.966271122620014,62.966271122620014,62.966271122620014,62.966271122620014
9294,71.44236781977027,71.44236781977027,71.44236781977027,71.44236781977027,71.44236781977027
9295,59.358479071125295,59.358479071125295,59.358479071125295,59.358479071125295,59.358479071125295
9296,61.226142138843834,61.226142138843834,61.226142138843834,61.226142138843834,61.226142138843834
9297,60.083853718055344,60.083853718055344,60.083853718055344,60.083853718055344,60.083853718055344
9298,60.17676664174701,60.17676664174701,60.17676664174701,60.17676664174701,60.17676664174701
9299,61.523436419280195,61.523436419280195,61.523436419280195,61.523436419280195,61.523436419280195
9300,66.15343488191012,66.15343488191012,66.15343488191012,66.15343488191012,66.15343488191012
9301,68.23527710015284,68.23527710015284,68.23527710015284,68.23527710015284,68.23527710015284
9302,66.4445153516684,66.4445153516684,66.4445153516684,66.4445153516684,66.4445153516684
9303,69.75325561923164,69.75325561923164,69.75325561923164,69.75325561923164,69.75325561923164
9304,61.573039934659576,61.573039934659576,61.573039934659576,61.573039934659576,61.573039934659576
9305,71.3638409744404,71.3638409744404,71.3638409744404,71.3638409744404,71.3638409744404
9306,59.79991928912982,59.79991928912982,59.79991928912982,59.79991928912982,59.79991928912982
9307,68.31204653479965,68.31204653479965,68.31204653479965,68.31204653479965,68.31204653479965
9308,70.08402473912935,70.08402473912935,70.08402473912935,70.08402473912935,70.08402473912935
9309,65.32407279344235,65.32407279344235,65.32407279344235,65.32407279344235,65.32407279344235
9310,62.30363708556496,62.30363708556496,62.30363708556496,62.30363708556496,62.30363708556496
9311,67.63190181364959,67.63190181364959,67.63190181364959,67.63190181364959,67.63190181364959
9312,70.12598317757586,70.12598317757586,70.12598317757586,70.12598317757586,70.12598317757586
9313,69.54988412427849,69.54988412427849,69.54988412427849,69.54988412427849,69.54988412427849
9314,70.71315619608832,70.71315619608832,70.71315619608832,70.71315619608832,70.71315619608832
9315,66.60903291316426,66.60903291316426,66.60903291316426,66.60903291316426,66.60903291316426
9316,67.35262097194192,67.35262097194192,67.35262097194192,67.35262097194192,67.35262097194192
9317,62.94147240828142,62.94147240828142,62.94147240828142,62.94147240828142,62.94147240828142
9318,65.68245631866633,65.68245631866633,65.68245631866633,65.68245631866633,65.68245631866633
9319,61.4737500772328,61.4737500772328,61.4737500772328,61.4737500772328,61.4737500772328
9320,70.77206028198319,70.77206028198319,70.77206028198319,70.77206028198319,70.77206028198319
9321,61.849609345750416,61.849609345750416,61.849609345750416,61.849609345750416,61.849609345750416
9322,66.94480452515532,66.94480452515532,66.94480452515532,66.94480452515532,66.94480452515532
9323,66.83510216795044,66.83510216795044,66.83510216795044,66.83510216795044,66.83510216795044
9324,60.888033233702245,60.888033233702245,60.888033233702245,60.888033233702245,60.888033233702245
9325,61.932093206687185,61.932093206687185,61.932093206687185,61.932093206687185,61.932093206687185
9326,66.16425807369414,66.16425807369414,66.16425807369414,66.16425807369414,66.16425807369414
9327,68.47610146322474,68.47610146322474,68.47610146322474,68.47610146322474,68.47610146322474
9328,69.66043845593154,69.66043845593154,69.66043845593154,69.66043845593154,69.66043845593154
9329,66.85542726124396,66.85542726124396,66.85542726124396,66.85542726124396,66.85542726124396
9330,62.19017973741326,62.19017973741326,62.19017973741326,62.19017973741326,62.19017973741326
9331,63.236215024832646,63.236215024832646,63.236215024832646,63.236215024832646,63.236215024832646
9332,62.50785007008802,62.50785007008802,62.50785007008802,62.50785007008802,62.50785007008802
9333,63.179901161523944,63.179901161523944,63.179901161523944,63.179901161523944,63.179901161523944
9334,64.10840961259348,64.10840961259348,64.10840961259348,64.10840961259348,64.10840961259348
9335,69.77817170681651,69.77817170681651,69.77817170681651,69.77817170681651,69.77817170681651
9336,62.13834754226678,62.13834754226678,62.13834754226678,62.13834754226678,62.13834754226678
9337,69.1206592584726,69.1206592584726,69.1206592584726,69.1206592584726,69.1206592584726
9338,68.64307232265246,68.64307232265246,68.64307232265246,68.64307232265246,68.64307232265246
9339,65.95975826870358,65.95975826870358,65.95975826870358,65.95975826870358,65.95975826870358
9340,60.19572558053642,60.19572558053642,60.19572558053642,60.19572558053642,60.19572558053642
9341,58.71300491634331,58.71300491634331,58.71300491634331,58.71300491634331,58.71300491634331
9342,63.75503097464435,63.75503097464435,63.75503097464435,63.75503097464435,63.75503097464435
9343,63.580368553228595,63.580368553228595,63.580368553228595,63.580368553228595,63.580368553228595
9344,66.39542592678153,66.39542592678153,66.39542592678153,66.39542592678153,66.39542592678153
9345,67.56035939252457,67.56035939252457,67.56035939252457,67.56035939252457,67.56035939252457
9346,66.55521647874816,66.55521647874816,66.55521647874816,66.55521647874816,66.55521647874816
9347,69.10242676775091,69.10242676775091,69.10242676775091,69.10242676775091,69.10242676775091
9348,64.80953399195053,64.80953399195053,64.80953399195053,64.80953399195053,64.80953399195053
9349,59.21759906420607,59.21759906420607,59.21759906420607,59.21759906420607,59.21759906420607
9350,68.31004469181279,68.31004469181279,68.31004469181279,68.31004469181279,68.31004469181279
9351,67.39208010235944,67.39208010235944,67.39208010235944,67.39208010235944,67.39208010235944
9352,59.2734812284073,59.2734812284073,59.2734812284073,59.2734812284073,59.2734812284073
9353,60.298162826058466,60.298162826058466,60.298162826058466,60.298162826058466,60.298162826058466
9354,63.1516012208562,63.1516012208562,63.1516012208562,63.1516012208562,63.1516012208562
9355,64.13788047298559,64.13788047298559,64.13788047298559,64.13788047298559,64.13788047298559
9356,70.01455830225825,70.01455830225825,70.01455830225825,70.01455830225825,70.01455830225825
9357,68.22117016537992,68.22117016537992,68.22117016537992,68.22117016537992,68.22117016537992
9358,60.09482107153664,60.09482107153664,60.09482107153664,60.09482107153664,60.09482107153664
9359,63.14421620906961,63.14421620906961,63.14421620906961,63.14421620906961,63.14421620906961
9360,63.64002425793503,63.64002425793503,63.64002425793503,63.64002425793503,63.64002425793503
9361,70.82063479535691,70.82063479535691,70.82063479535691,70.82063479535691,70.82063479535691
9362,65.94122404596045,65.94122404596045,65.94122404596045,65.94122404596045,65.94122404596045
9363,63.4101324158901,63.4101324158901,63.4101324158901,63.4101324158901,63.4101324158901
9364,65.05646204166803,65.05646204166803,65.05646204166803,65.05646204166803,65.05646204166803
9365,63.61087787540884,63.61087787540884,63.61087787540884,63.61087787540884,63.61087787540884
9366,68.02893880049136,68.02893880049136,68.02893880049136,68.02893880049136,68.02893880049136
9367,62.23708821775611,62.23708821775611,62.23708821775611,62.23708821775611,62.23708821775611
9368,59.51326036849763,59.51326036849763,59.51326036849763,59.51326036849763,59.51326036849763
9369,64.0992829809661,64.0992829809661,64.0992829809661,64.0992829809661,64.0992829809661
9370,61.02005549334826,61.02005549334826,61.02005549334826,61.02005549334826,61.02005549334826
9371,58.870647674096844,58.870647674096844,58.870647674096844,58.870647674096844,58.870647674096844
9372,58.993564735862186,58.993564735862186,58.993564735862186,58.993564735862186,58.993564735862186
9373,60.09312526124964,60.09312526124964,60.09312526124964,60.09312526124964,60.09312526124964
9374,59.165055887166695,59.165055887166695,59.165055887166695,59.165055887166695,59.165055887166695
9375,67.74062836512559,67.74062836512559,67.74062836512559,67.74062836512559,67.74062836512559
9376,61.64803999007282,61.64803999007282,61.64803999007282,61.64803999007282,61.64803999007282
9377,58.77286975748039,58.77286975748039,58.77286975748039,58.77286975748039,58.77286975748039
9378,60.177607067601194,60.177607067601194,60.177607067601194,60.177607067601194,60.177607067601194
9379,65.253728147349,65.253728147349,65.253728147349,65.253728147349,65.253728147349
9380,62.87869243396595,62.87869243396595,62.87869243396595,62.87869243396595,62.87869243396595
9381,69.16377174096048,69.16377174096048,69.16377174096048,69.16377174096048,69.16377174096048
9382,60.79876326043681,60.79876326043681,60.79876326043681,60.79876326043681,60.79876326043681
9383,60.28826211455743,60.28826211455743,60.28826211455743,60.28826211455743,60.28826211455743
9384,59.17734321819918,59.17734321819918,59.17734321819918,59.17734321819918,59.17734321819918
9385,66.97596021703963,66.97596021703963,66.97596021703963,66.97596021703963,66.97596021703963
9386,70.51537897587433,70.51537897587433,70.51537897587433,70.51537897587433,70.51537897587433
9387,64.2343835056035,64.2343835056035,64.2343835056035,64.2343835056035,64.2343835056035
9388,66.46807213190385,66.46807213190385,66.46807213190385,66.46807213190385,66.46807213190385
9389,59.104060783099314,59.104060783099314,59.104060783099314,59.104060783099314,59.104060783099314
9390,68.07213173821135,68.07213173821135,68.07213173821135,68.07213173821135,68.07213173821135
9391,60.77145908063876,60.77145908063876,60.77145908063876,60.77145908063876,60.77145908063876
9392,69.9915320770753,69.9915320770753,69.9915320770753,69.9915320770753,69.9915320770753
9393,64.81213617309585,64.81213617309585,64.81213617309585,64.81213617309585,64.81213617309585
9394,58.67424658723924,58.67424658723924,58.67424658723924,58.67424658723924,58.67424658723924
9395,66.1422394181692,66.1422394181692,66.1422394181692,66.1422394181692,66.1422394181692
9396,67.8664464970294,67.8664464970294,67.8664464970294,67.8664464970294,67.8664464970294
9397,71.44673947750661,71.44673947750661,71.44673947750661,71.44673947750661,71.44673947750661
9398,69.72984669414167,69.72984669414167,69.72984669414167,69.72984669414167,69.72984669414167
9399,69.4968878790867,69.4968878790867,69.4968878790867,69.4968878790867,69.4968878790867
9400,63.19872817790775,63.19872817790775,63.19872817790775,63.19872817790775,63.19872817790775
9401,65.81958666347134,65.81958666347134,65.81958666347134,65.81958666347134,65.81958666347134
9402,62.22345267367229,62.22345267367229,62.22345267367229,62.22345267367229,62.22345267367229
9403,62.89509364361129,62.89509364361129,62.89509364361129,62.89509364361129,62.89509364361129
9404,63.308020489624255,63.308020489624255,63.308020489624255,63.308020489624255,63.308020489624255
9405,64.0116767230606,64.0116767230606,64.0116767230606,64.0116767230606,64.0116767230606
9406,71.32576157028066,71.32576157028066,71.32576157028066,71.32576157028066,71.32576157028066
9407,67.44171928087289,67.44171928087289,67.44171928087289,67.44171928087289,67.44171928087289
9408,67.82757640531491,67.82757640531491,67.82757640531491,67.82757640531491,67.82757640531491
9409,67.2709507317077,67.2709507317077,67.2709507317077,67.2709507317077,67.2709507317077
9410,61.54246587991206,61.54246587991206,61.54246587991206,61.54246587991206,61.54246587991206
9411,64.26918171427562,64.26918171427562,64.26918171427562,64.26918171427562,64.26918171427562
9412,65.41835278087325,65.41835278087325,65.41835278087325,65.41835278087325,65.41835278087325
9413,62.02991841475822,62.02991841475822,62.02991841475822,62.02991841475822,62.02991841475822
9414,62.257290491224985,62.257290491224985,62.257290491224985,62.257290491224985,62.257290491224985
9415,68.41244666105833,68.41244666105833,68.41244666105833,68.41244666105833,68.41244666105833
9416,68.2793422463765,68.2793422463765,68.2793422463765,68.2793422463765,68.2793422463765
9417,68.16184020472626,68.16184020472626,68.16184020472626,68.16184020472626,68.16184020472626
9418,60.547901111000215,60.547901111000215,60.547901111000215,60.547901111000215,60.547901111000215
9419,61.38039303312045,61.38039303312045,61.38039303312045,61.38039303312045,61.38039303312045
9420,68.66264641068325,68.66264641068325,68.66264641068325,68.66264641068325,68.66264641068325
9421,66.26003254465793,66.26003254465793,66.26003254465793,66.26003254465793,66.26003254465793
9422,67.35054161378301,67.35054161378301,67.35054161378301,67.35054161378301,67.35054161378301
9423,62.025470415310636,62.025470415310636,62.025470415310636,62.025470415310636,62.025470415310636
9424,59.670331139289736,59.670331139289736,59.670331139289736,59.670331139289736,59.670331139289736
9425,59.94988574047777,59.94988574047777,59.94988574047777,59.94988574047777,59.94988574047777
9426,65.85113614981093,65.85113614981093,65.85113614981093,65.85113614981093,65.85113614981093
9427,62.61721755012341,62.61721755012341,62.61721755012341,62.61721755012341,62.61721755012341
9428,69.25498784399541,69.25498784399541,69.25498784399541,69.25498784399541,69.25498784399541
9429,58.645386275914056,58.645386275914056,58.645386275914056,58.645386275914056,58.645386275914056
9430,70.49963794048678,70.49963794048678,70.49963794048678,70.49963794048678,70.49963794048678
9431,71.1854154446833,71.1854154446833,71.1854154446833,71.1854154446833,71.1854154446833
9432,71.34858341965753,71.34858341965753,71.34858341965753,71.34858341965753,71.34858341965753
9433,67.88089190984255,67.88089190984255,67.88089190984255,67.88089190984255,67.88089190984255
9434,69.33847546330936,69.33847546330936,69.33847546330936,69.33847546330936,69.33847546330936
9435,68.07008522401914,68.07008522401914,68.07008522401914,68.07008522401914,68.07008522401914
9436,58.614223968858404,58.614223968858404,58.614223968858404,58.614223968858404,58.614223968858404
9437,67.70292283656448,67.70292283656448,67.70292283656448,67.70292283656448,67.70292283656448
9438,67.09306328116018,67.09306328116018,67.09306328116018,67.09306328116018,67.09306328116018
9439,68.76328221486732,68.76328221486732,68.76328221486732,68.76328221486732,68.76328221486732
9440,68.96295003809519,68.96295003809519,68.96295003809519,68.96295003809519,68.96295003809519
9441,70.02698894366948,70.02698894366948,70.02698894366948,70.02698894366948,70.02698894366948
9442,59.889942176047704,59.889942176047704,59.889942176047704,59.889942176047704,59.889942176047704
9443,60.48179546944793,60.48179546944793,60.48179546944793,60.48179546944793,60.48179546944793
9444,67.72168142223872,67.72168142223872,67.72168142223872,67.72168142223872,67.72168142223872
9445,65.52221131805427,65.52221131805427,65.52221131805427,65.52221131805427,65.52221131805427
9446,58.90919696615981,58.90919696615981,58.90919696615981,58.90919696615981,58.90919696615981
9447,67.9877274006397,67.9877274006397,67.9877274006397,67.9877274006397,67.9877274006397
9448,62.007759728836454,62.007759728836454,62.007759728836454,62.007759728836454,62.007759728836454
9449,59.99077372789116,59.99077372789116,59.99077372789116,59.99077372789116,59.99077372789116
9450,60.59519752062841,60.59519752062841,60.59519752062841,60.59519752062841,60.59519752062841
9451,71.31314013402658,71.31314013402658,71.31314013402658,71.31314013402658,71.31314013402658
9452,66.47975978486575,66.47975978486575,66.47975978486575,66.47975978486575,66.47975978486575
9453,68.12811045798134,68.12811045798134,68.12811045798134,68.12811045798134,68.12811045798134
9454,62.574036567182375,62.574036567182375,62.574036567182375,62.574036567182375,62.574036567182375
9455,66.58971021820415,66.58971021820415,66.58971021820415,66.58971021820415,66.58971021820415
9456,70.17688915560205,70.17688915560205,70.17688915560205,70.17688915560205,70.17688915560205
9457,62.211995019222705,62.211995019222705,62.211995019222705,62.211995019222705,62.211995019222705
9458,71.20732185934116,71.20732185934116,71.20732185934116,71.20732185934116,71.20732185934116
9459,65.73855415566284,65.73855415566284,65.73855415566284,65.73855415566284,65.73855415566284
9460,69.49297085654032,69.49297085654032,69.49297085654032,69.49297085654032,69.49297085654032
9461,61.04359466795992,61.04359466795992,61.04359466795992,61.04359466795992,61.04359466795992
9462,61.9246710891115,61.9246710891115,61.9246710891115,61.9246710891115,61.9246710891115
9463,60.792025085808405,60.792025085808405,60.792025085808405,60.792025085808405,60.792025085808405
9464,58.946877246934406,58.946877246934406,58.946877246934406,58.946877246934406,58.946877246934406
9465,60.44611771938956,60.44611771938956,60.44611771938956,60.44611771938956,60.44611771938956
9466,64.43499531774428,64.43499531774428,64.43499531774428,64.43499531774428,64.43499531774428
9467,70.24255803974705,70.24255803974705,70.24255803974705,70.24255803974705,70.24255803974705
9468,70.8559765980674,70.8559765980674,70.8559765980674,70.8559765980674,70.8559765980674
9469,68.92872562833386,68.92872562833386,68.92872562833386,68.92872562833386,68.92872562833386
9470,60.90942896039902,60.90942896039902,60.90942896039902,60.90942896039902,60.90942896039902
9471,62.75736036671405,62.75736036671405,62.75736036671405,62.75736036671405,62.75736036671405
9472,60.60833679582801,60.60833679582801,60.60833679582801,60.60833679582801,60.60833679582801
9473,61.60156950474381,61.60156950474381,61.60156950474381,61.60156950474381,61.60156950474381
9474,70.09205441584524,70.09205441584524,70.09205441584524,70.09205441584524,70.09205441584524
9475,61.06113281028815,61.06113281028815,61.06113281028815,61.06113281028815,61.06113281028815
9476,60.126354754183524,60.126354754183524,60.126354754183524,60.126354754183524,60.126354754183524
9477,64.3669446075192,64.3669446075192,64.3669446075192,64.3669446075192,64.3669446075192
9478,60.65164729195967,60.65164729195967,60.65164729195967,60.65164729195967,60.65164729195967
9479,61.5209355516374,61.5209355516374,61.5209355516374,61.5209355516374,61.5209355516374
9480,60.59721920392197,60.59721920392197,60.59721920392197,60.59721920392197,60.59721920392197
9481,61.29179368697212,61.29179368697212,61.29179368697212,61.29179368697212,61.29179368697212
9482,60.62151779263341,60.62151779263341,60.62151779263341,60.62151779263341,60.62151779263341
9483,61.77848076358317,61.77848076358317,61.77848076358317,61.77848076358317,61.77848076358317
9484,68.96683065436363,68.96683065436363,68.96683065436363,68.96683065436363,68.96683065436363
9485,63.754771862110495,63.754771862110495,63.754771862110495,63.754771862110495,63.754771862110495
9486,69.71730173779599,69.71730173779599,69.71730173779599,69.71730173779599,69.71730173779599
9487,59.918630400753145,59.918630400753145,59.918630400753145,59.918630400753145,59.918630400753145
9488,66.7716186594974,66.7716186594974,66.7716186594974,66.7716186594974,66.7716186594974
9489,62.978949566635656,62.978949566635656,62.978949566635656,62.978949566635656,62.978949566635656
9490,71.35576700249287,71.35576700249287,71.35576700249287,71.35576700249287,71.35576700249287
9491,64.17510993202997,64.17510993202997,64.17510993202997,64.17510993202997,64.17510993202997
9492,68.64874905521005,68.64874905521005,68.64874905521005,68.64874905521005,68.64874905521005
9493,62.142902143147246,62.142902143147246,62.142902143147246,62.142902143147246,62.142902143147246
9494,59.56696679215834,59.56696679215834,59.56696679215834,59.56696679215834,59.56696679215834
9495,68.60292003142871,68.60292003142871,68.60292003142871,68.60292003142871,68.60292003142871
9496,70.67754440622274,70.67754440622274,70.67754440622274,70.67754440622274,70.67754440622274
9497,62.90768306619245,62.90768306619245,62.90768306619245,62.90768306619245,62.90768306619245
9498,65.66066457171509,65.66066457171509,65.66066457171509,65.66066457171509,65.66066457171509
9499,64.87142486915133,64.87142486915133,64.87142486915133,64.87142486915133,64.87142486915133
9500,69.58487596821813,69.58487596821813,69.58487596821813,69.58487596821813,69.58487596821813
9501,67.52609865047287,67.52609865047287,67.52609865047287,67.52609865047287,67.52609865047287
9502,59.708666213257345,59.708666213257345,59.708666213257345,59.708666213257345,59.708666213257345
9503,59.638137344907264,59.638137344907264,59.638137344907264,59.638137344907264,59.638137344907264
9504,61.08775007167785,61.08775007167785,61.08775007167785,61.08775007167785,61.08775007167785
9505,71.40804839934309,71.40804839934309,71.40804839934309,71.40804839934309,71.40804839934309
9506,71.1672779986182,71.1672779986182,71.1672779986182,71.1672779986182,71.1672779986182
9507,71.2378642529231,71.2378642529231,71.2378642529231,71.2378642529231,71.2378642529231
9508,61.1136035882234,61.1136035882234,61.1136035882234,61.1136035882234,61.1136035882234
9509,70.54495924401382,70.54495924401382,70.54495924401382,70.54495924401382,70.54495924401382
9510,68.91371576322192,68.91371576322192,68.91371576322192,68.91371576322192,68.91371576322192
9511,68.17173912789177,68.17173912789177,68.17173912789177,68.17173912789177,68.17173912789177
9512,64.25182294809257,64.25182294809257,64.25182294809257,64.25182294809257,64.25182294809257
9513,60.1382954812518,60.1382954812518,60.1382954812518,60.1382954812518,60.1382954812518
9514,62.64113492479799,62.64113492479799,62.64113492479799,62.64113492479799,62.64113492479799
9515,70.326433670317,70.326433670317,70.326433670317,70.326433670317,70.326433670317
9516,67.00690083060005,67.00690083060005,67.00690083060005,67.00690083060005,67.00690083060005
9517,61.225535634104936,61.225535634104936,61.225535634104936,61.225535634104936,61.225535634104936
9518,68.25497596129505,68.25497596129505,68.25497596129505,68.25497596129505,68.25497596129505
9519,66.07237852316959,66.07237852316959,66.07237852316959,66.07237852316959,66.07237852316959
9520,59.21037023092951,59.21037023092951,59.21037023092951,59.21037023092951,59.21037023092951
9521,71.28268938903922,71.28268938903922,71.28268938903922,71.28268938903922,71.28268938903922
9522,60.071524069106864,60.071524069106864,60.071524069106864,60.071524069106864,60.071524069106864
9523,66.24307098253708,66.24307098253708,66.24307098253708,66.24307098253708,66.24307098253708
9524,68.2087705838245,68.2087705838245,68.2087705838245,68.2087705838245,68.2087705838245
9525,62.266077279576464,62.266077279576464,62.266077279576464,62.266077279576464,62.266077279576464
9526,65.13970189363691,65.13970189363691,65.13970189363691,65.13970189363691,65.13970189363691
9527,65.7001349139259,65.7001349139259,65.7001349139259,65.7001349139259,65.7001349139259
9528,63.086242514607086,63.086242514607086,63.086242514607086,63.086242514607086,63.086242514607086
9529,62.40214728000579,62.40214728000579,62.40214728000579,62.40214728000579,62.40214728000579
9530,60.111127029638425,60.111127029638425,60.111127029638425,60.111127029638425,60.111127029638425
9531,70.00120382105177,70.00120382105177,70.00120382105177,70.00120382105177,70.00120382105177
9532,68.01140155542491,68.01140155542491,68.01140155542491,68.01140155542491,68.01140155542491
9533,69.48092572386679,69.48092572386679,69.48092572386679,69.48092572386679,69.48092572386679
9534,70.85258203935994,70.85258203935994,70.85258203935994,70.85258203935994,70.85258203935994
9535,69.53768767055739,69.53768767055739,69.53768767055739,69.53768767055739,69.53768767055739
9536,66.3344370058665,66.3344370058665,66.3344370058665,66.3344370058665,66.3344370058665
9537,62.30617210257066,62.30617210257066,62.30617210257066,62.30617210257066,62.30617210257066
9538,69.00447892922112,69.00447892922112,69.00447892922112,69.00447892922112,69.00447892922112
9539,66.36474051711028,66.36474051711028,66.36474051711028,66.36474051711028,66.36474051711028
9540,70.20288076618837,70.20288076618837,70.20288076618837,70.20288076618837,70.20288076618837
9541,61.46418025720417,61.46418025720417,61.46418025720417,61.46418025720417,61.46418025720417
9542,60.812961731009175,60.812961731009175,60.812961731009175,60.812961731009175,60.812961731009175
9543,64.65915498495089,64.65915498495089,64.65915498495089,64.65915498495089,64.65915498495089
9544,58.82499609548362,58.82499609548362,58.82499609548362,58.82499609548362,58.82499609548362
9545,68.67210360724859,68.67210360724859,68.67210360724859,68.67210360724859,68.67210360724859
9546,68.54275150305745,68.54275150305745,68.54275150305745,68.54275150305745,68.54275150305745
9547,59.92665992335719,59.92665992335719,59.92665992335719,59.92665992335719,59.92665992335719
9548,66.31160809571502,66.31160809571502,66.31160809571502,66.31160809571502,66.31160809571502
9549,60.37883790959935,60.37883790959935,60.37883790959935,60.37883790959935,60.37883790959935
9550,69.32192430374663,69.32192430374663,69.32192430374663,69.32192430374663,69.32192430374663
9551,61.94568670661511,61.94568670661511,61.94568670661511,61.94568670661511,61.94568670661511
9552,62.273044087831465,62.273044087831465,62.273044087831465,62.273044087831465,62.273044087831465
9553,70.5827551637283,70.5827551637283,70.5827551637283,70.5827551637283,70.5827551637283
9554,66.4009058774428,66.4009058774428,66.4009058774428,66.4009058774428,66.4009058774428
9555,61.07776269748967,61.07776269748967,61.07776269748967,61.07776269748967,61.07776269748967
9556,64.20926214257969,64.20926214257969,64.20926214257969,64.20926214257969,64.20926214257969
9557,70.94595322938873,70.94595322938873,70.94595322938873,70.94595322938873,70.94595322938873
9558,71.20622275669699,71.20622275669699,71.20622275669699,71.20622275669699,71.20622275669699
9559,63.72567274111422,63.72567274111422,63.72567274111422,63.72567274111422,63.72567274111422
9560,60.21126718025829,60.21126718025829,60.21126718025829,60.21126718025829,60.21126718025829
9561,58.833341098553554,58.833341098553554,58.833341098553554,58.833341098553554,58.833341098553554
9562,62.01268524792228,62.01268524792228,62.01268524792228,62.01268524792228,62.01268524792228
9563,69.79976832535728,69.79976832535728,69.79976832535728,69.79976832535728,69.79976832535728
9564,59.893680166210935,59.893680166210935,59.893680166210935,59.893680166210935,59.893680166210935
9565,65.97004105347659,65.97004105347659,65.97004105347659,65.97004105347659,65.97004105347659
9566,67.53693904307404,67.53693904307404,67.53693904307404,67.53693904307404,67.53693904307404
9567,61.84749565416385,61.84749565416385,61.84749565416385,61.84749565416385,61.84749565416385
9568,65.9458541595668,65.9458541595668,65.9458541595668,65.9458541595668,65.9458541595668
9569,69.47251693459411,69.47251693459411,69.47251693459411,69.47251693459411,69.47251693459411
9570,60.634677870351204,60.634677870351204,60.634677870351204,60.634677870351204,60.634677870351204
9571,68.03568078255726,68.03568078255726,68.03568078255726,68.03568078255726,68.03568078255726
9572,68.96931705197204,68.96931705197204,68.96931705197204,68.96931705197204,68.96931705197204
9573,70.14336986296225,70.14336986296225,70.14336986296225,70.14336986296225,70.14336986296225
9574,68.96169797357975,68.96169797357975,68.96169797357975,68.96169797357975,68.96169797357975
9575,66.63300323942885,66.63300323942885,66.63300323942885,66.63300323942885,66.63300323942885
9576,69.46510151394934,69.46510151394934,69.46510151394934,69.46510151394934,69.46510151394934
9577,69.52359712424425,69.52359712424425,69.52359712424425,69.52359712424425,69.52359712424425
9578,60.4397732631896,60.4397732631896,60.4397732631896,60.4397732631896,60.4397732631896
9579,65.6218550953521,65.6218550953521,65.6218550953521,65.6218550953521,65.6218550953521
9580,62.95789653399449,62.95789653399449,62.95789653399449,62.95789653399449,62.95789653399449
9581,71.27580158584796,71.27580158584796,71.27580158584796,71.27580158584796,71.27580158584796
9582,64.24221908710498,64.24221908710498,64.24221908710498,64.24221908710498,64.24221908710498
9583,68.98785922695264,68.98785922695264,68.98785922695264,68.98785922695264,68.98785922695264
9584,61.797426216358716,61.797426216358716,61.797426216358716,61.797426216358716,61.797426216358716
9585,61.293893061564475,61.293893061564475,61.293893061564475,61.293893061564475,61.293893061564475
9586,64.36661931981105,64.36661931981105,64.36661931981105,64.36661931981105,64.36661931981105
9587,62.47510014403759,62.47510014403759,62.47510014403759,62.47510014403759,62.47510014403759
9588,64.50000907709315,64.50000907709315,64.50000907709315,64.50000907709315,64.50000907709315
9589,69.5601374279741,69.5601374279741,69.5601374279741,69.5601374279741,69.5601374279741
9590,62.37409667053888,62.37409667053888,62.37409667053888,62.37409667053888,62.37409667053888
9591,65.68938294877204,65.68938294877204,65.68938294877204,65.68938294877204,65.68938294877204
9592,63.0326165404832,63.0326165404832,63.0326165404832,63.0326165404832,63.0326165404832
9593,65.71428811420407,65.71428811420407,65.71428811420407,65.71428811420407,65.71428811420407
9594,58.60645852163949,58.60645852163949,58.60645852163949,58.60645852163949,58.60645852163949
9595,61.91431246967091,61.91431246967091,61.91431246967091,61.91431246967091,61.91431246967091
9596,61.77272021119691,61.77272021119691,61.77272021119691,61.77272021119691,61.77272021119691
9597,62.26953873776662,62.26953873776662,62.26953873776662,62.26953873776662,62.26953873776662
9598,60.04140479854253,60.04140479854253,60.04140479854253,60.04140479854253,60.04140479854253
9599,66.48048043489437,66.48048043489437,66.48048043489437,66.48048043489437,66.48048043489437
9600,67.40874942941696,67.40874942941696,67.40874942941696,67.40874942941696,67.40874942941696
9601,61.58830250962064,61.58830250962064,61.58830250962064,61.58830250962064,61.58830250962064
9602,66.34160757017874,66.34160757017874,66.34160757017874,66.34160757017874,66.34160757017874
9603,61.11633559369337,61.11633559369337,61.11633559369337,61.11633559369337,61.11633559369337
9604,64.13916108506784,64.13916108506784,64.13916108506784,64.13916108506784,64.13916108506784
9605,64.61519005197168,64.61519005197168,64.61519005197168,64.61519005197168,64.61519005197168
9606,69.04785580830034,69.04785580830034,69.04785580830034,69.04785580830034,69.04785580830034
9607,60.79455022311392,60.79455022311392,60.79455022311392,60.79455022311392,60.79455022311392
9608,68.08149744789907,68.08149744789907,68.08149744789907,68.08149744789907,68.08149744789907
9609,67.76993047431185,67.76993047431185,67.76993047431185,67.76993047431185,67.76993047431185
9610,62.29511665404056,62.29511665404056,62.29511665404056,62.29511665404056,62.29511665404056
9611,67.87859761396548,67.87859761396548,67.87859761396548,67.87859761396548,67.87859761396548
9612,60.8028415465209,60.8028415465209,60.8028415465209,60.8028415465209,60.8028415465209
9613,58.913186360110515,58.913186360110515,58.913186360110515,58.913186360110515,58.913186360110515
9614,68.61922308210279,68.61922308210279,68.61922308210279,68.61922308210279,68.61922308210279
9615,64.3965166694278,64.3965166694278,64.3965166694278,64.3965166694278,64.3965166694278
9616,69.3765151246482,69.3765151246482,69.3765151246482,69.3765151246482,69.3765151246482
9617,61.81403400302541,61.81403400302541,61.81403400302541,61.81403400302541,61.81403400302541
9618,69.00134021269508,69.00134021269508,69.00134021269508,69.00134021269508,69.00134021269508
9619,66.39740685546495,66.39740685546495,66.39740685546495,66.39740685546495,66.39740685546495
9620,59.7851523009211,59.7851523009211,59.7851523009211,59.7851523009211,59.7851523009211
9621,60.85705543698295,60.85705543698295,60.85705543698295,60.85705543698295,60.85705543698295
9622,60.52548811328536,60.52548811328536,60.52548811328536,60.52548811328536,60.52548811328536
9623,69.70916668572876,69.70916668572876,69.70916668572876,69.70916668572876,69.70916668572876
9624,68.05105059591074,68.05105059591074,68.05105059591074,68.05105059591074,68.05105059591074
9625,58.945693486222346,58.945693486222346,58.945693486222346,58.945693486222346,58.945693486222346
9626,65.76597392498142,65.76597392498142,65.76597392498142,65.76597392498142,65.76597392498142
9627,60.4726837153814,60.4726837153814,60.4726837153814,60.4726837153814,60.4726837153814
9628,60.668836355879854,60.668836355879854,60.668836355879854,60.668836355879854,60.668836355879854
9629,67.06830957600035,67.06830957600035,67.06830957600035,67.06830957600035,67.06830957600035
9630,60.4555394733979,60.4555394733979,60.4555394733979,60.4555394733979,60.4555394733979
9631,59.0403693408924,59.0403693408924,59.0403693408924,59.0403693408924,59.0403693408924
9632,59.45889367595262,59.45889367595262,59.45889367595262,59.45889367595262,59.45889367595262
9633,61.67135896698303,61.67135896698303,61.67135896698303,61.67135896698303,61.67135896698303
9634,63.193014137972455,63.193014137972455,63.193014137972455,63.193014137972455,63.193014137972455
9635,70.63949395838763,70.63949395838763,70.63949395838763,70.63949395838763,70.63949395838763
9636,66.04187300648074,66.04187300648074,66.04187300648074,66.04187300648074,66.04187300648074
9637,59.00977527853348,59.00977527853348,59.00977527853348,59.00977527853348,59.00977527853348
9638,59.652081967352615,59.652081967352615,59.652081967352615,59.652081967352615,59.652081967352615
9639,68.89459079199314,68.89459079199314,68.89459079199314,68.89459079199314,68.89459079199314
9640,66.17002029113728,66.17002029113728,66.17002029113728,66.17002029113728,66.17002029113728
9641,66.33379684215409,66.33379684215409,66.33379684215409,66.33379684215409,66.33379684215409
9642,70.56419583989488,70.56419583989488,70.56419583989488,70.56419583989488,70.56419583989488
9643,67.16556852913769,67.16556852913769,67.16556852913769,67.16556852913769,67.16556852913769
9644,65.14225089789734,65.14225089789734,65.14225089789734,65.14225089789734,65.14225089789734
9645,69.58185346816768,69.58185346816768,69.58185346816768,69.58185346816768,69.58185346816768
9646,67.78114341260223,67.78114341260223,67.78114341260223,67.78114341260223,67.78114341260223
9647,70.47059317837308,70.47059317837308,70.47059317837308,70.47059317837308,70.47059317837308
9648,63.14337924914702,63.14337924914702,63.14337924914702,63.14337924914702,63.14337924914702
9649,65.25057081911189,65.25057081911189,65.25057081911189,65.25057081911189,65.25057081911189
9650,62.198357887853774,62.198357887853774,62.198357887853774,62.198357887853774,62.198357887853774
9651,65.10294197085703,65.10294197085703,65.10294197085703,65.10294197085703,65.10294197085703
9652,58.63428147176739,58.63428147176739,58.63428147176739,58.63428147176739,58.63428147176739
9653,65.66943134092115,65.66943134092115,65.66943134092115,65.66943134092115,65.66943134092115
9654,58.72487059259341,58.72487059259341,58.72487059259341,58.72487059259341,58.72487059259341
9655,63.54737048191794,63.54737048191794,63.54737048191794,63.54737048191794,63.54737048191794
9656,65.33290405241621,65.33290405241621,65.33290405241621,65.33290405241621,65.33290405241621
9657,60.969565211087186,60.969565211087186,60.969565211087186,60.969565211087186,60.969565211087186
9658,64.38679150698772,64.38679150698772,64.38679150698772,64.38679150698772,64.38679150698772
9659,67.7238813065824,67.7238813065824,67.7238813065824,67.7238813065824,67.7238813065824
9660,70.98589448917613,70.98589448917613,70.98589448917613,70.98589448917613,70.98589448917613
9661,59.61678666309445,59.61678666309445,59.61678666309445,59.61678666309445,59.61678666309445
9662,60.29545497895822,60.29545497895822,60.29545497895822,60.29545497895822,60.29545497895822
9663,67.62618178396549,67.62618178396549,67.62618178396549,67.62618178396549,67.62618178396549
9664,61.020122148061176,61.020122148061176,61.020122148061176,61.020122148061176,61.020122148061176
9665,59.6216406701149,59.6216406701149,59.6216406701149,59.6216406701149,59.6216406701149
9666,69.01819956937356,69.01819956937356,69.01819956937356,69.01819956937356,69.01819956937356
9667,65.1731740291979,65.1731740291979,65.1731740291979,65.1731740291979,65.1731740291979
9668,69.09977136307556,69.09977136307556,69.09977136307556,69.09977136307556,69.09977136307556
9669,65.19586531740337,65.19586531740337,65.19586531740337,65.19586531740337,65.19586531740337
9670,70.51744908814186,70.51744908814186,70.51744908814186,70.51744908814186,70.51744908814186
9671,69.70780428443558,69.70780428443558,69.70780428443558,69.70780428443558,69.70780428443558
9672,70.19633367550567,70.19633367550567,70.19633367550567,70.19633367550567,70.19633367550567
9673,69.35361612453256,69.35361612453256,69.35361612453256,69.35361612453256,69.35361612453256
9674,65.70168444322971,65.70168444322971,65.70168444322971,65.70168444322971,65.70168444322971
9675,64.78270139377426,64.78270139377426,64.78270139377426,64.78270139377426,64.78270139377426
9676,65.35481271103777,65.35481271103777,65.35481271103777,65.35481271103777,65.35481271103777
9677,62.163127022683575,62.163127022683575,62.163127022683575,62.163127022683575,62.163127022683575
9678,68.14951521665108,68.14951521665108,68.14951521665108,68.14951521665108,68.14951521665108
9679,66.62410388615676,66.62410388615676,66.62410388615676,66.62410388615676,66.62410388615676
9680,60.7177514022111,60.7177514022111,60.7177514022111,60.7177514022111,60.7177514022111
9681,65.2891647731299,65.2891647731299,65.2891647731299,65.2891647731299,65.2891647731299
9682,58.85611669695324,58.85611669695324,58.85611669695324,58.85611669695324,58.85611669695324
9683,62.346645149229616,62.346645149229616,62.346645149229616,62.346645149229616,62.346645149229616
9684,64.40767364493948,64.40767364493948,64.40767364493948,64.40767364493948,64.40767364493948
9685,61.22644496733722,61.22644496733722,61.22644496733722,61.22644496733722,61.22644496733722
9686,63.95127823753947,63.95127823753947,63.95127823753947,63.95127823753947,63.95127823753947
9687,59.12721039915273,59.12721039915273,59.12721039915273,59.12721039915273,59.12721039915273
9688,65.45089864786473,65.45089864786473,65.45089864786473,65.45089864786473,65.45089864786473
9689,64.4158244439089,64.4158244439089,64.4158244439089,64.4158244439089,64.4158244439089
9690,66.58358953593374,66.58358953593374,66.58358953593374,66.58358953593374,66.58358953593374
9691,69.45691511243929,69.45691511243929,69.45691511243929,69.45691511243929,69.45691511243929
9692,61.66731343256043,61.66731343256043,61.66731343256043,61.66731343256043,61.66731343256043
9693,59.32828884810924,59.32828884810924,59.32828884810924,59.32828884810924,59.32828884810924
9694,66.93689366175381,66.93689366175381,66.93689366175381,66.93689366175381,66.93689366175381
9695,64.04570794060666,64.04570794060666,64.04570794060666,64.04570794060666,64.04570794060666
9696,70.83553676742059,70.83553676742059,70.83553676742059,70.83553676742059,70.83553676742059
9697,59.9120899302941,59.9120899302941,59.9120899302941,59.9120899302941,59.9120899302941
9698,69.71322174404311,69.71322174404311,69.71322174404311,69.71322174404311,69.71322174404311
9699,60.545771202236246,60.545771202236246,60.545771202236246,60.545771202236246,60.545771202236246
9700,62.3655422130748,62.3655422130748,62.3655422130748,62.3655422130748,62.3655422130748
9701,61.315924742825224,61.315924742825224,61.315924742825224,61.315924742825224,61.315924742825224
9702,61.41875346105005,61.41875346105005,61.41875346105005,61.41875346105005,61.41875346105005
9703,69.27465195114915,69.27465195114915,69.27465195114915,69.27465195114915,69.27465195114915
9704,62.14126081448698,62.14126081448698,62.14126081448698,62.14126081448698,62.14126081448698
9705,60.703278008704984,60.703278008704984,60.703278008704984,60.703278008704984,60.703278008704984
9706,66.36005696072554,66.36005696072554,66.36005696072554,66.36005696072554,66.36005696072554
9707,59.430074566813964,59.430074566813964,59.430074566813964,59.430074566813964,59.430074566813964
9708,59.74223695946367,59.74223695946367,59.74223695946367,59.74223695946367,59.74223695946367
9709,70.1841947455265,70.1841947455265,70.1841947455265,70.1841947455265,70.1841947455265
9710,67.12162347315517,67.12162347315517,67.12162347315517,67.12162347315517,67.12162347315517
9711,70.81168529541542,70.81168529541542,70.81168529541542,70.81168529541542,70.81168529541542
9712,60.90763502616967,60.90763502616967,60.90763502616967,60.90763502616967,60.90763502616967
9713,63.42357717605839,63.42357717605839,63.42357717605839,63.42357717605839,63.42357717605839
9714,61.973493494558866,61.973493494558866,61.973493494558866,61.973493494558866,61.973493494558866
9715,58.63653329128453,58.63653329128453,58.63653329128453,58.63653329128453,58.63653329128453
9716,66.70314514901641,66.70314514901641,66.70314514901641,66.70314514901641,66.70314514901641
9717,70.23748106451625,70.23748106451625,70.23748106451625,70.23748106451625,70.23748106451625
9718,65.92436753071581,65.92436753071581,65.92436753071581,65.92436753071581,65.92436753071581
9719,63.599042940076956,63.599042940076956,63.599042940076956,63.599042940076956,63.599042940076956
9720,69.5027287246844,69.5027287246844,69.5027287246844,69.5027287246844,69.5027287246844
9721,61.04589993147492,61.04589993147492,61.04589993147492,61.04589993147492,61.04589993147492
9722,59.18589921875573,59.18589921875573,59.18589921875573,59.18589921875573,59.18589921875573
9723,71.11607704570831,71.11607704570831,71.11607704570831,71.11607704570831,71.11607704570831
9724,62.93488885404016,62.93488885404016,62.93488885404016,62.93488885404016,62.93488885404016
9725,59.16271756517535,59.16271756517535,59.16271756517535,59.16271756517535,59.16271756517535
9726,67.44568196093623,67.44568196093623,67.44568196093623,67.44568196093623,67.44568196093623
9727,67.9737731766584,67.9737731766584,67.9737731766584,67.9737731766584,67.9737731766584
9728,59.47250797952531,59.47250797952531,59.47250797952531,59.47250797952531,59.47250797952531
9729,69.24652387079944,69.24652387079944,69.24652387079944,69.24652387079944,69.24652387079944
9730,71.27374826518529,71.27374826518529,71.27374826518529,71.27374826518529,71.27374826518529
9731,60.25002861113062,60.25002861113062,60.25002861113062,60.25002861113062,60.25002861113062
9732,63.65809230114263,63.65809230114263,63.65809230114263,63.65809230114263,63.65809230114263
9733,59.34591389301736,59.34591389301736,59.34591389301736,59.34591389301736,59.34591389301736
9734,63.580836721600505,63.580836721600505,63.580836721600505,63.580836721600505,63.580836721600505
9735,58.57341373172811,58.57341373172811,58.57341373172811,58.57341373172811,58.57341373172811
9736,62.38849740566187,62.38849740566187,62.38849740566187,62.38849740566187,62.38849740566187
9737,66.54847573497561,66.54847573497561,66.54847573497561,66.54847573497561,66.54847573497561
9738,59.634271984877586,59.634271984877586,59.634271984877586,59.634271984877586,59.634271984877586
9739,70.00821969684509,70.00821969684509,70.00821969684509,70.00821969684509,70.00821969684509
9740,64.52446890967124,64.52446890967124,64.52446890967124,64.52446890967124,64.52446890967124
9741,66.77653266267288,66.77653266267288,66.77653266267288,66.77653266267288,66.77653266267288
9742,69.79978956500284,69.79978956500284,69.79978956500284,69.79978956500284,69.79978956500284
9743,68.3784108438729,68.3784108438729,68.3784108438729,68.3784108438729,68.3784108438729
9744,68.04723688538103,68.04723688538103,68.04723688538103,68.04723688538103,68.04723688538103
9745,67.3944789057879,67.3944789057879,67.3944789057879,67.3944789057879,67.3944789057879
9746,62.07129526646078,62.07129526646078,62.07129526646078,62.07129526646078,62.07129526646078
9747,70.47764993077939,70.47764993077939,70.47764993077939,70.47764993077939,70.47764993077939
9748,65.87104625813105,65.87104625813105,65.87104625813105,65.87104625813105,65.87104625813105
9749,65.17496009177901,65.17496009177901,65.17496009177901,65.17496009177901,65.17496009177901
9750,65.43712273563743,65.43712273563743,65.43712273563743,65.43712273563743,65.43712273563743
9751,63.62611690549626,63.62611690549626,63.62611690549626,63.62611690549626,63.62611690549626
9752,70.45969590222575,70.45969590222575,70.45969590222575,70.45969590222575,70.45969590222575
9753,59.580024188519516,59.580024188519516,59.580024188519516,59.580024188519516,59.580024188519516
9754,70.1373253015394,70.1373253015394,70.1373253015394,70.1373253015394,70.1373253015394
9755,58.66311257702517,58.66311257702517,58.66311257702517,58.66311257702517,58.66311257702517
9756,65.62532240345892,65.62532240345892,65.62532240345892,65.62532240345892,65.62532240345892
9757,67.19086539460459,67.19086539460459,67.19086539460459,67.19086539460459,67.19086539460459
9758,69.84107297094097,69.84107297094097,69.84107297094097,69.84107297094097,69.84107297094097
9759,62.32599148272838,62.32599148272838,62.32599148272838,62.32599148272838,62.32599148272838
9760,67.34833955051454,67.34833955051454,67.34833955051454,67.34833955051454,67.34833955051454
9761,64.75089779388638,64.75089779388638,64.75089779388638,64.75089779388638,64.75089779388638
9762,59.475716638299716,59.475716638299716,59.475716638299716,59.475716638299716,59.475716638299716
9763,67.24034424350317,67.24034424350317,67.24034424350317,67.24034424350317,67.24034424350317
9764,69.78895666533603,69.78895666533603,69.78895666533603,69.78895666533603,69.78895666533603
9765,58.89376788702273,58.89376788702273,58.89376788702273,58.89376788702273,58.89376788702273
9766,65.87135060860608,65.87135060860608,65.87135060860608,65.87135060860608,65.87135060860608
9767,63.72376766958406,63.72376766958406,63.72376766958406,63.72376766958406,63.72376766958406
9768,59.292895004558446,59.292895004558446,59.292895004558446,59.292895004558446,59.292895004558446
9769,61.177946745440536,61.177946745440536,61.177946745440536,61.177946745440536,61.177946745440536
9770,63.103596717167335,63.103596717167335,63.103596717167335,63.103596717167335,63.103596717167335
9771,58.76732906417244,58.76732906417244,58.76732906417244,58.76732906417244,58.76732906417244
9772,68.47988365912822,68.47988365912822,68.47988365912822,68.47988365912822,68.47988365912822
9773,71.46317357738958,71.46317357738958,71.46317357738958,71.46317357738958,71.46317357738958
9774,65.59397309064133,65.59397309064133,65.59397309064133,65.59397309064133,65.59397309064133
9775,62.25058299519755,62.25058299519755,62.25058299519755,62.25058299519755,62.25058299519755
9776,70.96992578327598,70.96992578327598,70.96992578327598,70.96992578327598,70.96992578327598
9777,61.395785308915926,61.395785308915926,61.395785308915926,61.395785308915926,61.395785308915926
9778,63.69644547370742,63.69644547370742,63.69644547370742,63.69644547370742,63.69644547370742
9779,69.16437965287902,69.16437965287902,69.16437965287902,69.16437965287902,69.16437965287902
9780,70.59418990055909,70.59418990055909,70.59418990055909,70.59418990055909,70.59418990055909
9781,59.42749234796093,59.42749234796093,59.42749234796093,59.42749234796093,59.42749234796093
9782,60.454810354142204,60.454810354142204,60.454810354142204,60.454810354142204,60.454810354142204
9783,69.93149820384274,69.93149820384274,69.93149820384274,69.93149820384274,69.93149820384274
9784,62.369546920648695,62.369546920648695,62.369546920648695,62.369546920648695,62.369546920648695
9785,67.61442963139706,67.61442963139706,67.61442963139706,67.61442963139706,67.61442963139706
9786,68.89713147763572,68.89713147763572,68.89713147763572,68.89713147763572,68.89713147763572
9787,65.82889760641969,65.82889760641969,65.82889760641969,65.82889760641969,65.82889760641969
9788,67.34499348417998,67.34499348417998,67.34499348417998,67.34499348417998,67.34499348417998
9789,59.30101609867907,59.30101609867907,59.30101609867907,59.30101609867907,59.30101609867907
9790,69.98691880610092,69.98691880610092,69.98691880610092,69.98691880610092,69.98691880610092
9791,59.49600109601522,59.49600109601522,59.49600109601522,59.49600109601522,59.49600109601522
9792,62.10349705072889,62.10349705072889,62.10349705072889,62.10349705072889,62.10349705072889
9793,65.20899801086516,65.20899801086516,65.20899801086516,65.20899801086516,65.20899801086516
9794,70.76020191384258,70.76020191384258,70.76020191384258,70.76020191384258,70.76020191384258
9795,67.2008285074489,67.2008285074489,67.2008285074489,67.2008285074489,67.2008285074489
9796,60.71542330504174,60.71542330504174,60.71542330504174,60.71542330504174,60.71542330504174
9797,63.7986615194249,63.7986615194249,63.7986615194249,63.7986615194249,63.7986615194249
9798,63.61982736471835,63.61982736471835,63.61982736471835,63.61982736471835,63.61982736471835
9799,62.010725935711,62.010725935711,62.010725935711,62.010725935711,62.010725935711
9800,66.7110382945444,66.7110382945444,66.7110382945444,66.7110382945444,66.7110382945444
9801,66.12085637343519,66.12085637343519,66.12085637343519,66.12085637343519,66.12085637343519
9802,69.60434565100282,69.60434565100282,69.60434565100282,69.60434565100282,69.60434565100282
9803,67.87457739714493,67.87457739714493,67.87457739714493,67.87457739714493,67.87457739714493
9804,59.78593915912393,59.78593915912393,59.78593915912393,59.78593915912393,59.78593915912393
9805,66.41518728801071,66.41518728801071,66.41518728801071,66.41518728801071,66.41518728801071
9806,62.99047069508222,62.99047069508222,62.99047069508222,62.99047069508222,62.99047069508222
9807,68.33394859900369,68.33394859900369,68.33394859900369,68.33394859900369,68.33394859900369
9808,59.54259217840773,59.54259217840773,59.54259217840773,59.54259217840773,59.54259217840773
9809,61.82374576143497,61.82374576143497,61.82374576143497,61.82374576143497,61.82374576143497
9810,65.39737725622284,65.39737725622284,65.39737725622284,65.39737725622284,65.39737725622284
9811,60.34534927913587,60.34534927913587,60.34534927913587,60.34534927913587,60.34534927913587
9812,67.94959683855309,67.94959683855309,67.94959683855309,67.94959683855309,67.94959683855309
9813,71.14117033656166,71.14117033656166,71.14117033656166,71.14117033656166,71.14117033656166
9814,60.00593542192426,60.00593542192426,60.00593542192426,60.00593542192426,60.00593542192426
9815,71.4852572384754,71.4852572384754,71.4852572384754,71.4852572384754,71.4852572384754
9816,59.97584227884109,59.97584227884109,59.97584227884109,59.97584227884109,59.97584227884109
9817,59.408864340310025,59.408864340310025,59.408864340310025,59.408864340310025,59.408864340310025
9818,66.54331451859146,66.54331451859146,66.54331451859146,66.54331451859146,66.54331451859146
9819,63.16911367331948,63.16911367331948,63.16911367331948,63.16911367331948,63.16911367331948
9820,68.65374824331063,68.65374824331063,68.65374824331063,68.65374824331063,68.65374824331063
9821,60.18382802429505,60.18382802429505,60.18382802429505,60.18382802429505,60.18382802429505
9822,65.36662128990943,65.36662128990943,65.36662128990943,65.36662128990943,65.36662128990943
9823,63.817675095160986,63.817675095160986,63.817675095160986,63.817675095160986,63.817675095160986
9824,63.83703068369788,63.83703068369788,63.83703068369788,63.83703068369788,63.83703068369788
9825,65.02907822409117,65.02907822409117,65.02907822409117,65.02907822409117,65.02907822409117
9826,63.23089399362903,63.23089399362903,63.23089399362903,63.23089399362903,63.23089399362903
9827,66.72732890137092,66.72732890137092,66.72732890137092,66.72732890137092,66.72732890137092
9828,64.229459280417,64.229459280417,64.229459280417,64.229459280417,64.229459280417
9829,70.5043152474299,70.5043152474299,70.5043152474299,70.5043152474299,70.5043152474299
9830,70.68964336545794,70.68964336545794,70.68964336545794,70.68964336545794,70.68964336545794
9831,65.82787744092136,65.82787744092136,65.82787744092136,65.82787744092136,65.82787744092136
9832,65.22728905090462,65.22728905090462,65.22728905090462,65.22728905090462,65.22728905090462
9833,68.88564241452598,68.88564241452598,68.88564241452598,68.88564241452598,68.88564241452598
9834,64.58436053359253,64.58436053359253,64.58436053359253,64.58436053359253,64.58436053359253
9835,65.81987879749039,65.81987879749039,65.81987879749039,65.81987879749039,65.81987879749039
9836,58.7060132607781,58.7060132607781,58.7060132607781,58.7060132607781,58.7060132607781
9837,59.52237653060029,59.52237653060029,59.52237653060029,59.52237653060029,59.52237653060029
9838,65.46336457502782,65.46336457502782,65.46336457502782,65.46336457502782,65.46336457502782
9839,60.70091415795979,60.70091415795979,60.70091415795979,60.70091415795979,60.70091415795979
9840,61.751779321366996,61.751779321366996,61.751779321366996,61.751779321366996,61.751779321366996
9841,63.26854245604526,63.26854245604526,63.26854245604526,63.26854245604526,63.26854245604526
9842,68.34937784039384,68.34937784039384,68.34937784039384,68.34937784039384,68.34937784039384
9843,68.80993335285598,68.80993335285598,68.80993335285598,68.80993335285598,68.80993335285598
9844,62.91764571416189,62.91764571416189,62.91764571416189,62.91764571416189,62.91764571416189
9845,62.38041756722204,62.38041756722204,62.38041756722204,62.38041756722204,62.38041756722204
9846,70.51181617179579,70.51181617179579,70.51181617179579,70.51181617179579,70.51181617179579
9847,59.76028667072984,59.76028667072984,59.76028667072984,59.76028667072984,59.76028667072984
9848,65.33180467442551,65.33180467442551,65.33180467442551,65.33180467442551,65.33180467442551
9849,58.53529881894837,58.53529881894837,58.53529881894837,58.53529881894837,58.53529881894837
9850,61.64984373996081,61.64984373996081,61.64984373996081,61.64984373996081,61.64984373996081
9851,68.85836917927585,68.85836917927585,68.85836917927585,68.85836917927585,68.85836917927585
9852,61.83818925816776,61.83818925816776,61.83818925816776,61.83818925816776,61.83818925816776
9853,68.33374501520984,68.33374501520984,68.33374501520984,68.33374501520984,68.33374501520984
9854,62.76593360163516,62.76593360163516,62.76593360163516,62.76593360163516,62.76593360163516
9855,68.72442136445036,68.72442136445036,68.72442136445036,68.72442136445036,68.72442136445036
9856,65.8670669370712,65.8670669370712,65.8670669370712,65.8670669370712,65.8670669370712
9857,68.10131123174193,68.10131123174193,68.10131123174193,68.10131123174193,68.10131123174193
9858,60.50215375219626,60.50215375219626,60.50215375219626,60.50215375219626,60.50215375219626
9859,68.19879562241752,68.19879562241752,68.19879562241752,68.19879562241752,68.19879562241752
9860,65.49827889496437,65.49827889496437,65.49827889496437,65.49827889496437,65.49827889496437
9861,65.24724132380244,65.24724132380244,65.24724132380244,65.24724132380244,65.24724132380244
9862,69.26771214060396,69.26771214060396,69.26771214060396,69.26771214060396,69.26771214060396
9863,68.20934071319206,68.20934071319206,68.20934071319206,68.20934071319206,68.20934071319206
9864,69.58230904760524,69.58230904760524,69.58230904760524,69.58230904760524,69.58230904760524
9865,62.240776030131016,62.240776030131016,62.240776030131016,62.240776030131016,62.240776030131016
9866,63.73844073353089,63.73844073353089,63.73844073353089,63.73844073353089,63.73844073353089
9867,65.19655157081421,65.19655157081421,65.19655157081421,65.19655157081421,65.19655157081421
9868,63.15407927072403,63.15407927072403,63.15407927072403,63.15407927072403,63.15407927072403
9869,68.54880702302164,68.54880702302164,68.54880702302164,68.54880702302164,68.54880702302164
9870,61.440827418541595,61.440827418541595,61.440827418541595,61.440827418541595,61.440827418541595
9871,60.29293531209953,60.29293531209953,60.29293531209953,60.29293531209953,60.29293531209953
9872,59.45187503561868,59.45187503561868,59.45187503561868,59.45187503561868,59.45187503561868
9873,60.67615400662242,60.67615400662242,60.67615400662242,60.67615400662242,60.67615400662242
9874,64.39237275589342,64.39237275589342,64.39237275589342,64.39237275589342,64.39237275589342
9875,59.419363792056984,59.419363792056984,59.419363792056984,59.419363792056984,59.419363792056984
9876,62.566809109809164,62.566809109809164,62.566809109809164,62.566809109809164,62.566809109809164
9877,65.20838940804562,65.20838940804562,65.20838940804562,65.20838940804562,65.20838940804562
9878,61.00184242995415,61.00184242995415,61.00184242995415,61.00184242995415,61.00184242995415
9879,67.00474169882291,67.00474169882291,67.00474169882291,67.00474169882291,67.00474169882291
9880,62.78404704396613,62.78404704396613,62.78404704396613,62.78404704396613,62.78404704396613
9881,69.1696470047887,69.1696470047887,69.1696470047887,69.1696470047887,69.1696470047887
9882,66.96408668580013,66.96408668580013,66.96408668580013,66.96408668580013,66.96408668580013
9883,69.16646327257325,69.16646327257325,69.16646327257325,69.16646327257325,69.16646327257325
9884,59.213218222817964,59.213218222817964,59.213218222817964,59.213218222817964,59.213218222817964
9885,71.09212896634001,71.09212896634001,71.09212896634001,71.09212896634001,71.09212896634001
9886,62.90287794834619,62.90287794834619,62.90287794834619,62.90287794834619,62.90287794834619
9887,61.98627157334453,61.98627157334453,61.98627157334453,61.98627157334453,61.98627157334453
9888,60.52020515014767,60.52020515014767,60.52020515014767,60.52020515014767,60.52020515014767
9889,61.15274698206031,61.15274698206031,61.15274698206031,61.15274698206031,61.15274698206031
9890,65.53772895005523,65.53772895005523,65.53772895005523,65.53772895005523,65.53772895005523
9891,59.10131616172006,59.10131616172006,59.10131616172006,59.10131616172006,59.10131616172006
9892,62.05927593356243,62.05927593356243,62.05927593356243,62.05927593356243,62.05927593356243
9893,63.21547096133829,63.21547096133829,63.21547096133829,63.21547096133829,63.21547096133829
9894,60.061346823780966,60.061346823780966,60.061346823780966,60.061346823780966,60.061346823780966
9895,69.2173599582389,69.2173599582389,69.2173599582389,69.2173599582389,69.2173599582389
9896,62.37639093812526,62.37639093812526,62.37639093812526,62.37639093812526,62.37639093812526
9897,66.46242478826218,66.46242478826218,66.46242478826218,66.46242478826218,66.46242478826218
9898,68.66028714770508,68.66028714770508,68.66028714770508,68.66028714770508,68.66028714770508
9899,67.77293368964891,67.77293368964891,67.77293368964891,67.77293368964891,67.77293368964891
9900,65.93456341472141,65.93456341472141,65.93456341472141,65.93456341472141,65.93456341472141
9901,69.99365309392525,69.99365309392525,69.99365309392525,69.99365309392525,69.99365309392525
9902,61.03528902972916,61.03528902972916,61.03528902972916,61.03528902972916,61.03528902972916
9903,66.44031900522226,66.44031900522226,66.44031900522226,66.44031900522226,66.44031900522226
9904,59.81381031931817,59.81381031931817,59.81381031931817,59.81381031931817,59.81381031931817
9905,61.766977621347294,61.766977621347294,61.766977621347294,61.766977621347294,61.766977621347294
9906,62.70621491988751,62.70621491988751,62.70621491988751,62.70621491988751,62.70621491988751
9907,61.10648185090857,61.10648185090857,61.10648185090857,61.10648185090857,61.10648185090857
9908,71.10979717584918,71.10979717584918,71.10979717584918,71.10979717584918,71.10979717584918
9909,62.88668786042025,62.88668786042025,62.88668786042025,62.88668786042025,62.88668786042025
9910,66.91716596462597,66.91716596462597,66.91716596462597,66.91716596462597,66.91716596462597
9911,59.12943220835818,59.12943220835818,59.12943220835818,59.12943220835818,59.12943220835818
9912,67.65796344638666,67.65796344638666,67.65796344638666,67.65796344638666,67.65796344638666
9913,65.35229205791758,65.35229205791758,65.35229205791758,65.35229205791758,65.35229205791758
9914,66.00196442035144,66.00196442035144,66.00196442035144,66.00196442035144,66.00196442035144
9915,60.37758239521154,60.37758239521154,60.37758239521154,60.37758239521154,60.37758239521154
9916,64.65033190736071,64.65033190736071,64.65033190736071,64.65033190736071,64.65033190736071
9917,67.88467507343832,67.88467507343832,67.88467507343832,67.88467507343832,67.88467507343832
9918,64.45265669781676,64.45265669781676,64.45265669781676,64.45265669781676,64.45265669781676
9919,68.58868620580606,68.58868620580606,68.58868620580606,68.58868620580606,68.58868620580606
9920,62.09139400102802,62.09139400102802,62.09139400102802,62.09139400102802,62.09139400102802
9921,65.09088236605703,65.09088236605703,65.09088236605703,65.09088236605703,65.09088236605703
9922,70.27336053107778,70.27336053107778,70.27336053107778,70.27336053107778,70.27336053107778
9923,61.98102592432188,61.98102592432188,61.98102592432188,61.98102592432188,61.98102592432188
9924,63.22989805635638,63.22989805635638,63.22989805635638,63.22989805635638,63.22989805635638
9925,62.207698221729856,62.207698221729856,62.207698221729856,62.207698221729856,62.207698221729856
9926,59.33797579952555,59.33797579952555,59.33797579952555,59.33797579952555,59.33797579952555
9927,59.19945956893372,59.19945956893372,59.19945956893372,59.19945956893372,59.19945956893372
9928,63.67775603746943,63.67775603746943,63.67775603746943,63.67775603746943,63.67775603746943
9929,69.12909418225613,69.12909418225613,69.12909418225613,69.12909418225613,69.12909418225613
9930,63.661299297614,63.661299297614,63.661299297614,63.661299297614,63.661299297614
9931,61.50407748851917,61.50407748851917,61.50407748851917,61.50407748851917,61.50407748851917
9932,59.41364285620219,59.41364285620219,59.41364285620219,59.41364285620219,59.41364285620219
9933,60.24528357022916,60.24528357022916,60.24528357022916,60.24528357022916,60.24528357022916
9934,71.39617916707012,71.39617916707012,71.39617916707012,71.39617916707012,71.39617916707012
9935,64.7786578057584,64.7786578057584,64.7786578057584,64.7786578057584,64.7786578057584
9936,71.37463187814144,71.37463187814144,71.37463187814144,71.37463187814144,71.37463187814144
9937,60.02027696086142,60.02027696086142,60.02027696086142,60.02027696086142,60.02027696086142
9938,66.06091735463806,66.06091735463806,66.06091735463806,66.06091735463806,66.06091735463806
9939,67.9010955614505,67.9010955614505,67.9010955614505,67.9010955614505,67.9010955614505
9940,65.61089202980075,65.61089202980075,65.61089202980075,65.61089202980075,65.61089202980075
9941,60.85086665887096,60.85086665887096,60.85086665887096,60.85086665887096,60.85086665887096
9942,67.45662543707077,67.45662543707077,67.45662543707077,67.45662543707077,67.45662543707077
9943,64.88480290990783,64.88480290990783,64.88480290990783,64.88480290990783,64.88480290990783
9944,68.03784854419722,68.03784854419722,68.03784854419722,68.03784854419722,68.03784854419722
9945,65.38225855089598,65.38225855089598,65.38225855089598,65.38225855089598,65.38225855089598
9946,68.71657045234943,68.71657045234943,68.71657045234943,68.71657045234943,68.71657045234943
9947,59.9409964076763,59.9409964076763,59.9409964076763,59.9409964076763,59.9409964076763
9948,66.95723614631721,66.95723614631721,66.95723614631721,66.95723614631721,66.95723614631721
9949,68.6427724273341,68.6427724273341,68.6427724273341,68.6427724273341,68.6427724273341
9950,67.74452992296139,67.74452992296139,67.74452992296139,67.74452992296139,67.74452992296139
9951,61.21047027025806,61.21047027025806,61.21047027025806,61.21047027025806,61.21047027025806
9952,68.97632119829075,68.97632119829075,68.97632119829075,68.97632119829075,68.97632119829075
9953,62.16662606981984,62.16662606981984,62.16662606981984,62.16662606981984,62.16662606981984
9954,68.36010492662749,68.36010492662749,68.36010492662749,68.36010492662749,68.36010492662749
9955,66.19733960019724,66.19733960019724,66.19733960019724,66.19733960019724,66.19733960019724
9956,62.04750691165973,62.04750691165973,62.04750691165973,62.04750691165973,62.04750691165973
9957,58.67060352587014,58.67060352587014,58.67060352587014,58.67060352587014,58.67060352587014
9958,62.026273653411394,62.026273653411394,62.026273653411394,62.026273653411394,62.026273653411394
9959,66.56280940121985,66.56280940121985,66.56280940121985,66.56280940121985,66.56280940121985
9960,63.04218065192243,63.04218065192243,63.04218065192243,63.04218065192243,63.04218065192243
9961,58.530518640367,58.530518640367,58.530518640367,58.530518640367,58.530518640367
9962,61.96953251030047,61.96953251030047,61.96953251030047,61.96953251030047,61.96953251030047
9963,63.71097107698701,63.71097107698701,63.71097107698701,63.71097107698701,63.71097107698701
9964,59.92601325172823,59.92601325172823,59.92601325172823,59.92601325172823,59.92601325172823
9965,70.9648312974625,70.9648312974625,70.9648312974625,70.9648312974625,70.9648312974625
9966,63.3927044332197,63.3927044332197,63.3927044332197,63.3927044332197,63.3927044332197
9967,59.92911619960717,59.92911619960717,59.92911619960717,59.92911619960717,59.92911619960717
9968,60.238253073371936,60.238253073371936,60.238253073371936,60.238253073371936,60.238253073371936
9969,59.24493608498424,59.24493608498424,59.24493608498424,59.24493608498424,59.24493608498424
9970,69.47737485244059,69.47737485244059,69.47737485244059,69.47737485244059,69.47737485244059
9971,65.38046157086046,65.38046157086046,65.38046157086046,65.38046157086046,65.38046157086046
9972,62.85041836458024,62.85041836458024,62.85041836458024,62.85041836458024,62.85041836458024
9973,59.520256207487904,59.520256207487904,59.520256207487904,59.520256207487904,59.520256207487904
9974,64.67351390858468,64.67351390858468,64.67351390858468,64.67351390858468,64.67351390858468
9975,67.67034409319119,67.67034409319119,67.67034409319119,67.67034409319119,67.67034409319119
9976,67.75836989533028,67.75836989533028,67.75836989533028,67.75836989533028,67.75836989533028
9977,61.26195708072013,61.26195708072013,61.26195708072013,61.26195708072013,61.26195708072013
9978,63.18275360561238,63.18275360561238,63.18275360561238,63.18275360561238,63.18275360561238
9979,68.87873564784448,68.87873564784448,68.87873564784448,68.87873564784448,68.87873564784448
9980,70.95816285437787,70.95816285437787,70.95816285437787,70.95816285437787,70.95816285437787
9981,63.4395735739024,63.4395735739024,63.4395735739024,63.4395735739024,63.4395735739024
9982,68.87295021987448,68.87295021987448,68.87295021987448,68.87295021987448,68.87295021987448
9983,70.81262241258912,70.81262241258912,70.81262241258912,70.81262241258912,70.81262241258912
9984,66.306878552273,66.306878552273,66.306878552273,66.306878552273,66.306878552273
9985,66.12501165224221,66.12501165224221,66.12501165224221,66.12501165224221,66.12501165224221
9986,67.65828315541427,67.65828315541427,67.65828315541427,67.65828315541427,67.65828315541427
9987,66.22029963504761,66.22029963504761,66.22029963504761,66.22029963504761,66.22029963504761
9988,59.40564891465263,59.40564891465263,59.40564891465263,59.40564891465263,59.40564891465263
9989,66.0734021053524,66.0734021053524,66.0734021053524,66.0734021053524,66.0734021053524
9990,69.38792563536694,69.38792563536694,69.38792563536694,69.38792563536694,69.38792563536694
9991,71.47681372784781,71.47681372784781,71.47681372784781,71.47681372784781,71.47681372784781
9992,58.93158677954489,58.93158677954489,58.93158677954489,58.93158677954489,58.93158677954489
9993,58.58666810619584,58.58666810619584,58.58666810619584,58.58666810619584,58.58666810619584
9994,70.27505468437448,70.27505468437448,70.27505468437448,70.27505468437448,70.27505468437448
9995,70.57723150014355,70.57723150014355,70.57723150014355,70.57723150014355,70.57723150014355
9996,61.946434045162384,61.946434045162384,61.946434045162384,61.946434045162384,61.946434045162384
9997,65.62402745183061,65.62402745183061,65.62402745183061,65.62402745183061,65.62402745183061
9998,61.54287097230959,61.54287097230959,61.54287097230959,61.54287097230959,61.54287097230959
9999,59.40570961081588,59.40570961081588,59.40570961081588,59.40570961081588,59.40570961081588
